llm_id,year,Obs,Radius,Obs_own,Radius_own,Effect_nown,lprice_qm,lprice_qm_se,price_qm,price_qm_se,target_x,target_y,target_id
4.0,2007,53452.0,25.0,448549.0,100.0,0.0,7.115409,0.0026284426,1310.1406,3.4436293,528325.011,6071482.3837,4.0
4.0,2008,53452.0,25.0,448549.0,100.0,0.0,7.144951,0.0038553504,1349.4224,5.202496,528325.011,6071482.3837,4.0
4.0,2009,53452.0,25.0,448549.0,100.0,0.0,7.074741,0.0029959297,1257.929,3.7686667,528325.011,6071482.3837,4.0
4.0,2010,53452.0,25.0,448549.0,100.0,0.0,7.152854,0.017919125,1360.1293,24.372326,528325.011,6071482.3837,4.0
4.0,2011,53452.0,25.0,448549.0,100.0,0.0,7.2126293,0.013283725,1443.9106,19.180513,528325.011,6071482.3837,4.0
4.0,2012,53452.0,25.0,448549.0,100.0,0.0,7.2300963,0.023726027,1469.3528,34.861904,528325.011,6071482.3837,4.0
4.0,2013,53452.0,25.0,448549.0,100.0,0.0,7.27834,0.011311213,1541.9773,17.441631,528325.011,6071482.3837,4.0
4.0,2014,53452.0,25.0,448549.0,100.0,0.0,7.4120398,0.004433701,1762.5569,7.81465,528325.011,6071482.3837,4.0
4.0,2015,53452.0,25.0,448549.0,100.0,0.0,7.4137316,0.004845058,1765.5415,8.554152,528325.011,6071482.3837,4.0
4.0,2016,53452.0,25.0,448549.0,100.0,0.0,7.560046,0.021008722,2043.7202,42.935947,528325.011,6071482.3837,4.0
4.0,2017,53452.0,25.0,448549.0,100.0,0.0,7.6272235,0.014687574,2185.7283,32.103046,528325.011,6071482.3837,4.0
4.0,2018,53452.0,25.0,448549.0,100.0,0.0,7.6982813,0.008114559,2346.6929,19.042377,528325.011,6071482.3837,4.0
4.0,2019,53452.0,25.0,448549.0,100.0,0.0,7.6848946,0.027189294,2315.4878,62.95648,528325.011,6071482.3837,4.0
4.0,2020,53452.0,25.0,448549.0,100.0,0.0,7.768647,0.039127544,2517.7688,98.514114,528325.011,6071482.3837,4.0
4.0,2021,53452.0,25.0,448549.0,100.0,0.0,7.958137,0.030117624,3043.0579,91.64967,528325.011,6071482.3837,4.0
4.0,2022,53452.0,25.0,448549.0,100.0,0.0,8.082706,0.0142885465,3446.7522,49.249077,528325.011,6071482.3837,4.0
4.0,2023,53452.0,25.0,448549.0,100.0,0.0,7.9651785,0.011863503,3064.561,36.35643,528325.011,6071482.3837,4.0
4.0,2024,53452.0,25.0,448549.0,100.0,0.0,7.9165382,0.011208494,2919.067,32.718346,528325.011,6071482.3837,4.0
4.0,2025,53452.0,25.0,448549.0,100.0,0.0,7.903431,0.004477215,2881.0557,12.899105,528325.011,6071482.3837,4.0
1.0,2007,112759.0,25.0,1371044.0,100.0,0.0,7.3062053,0.019325232,1579.3691,30.521675,573757.4546,6020437.4214,1.0
1.0,2008,112759.0,25.0,1371044.0,100.0,0.0,7.2893705,0.013024983,1553.0029,20.227837,573757.4546,6020437.4214,1.0
1.0,2009,112759.0,25.0,1371044.0,100.0,0.0,7.234292,0.019788304,1469.7789,29.084433,573757.4546,6020437.4214,1.0
1.0,2010,112759.0,25.0,1371044.0,100.0,0.0,7.284519,0.00852311,1545.4869,13.172356,573757.4546,6020437.4214,1.0
1.0,2011,112759.0,25.0,1371044.0,100.0,0.0,7.339815,0.0067925844,1633.3536,11.094692,573757.4546,6020437.4214,1.0
1.0,2012,112759.0,25.0,1371044.0,100.0,0.0,7.3530912,0.027573835,1655.1824,45.639725,573757.4546,6020437.4214,1.0
1.0,2013,112759.0,25.0,1371044.0,100.0,0.0,7.4888825,0.029762518,1895.9167,56.427258,573757.4546,6020437.4214,1.0
1.0,2014,112759.0,25.0,1371044.0,100.0,0.0,7.554353,0.04681759,2024.1976,94.76806,573757.4546,6020437.4214,1.0
1.0,2015,112759.0,25.0,1371044.0,100.0,0.0,7.565334,0.03838472,2046.5471,78.55614,573757.4546,6020437.4214,1.0
1.0,2016,112759.0,25.0,1371044.0,100.0,0.0,7.7192364,0.033762794,2387.0454,80.59333,573757.4546,6020437.4214,1.0
1.0,2017,112759.0,25.0,1371044.0,100.0,0.0,7.827945,0.03262677,2661.1677,86.82531,573757.4546,6020437.4214,1.0
1.0,2018,112759.0,25.0,1371044.0,100.0,0.0,7.8374968,0.0464803,2686.7087,124.87903,573757.4546,6020437.4214,1.0
1.0,2019,112759.0,25.0,1371044.0,100.0,0.0,7.888519,0.06810429,2827.3474,192.55447,573757.4546,6020437.4214,1.0
1.0,2020,112759.0,25.0,1371044.0,100.0,0.0,8.054685,0.03665511,3338.4436,122.37102,573757.4546,6020437.4214,1.0
1.0,2021,112759.0,25.0,1371044.0,100.0,0.0,8.194783,0.058832336,3840.503,225.94576,573757.4546,6020437.4214,1.0
1.0,2022,112759.0,25.0,1371044.0,100.0,0.0,8.27605,0.043152083,4165.6406,179.75606,573757.4546,6020437.4214,1.0
1.0,2023,112759.0,25.0,1371044.0,100.0,0.0,8.11643,0.04028209,3551.075,143.04471,573757.4546,6020437.4214,1.0
1.0,2024,112759.0,25.0,1371044.0,100.0,0.0,8.134535,0.017946526,3615.9521,64.89378,573757.4546,6020437.4214,1.0
1.0,2025,112759.0,25.0,1371044.0,100.0,0.0,8.161866,0.03194438,3716.1438,118.7099,573757.4546,6020437.4214,1.0
2.0,2007,120384.0,25.0,1486281.0,100.0,0.0,7.3065305,0.033619966,1621.9722,54.530647,613566.8326,5970710.7374,2.0
2.0,2008,120384.0,25.0,1486281.0,100.0,0.0,7.315783,0.049185283,1637.0492,80.51872,613566.8326,5970710.7374,2.0
2.0,2009,120384.0,25.0,1486281.0,100.0,0.0,7.2092686,0.031447906,1471.6448,46.280144,613566.8326,5970710.7374,2.0
2.0,2010,120384.0,25.0,1486281.0,100.0,0.0,7.22188,0.061462983,1490.3221,91.59965,613566.8326,5970710.7374,2.0
2.0,2011,120384.0,25.0,1486281.0,100.0,0.0,7.217789,0.03740584,1484.2383,55.519176,613566.8326,5970710.7374,2.0
2.0,2012,120384.0,25.0,1486281.0,100.0,0.0,7.358006,0.052151214,1707.6499,89.056015,613566.8326,5970710.7374,2.0
2.0,2013,120384.0,25.0,1486281.0,100.0,0.0,7.4021506,0.057459526,1784.7227,102.54932,613566.8326,5970710.7374,2.0
2.0,2014,120384.0,25.0,1486281.0,100.0,0.0,7.4340453,0.048687693,1842.563,89.71014,613566.8326,5970710.7374,2.0
2.0,2015,120384.0,25.0,1486281.0,100.0,0.0,7.5080833,0.07930057,1984.1598,157.345,613566.8326,5970710.7374,2.0
2.0,2016,120384.0,25.0,1486281.0,100.0,0.0,7.5953183,0.0656613,2165.0222,142.15817,613566.8326,5970710.7374,2.0
2.0,2017,120384.0,25.0,1486281.0,100.0,0.0,7.7480593,0.025184395,2522.3008,63.522617,613566.8326,5970710.7374,2.0
2.0,2018,120384.0,25.0,1486281.0,100.0,0.0,7.822198,0.036932476,2716.408,100.32367,613566.8326,5970710.7374,2.0
2.0,2019,120384.0,25.0,1486281.0,100.0,0.0,7.948736,0.046748873,3082.831,144.11888,613566.8326,5970710.7374,2.0
2.0,2020,120384.0,25.0,1486281.0,100.0,0.0,8.0945,0.01935648,3566.5955,69.03673,613566.8326,5970710.7374,2.0
2.0,2021,120384.0,25.0,1486281.0,100.0,0.0,8.183648,0.0427095,3899.159,166.53111,613566.8326,5970710.7374,2.0
2.0,2022,120384.0,25.0,1486281.0,100.0,0.0,8.202238,0.06648537,3972.322,264.1013,613566.8326,5970710.7374,2.0
2.0,2023,120384.0,25.0,1486281.0,100.0,0.0,8.091216,0.12929538,3554.9065,459.633,613566.8326,5970710.7374,2.0
2.0,2024,120384.0,25.0,1486281.0,100.0,0.0,8.069115,0.13704109,3477.1985,476.51907,613566.8326,5970710.7374,2.0
2.0,2025,120384.0,25.0,1486281.0,100.0,0.0,8.152661,0.10946502,3780.1868,413.79822,613566.8326,5970710.7374,2.0
3.0,2007,57813.0,25.0,1263854.0,100.0,0.0,6.964971,0.043878403,1141.8297,50.10166,508610.2229,6004068.7489,3.0
3.0,2008,57813.0,25.0,1263854.0,100.0,0.0,6.9421396,0.051568583,1116.0554,57.5534,508610.2229,6004068.7489,3.0
3.0,2009,57813.0,25.0,1263854.0,100.0,0.0,6.937337,0.061223194,1110.7081,68.0011,508610.2229,6004068.7489,3.0
3.0,2010,57813.0,25.0,1263854.0,100.0,0.0,7.0197353,0.004836797,1206.1051,5.8336854,508610.2229,6004068.7489,3.0
3.0,2011,57813.0,25.0,1263854.0,100.0,0.0,6.991859,0.09422564,1172.9475,110.52173,508610.2229,6004068.7489,3.0
3.0,2012,57813.0,25.0,1263854.0,100.0,0.0,7.028149,0.035644937,1216.2959,43.35479,508610.2229,6004068.7489,3.0
3.0,2013,57813.0,25.0,1263854.0,100.0,0.0,7.002067,0.02321361,1184.9824,27.507719,508610.2229,6004068.7489,3.0
3.0,2014,57813.0,25.0,1263854.0,100.0,0.0,6.9908643,0.0006551873,1171.781,0.7677361,508610.2229,6004068.7489,3.0
3.0,2015,57813.0,25.0,1263854.0,100.0,0.0,7.012046,0.020635843,1196.8662,24.698343,508610.2229,6004068.7489,3.0
3.0,2016,57813.0,25.0,1263854.0,100.0,0.0,7.0959682,0.037690397,1301.6454,49.059532,508610.2229,6004068.7489,3.0
3.0,2017,57813.0,25.0,1263854.0,100.0,0.0,7.213939,0.017886946,1464.6256,26.19768,508610.2229,6004068.7489,3.0
3.0,2018,57813.0,25.0,1263854.0,100.0,0.0,7.320102,0.07424522,1628.6688,120.92088,508610.2229,6004068.7489,3.0
3.0,2019,57813.0,25.0,1263854.0,100.0,0.0,7.522681,0.060274728,1994.3975,120.21177,508610.2229,6004068.7489,3.0
3.0,2020,57813.0,25.0,1263854.0,100.0,0.0,7.5178876,0.017167432,1984.8596,34.074944,508610.2229,6004068.7489,3.0
3.0,2021,57813.0,25.0,1263854.0,100.0,0.0,7.747946,0.03125803,2498.2903,78.09164,508610.2229,6004068.7489,3.0
3.0,2022,57813.0,25.0,1263854.0,100.0,0.0,7.81977,0.043436848,2684.3286,116.59878,508610.2229,6004068.7489,3.0
3.0,2023,57813.0,25.0,1263854.0,100.0,0.0,7.7071257,0.013286376,2398.3635,31.865559,508610.2229,6004068.7489,3.0
3.0,2024,57813.0,25.0,1263854.0,100.0,0.0,7.8521833,0.06458402,2772.7622,179.07613,508610.2229,6004068.7489,3.0
3.0,2025,57813.0,25.0,1263854.0,100.0,0.0,7.776242,0.007966747,2569.9907,20.474464,508610.2229,6004068.7489,3.0
5.0,2007,595335.0,25.0,1724768.0,100.0,0.0,7.8952146,0.029532498,2850.3162,84.176956,567833.5072,5933347.069,5.0
5.0,2008,595335.0,25.0,1724768.0,100.0,0.0,7.915779,0.020312522,2909.539,59.10008,567833.5072,5933347.069,5.0
5.0,2009,595335.0,25.0,1724768.0,100.0,0.0,7.969284,0.003129192,3069.4531,9.604909,567833.5072,5933347.069,5.0
5.0,2010,595335.0,25.0,1724768.0,100.0,0.0,8.051502,0.019890895,3332.4832,66.28607,567833.5072,5933347.069,5.0
5.0,2011,595335.0,25.0,1724768.0,100.0,0.0,8.195855,0.019667134,3849.9897,75.71826,567833.5072,5933347.069,5.0
5.0,2012,595335.0,25.0,1724768.0,100.0,0.0,8.361189,0.0046492135,4542.167,21.117506,567833.5072,5933347.069,5.0
5.0,2013,595335.0,25.0,1724768.0,100.0,0.0,8.404425,0.017113358,4742.86,81.16626,567833.5072,5933347.069,5.0
5.0,2014,595335.0,25.0,1724768.0,100.0,0.0,8.445126,0.022511393,4939.8794,111.20357,567833.5072,5933347.069,5.0
5.0,2015,595335.0,25.0,1724768.0,100.0,0.0,8.542787,0.023908429,5446.656,130.22098,567833.5072,5933347.069,5.0
5.0,2016,595335.0,25.0,1724768.0,100.0,0.0,8.579536,0.0093114255,5650.5444,52.61462,567833.5072,5933347.069,5.0
5.0,2017,595335.0,25.0,1724768.0,100.0,0.0,8.713196,0.0019542095,6458.5894,12.621436,567833.5072,5933347.069,5.0
5.0,2018,595335.0,25.0,1724768.0,100.0,0.0,8.773397,0.012098414,6859.3535,82.9873,567833.5072,5933347.069,5.0
5.0,2019,595335.0,25.0,1724768.0,100.0,0.0,8.84243,0.034119993,7349.598,250.76825,567833.5072,5933347.069,5.0
5.0,2020,595335.0,25.0,1724768.0,100.0,0.0,8.974309,0.011351976,8385.673,95.193954,567833.5072,5933347.069,5.0
5.0,2021,595335.0,25.0,1724768.0,100.0,0.0,9.095681,0.00513097,9467.806,48.57903,567833.5072,5933347.069,5.0
5.0,2022,595335.0,25.0,1724768.0,100.0,0.0,9.119038,0.021076148,9691.538,204.26028,567833.5072,5933347.069,5.0
5.0,2023,595335.0,25.0,1724768.0,100.0,0.0,9.004163,0.005737175,8639.792,49.567997,567833.5072,5933347.069,5.0
5.0,2024,595335.0,25.0,1724768.0,100.0,0.0,9.017784,0.009584366,8758.285,83.94261,567833.5072,5933347.069,5.0
5.0,2025,595335.0,25.0,1724768.0,100.0,0.0,9.012758,0.03309847,8714.376,288.43253,567833.5072,5933347.069,5.0
6.0,2007,229862.0,25.0,1447962.0,100.0,0.0,7.3177404,0.019754183,1609.343,31.791254,603982.4284,5792742.8905,6.0
6.0,2008,229862.0,25.0,1447962.0,100.0,0.0,7.28107,0.01222113,1551.3971,18.959826,603982.4284,5792742.8905,6.0
6.0,2009,229862.0,25.0,1447962.0,100.0,0.0,7.222841,0.0034558333,1463.6399,5.0580955,603982.4284,5792742.8905,6.0
6.0,2010,229862.0,25.0,1447962.0,100.0,0.0,7.231228,0.0071421326,1475.9672,10.5415535,603982.4284,5792742.8905,6.0
6.0,2011,229862.0,25.0,1447962.0,100.0,0.0,7.255849,0.0051057427,1512.7574,7.7237506,603982.4284,5792742.8905,6.0
6.0,2012,229862.0,25.0,1447962.0,100.0,0.0,7.311688,0.016331658,1599.6316,26.124636,603982.4284,5792742.8905,6.0
6.0,2013,229862.0,25.0,1447962.0,100.0,0.0,7.490053,0.028212467,1911.9788,53.941635,603982.4284,5792742.8905,6.0
6.0,2014,229862.0,25.0,1447962.0,100.0,0.0,7.573321,0.031556297,2078.0007,65.574005,603982.4284,5792742.8905,6.0
6.0,2015,229862.0,25.0,1447962.0,100.0,0.0,7.617514,0.03746878,2171.8938,81.37821,603982.4284,5792742.8905,6.0
6.0,2016,229862.0,25.0,1447962.0,100.0,0.0,7.8329043,0.03458375,2693.9,93.16517,603982.4284,5792742.8905,6.0
6.0,2017,229862.0,25.0,1447962.0,100.0,0.0,7.8247895,0.047967415,2672.1272,128.17505,603982.4284,5792742.8905,6.0
6.0,2018,229862.0,25.0,1447962.0,100.0,0.0,7.87259,0.016381402,2802.9592,45.9164,603982.4284,5792742.8905,6.0
6.0,2019,229862.0,25.0,1447962.0,100.0,0.0,7.9959207,0.035524335,3170.8706,112.643074,603982.4284,5792742.8905,6.0
6.0,2020,229862.0,25.0,1447962.0,100.0,0.0,8.0358095,0.055908322,3299.9106,184.49246,603982.4284,5792742.8905,6.0
6.0,2021,229862.0,25.0,1447962.0,100.0,0.0,8.065429,0.03032684,3399.1135,103.084366,603982.4284,5792742.8905,6.0
6.0,2022,229862.0,25.0,1447962.0,100.0,0.0,8.131068,0.01512845,3629.713,54.91193,603982.4284,5792742.8905,6.0
6.0,2023,229862.0,25.0,1447962.0,100.0,0.0,8.0538645,0.050860725,3360.0293,170.89352,603982.4284,5792742.8905,6.0
6.0,2024,229862.0,25.0,1447962.0,100.0,0.0,7.9745812,0.09914183,3103.923,307.72864,603982.4284,5792742.8905,6.0
6.0,2025,229862.0,25.0,1447962.0,100.0,0.0,8.033508,0.09136773,3292.325,300.81226,603982.4284,5792742.8905,6.0
7.0,2007,150621.0,25.0,1335073.0,100.0,0.0,7.3245673,0.066838086,1615.5222,107.97842,621404.6586,5808221.5001,7.0
7.0,2008,150621.0,25.0,1335073.0,100.0,0.0,7.232591,0.051643215,1473.5612,76.099434,621404.6586,5808221.5001,7.0
7.0,2009,150621.0,25.0,1335073.0,100.0,0.0,7.1433616,0.035755057,1347.7716,48.18965,621404.6586,5808221.5001,7.0
7.0,2010,150621.0,25.0,1335073.0,100.0,0.0,7.1334743,0.043488834,1334.5116,58.036354,621404.6586,5808221.5001,7.0
7.0,2011,150621.0,25.0,1335073.0,100.0,0.0,7.222999,0.029314429,1459.4945,42.78425,621404.6586,5808221.5001,7.0
7.0,2012,150621.0,25.0,1335073.0,100.0,0.0,7.1744857,0.001230803,1390.3795,1.7112833,621404.6586,5808221.5001,7.0
7.0,2013,150621.0,25.0,1335073.0,100.0,0.0,7.3152733,0.05593673,1600.577,89.53105,621404.6586,5808221.5001,7.0
7.0,2014,150621.0,25.0,1335073.0,100.0,0.0,7.449031,0.032675467,1829.6447,59.784492,621404.6586,5808221.5001,7.0
7.0,2015,150621.0,25.0,1335073.0,100.0,0.0,7.556955,0.048343733,2038.1569,98.53211,621404.6586,5808221.5001,7.0
7.0,2016,150621.0,25.0,1335073.0,100.0,0.0,7.679955,0.066955455,2304.9207,154.32701,621404.6586,5808221.5001,7.0
7.0,2017,150621.0,25.0,1335073.0,100.0,0.0,7.7066426,0.047169227,2367.2612,111.66188,621404.6586,5808221.5001,7.0
7.0,2018,150621.0,25.0,1335073.0,100.0,0.0,7.793277,0.040423166,2581.4924,104.3521,621404.6586,5808221.5001,7.0
7.0,2019,150621.0,25.0,1335073.0,100.0,0.0,7.799641,0.072744034,2597.9744,188.98715,621404.6586,5808221.5001,7.0
7.0,2020,150621.0,25.0,1335073.0,100.0,0.0,7.848791,0.06713437,2728.8555,183.20001,621404.6586,5808221.5001,7.0
7.0,2021,150621.0,25.0,1335073.0,100.0,0.0,7.9927936,0.052987803,3151.5188,166.99207,621404.6586,5808221.5001,7.0
7.0,2022,150621.0,25.0,1335073.0,100.0,0.0,7.965532,0.037222628,3066.764,114.15301,621404.6586,5808221.5001,7.0
7.0,2023,150621.0,25.0,1335073.0,100.0,0.0,7.917681,0.015872784,2923.473,46.403656,621404.6586,5808221.5001,7.0
7.0,2024,150621.0,25.0,1335073.0,100.0,0.0,7.8175554,0.0064570745,2644.9348,17.078543,621404.6586,5808221.5001,7.0
7.0,2025,150621.0,25.0,1335073.0,100.0,0.0,7.793014,0.014419758,2580.8147,37.21472,621404.6586,5808221.5001,7.0
9.0,2007,90613.0,25.0,1564676.0,100.0,0.0,6.8840284,0.06074613,1080.9877,65.66582,599633.3833,5744898.9516,9.0
9.0,2008,90613.0,25.0,1564676.0,100.0,0.0,6.793106,0.04127728,987.03784,40.742233,599633.3833,5744898.9516,9.0
9.0,2009,90613.0,25.0,1564676.0,100.0,0.0,6.778751,0.027353253,972.96954,26.613882,599633.3833,5744898.9516,9.0
9.0,2010,90613.0,25.0,1564676.0,100.0,0.0,6.7493014,0.015722793,944.73413,14.853859,599633.3833,5744898.9516,9.0
9.0,2011,90613.0,25.0,1564676.0,100.0,0.0,6.6872234,0.025478275,887.87024,22.621403,599633.3833,5744898.9516,9.0
9.0,2012,90613.0,25.0,1564676.0,100.0,0.0,6.622451,0.014664303,832.1834,12.203389,599633.3833,5744898.9516,9.0
9.0,2013,90613.0,25.0,1564676.0,100.0,0.0,6.6185184,0.0035481802,828.91736,2.941148,599633.3833,5744898.9516,9.0
9.0,2014,90613.0,25.0,1564676.0,100.0,0.0,6.537845,0.00925379,764.67224,7.0761156,599633.3833,5744898.9516,9.0
9.0,2015,90613.0,25.0,1564676.0,100.0,0.0,6.62502,0.03125568,834.3243,26.077372,599633.3833,5744898.9516,9.0
9.0,2016,90613.0,25.0,1564676.0,100.0,0.0,6.655486,0.0037176074,860.13385,3.19764,599633.3833,5744898.9516,9.0
9.0,2017,90613.0,25.0,1564676.0,100.0,0.0,6.851949,0.016129293,1046.8611,16.88513,599633.3833,5744898.9516,9.0
9.0,2018,90613.0,25.0,1564676.0,100.0,0.0,6.8474746,0.080839016,1042.1868,84.24935,599633.3833,5744898.9516,9.0
9.0,2019,90613.0,25.0,1564676.0,100.0,0.0,6.8933544,0.022802593,1091.1161,24.880276,599633.3833,5744898.9516,9.0
9.0,2020,90613.0,25.0,1564676.0,100.0,0.0,7.0077233,0.051097568,1223.3223,62.50879,599633.3833,5744898.9516,9.0
9.0,2021,90613.0,25.0,1564676.0,100.0,0.0,7.2416043,0.02557404,1545.6604,39.52878,599633.3833,5744898.9516,9.0
9.0,2022,90613.0,25.0,1564676.0,100.0,0.0,7.3203697,0.0894435,1672.3276,149.57883,599633.3833,5744898.9516,9.0
9.0,2023,90613.0,25.0,1564676.0,100.0,0.0,7.227573,0.032022655,1524.124,48.8065,599633.3833,5744898.9516,9.0
9.0,2024,90613.0,25.0,1564676.0,100.0,0.0,7.324463,0.08775542,1679.1865,147.35773,599633.3833,5744898.9516,9.0
9.0,2025,90613.0,25.0,1564676.0,100.0,0.0,7.383739,0.049379002,1781.7318,87.98014,599633.3833,5744898.9516,9.0
8.0,2007,82119.0,25.0,1705924.0,100.0,0.0,7.0282083,0.031228567,1262.8712,39.43766,568805.2557,5729995.0242,8.0
8.0,2008,82119.0,25.0,1705924.0,100.0,0.0,7.020571,0.03495328,1253.2635,43.805676,568805.2557,5729995.0242,8.0
8.0,2009,82119.0,25.0,1705924.0,100.0,0.0,6.876642,0.04205426,1085.2625,45.639908,568805.2557,5729995.0242,8.0
8.0,2010,82119.0,25.0,1705924.0,100.0,0.0,6.9112835,0.10422499,1123.5164,117.09847,568805.2557,5729995.0242,8.0
8.0,2011,82119.0,25.0,1705924.0,100.0,0.0,6.891495,0.011130353,1101.5026,12.260113,568805.2557,5729995.0242,8.0
8.0,2012,82119.0,25.0,1705924.0,100.0,0.0,6.7110176,0.015826209,919.6126,14.553981,568805.2557,5729995.0242,8.0
8.0,2013,82119.0,25.0,1705924.0,100.0,0.0,6.845108,0.047800355,1051.5735,50.265587,568805.2557,5729995.0242,8.0
8.0,2014,82119.0,25.0,1705924.0,100.0,0.0,6.8806915,0.03802905,1089.6664,41.438976,568805.2557,5729995.0242,8.0
8.0,2015,82119.0,25.0,1705924.0,100.0,0.0,6.9228964,0.067851536,1136.6398,77.12275,568805.2557,5729995.0242,8.0
8.0,2016,82119.0,25.0,1705924.0,100.0,0.0,7.0487633,0.046458412,1289.0986,59.889477,568805.2557,5729995.0242,8.0
8.0,2017,82119.0,25.0,1705924.0,100.0,0.0,6.7944207,0.01199487,999.6008,11.990082,568805.2557,5729995.0242,8.0
8.0,2018,82119.0,25.0,1705924.0,100.0,0.0,6.9780445,0.003345852,1201.0837,4.018648,568805.2557,5729995.0242,8.0
8.0,2019,82119.0,25.0,1705924.0,100.0,0.0,7.1551876,0.09251989,1433.856,132.66019,568805.2557,5729995.0242,8.0
8.0,2020,82119.0,25.0,1705924.0,100.0,0.0,7.2321534,0.12444302,1548.5719,192.70895,568805.2557,5729995.0242,8.0
8.0,2021,82119.0,25.0,1705924.0,100.0,0.0,7.33095,0.02954898,1709.3782,50.51038,568805.2557,5729995.0242,8.0
8.0,2022,82119.0,25.0,1705924.0,100.0,0.0,7.5224338,0.056999184,2070.1345,117.99597,568805.2557,5729995.0242,8.0
8.0,2023,82119.0,25.0,1705924.0,100.0,0.0,7.617355,0.092949376,2276.2625,211.57716,568805.2557,5729995.0242,8.0
8.0,2024,82119.0,25.0,1705924.0,100.0,0.0,7.4697967,0.08132634,1963.9863,159.72383,568805.2557,5729995.0242,8.0
8.0,2025,82119.0,25.0,1705924.0,100.0,0.0,7.4501863,0.050781917,1925.8472,97.79821,568805.2557,5729995.0242,8.0
10.0,2007,333646.0,25.0,1786659.0,100.0,0.0,7.44474,0.023928294,1803.7153,43.15983,552388.0348,5803525.7763,10.0
10.0,2008,333646.0,25.0,1786659.0,100.0,0.0,7.4467797,0.02351695,1807.3981,42.50449,552388.0348,5803525.7763,10.0
10.0,2009,333646.0,25.0,1786659.0,100.0,0.0,7.3622084,0.027486227,1660.8293,45.649933,552388.0348,5803525.7763,10.0
10.0,2010,333646.0,25.0,1786659.0,100.0,0.0,7.397971,0.0343807,1721.3002,59.179504,552388.0348,5803525.7763,10.0
10.0,2011,333646.0,25.0,1786659.0,100.0,0.0,7.415696,0.03302561,1752.082,57.86358,552388.0348,5803525.7763,10.0
10.0,2012,333646.0,25.0,1786659.0,100.0,0.0,7.484228,0.034394316,1876.3655,64.536316,552388.0348,5803525.7763,10.0
10.0,2013,333646.0,25.0,1786659.0,100.0,0.0,7.6149144,0.033963997,2138.325,72.62607,552388.0348,5803525.7763,10.0
10.0,2014,333646.0,25.0,1786659.0,100.0,0.0,7.7090335,0.026905995,2349.3582,63.21182,552388.0348,5803525.7763,10.0
10.0,2015,333646.0,25.0,1786659.0,100.0,0.0,7.829913,0.04216727,2651.2244,111.79489,552388.0348,5803525.7763,10.0
10.0,2016,333646.0,25.0,1786659.0,100.0,0.0,7.929413,0.04419611,2928.5916,129.43234,552388.0348,5803525.7763,10.0
10.0,2017,333646.0,25.0,1786659.0,100.0,0.0,8.030648,0.03580949,3240.5955,116.044075,552388.0348,5803525.7763,10.0
10.0,2018,333646.0,25.0,1786659.0,100.0,0.0,8.097051,0.045088734,3463.0828,156.14603,552388.0348,5803525.7763,10.0
10.0,2019,333646.0,25.0,1786659.0,100.0,0.0,8.21943,0.04135248,3913.9165,161.85014,552388.0348,5803525.7763,10.0
10.0,2020,333646.0,25.0,1786659.0,100.0,0.0,8.336005,0.039983854,4397.8423,175.84268,552388.0348,5803525.7763,10.0
10.0,2021,333646.0,25.0,1786659.0,100.0,0.0,8.454382,0.026717953,4950.5117,132.26755,552388.0348,5803525.7763,10.0
10.0,2022,333646.0,25.0,1786659.0,100.0,0.0,8.469892,0.040452402,5027.886,203.39008,552388.0348,5803525.7763,10.0
10.0,2023,333646.0,25.0,1786659.0,100.0,0.0,8.3385725,0.038672,4409.148,170.51057,552388.0348,5803525.7763,10.0
10.0,2024,333646.0,25.0,1786659.0,100.0,0.0,8.242945,0.03485044,4007.041,139.64714,552388.0348,5803525.7763,10.0
10.0,2025,333646.0,25.0,1786659.0,100.0,0.0,8.287581,0.033462565,4189.955,140.20665,552388.0348,5803525.7763,10.0
11.0,2007,140478.0,25.0,1914992.0,100.0,0.0,7.0187345,0.015959987,1224.1755,19.537825,525165.8465,5773238.0564,11.0
11.0,2008,140478.0,25.0,1914992.0,100.0,0.0,7.0156074,0.035767123,1220.3533,43.648525,525165.8465,5773238.0564,11.0
11.0,2009,140478.0,25.0,1914992.0,100.0,0.0,6.9720645,0.01165584,1168.3557,13.618168,525165.8465,5773238.0564,11.0
11.0,2010,140478.0,25.0,1914992.0,100.0,0.0,6.8914404,0.004593773,1077.8552,4.951422,525165.8465,5773238.0564,11.0
11.0,2011,140478.0,25.0,1914992.0,100.0,0.0,6.8082633,0.020300813,991.8297,20.13495,525165.8465,5773238.0564,11.0
11.0,2012,140478.0,25.0,1914992.0,100.0,0.0,6.7009535,0.013722025,890.9085,12.225069,525165.8465,5773238.0564,11.0
11.0,2013,140478.0,25.0,1914992.0,100.0,0.0,6.796379,0.034141127,980.1126,33.46215,525165.8465,5773238.0564,11.0
11.0,2014,140478.0,25.0,1914992.0,100.0,0.0,6.757405,0.052660666,942.6479,49.64047,525165.8465,5773238.0564,11.0
11.0,2015,140478.0,25.0,1914992.0,100.0,0.0,6.814115,0.027251484,997.6508,27.187466,525165.8465,5773238.0564,11.0
11.0,2016,140478.0,25.0,1914992.0,100.0,0.0,6.8467517,0.020081183,1030.748,20.69864,525165.8465,5773238.0564,11.0
11.0,2017,140478.0,25.0,1914992.0,100.0,0.0,6.876477,0.04819952,1061.8467,51.180504,525165.8465,5773238.0564,11.0
11.0,2018,140478.0,25.0,1914992.0,100.0,0.0,6.9387317,0.0034548591,1130.0532,3.9041746,525165.8465,5773238.0564,11.0
11.0,2019,140478.0,25.0,1914992.0,100.0,0.0,6.9725337,0.04165248,1168.9044,48.687763,525165.8465,5773238.0564,11.0
11.0,2020,140478.0,25.0,1914992.0,100.0,0.0,7.131102,0.10337159,1369.7595,141.59422,525165.8465,5773238.0564,11.0
11.0,2021,140478.0,25.0,1914992.0,100.0,0.0,7.2937655,0.071915284,1611.7147,115.90692,525165.8465,5773238.0564,11.0
11.0,2022,140478.0,25.0,1914992.0,100.0,0.0,7.4582596,0.045816544,1899.8833,87.04609,525165.8465,5773238.0564,11.0
11.0,2023,140478.0,25.0,1914992.0,100.0,0.0,7.5703964,0.044087507,2125.3354,93.70074,525165.8465,5773238.0564,11.0
11.0,2024,140478.0,25.0,1914992.0,100.0,0.0,7.501214,0.09537984,1983.2695,189.16393,525165.8465,5773238.0564,11.0
11.0,2025,140478.0,25.0,1914992.0,100.0,0.0,7.5538416,0.03274883,2090.4402,68.459465,525165.8465,5773238.0564,11.0
12.0,2007,91624.0,25.0,1639575.0,100.0,0.0,6.9888315,0.03328486,1152.6216,38.364853,574050.4574,5833352.4487,12.0
12.0,2008,91624.0,25.0,1639575.0,100.0,0.0,6.921312,0.012579692,1077.3658,13.55293,574050.4574,5833352.4487,12.0
12.0,2009,91624.0,25.0,1639575.0,100.0,0.0,6.923783,0.008686689,1080.0317,9.381899,574050.4574,5833352.4487,12.0
12.0,2010,91624.0,25.0,1639575.0,100.0,0.0,6.920566,0.02375782,1076.5627,25.576782,574050.4574,5833352.4487,12.0
12.0,2011,91624.0,25.0,1639575.0,100.0,0.0,6.903208,0.003254575,1058.0366,3.4434595,574050.4574,5833352.4487,12.0
12.0,2012,91624.0,25.0,1639575.0,100.0,0.0,6.8869886,0.010165299,1041.0148,10.582228,574050.4574,5833352.4487,12.0
12.0,2013,91624.0,25.0,1639575.0,100.0,0.0,6.957378,0.033755966,1116.9316,37.703106,574050.4574,5833352.4487,12.0
12.0,2014,91624.0,25.0,1639575.0,100.0,0.0,6.9393787,0.022800418,1097.0073,25.012224,574050.4574,5833352.4487,12.0
12.0,2015,91624.0,25.0,1639575.0,100.0,0.0,7.0151234,0.05039465,1183.3278,59.633392,574050.4574,5833352.4487,12.0
12.0,2016,91624.0,25.0,1639575.0,100.0,0.0,7.160027,0.031332586,1367.8424,42.85804,574050.4574,5833352.4487,12.0
12.0,2017,91624.0,25.0,1639575.0,100.0,0.0,7.209487,0.042923227,1437.1965,61.689114,574050.4574,5833352.4487,12.0
12.0,2018,91624.0,25.0,1639575.0,100.0,0.0,7.256254,0.02786489,1506.0068,41.964714,574050.4574,5833352.4487,12.0
12.0,2019,91624.0,25.0,1639575.0,100.0,0.0,7.378231,0.024728032,1701.3776,42.07172,574050.4574,5833352.4487,12.0
12.0,2020,91624.0,25.0,1639575.0,100.0,0.0,7.518381,0.0017014433,1957.3444,3.3303106,574050.4574,5833352.4487,12.0
12.0,2021,91624.0,25.0,1639575.0,100.0,0.0,7.70418,0.004388206,2356.9941,10.342977,574050.4574,5833352.4487,12.0
12.0,2022,91624.0,25.0,1639575.0,100.0,0.0,7.6883235,0.059169993,2319.9163,137.26942,574050.4574,5833352.4487,12.0
12.0,2023,91624.0,25.0,1639575.0,100.0,0.0,7.70254,0.011737994,2353.1318,27.621046,574050.4574,5833352.4487,12.0
12.0,2024,91624.0,25.0,1639575.0,100.0,0.0,7.6214714,0.046706837,2169.8955,101.34895,574050.4574,5833352.4487,12.0
12.0,2025,91624.0,25.0,1639575.0,100.0,0.0,7.585626,0.017772613,2093.4922,37.206825,574050.4574,5833352.4487,12.0
14.0,2007,139322.0,25.0,1820930.0,100.0,0.0,7.17824,0.047580548,1414.2532,67.29094,530765.7514,5940415.9173,14.0
14.0,2008,139322.0,25.0,1820930.0,100.0,0.0,7.1889925,0.0056867693,1429.5421,8.129477,530765.7514,5940415.9173,14.0
14.0,2009,139322.0,25.0,1820930.0,100.0,0.0,7.0619655,0.015083144,1259.0121,18.98986,530765.7514,5940415.9173,14.0
14.0,2010,139322.0,25.0,1820930.0,100.0,0.0,7.1070237,0.0064916005,1317.0381,8.5496855,530765.7514,5940415.9173,14.0
14.0,2011,139322.0,25.0,1820930.0,100.0,0.0,7.0567465,0.032067332,1252.4583,40.16299,530765.7514,5940415.9173,14.0
14.0,2012,139322.0,25.0,1820930.0,100.0,0.0,7.0960903,0.02873941,1302.7172,37.43932,530765.7514,5940415.9173,14.0
14.0,2013,139322.0,25.0,1820930.0,100.0,0.0,7.145149,0.04222469,1368.2207,57.772694,530765.7514,5940415.9173,14.0
14.0,2014,139322.0,25.0,1820930.0,100.0,0.0,7.2342114,0.09189169,1495.6682,137.43948,530765.7514,5940415.9173,14.0
14.0,2015,139322.0,25.0,1820930.0,100.0,0.0,7.3081193,0.040510084,1610.3973,65.23733,530765.7514,5940415.9173,14.0
14.0,2016,139322.0,25.0,1820930.0,100.0,0.0,7.298222,0.06039993,1594.5377,96.30997,530765.7514,5940415.9173,14.0
14.0,2017,139322.0,25.0,1820930.0,100.0,0.0,7.383615,0.005441621,1736.6827,9.450369,530765.7514,5940415.9173,14.0
14.0,2018,139322.0,25.0,1820930.0,100.0,0.0,7.4072075,0.0024820918,1778.142,4.4135118,530765.7514,5940415.9173,14.0
14.0,2019,139322.0,25.0,1820930.0,100.0,0.0,7.553386,0.010044451,2058.0273,20.671755,530765.7514,5940415.9173,14.0
14.0,2020,139322.0,25.0,1820930.0,100.0,0.0,7.6697316,0.015072516,2311.9543,34.84697,530765.7514,5940415.9173,14.0
14.0,2021,139322.0,25.0,1820930.0,100.0,0.0,7.8380084,0.06956005,2735.653,190.29216,530765.7514,5940415.9173,14.0
14.0,2022,139322.0,25.0,1820930.0,100.0,0.0,7.980214,0.0011486497,3153.6978,3.622494,530765.7514,5940415.9173,14.0
14.0,2023,139322.0,25.0,1820930.0,100.0,0.0,7.869893,0.039535113,2824.2842,111.65839,530765.7514,5940415.9173,14.0
14.0,2024,139322.0,25.0,1820930.0,100.0,0.0,7.852601,0.07468668,2775.866,207.32022,530765.7514,5940415.9173,14.0
14.0,2025,139322.0,25.0,1820930.0,100.0,0.0,7.7967234,0.049214672,2625.0107,129.18904,530765.7514,5940415.9173,14.0
15.0,2007,26967.0,25.0,1760983.0,100.0,0.0,6.923744,0.016558833,1107.1766,18.333553,605269.9714,5870117.7147,15.0
15.0,2008,26967.0,25.0,1760983.0,100.0,0.0,6.9478655,0.014495195,1134.208,16.440567,605269.9714,5870117.7147,15.0
15.0,2009,26967.0,25.0,1760983.0,100.0,0.0,6.8345933,0.035445523,1012.7425,35.897186,605269.9714,5870117.7147,15.0
15.0,2010,26967.0,25.0,1760983.0,100.0,0.0,6.734698,0.06344139,916.4634,58.141712,605269.9714,5870117.7147,15.0
15.0,2011,26967.0,25.0,1760983.0,100.0,0.0,6.703802,0.006948149,888.5815,6.173996,605269.9714,5870117.7147,15.0
15.0,2012,26967.0,25.0,1760983.0,100.0,0.0,6.784831,0.012098791,963.5796,11.658148,605269.9714,5870117.7147,15.0
15.0,2013,26967.0,25.0,1760983.0,100.0,0.0,6.8115735,0.02818054,989.696,27.890165,605269.9714,5870117.7147,15.0
15.0,2014,26967.0,25.0,1760983.0,100.0,0.0,6.725321,0.020085977,907.9096,18.236252,605269.9714,5870117.7147,15.0
15.0,2015,26967.0,25.0,1760983.0,100.0,0.0,6.8039446,0.017556317,982.1743,17.243364,605269.9714,5870117.7147,15.0
15.0,2016,26967.0,25.0,1760983.0,100.0,0.0,6.9092307,0.02844647,1091.2235,31.041456,605269.9714,5870117.7147,15.0
15.0,2017,26967.0,25.0,1760983.0,100.0,0.0,7.088425,0.007263017,1305.3796,9.480994,605269.9714,5870117.7147,15.0
15.0,2018,26967.0,25.0,1760983.0,100.0,0.0,7.1660542,0.0016286902,1410.7527,2.297679,605269.9714,5870117.7147,15.0
15.0,2019,26967.0,25.0,1760983.0,100.0,0.0,7.2851057,0.035711095,1589.1105,56.748875,605269.9714,5870117.7147,15.0
15.0,2020,26967.0,25.0,1760983.0,100.0,0.0,7.3766017,0.063474834,1741.3673,110.533,605269.9714,5870117.7147,15.0
15.0,2021,26967.0,25.0,1760983.0,100.0,0.0,7.648902,0.070428155,2286.382,161.02565,605269.9714,5870117.7147,15.0
15.0,2022,26967.0,25.0,1760983.0,100.0,0.0,7.59665,0.042353597,2169.982,91.90654,605269.9714,5870117.7147,15.0
15.0,2023,26967.0,25.0,1760983.0,100.0,0.0,7.7006254,0.038477007,2407.7542,92.64317,605269.9714,5870117.7147,15.0
15.0,2024,26967.0,25.0,1760983.0,100.0,0.0,7.6454,0.014365676,2278.3894,32.730606,605269.9714,5870117.7147,15.0
15.0,2025,26967.0,25.0,1760983.0,100.0,0.0,7.7463565,0.025101352,2520.4194,63.265938,605269.9714,5870117.7147,15.0
16.0,2007,81440.0,25.0,559953.0,100.0,0.0,6.8702555,0.004242847,1046.3141,4.439351,378961.3055,5913964.8598,16.0
16.0,2008,81440.0,25.0,559953.0,100.0,0.0,6.926238,0.011209709,1106.56,12.404217,378961.3055,5913964.8598,16.0
16.0,2009,81440.0,25.0,559953.0,100.0,0.0,6.8262777,0.025720106,1001.2965,25.753454,378961.3055,5913964.8598,16.0
16.0,2010,81440.0,25.0,559953.0,100.0,0.0,6.846322,0.016662467,1021.56964,17.021872,378961.3055,5913964.8598,16.0
16.0,2011,81440.0,25.0,559953.0,100.0,0.0,6.859167,0.019982696,1034.7765,20.677624,378961.3055,5913964.8598,16.0
16.0,2012,81440.0,25.0,559953.0,100.0,0.0,6.781485,0.03487918,957.43555,33.394566,378961.3055,5913964.8598,16.0
16.0,2013,81440.0,25.0,559953.0,100.0,0.0,6.9670677,0.06229589,1152.6754,71.806946,378961.3055,5913964.8598,16.0
16.0,2014,81440.0,25.0,559953.0,100.0,0.0,6.950796,0.048470385,1134.0713,54.968876,378961.3055,5913964.8598,16.0
16.0,2015,81440.0,25.0,559953.0,100.0,0.0,6.896822,0.043172054,1074.4835,46.387657,378961.3055,5913964.8598,16.0
16.0,2016,81440.0,25.0,559953.0,100.0,0.0,6.929486,0.06258847,1110.1597,69.48319,378961.3055,5913964.8598,16.0
16.0,2017,81440.0,25.0,559953.0,100.0,0.0,6.932667,0.09080607,1113.6967,101.13041,378961.3055,5913964.8598,16.0
16.0,2018,81440.0,25.0,559953.0,100.0,0.0,7.1701436,0.016231667,1412.2185,22.92266,378961.3055,5913964.8598,16.0
16.0,2019,81440.0,25.0,559953.0,100.0,0.0,7.273585,0.022130478,1566.1226,34.659042,378961.3055,5913964.8598,16.0
16.0,2020,81440.0,25.0,559953.0,100.0,0.0,7.3079653,0.022368843,1620.9032,36.25773,378961.3055,5913964.8598,16.0
16.0,2021,81440.0,25.0,559953.0,100.0,0.0,7.496104,0.07720507,1956.4308,151.04639,378961.3055,5913964.8598,16.0
16.0,2022,81440.0,25.0,559953.0,100.0,0.0,7.6198683,0.02440141,2214.1895,54.029343,378961.3055,5913964.8598,16.0
16.0,2023,81440.0,25.0,559953.0,100.0,0.0,7.5370193,0.008142308,2038.1395,16.59516,378961.3055,5913964.8598,16.0
16.0,2024,81440.0,25.0,559953.0,100.0,0.0,7.5897903,0.007905243,2148.5828,16.98507,378961.3055,5913964.8598,16.0
16.0,2025,81440.0,25.0,559953.0,100.0,0.0,7.5297585,0.027047599,2023.3944,54.727962,378961.3055,5913964.8598,16.0
17.0,2007,123392.0,25.0,1036903.0,100.0,0.0,7.275892,0.036356777,1532.7842,55.727093,448120.4575,5888633.5757,17.0
17.0,2008,123392.0,25.0,1036903.0,100.0,0.0,7.2631884,0.04462322,1513.4357,67.53437,448120.4575,5888633.5757,17.0
17.0,2009,123392.0,25.0,1036903.0,100.0,0.0,7.240233,0.038011357,1479.09,56.222218,448120.4575,5888633.5757,17.0
17.0,2010,123392.0,25.0,1036903.0,100.0,0.0,7.3127694,0.024608478,1590.3646,39.13645,448120.4575,5888633.5757,17.0
17.0,2011,123392.0,25.0,1036903.0,100.0,0.0,7.3524733,0.024838276,1654.7789,41.101856,448120.4575,5888633.5757,17.0
17.0,2012,123392.0,25.0,1036903.0,100.0,0.0,7.4457183,0.0069859205,1816.5016,12.689935,448120.4575,5888633.5757,17.0
17.0,2013,123392.0,25.0,1036903.0,100.0,0.0,7.60977,0.013450065,2140.3386,28.787691,448120.4575,5888633.5757,17.0
17.0,2014,123392.0,25.0,1036903.0,100.0,0.0,7.6525846,0.035244975,2233.966,78.73608,448120.4575,5888633.5757,17.0
17.0,2015,123392.0,25.0,1036903.0,100.0,0.0,7.752142,0.0060640858,2467.8225,14.965087,448120.4575,5888633.5757,17.0
17.0,2016,123392.0,25.0,1036903.0,100.0,0.0,7.7937045,0.009023869,2572.553,23.214384,448120.4575,5888633.5757,17.0
17.0,2017,123392.0,25.0,1036903.0,100.0,0.0,7.8685565,0.0073671765,2772.503,20.425518,448120.4575,5888633.5757,17.0
17.0,2018,123392.0,25.0,1036903.0,100.0,0.0,7.911146,0.0135313105,2893.1338,39.147892,448120.4575,5888633.5757,17.0
17.0,2019,123392.0,25.0,1036903.0,100.0,0.0,8.0634165,0.0149256755,3368.982,50.28433,448120.4575,5888633.5757,17.0
17.0,2020,123392.0,25.0,1036903.0,100.0,0.0,8.17304,0.011921187,3759.3052,44.815376,448120.4575,5888633.5757,17.0
17.0,2021,123392.0,25.0,1036903.0,100.0,0.0,8.278305,0.012414741,4176.605,51.85147,448120.4575,5888633.5757,17.0
17.0,2022,123392.0,25.0,1036903.0,100.0,0.0,8.257479,0.0017661096,4090.5247,7.2243147,448120.4575,5888633.5757,17.0
17.0,2023,123392.0,25.0,1036903.0,100.0,0.0,8.137648,0.0021047934,3628.5828,7.637417,448120.4575,5888633.5757,17.0
17.0,2024,123392.0,25.0,1036903.0,100.0,0.0,8.094367,0.0049929437,3474.8835,17.349897,448120.4575,5888633.5757,17.0
17.0,2025,123392.0,25.0,1036903.0,100.0,0.0,8.111167,0.016660323,3533.7534,58.873478,448120.4575,5888633.5757,17.0
18.0,2007,104642.0,25.0,1887744.0,100.0,0.0,7.2183437,0.0055326824,1452.8118,8.037946,434984.9936,5792351.3277,18.0
18.0,2008,104642.0,25.0,1887744.0,100.0,0.0,7.208937,0.0082984585,1439.2095,11.94322,434984.9936,5792351.3277,18.0
18.0,2009,104642.0,25.0,1887744.0,100.0,0.0,7.13223,0.01585038,1332.9396,21.1276,434984.9936,5792351.3277,18.0
18.0,2010,104642.0,25.0,1887744.0,100.0,0.0,7.1080093,0.0019752793,1301.0432,2.5699236,434984.9936,5792351.3277,18.0
18.0,2011,104642.0,25.0,1887744.0,100.0,0.0,7.1423154,0.0072318655,1346.4513,9.737355,434984.9936,5792351.3277,18.0
18.0,2012,104642.0,25.0,1887744.0,100.0,0.0,7.1773486,0.0058734086,1394.4579,8.190221,434984.9936,5792351.3277,18.0
18.0,2013,104642.0,25.0,1887744.0,100.0,0.0,7.229089,0.03043161,1468.5065,44.689014,434984.9936,5792351.3277,18.0
18.0,2014,104642.0,25.0,1887744.0,100.0,0.0,7.318264,0.04906412,1605.4767,78.77129,434984.9936,5792351.3277,18.0
18.0,2015,104642.0,25.0,1887744.0,100.0,0.0,7.4140687,0.030211037,1766.8986,53.379837,434984.9936,5792351.3277,18.0
18.0,2016,104642.0,25.0,1887744.0,100.0,0.0,7.5831103,0.01508619,2092.3074,31.564945,434984.9936,5792351.3277,18.0
18.0,2017,104642.0,25.0,1887744.0,100.0,0.0,7.548392,0.046405904,2020.912,93.78225,434984.9936,5792351.3277,18.0
18.0,2018,104642.0,25.0,1887744.0,100.0,0.0,7.6399064,0.020260395,2214.5815,44.868294,434984.9936,5792351.3277,18.0
18.0,2019,104642.0,25.0,1887744.0,100.0,0.0,7.717058,0.055464353,2392.2043,132.68208,434984.9936,5792351.3277,18.0
18.0,2020,104642.0,25.0,1887744.0,100.0,0.0,7.845989,0.039372034,2721.3994,107.14703,434984.9936,5792351.3277,18.0
18.0,2021,104642.0,25.0,1887744.0,100.0,0.0,7.812934,0.047839023,2632.913,125.955986,434984.9936,5792351.3277,18.0
18.0,2022,104642.0,25.0,1887744.0,100.0,0.0,7.9310193,0.027544927,2962.923,81.6135,434984.9936,5792351.3277,18.0
18.0,2023,104642.0,25.0,1887744.0,100.0,0.0,7.9063373,0.023307318,2890.687,67.37416,434984.9936,5792351.3277,18.0
18.0,2024,104642.0,25.0,1887744.0,100.0,0.0,7.9263396,0.048247304,2949.089,142.2856,434984.9936,5792351.3277,18.0
18.0,2025,104642.0,25.0,1887744.0,100.0,0.0,7.9299083,0.032422733,2959.6328,95.95939,434984.9936,5792351.3277,18.0
20.0,2007,71481.0,25.0,889581.0,100.0,0.0,6.933995,0.023919025,1123.9152,26.882956,439602.655,5935697.3056,20.0
20.0,2008,71481.0,25.0,889581.0,100.0,0.0,7.025154,0.030106261,1231.1857,37.066395,439602.655,5935697.3056,20.0
20.0,2009,71481.0,25.0,889581.0,100.0,0.0,6.945858,0.00010157548,1137.3279,0.11552463,439602.655,5935697.3056,20.0
20.0,2010,71481.0,25.0,889581.0,100.0,0.0,6.9553022,0.015690286,1148.12,18.01433,439602.655,5935697.3056,20.0
20.0,2011,71481.0,25.0,889581.0,100.0,0.0,6.9232883,0.0042687072,1111.9463,4.7465734,439602.655,5935697.3056,20.0
20.0,2012,71481.0,25.0,889581.0,100.0,0.0,6.965178,0.029346716,1159.5149,34.027954,439602.655,5935697.3056,20.0
20.0,2013,71481.0,25.0,889581.0,100.0,0.0,7.039218,0.014049918,1248.6235,17.543058,439602.655,5935697.3056,20.0
20.0,2014,71481.0,25.0,889581.0,100.0,0.0,7.079459,0.01132323,1299.8938,14.718998,439602.655,5935697.3056,20.0
20.0,2015,71481.0,25.0,889581.0,100.0,0.0,7.1047688,0.004392324,1333.214,5.855908,439602.655,5935697.3056,20.0
20.0,2016,71481.0,25.0,889581.0,100.0,0.0,7.0167785,0.03666303,1220.9167,44.76251,439602.655,5935697.3056,20.0
20.0,2017,71481.0,25.0,889581.0,100.0,0.0,7.0831337,0.06121285,1304.6792,79.86313,439602.655,5935697.3056,20.0
20.0,2018,71481.0,25.0,889581.0,100.0,0.0,7.0995035,0.036851566,1326.2125,48.87301,439602.655,5935697.3056,20.0
20.0,2019,71481.0,25.0,889581.0,100.0,0.0,7.2837777,0.03442503,1594.5653,54.892963,439602.655,5935697.3056,20.0
20.0,2020,71481.0,25.0,889581.0,100.0,0.0,7.4553194,0.061603032,1892.962,116.612206,439602.655,5935697.3056,20.0
20.0,2021,71481.0,25.0,889581.0,100.0,0.0,7.529602,0.016412236,2038.9308,33.463413,439602.655,5935697.3056,20.0
20.0,2022,71481.0,25.0,889581.0,100.0,0.0,7.8033667,0.07045587,2681.0015,188.89229,439602.655,5935697.3056,20.0
20.0,2023,71481.0,25.0,889581.0,100.0,0.0,7.5824776,0.01915142,2149.6416,41.16869,439602.655,5935697.3056,20.0
20.0,2024,71481.0,25.0,889581.0,100.0,0.0,7.6034527,0.056040186,2195.207,123.01981,439602.655,5935697.3056,20.0
20.0,2025,71481.0,25.0,889581.0,100.0,0.0,7.651735,0.100189716,2303.7964,230.81671,439602.655,5935697.3056,20.0
19.0,2007,52868.0,25.0,1041091.0,100.0,0.0,7.057524,0.0025438457,1237.074,3.146925,387595.5805,5820204.4612,19.0
19.0,2008,52868.0,25.0,1041091.0,100.0,0.0,7.061889,0.0014144141,1242.4856,1.7573892,387595.5805,5820204.4612,19.0
19.0,2009,52868.0,25.0,1041091.0,100.0,0.0,6.954372,0.011648425,1115.8276,12.997635,387595.5805,5820204.4612,19.0
19.0,2010,52868.0,25.0,1041091.0,100.0,0.0,7.0394382,0.027541105,1214.9015,33.45973,387595.5805,5820204.4612,19.0
19.0,2011,52868.0,25.0,1041091.0,100.0,0.0,7.2056785,0.042979456,1434.6244,61.659378,387595.5805,5820204.4612,19.0
19.0,2012,52868.0,25.0,1041091.0,100.0,0.0,7.0806885,0.0390788,1266.0641,49.47626,387595.5805,5820204.4612,19.0
19.0,2013,52868.0,25.0,1041091.0,100.0,0.0,7.0213914,0.10520868,1193.1727,125.53212,387595.5805,5820204.4612,19.0
19.0,2014,52868.0,25.0,1041091.0,100.0,0.0,7.08624,0.054879937,1273.1119,69.8683,387595.5805,5820204.4612,19.0
19.0,2015,52868.0,25.0,1041091.0,100.0,0.0,7.114515,0.09869674,1309.6228,129.25551,387595.5805,5820204.4612,19.0
19.0,2016,52868.0,25.0,1041091.0,100.0,0.0,7.237136,0.03785752,1480.4712,56.04697,387595.5805,5820204.4612,19.0
19.0,2017,52868.0,25.0,1041091.0,100.0,0.0,7.244844,0.041710477,1491.927,62.22899,387595.5805,5820204.4612,19.0
19.0,2018,52868.0,25.0,1041091.0,100.0,0.0,7.4423695,0.0043273703,1817.7404,7.8660355,387595.5805,5820204.4612,19.0
19.0,2019,52868.0,25.0,1041091.0,100.0,0.0,7.4223137,0.03278569,1781.6471,58.41253,387595.5805,5820204.4612,19.0
19.0,2020,52868.0,25.0,1041091.0,100.0,0.0,7.358766,0.11204144,1671.95,187.32768,387595.5805,5820204.4612,19.0
19.0,2021,52868.0,25.0,1041091.0,100.0,0.0,7.5191455,0.11873241,1962.7959,233.04749,387595.5805,5820204.4612,19.0
19.0,2022,52868.0,25.0,1041091.0,100.0,0.0,7.626951,0.09140943,2186.2239,199.84148,387595.5805,5820204.4612,19.0
19.0,2023,52868.0,25.0,1041091.0,100.0,0.0,7.6995173,0.029472234,2350.7673,69.282364,387595.5805,5820204.4612,19.0
19.0,2024,52868.0,25.0,1041091.0,100.0,0.0,7.805261,0.033764176,2612.965,88.22462,387595.5805,5820204.4612,19.0
19.0,2025,52868.0,25.0,1041091.0,100.0,0.0,7.8732104,0.04171433,2796.6853,116.66186,387595.5805,5820204.4612,19.0
21.0,2007,33296.0,25.0,1586467.0,100.0,0.0,7.0838327,0.037283584,1271.767,47.416035,451775.3564,5843722.4482,21.0
21.0,2008,33296.0,25.0,1586467.0,100.0,0.0,7.1013565,0.005423693,1294.2496,7.0196133,451775.3564,5843722.4482,21.0
21.0,2009,33296.0,25.0,1586467.0,100.0,0.0,7.0908365,0.008146993,1280.7059,10.433903,451775.3564,5843722.4482,21.0
21.0,2010,33296.0,25.0,1586467.0,100.0,0.0,7.168839,0.023038602,1384.6035,31.89933,451775.3564,5843722.4482,21.0
21.0,2011,33296.0,25.0,1586467.0,100.0,0.0,7.123115,0.05114204,1322.7197,67.64658,451775.3564,5843722.4482,21.0
21.0,2012,33296.0,25.0,1586467.0,100.0,0.0,7.191431,0.023116242,1416.2402,32.73815,451775.3564,5843722.4482,21.0
21.0,2013,33296.0,25.0,1586467.0,100.0,0.0,7.2516613,0.0020084393,1504.162,3.021018,451775.3564,5843722.4482,21.0
21.0,2014,33296.0,25.0,1586467.0,100.0,0.0,7.3008666,0.018086132,1580.0258,28.576553,451775.3564,5843722.4482,21.0
21.0,2015,33296.0,25.0,1586467.0,100.0,0.0,7.3679576,0.085206605,1689.6683,143.9709,451775.3564,5843722.4482,21.0
21.0,2016,33296.0,25.0,1586467.0,100.0,0.0,7.6965203,0.05092784,2346.8992,119.5225,451775.3564,5843722.4482,21.0
21.0,2017,33296.0,25.0,1586467.0,100.0,0.0,7.690486,0.018971348,2332.7798,44.255978,451775.3564,5843722.4482,21.0
21.0,2018,33296.0,25.0,1586467.0,100.0,0.0,7.716304,0.06942536,2393.792,166.18988,451775.3564,5843722.4482,21.0
21.0,2019,33296.0,25.0,1586467.0,100.0,0.0,7.6618414,0.09767328,2266.9065,221.4162,451775.3564,5843722.4482,21.0
21.0,2020,33296.0,25.0,1586467.0,100.0,0.0,7.910505,0.006255998,2906.8784,18.185425,451775.3564,5843722.4482,21.0
21.0,2021,33296.0,25.0,1586467.0,100.0,0.0,7.8061666,0.010640264,2618.8657,27.865421,451775.3564,5843722.4482,21.0
21.0,2022,33296.0,25.0,1586467.0,100.0,0.0,7.871618,0.1065289,2796.007,297.85556,451775.3564,5843722.4482,21.0
21.0,2023,33296.0,25.0,1586467.0,100.0,0.0,7.87117,0.09436233,2794.7563,263.71973,451775.3564,5843722.4482,21.0
21.0,2024,33296.0,25.0,1586467.0,100.0,0.0,7.8763647,0.030988704,2809.3115,87.05692,451775.3564,5843722.4482,21.0
21.0,2025,33296.0,25.0,1586467.0,100.0,0.0,7.9610953,0.15887804,3057.7214,485.80478,451775.3564,5843722.4482,21.0
22.0,2007,236740.0,25.0,1562261.0,100.0,0.0,7.230116,0.03374777,1468.7003,49.565357,485681.9239,5884381.5164,22.0
22.0,2008,236740.0,25.0,1562261.0,100.0,0.0,7.222284,0.0029296041,1457.2424,4.2691436,485681.9239,5884381.5164,22.0
22.0,2009,236740.0,25.0,1562261.0,100.0,0.0,7.1875134,0.012423426,1407.444,17.485277,485681.9239,5884381.5164,22.0
22.0,2010,236740.0,25.0,1562261.0,100.0,0.0,7.200435,0.0152156595,1425.7487,21.693708,485681.9239,5884381.5164,22.0
22.0,2011,236740.0,25.0,1562261.0,100.0,0.0,7.231342,0.017211476,1470.5018,25.309505,485681.9239,5884381.5164,22.0
22.0,2012,236740.0,25.0,1562261.0,100.0,0.0,7.3169637,0.028019078,1601.9567,44.88535,485681.9239,5884381.5164,22.0
22.0,2013,236740.0,25.0,1562261.0,100.0,0.0,7.448885,0.036179896,1827.862,66.13186,485681.9239,5884381.5164,22.0
22.0,2014,236740.0,25.0,1562261.0,100.0,0.0,7.520599,0.028082687,1963.7603,55.147663,485681.9239,5884381.5164,22.0
22.0,2015,236740.0,25.0,1562261.0,100.0,0.0,7.607752,0.043818373,2142.5872,93.88468,485681.9239,5884381.5164,22.0
22.0,2016,236740.0,25.0,1562261.0,100.0,0.0,7.7555785,0.026537914,2483.9268,65.918236,485681.9239,5884381.5164,22.0
22.0,2017,236740.0,25.0,1562261.0,100.0,0.0,7.823253,0.03739464,2657.8435,99.38911,485681.9239,5884381.5164,22.0
22.0,2018,236740.0,25.0,1562261.0,100.0,0.0,7.848952,0.04979409,2727.0322,135.79008,485681.9239,5884381.5164,22.0
22.0,2019,236740.0,25.0,1562261.0,100.0,0.0,7.951316,0.030877039,3020.9702,93.27861,485681.9239,5884381.5164,22.0
22.0,2020,236740.0,25.0,1562261.0,100.0,0.0,8.043111,0.04096964,3311.406,135.6671,485681.9239,5884381.5164,22.0
22.0,2021,236740.0,25.0,1562261.0,100.0,0.0,8.112416,0.04074663,3549.0425,144.61151,485681.9239,5884381.5164,22.0
22.0,2022,236740.0,25.0,1562261.0,100.0,0.0,8.166126,0.021027133,3744.8767,78.74402,485681.9239,5884381.5164,22.0
22.0,2023,236740.0,25.0,1562261.0,100.0,0.0,8.047082,0.014871201,3324.5813,49.440517,485681.9239,5884381.5164,22.0
22.0,2024,236740.0,25.0,1562261.0,100.0,0.0,8.003763,0.00876287,3183.6414,27.897835,485681.9239,5884381.5164,22.0
22.0,2025,236740.0,25.0,1562261.0,100.0,0.0,8.036475,0.010568639,3289.5056,34.7656,485681.9239,5884381.5164,22.0
23.0,2007,60874.0,25.0,1496060.0,100.0,0.0,6.8147845,0.018115463,1010.35986,18.303137,474150.6425,5932781.5651,23.0
23.0,2008,60874.0,25.0,1496060.0,100.0,0.0,6.8413405,0.012093337,1037.5503,12.547445,474150.6425,5932781.5651,23.0
23.0,2009,60874.0,25.0,1496060.0,100.0,0.0,6.573971,0.02576783,794.1305,20.46302,474150.6425,5932781.5651,23.0
23.0,2010,60874.0,25.0,1496060.0,100.0,0.0,6.721161,0.01756236,920.05896,16.158407,474150.6425,5932781.5651,23.0
23.0,2011,60874.0,25.0,1496060.0,100.0,0.0,6.7436686,0.020540548,941.00256,19.328709,474150.6425,5932781.5651,23.0
23.0,2012,60874.0,25.0,1496060.0,100.0,0.0,6.7657337,0.010111428,961.9964,9.727158,474150.6425,5932781.5651,23.0
23.0,2013,60874.0,25.0,1496060.0,100.0,0.0,6.825674,0.035570808,1021.4223,36.332817,474150.6425,5932781.5651,23.0
23.0,2014,60874.0,25.0,1496060.0,100.0,0.0,6.803607,0.039811306,999.1291,39.77663,474150.6425,5932781.5651,23.0
23.0,2015,60874.0,25.0,1496060.0,100.0,0.0,6.9612703,0.034173377,1169.7524,39.97439,474150.6425,5932781.5651,23.0
23.0,2016,60874.0,25.0,1496060.0,100.0,0.0,7.09793,0.012232322,1341.0487,16.40414,474150.6425,5932781.5651,23.0
23.0,2017,60874.0,25.0,1496060.0,100.0,0.0,7.1311007,0.023087937,1386.278,32.006298,474150.6425,5932781.5651,23.0
23.0,2018,60874.0,25.0,1496060.0,100.0,0.0,7.1451354,0.037527017,1405.8713,52.758156,474150.6425,5932781.5651,23.0
23.0,2019,60874.0,25.0,1496060.0,100.0,0.0,7.349542,0.05029419,1724.7188,86.74334,474150.6425,5932781.5651,23.0
23.0,2020,60874.0,25.0,1496060.0,100.0,0.0,7.4005613,0.024279865,1814.9961,44.06786,474150.6425,5932781.5651,23.0
23.0,2021,60874.0,25.0,1496060.0,100.0,0.0,7.4766674,9.028381e-05,1958.5203,0.17682266,474150.6425,5932781.5651,23.0
23.0,2022,60874.0,25.0,1496060.0,100.0,0.0,7.5921984,0.0015689282,2198.3792,3.4490993,474150.6425,5932781.5651,23.0
23.0,2023,60874.0,25.0,1496060.0,100.0,0.0,7.444242,0.012756057,1896.0332,24.185907,474150.6425,5932781.5651,23.0
23.0,2024,60874.0,25.0,1496060.0,100.0,0.0,7.4594717,0.0072600655,1925.13,13.97657,474150.6425,5932781.5651,23.0
23.0,2025,60874.0,25.0,1496060.0,100.0,0.0,7.4848824,0.016460473,1974.6754,32.504093,474150.6425,5932781.5651,23.0
24.0,2007,937153.0,25.0,4498951.0,100.0,0.0,7.8352547,0.0055116448,2741.9065,15.112415,347133.7783,5678283.0101,24.0
24.0,2008,937153.0,25.0,4498951.0,100.0,0.0,7.7786913,0.00037959372,2591.1208,0.98357326,347133.7783,5678283.0101,24.0
24.0,2009,937153.0,25.0,4498951.0,100.0,0.0,7.7418065,0.012580865,2497.2886,31.41805,347133.7783,5678283.0101,24.0
24.0,2010,937153.0,25.0,4498951.0,100.0,0.0,7.7761965,0.023826955,2584.6636,61.584663,347133.7783,5678283.0101,24.0
24.0,2011,937153.0,25.0,4498951.0,100.0,0.0,7.8145576,0.038270652,2685.7402,102.785034,347133.7783,5678283.0101,24.0
24.0,2012,937153.0,25.0,4498951.0,100.0,0.0,7.916977,0.04310464,2975.393,128.25325,347133.7783,5678283.0101,24.0
24.0,2013,937153.0,25.0,4498951.0,100.0,0.0,8.089588,0.04515447,3535.9675,159.66473,347133.7783,5678283.0101,24.0
24.0,2014,937153.0,25.0,4498951.0,100.0,0.0,8.134949,0.035157308,3700.054,130.08394,347133.7783,5678283.0101,24.0
24.0,2015,937153.0,25.0,4498951.0,100.0,0.0,8.160713,0.049892165,3796.6257,189.42188,347133.7783,5678283.0101,24.0
24.0,2016,937153.0,25.0,4498951.0,100.0,0.0,8.260594,0.041417874,4195.4194,173.76534,347133.7783,5678283.0101,24.0
24.0,2017,937153.0,25.0,4498951.0,100.0,0.0,8.341087,0.045879275,4547.087,208.61705,347133.7783,5678283.0101,24.0
24.0,2018,937153.0,25.0,4498951.0,100.0,0.0,8.446457,0.061289478,5052.364,309.65677,347133.7783,5678283.0101,24.0
24.0,2019,937153.0,25.0,4498951.0,100.0,0.0,8.502543,0.060011275,5343.832,320.69016,347133.7783,5678283.0101,24.0
24.0,2020,937153.0,25.0,4498951.0,100.0,0.0,8.662403,0.037851673,6270.161,237.3361,347133.7783,5678283.0101,24.0
24.0,2021,937153.0,25.0,4498951.0,100.0,0.0,8.744298,0.029305778,6805.2666,199.43364,347133.7783,5678283.0101,24.0
24.0,2022,937153.0,25.0,4498951.0,100.0,0.0,8.779837,0.042837434,7051.4663,302.0667,347133.7783,5678283.0101,24.0
24.0,2023,937153.0,25.0,4498951.0,100.0,0.0,8.679294,0.048347693,6376.9683,308.3117,347133.7783,5678283.0101,24.0
24.0,2024,937153.0,25.0,4498951.0,100.0,0.0,8.646002,0.046959113,6168.1606,289.65134,347133.7783,5678283.0101,24.0
24.0,2025,937153.0,25.0,4498951.0,100.0,0.0,8.689276,0.024269344,6440.943,156.31746,347133.7783,5678283.0101,24.0
25.0,2007,919654.0,25.0,4502910.0,100.0,0.0,7.503145,0.02001864,2013.1604,40.300735,362171.0527,5699932.7987,25.0
25.0,2008,919654.0,25.0,4502910.0,100.0,0.0,7.4484363,0.017257446,1905.9812,32.89237,362171.0527,5699932.7987,25.0
25.0,2009,919654.0,25.0,4502910.0,100.0,0.0,7.352338,0.012210159,1731.3447,21.139994,362171.0527,5699932.7987,25.0
25.0,2010,919654.0,25.0,4502910.0,100.0,0.0,7.3416796,0.03404386,1712.9894,58.316772,362171.0527,5699932.7987,25.0
25.0,2011,919654.0,25.0,4502910.0,100.0,0.0,7.3631964,0.037106775,1750.2473,64.94603,362171.0527,5699932.7987,25.0
25.0,2012,919654.0,25.0,4502910.0,100.0,0.0,7.362579,0.023667652,1749.1667,41.39867,362171.0527,5699932.7987,25.0
25.0,2013,919654.0,25.0,4502910.0,100.0,0.0,7.3276763,0.06115248,1689.1697,103.29691,362171.0527,5699932.7987,25.0
25.0,2014,919654.0,25.0,4502910.0,100.0,0.0,7.3157315,0.050179634,1669.113,83.75548,362171.0527,5699932.7987,25.0
25.0,2015,919654.0,25.0,4502910.0,100.0,0.0,7.424921,0.020746911,1861.6847,38.624203,362171.0527,5699932.7987,25.0
25.0,2016,919654.0,25.0,4502910.0,100.0,0.0,7.3908644,0.055384614,1799.3491,99.65626,362171.0527,5699932.7987,25.0
25.0,2017,919654.0,25.0,4502910.0,100.0,0.0,7.4876013,0.05084422,1982.1102,100.77885,362171.0527,5699932.7987,25.0
25.0,2018,919654.0,25.0,4502910.0,100.0,0.0,7.533626,0.08915146,2075.4683,185.031,362171.0527,5699932.7987,25.0
25.0,2019,919654.0,25.0,4502910.0,100.0,0.0,7.679841,0.07076174,2402.2397,169.98666,362171.0527,5699932.7987,25.0
25.0,2020,919654.0,25.0,4502910.0,100.0,0.0,7.7902703,0.075929224,2682.7188,203.69676,362171.0527,5699932.7987,25.0
25.0,2021,919654.0,25.0,4502910.0,100.0,0.0,7.8374095,0.10702875,2812.209,300.98724,362171.0527,5699932.7987,25.0
25.0,2022,919654.0,25.0,4502910.0,100.0,0.0,7.8924794,0.09393355,2971.42,279.11603,362171.0527,5699932.7987,25.0
25.0,2023,919654.0,25.0,4502910.0,100.0,0.0,7.9165745,0.08638482,3043.8865,262.9456,362171.0527,5699932.7987,25.0
25.0,2024,919654.0,25.0,4502910.0,100.0,0.0,7.9172125,0.075011015,3045.8293,228.47075,362171.0527,5699932.7987,25.0
25.0,2025,919654.0,25.0,4502910.0,100.0,0.0,7.9638834,0.065232515,3191.3503,208.17981,362171.0527,5699932.7987,25.0
26.0,2007,748799.0,25.0,4734117.0,100.0,0.0,7.3349233,0.045331724,1643.8379,74.518005,372211.7507,5679286.113,26.0
26.0,2008,748799.0,25.0,4734117.0,100.0,0.0,7.2968993,0.041288983,1582.5063,65.34007,372211.7507,5679286.113,26.0
26.0,2009,748799.0,25.0,4734117.0,100.0,0.0,7.13401,0.04636199,1344.632,62.33981,372211.7507,5679286.113,26.0
26.0,2010,748799.0,25.0,4734117.0,100.0,0.0,7.12783,0.037115812,1336.3477,49.59963,372211.7507,5679286.113,26.0
26.0,2011,748799.0,25.0,4734117.0,100.0,0.0,7.1153865,0.04533283,1319.8223,59.83128,372211.7507,5679286.113,26.0
26.0,2012,748799.0,25.0,4734117.0,100.0,0.0,7.1164875,0.033390455,1321.2762,44.118015,372211.7507,5679286.113,26.0
26.0,2013,748799.0,25.0,4734117.0,100.0,0.0,7.0984797,0.029666401,1297.6957,38.497963,372211.7507,5679286.113,26.0
26.0,2014,748799.0,25.0,4734117.0,100.0,0.0,7.108545,0.047917735,1310.8232,62.811676,372211.7507,5679286.113,26.0
26.0,2015,748799.0,25.0,4734117.0,100.0,0.0,7.1203175,0.047894865,1326.3463,63.52518,372211.7507,5679286.113,26.0
26.0,2016,748799.0,25.0,4734117.0,100.0,0.0,7.17928,0.02828032,1406.9019,39.787636,372211.7507,5679286.113,26.0
26.0,2017,748799.0,25.0,4734117.0,100.0,0.0,7.231069,0.04607001,1481.6841,68.2612,372211.7507,5679286.113,26.0
26.0,2018,748799.0,25.0,4734117.0,100.0,0.0,7.299506,0.025498625,1586.6365,40.45705,372211.7507,5679286.113,26.0
26.0,2019,748799.0,25.0,4734117.0,100.0,0.0,7.3838844,0.022037663,1726.3247,38.044163,372211.7507,5679286.113,26.0
26.0,2020,748799.0,25.0,4734117.0,100.0,0.0,7.518762,0.0122668855,1975.6012,24.234474,372211.7507,5679286.113,26.0
26.0,2021,748799.0,25.0,4734117.0,100.0,0.0,7.66015,0.01205531,2275.6384,27.433527,372211.7507,5679286.113,26.0
26.0,2022,748799.0,25.0,4734117.0,100.0,0.0,7.7574406,0.02176099,2508.1638,54.58013,372211.7507,5679286.113,26.0
26.0,2023,748799.0,25.0,4734117.0,100.0,0.0,7.7091894,0.0065885987,2390.015,15.746849,372211.7507,5679286.113,26.0
26.0,2024,748799.0,25.0,4734117.0,100.0,0.0,7.704254,0.0045030485,2378.2488,10.709371,372211.7507,5679286.113,26.0
26.0,2025,748799.0,25.0,4734117.0,100.0,0.0,7.7135134,0.01095916,2400.3726,26.306067,372211.7507,5679286.113,26.0
27.0,2007,82816.0,25.0,2487380.0,100.0,0.0,7.285094,0.000978337,1555.2646,1.5215731,302943.298,5743393.1269,27.0
27.0,2008,82816.0,25.0,2487380.0,100.0,0.0,7.3141646,0.0040106527,1601.1411,6.421621,302943.298,5743393.1269,27.0
27.0,2009,82816.0,25.0,2487380.0,100.0,0.0,7.255391,0.0013652478,1509.7487,2.061181,302943.298,5743393.1269,27.0
27.0,2010,82816.0,25.0,2487380.0,100.0,0.0,7.258831,0.014172892,1514.9509,21.471235,302943.298,5743393.1269,27.0
27.0,2011,82816.0,25.0,2487380.0,100.0,0.0,7.2373214,0.00926994,1482.7129,13.744658,302943.298,5743393.1269,27.0
27.0,2012,82816.0,25.0,2487380.0,100.0,0.0,7.270132,0.007825417,1532.1682,11.989856,302943.298,5743393.1269,27.0
27.0,2013,82816.0,25.0,2487380.0,100.0,0.0,7.2519464,0.0007361081,1504.5565,1.1075163,302943.298,5743393.1269,27.0
27.0,2014,82816.0,25.0,2487380.0,100.0,0.0,7.281426,0.009260717,1549.5706,14.350133,302943.298,5743393.1269,27.0
27.0,2015,82816.0,25.0,2487380.0,100.0,0.0,7.316403,0.004771865,1604.7291,7.657551,302943.298,5743393.1269,27.0
27.0,2016,82816.0,25.0,2487380.0,100.0,0.0,7.3919344,0.0036128003,1730.6311,6.2524242,302943.298,5743393.1269,27.0
27.0,2017,82816.0,25.0,2487380.0,100.0,0.0,7.395182,0.021514013,1736.2612,37.353947,302943.298,5743393.1269,27.0
27.0,2018,82816.0,25.0,2487380.0,100.0,0.0,7.297843,0.0106379045,1575.2198,16.757038,302943.298,5743393.1269,27.0
27.0,2019,82816.0,25.0,2487380.0,100.0,0.0,7.444939,0.021878362,1824.838,39.924465,302943.298,5743393.1269,27.0
27.0,2020,82816.0,25.0,2487380.0,100.0,0.0,7.598847,0.020513173,2128.4607,43.661484,302943.298,5743393.1269,27.0
27.0,2021,82816.0,25.0,2487380.0,100.0,0.0,7.6697693,0.026110522,2284.8975,59.659866,302943.298,5743393.1269,27.0
27.0,2022,82816.0,25.0,2487380.0,100.0,0.0,7.7837777,0.0009859966,2560.825,2.5249646,302943.298,5743393.1269,27.0
27.0,2023,82816.0,25.0,2487380.0,100.0,0.0,7.7418194,0.010002867,2455.6008,24.563047,302943.298,5743393.1269,27.0
27.0,2024,82816.0,25.0,2487380.0,100.0,0.0,7.757526,0.010480653,2494.474,26.143715,302943.298,5743393.1269,27.0
27.0,2025,82816.0,25.0,2487380.0,100.0,0.0,7.858621,0.0100701945,2759.8408,27.792133,302943.298,5743393.1269,27.0
28.0,2007,486140.0,25.0,4587495.0,100.0,0.0,7.5809827,0.030372845,2086.0544,63.35941,366538.0344,5618810.6528,28.0
28.0,2008,486140.0,25.0,4587495.0,100.0,0.0,7.571126,0.015985614,2065.5933,33.019775,366538.0344,5618810.6528,28.0
28.0,2009,486140.0,25.0,4587495.0,100.0,0.0,7.521436,0.022300355,1965.4625,43.83051,366538.0344,5618810.6528,28.0
28.0,2010,486140.0,25.0,4587495.0,100.0,0.0,7.5116487,0.020159725,1946.3193,39.237263,366538.0344,5618810.6528,28.0
28.0,2011,486140.0,25.0,4587495.0,100.0,0.0,7.5188203,0.026608191,1960.3281,52.16079,366538.0344,5618810.6528,28.0
28.0,2012,486140.0,25.0,4587495.0,100.0,0.0,7.5566926,0.031410184,2035.9939,63.950943,366538.0344,5618810.6528,28.0
28.0,2013,486140.0,25.0,4587495.0,100.0,0.0,7.701741,0.051457837,2353.8042,121.12167,366538.0344,5618810.6528,28.0
28.0,2014,486140.0,25.0,4587495.0,100.0,0.0,7.7280164,0.04366589,2416.4705,105.517334,366538.0344,5618810.6528,28.0
28.0,2015,486140.0,25.0,4587495.0,100.0,0.0,7.8050485,0.044502232,2609.9736,116.14966,366538.0344,5618810.6528,28.0
28.0,2016,486140.0,25.0,4587495.0,100.0,0.0,7.8823037,0.029804546,2819.6,84.0369,366538.0344,5618810.6528,28.0
28.0,2017,486140.0,25.0,4587495.0,100.0,0.0,7.9260554,0.053278964,2945.7014,156.94392,366538.0344,5618810.6528,28.0
28.0,2018,486140.0,25.0,4587495.0,100.0,0.0,8.027366,0.056639034,3259.7708,184.63028,366538.0344,5618810.6528,28.0
28.0,2019,486140.0,25.0,4587495.0,100.0,0.0,8.109883,0.023472788,3540.17,83.09766,366538.0344,5618810.6528,28.0
28.0,2020,486140.0,25.0,4587495.0,100.0,0.0,8.211834,0.014377547,3920.1318,56.36188,366538.0344,5618810.6528,28.0
28.0,2021,486140.0,25.0,4587495.0,100.0,0.0,8.375416,0.04267931,4616.827,197.04298,366538.0344,5618810.6528,28.0
28.0,2022,486140.0,25.0,4587495.0,100.0,0.0,8.388943,0.03873646,4679.702,181.27509,366538.0344,5618810.6528,28.0
28.0,2023,486140.0,25.0,4587495.0,100.0,0.0,8.328954,0.037682634,4407.2236,166.07579,366538.0344,5618810.6528,28.0
28.0,2024,486140.0,25.0,4587495.0,100.0,0.0,8.3028345,0.039892755,4293.6035,171.28368,366538.0344,5618810.6528,28.0
28.0,2025,486140.0,25.0,4587495.0,100.0,0.0,8.349278,0.027446155,4497.716,123.445,366538.0344,5618810.6528,28.0
29.0,2007,762458.0,25.0,4635977.0,100.0,0.0,7.7500424,0.03545673,2467.072,87.474304,357631.6277,5645733.0514,29.0
29.0,2008,762458.0,25.0,4635977.0,100.0,0.0,7.744667,0.022368157,2453.8457,54.88801,357631.6277,5645733.0514,29.0
29.0,2009,762458.0,25.0,4635977.0,100.0,0.0,7.699491,0.031436954,2345.4575,73.73403,357631.6277,5645733.0514,29.0
29.0,2010,762458.0,25.0,4635977.0,100.0,0.0,7.7346315,0.028645154,2429.3433,69.58891,357631.6277,5645733.0514,29.0
29.0,2011,762458.0,25.0,4635977.0,100.0,0.0,7.774977,0.035255946,2529.3608,89.17501,357631.6277,5645733.0514,29.0
29.0,2012,762458.0,25.0,4635977.0,100.0,0.0,7.8524494,0.04486628,2733.1072,122.62435,357631.6277,5645733.0514,29.0
29.0,2013,762458.0,25.0,4635977.0,100.0,0.0,7.950466,0.049752932,3014.5662,149.9835,357631.6277,5645733.0514,29.0
29.0,2014,762458.0,25.0,4635977.0,100.0,0.0,8.014188,0.04713394,3212.9111,151.43716,357631.6277,5645733.0514,29.0
29.0,2015,762458.0,25.0,4635977.0,100.0,0.0,8.088451,0.051225286,3460.5964,177.27005,357631.6277,5645733.0514,29.0
29.0,2016,762458.0,25.0,4635977.0,100.0,0.0,8.177907,0.047107287,3784.4363,178.27452,357631.6277,5645733.0514,29.0
29.0,2017,762458.0,25.0,4635977.0,100.0,0.0,8.297446,0.06749138,4264.9746,287.84903,357631.6277,5645733.0514,29.0
29.0,2018,762458.0,25.0,4635977.0,100.0,0.0,8.367808,0.08132619,4575.8735,372.13837,357631.6277,5645733.0514,29.0
29.0,2019,762458.0,25.0,4635977.0,100.0,0.0,8.437474,0.065715045,4906.0254,322.39966,357631.6277,5645733.0514,29.0
29.0,2020,762458.0,25.0,4635977.0,100.0,0.0,8.556209,0.057878595,5524.5283,319.75192,357631.6277,5645733.0514,29.0
29.0,2021,762458.0,25.0,4635977.0,100.0,0.0,8.680502,0.04467635,6255.692,279.48145,357631.6277,5645733.0514,29.0
29.0,2022,762458.0,25.0,4635977.0,100.0,0.0,8.720071,0.04462651,6508.182,290.43747,357631.6277,5645733.0514,29.0
29.0,2023,762458.0,25.0,4635977.0,100.0,0.0,8.629214,0.058493588,5942.938,347.62375,357631.6277,5645733.0514,29.0
29.0,2024,762458.0,25.0,4635977.0,100.0,0.0,8.642836,0.07556095,6024.445,455.21277,357631.6277,5645733.0514,29.0
29.0,2025,762458.0,25.0,4635977.0,100.0,0.0,8.646062,0.07295832,6043.9136,440.9538,357631.6277,5645733.0514,29.0
30.0,2007,199353.0,25.0,3096119.0,100.0,0.0,7.4930634,0.031088639,1921.5608,59.738712,296115.494,5627181.6065,30.0
30.0,2008,199353.0,25.0,3096119.0,100.0,0.0,7.4504237,0.021723306,1841.3477,40.000156,296115.494,5627181.6065,30.0
30.0,2009,199353.0,25.0,3096119.0,100.0,0.0,7.3769636,0.010201862,1710.931,17.454681,296115.494,5627181.6065,30.0
30.0,2010,199353.0,25.0,3096119.0,100.0,0.0,7.4166517,0.04600911,1780.2003,81.905426,296115.494,5627181.6065,30.0
30.0,2011,199353.0,25.0,3096119.0,100.0,0.0,7.4566975,0.02762377,1852.9364,51.18509,296115.494,5627181.6065,30.0
30.0,2012,199353.0,25.0,3096119.0,100.0,0.0,7.5130954,0.05075684,1960.4409,99.50578,296115.494,5627181.6065,30.0
30.0,2013,199353.0,25.0,3096119.0,100.0,0.0,7.6056275,0.042332366,2150.5032,91.0359,296115.494,5627181.6065,30.0
30.0,2014,199353.0,25.0,3096119.0,100.0,0.0,7.672931,0.030834284,2300.221,70.92567,296115.494,5627181.6065,30.0
30.0,2015,199353.0,25.0,3096119.0,100.0,0.0,7.6845155,0.030295894,2327.023,70.49924,296115.494,5627181.6065,30.0
30.0,2016,199353.0,25.0,3096119.0,100.0,0.0,7.742684,0.053224236,2466.3955,131.27202,296115.494,5627181.6065,30.0
30.0,2017,199353.0,25.0,3096119.0,100.0,0.0,7.779221,0.075742565,2558.1777,193.76294,296115.494,5627181.6065,30.0
30.0,2018,199353.0,25.0,3096119.0,100.0,0.0,7.8749895,0.050627086,2815.285,142.52966,296115.494,5627181.6065,30.0
30.0,2019,199353.0,25.0,3096119.0,100.0,0.0,7.7639856,0.050148726,2519.4983,126.34963,296115.494,5627181.6065,30.0
30.0,2020,199353.0,25.0,3096119.0,100.0,0.0,7.926701,0.06262938,2964.6975,185.67717,296115.494,5627181.6065,30.0
30.0,2021,199353.0,25.0,3096119.0,100.0,0.0,8.078345,0.058696136,3450.1558,202.51082,296115.494,5627181.6065,30.0
30.0,2022,199353.0,25.0,3096119.0,100.0,0.0,8.114035,0.06454314,3575.513,230.77486,296115.494,5627181.6065,30.0
30.0,2023,199353.0,25.0,3096119.0,100.0,0.0,8.137166,0.044479575,3659.183,162.75891,296115.494,5627181.6065,30.0
30.0,2024,199353.0,25.0,3096119.0,100.0,0.0,8.135759,0.03876074,3654.0405,141.63332,296115.494,5627181.6065,30.0
30.0,2025,199353.0,25.0,3096119.0,100.0,0.0,8.08841,0.041206297,3485.0586,143.60637,296115.494,5627181.6065,30.0
31.0,2007,176080.0,25.0,4760095.0,100.0,0.0,7.117895,0.024632461,1315.6803,32.408443,400164.4488,5653193.9286,31.0
31.0,2008,176080.0,25.0,4760095.0,100.0,0.0,7.0830817,0.013942529,1270.6649,17.716284,400164.4488,5653193.9286,31.0
31.0,2009,176080.0,25.0,4760095.0,100.0,0.0,6.9851313,0.0132613275,1152.1039,15.278427,400164.4488,5653193.9286,31.0
31.0,2010,176080.0,25.0,4760095.0,100.0,0.0,7.0035167,0.022567738,1173.4816,26.482826,400164.4488,5653193.9286,31.0
31.0,2011,176080.0,25.0,4760095.0,100.0,0.0,7.058636,0.0042749397,1239.9792,5.3008366,400164.4488,5653193.9286,31.0
31.0,2012,176080.0,25.0,4760095.0,100.0,0.0,6.9959116,0.015010262,1164.5911,17.480816,400164.4488,5653193.9286,31.0
31.0,2013,176080.0,25.0,4760095.0,100.0,0.0,6.969754,0.002739347,1134.5238,3.1078544,400164.4488,5653193.9286,31.0
31.0,2014,176080.0,25.0,4760095.0,100.0,0.0,6.9899044,0.048873466,1157.6162,56.576717,400164.4488,5653193.9286,31.0
31.0,2015,176080.0,25.0,4760095.0,100.0,0.0,7.0463686,0.03748328,1224.861,45.911804,400164.4488,5653193.9286,31.0
31.0,2016,176080.0,25.0,4760095.0,100.0,0.0,7.107701,0.026305966,1302.3354,34.259193,400164.4488,5653193.9286,31.0
31.0,2017,176080.0,25.0,4760095.0,100.0,0.0,7.1071544,0.01946951,1301.624,25.341984,400164.4488,5653193.9286,31.0
31.0,2018,176080.0,25.0,4760095.0,100.0,0.0,7.1362906,0.014259873,1340.1063,19.109745,400164.4488,5653193.9286,31.0
31.0,2019,176080.0,25.0,4760095.0,100.0,0.0,7.246929,0.019750731,1496.8873,29.56462,400164.4488,5653193.9286,31.0
31.0,2020,176080.0,25.0,4760095.0,100.0,0.0,7.3592877,0.0045107724,1674.8876,7.5550365,400164.4488,5653193.9286,31.0
31.0,2021,176080.0,25.0,4760095.0,100.0,0.0,7.552237,0.03927051,2031.3402,79.77177,400164.4488,5653193.9286,31.0
31.0,2022,176080.0,25.0,4760095.0,100.0,0.0,7.674851,0.02466831,2296.324,56.646435,400164.4488,5653193.9286,31.0
31.0,2023,176080.0,25.0,4760095.0,100.0,0.0,7.7419176,0.014677538,2455.6128,36.042347,400164.4488,5653193.9286,31.0
31.0,2024,176080.0,25.0,4760095.0,100.0,0.0,7.6761565,0.0012675878,2299.3237,2.9145947,400164.4488,5653193.9286,31.0
31.0,2025,176080.0,25.0,4760095.0,100.0,0.0,7.6550093,0.014202042,2251.21,31.971777,400164.4488,5653193.9286,31.0
32.0,2007,126378.0,25.0,3029788.0,100.0,0.0,7.650171,0.06582923,2224.0327,146.40637,405418.2853,5756847.8401,32.0
32.0,2008,126378.0,25.0,3029788.0,100.0,0.0,7.5549335,0.06561612,2021.9952,132.67549,405418.2853,5756847.8401,32.0
32.0,2009,126378.0,25.0,3029788.0,100.0,0.0,7.56707,0.063106015,2046.6842,129.15808,405418.2853,5756847.8401,32.0
32.0,2010,126378.0,25.0,3029788.0,100.0,0.0,7.5720344,0.09626162,2056.8696,197.99762,405418.2853,5756847.8401,32.0
32.0,2011,126378.0,25.0,3029788.0,100.0,0.0,7.5868382,0.09808064,2087.5461,204.74786,405418.2853,5756847.8401,32.0
32.0,2012,126378.0,25.0,3029788.0,100.0,0.0,7.705527,0.07939338,2350.6167,186.62341,405418.2853,5756847.8401,32.0
32.0,2013,126378.0,25.0,3029788.0,100.0,0.0,7.832651,0.078358494,2669.2625,209.1594,405418.2853,5756847.8401,32.0
32.0,2014,126378.0,25.0,3029788.0,100.0,0.0,7.9223676,0.08222466,2919.8103,240.08041,405418.2853,5756847.8401,32.0
32.0,2015,126378.0,25.0,3029788.0,100.0,0.0,7.965227,0.07976313,3047.6719,243.09184,405418.2853,5756847.8401,32.0
32.0,2016,126378.0,25.0,3029788.0,100.0,0.0,8.01738,0.07262275,3210.8357,233.17973,405418.2853,5756847.8401,32.0
32.0,2017,126378.0,25.0,3029788.0,100.0,0.0,8.121147,0.08374745,3561.913,298.30112,405418.2853,5756847.8401,32.0
32.0,2018,126378.0,25.0,3029788.0,100.0,0.0,8.254218,0.048271347,4068.884,196.41052,405418.2853,5756847.8401,32.0
32.0,2019,126378.0,25.0,3029788.0,100.0,0.0,8.325023,0.036450714,4367.4253,159.19577,405418.2853,5756847.8401,32.0
32.0,2020,126378.0,25.0,3029788.0,100.0,0.0,8.436442,0.073982604,4882.1875,361.19693,405418.2853,5756847.8401,32.0
32.0,2021,126378.0,25.0,3029788.0,100.0,0.0,8.5537815,0.08141267,5490.022,446.95737,405418.2853,5756847.8401,32.0
32.0,2022,126378.0,25.0,3029788.0,100.0,0.0,8.528856,0.0644403,5354.877,345.0699,405418.2853,5756847.8401,32.0
32.0,2023,126378.0,25.0,3029788.0,100.0,0.0,8.519354,0.05937919,5304.2295,314.96085,405418.2853,5756847.8401,32.0
32.0,2024,126378.0,25.0,3029788.0,100.0,0.0,8.487476,0.06837284,5137.812,351.2868,405418.2853,5756847.8401,32.0
32.0,2025,126378.0,25.0,3029788.0,100.0,0.0,8.498082,0.07264644,5192.5923,377.22336,405418.2853,5756847.8401,32.0
33.0,2007,91492.0,25.0,3104805.0,100.0,0.0,7.270262,0.0060531236,1527.9685,9.248982,334761.9042,5747464.8456,33.0
33.0,2008,91492.0,25.0,3104805.0,100.0,0.0,7.240519,0.019612499,1483.1919,29.089098,334761.9042,5747464.8456,33.0
33.0,2009,91492.0,25.0,3104805.0,100.0,0.0,7.155371,0.013437525,1362.1284,18.303635,334761.9042,5747464.8456,33.0
33.0,2010,91492.0,25.0,3104805.0,100.0,0.0,7.2411666,0.051204253,1484.1525,75.99492,334761.9042,5747464.8456,33.0
33.0,2011,91492.0,25.0,3104805.0,100.0,0.0,7.249577,0.017184416,1496.6874,25.719698,334761.9042,5747464.8456,33.0
33.0,2012,91492.0,25.0,3104805.0,100.0,0.0,7.2630754,0.032870375,1517.027,49.865242,334761.9042,5747464.8456,33.0
33.0,2013,91492.0,25.0,3104805.0,100.0,0.0,7.3486376,0.0112362495,1652.5419,18.568373,334761.9042,5747464.8456,33.0
33.0,2014,91492.0,25.0,3104805.0,100.0,0.0,7.4358263,0.008816258,1803.0931,15.896535,334761.9042,5747464.8456,33.0
33.0,2015,91492.0,25.0,3104805.0,100.0,0.0,7.4539895,0.05778345,1836.1422,106.09863,334761.9042,5747464.8456,33.0
33.0,2016,91492.0,25.0,3104805.0,100.0,0.0,7.459327,0.044243723,1845.9691,81.67255,334761.9042,5747464.8456,33.0
33.0,2017,91492.0,25.0,3104805.0,100.0,0.0,7.563198,0.013397553,2048.024,27.438509,334761.9042,5747464.8456,33.0
33.0,2018,91492.0,25.0,3104805.0,100.0,0.0,7.621138,0.008138491,2170.1912,17.66208,334761.9042,5747464.8456,33.0
33.0,2019,91492.0,25.0,3104805.0,100.0,0.0,7.6404524,0.04685407,2212.5142,103.66529,334761.9042,5747464.8456,33.0
33.0,2020,91492.0,25.0,3104805.0,100.0,0.0,7.701824,0.011362308,2352.554,26.730444,334761.9042,5747464.8456,33.0
33.0,2021,91492.0,25.0,3104805.0,100.0,0.0,7.7360344,0.010460268,2434.427,25.46476,334761.9042,5747464.8456,33.0
33.0,2022,91492.0,25.0,3104805.0,100.0,0.0,7.888306,0.042695027,2834.8342,121.033325,334761.9042,5747464.8456,33.0
33.0,2023,91492.0,25.0,3104805.0,100.0,0.0,7.844722,0.010580444,2713.9336,28.714622,334761.9042,5747464.8456,33.0
33.0,2024,91492.0,25.0,3104805.0,100.0,0.0,7.808469,0.04224299,2617.307,110.562874,334761.9042,5747464.8456,33.0
33.0,2025,91492.0,25.0,3104805.0,100.0,0.0,7.926341,0.0018837359,2944.7334,5.5471,334761.9042,5747464.8456,33.0
34.0,2007,261675.0,25.0,2068375.0,100.0,0.0,7.2933636,0.011590431,1569.0195,18.185614,468479.7151,5762351.4427,34.0
34.0,2008,261675.0,25.0,2068375.0,100.0,0.0,7.3006277,0.006112448,1580.4585,9.660471,468479.7151,5762351.4427,34.0
34.0,2009,261675.0,25.0,2068375.0,100.0,0.0,7.3541026,0.031676933,1667.2738,52.81412,468479.7151,5762351.4427,34.0
34.0,2010,261675.0,25.0,2068375.0,100.0,0.0,7.2685795,0.014156128,1530.6107,21.667522,468479.7151,5762351.4427,34.0
34.0,2011,261675.0,25.0,2068375.0,100.0,0.0,7.3437643,0.011773757,1650.1265,19.428188,468479.7151,5762351.4427,34.0
34.0,2012,261675.0,25.0,2068375.0,100.0,0.0,7.371533,0.0019969903,1696.5897,3.3880734,468479.7151,5762351.4427,34.0
34.0,2013,261675.0,25.0,2068375.0,100.0,0.0,7.3798485,0.011312382,1710.7567,19.352736,468479.7151,5762351.4427,34.0
34.0,2014,261675.0,25.0,2068375.0,100.0,0.0,7.481134,0.046541374,1893.1108,88.10798,468479.7151,5762351.4427,34.0
34.0,2015,261675.0,25.0,2068375.0,100.0,0.0,7.458291,0.040342,1850.357,74.6471,468479.7151,5762351.4427,34.0
34.0,2016,261675.0,25.0,2068375.0,100.0,0.0,7.5503902,0.03476955,2028.867,70.54279,468479.7151,5762351.4427,34.0
34.0,2017,261675.0,25.0,2068375.0,100.0,0.0,7.625759,0.052308444,2187.6907,114.4347,468479.7151,5762351.4427,34.0
34.0,2018,261675.0,25.0,2068375.0,100.0,0.0,7.730862,0.033203375,2430.1416,80.6889,468479.7151,5762351.4427,34.0
34.0,2019,261675.0,25.0,2068375.0,100.0,0.0,7.7792106,0.026761092,2550.5222,68.25476,468479.7151,5762351.4427,34.0
34.0,2020,261675.0,25.0,2068375.0,100.0,0.0,7.852148,0.032538705,2743.5024,89.27001,468479.7151,5762351.4427,34.0
34.0,2021,261675.0,25.0,2068375.0,100.0,0.0,8.013959,0.007518892,3225.3662,24.25118,468479.7151,5762351.4427,34.0
34.0,2022,261675.0,25.0,2068375.0,100.0,0.0,8.095734,0.0022706604,3500.204,7.947775,468479.7151,5762351.4427,34.0
34.0,2023,261675.0,25.0,2068375.0,100.0,0.0,7.998502,0.014741497,3175.8943,46.817436,468479.7151,5762351.4427,34.0
34.0,2024,261675.0,25.0,2068375.0,100.0,0.0,7.936764,0.013335297,2985.7512,39.81588,468479.7151,5762351.4427,34.0
34.0,2025,261675.0,25.0,2068375.0,100.0,0.0,8.024899,0.0105258785,3260.8435,34.323242,468479.7151,5762351.4427,34.0
35.0,2007,72705.0,25.0,1864631.0,100.0,0.0,6.943089,0.073771924,1152.1459,84.99602,523755.3569,5737345.041,35.0
35.0,2008,72705.0,25.0,1864631.0,100.0,0.0,6.8420634,0.119501404,1041.4359,124.45306,523755.3569,5737345.041,35.0
35.0,2009,72705.0,25.0,1864631.0,100.0,0.0,6.6537127,0.06590439,862.64667,56.852203,523755.3569,5737345.041,35.0
35.0,2010,72705.0,25.0,1864631.0,100.0,0.0,6.768357,0.07316567,967.43604,70.783104,523755.3569,5737345.041,35.0
35.0,2011,72705.0,25.0,1864631.0,100.0,0.0,6.75677,0.08425166,956.2913,80.56913,523755.3569,5737345.041,35.0
35.0,2012,72705.0,25.0,1864631.0,100.0,0.0,6.644862,0.10027594,855.0457,85.74051,523755.3569,5737345.041,35.0
35.0,2013,72705.0,25.0,1864631.0,100.0,0.0,6.8001294,0.021247296,998.66766,21.218987,523755.3569,5737345.041,35.0
35.0,2014,72705.0,25.0,1864631.0,100.0,0.0,6.7266297,0.047526956,927.8982,44.100178,523755.3569,5737345.041,35.0
35.0,2015,72705.0,25.0,1864631.0,100.0,0.0,6.814823,0.053473122,1013.4499,54.19233,523755.3569,5737345.041,35.0
35.0,2016,72705.0,25.0,1864631.0,100.0,0.0,6.719765,0.08861134,921.5508,81.65985,523755.3569,5737345.041,35.0
35.0,2017,72705.0,25.0,1864631.0,100.0,0.0,6.80777,0.14041261,1006.32697,141.301,523755.3569,5737345.041,35.0
35.0,2018,72705.0,25.0,1864631.0,100.0,0.0,6.8782215,0.102114,1079.7817,110.26083,523755.3569,5737345.041,35.0
35.0,2019,72705.0,25.0,1864631.0,100.0,0.0,6.863602,0.13058022,1064.1108,138.95181,523755.3569,5737345.041,35.0
35.0,2020,72705.0,25.0,1864631.0,100.0,0.0,6.8924465,0.16742474,1095.2513,183.37216,523755.3569,5737345.041,35.0
35.0,2021,72705.0,25.0,1864631.0,100.0,0.0,7.0719,0.12147104,1310.5375,159.19235,523755.3569,5737345.041,35.0
35.0,2022,72705.0,25.0,1864631.0,100.0,0.0,7.208345,0.08025531,1502.127,120.55366,523755.3569,5737345.041,35.0
35.0,2023,72705.0,25.0,1864631.0,100.0,0.0,7.40574,0.02705564,1829.9283,49.509884,523755.3569,5737345.041,35.0
35.0,2024,72705.0,25.0,1864631.0,100.0,0.0,7.304481,0.040329732,1653.7053,66.69349,523755.3569,5737345.041,35.0
35.0,2025,72705.0,25.0,1864631.0,100.0,0.0,7.292912,0.054880813,1634.6832,89.712746,523755.3569,5737345.041,35.0
36.0,2007,179596.0,25.0,1905103.0,100.0,0.0,7.1377206,0.018801069,1368.8646,25.736116,493068.7638,5794487.9544,36.0
36.0,2008,179596.0,25.0,1905103.0,100.0,0.0,7.0890574,0.003277747,1303.8464,4.273679,493068.7638,5794487.9544,36.0
36.0,2009,179596.0,25.0,1905103.0,100.0,0.0,6.961634,0.010918896,1147.8552,12.533312,493068.7638,5794487.9544,36.0
36.0,2010,179596.0,25.0,1905103.0,100.0,0.0,6.9709916,0.05290256,1158.6465,61.29536,493068.7638,5794487.9544,36.0
36.0,2011,179596.0,25.0,1905103.0,100.0,0.0,7.085501,0.068159305,1299.2174,88.55376,493068.7638,5794487.9544,36.0
36.0,2012,179596.0,25.0,1905103.0,100.0,0.0,7.075548,0.041954104,1286.3508,53.967697,493068.7638,5794487.9544,36.0
36.0,2013,179596.0,25.0,1905103.0,100.0,0.0,7.0198703,0.019569384,1216.6866,23.809809,493068.7638,5794487.9544,36.0
36.0,2014,179596.0,25.0,1905103.0,100.0,0.0,6.9689665,0.022827711,1156.3029,26.395748,493068.7638,5794487.9544,36.0
36.0,2015,179596.0,25.0,1905103.0,100.0,0.0,7.075712,0.012482626,1286.5619,16.059671,493068.7638,5794487.9544,36.0
36.0,2016,179596.0,25.0,1905103.0,100.0,0.0,7.064514,0.0067094257,1272.2352,8.535967,493068.7638,5794487.9544,36.0
36.0,2017,179596.0,25.0,1905103.0,100.0,0.0,7.1682873,0.031149492,1411.3525,43.962914,493068.7638,5794487.9544,36.0
36.0,2018,179596.0,25.0,1905103.0,100.0,0.0,7.2785316,0.002289901,1575.8467,3.6085331,493068.7638,5794487.9544,36.0
36.0,2019,179596.0,25.0,1905103.0,100.0,0.0,7.327957,0.026605655,1655.6909,44.050743,493068.7638,5794487.9544,36.0
36.0,2020,179596.0,25.0,1905103.0,100.0,0.0,7.4503326,0.011827199,1871.2255,22.131355,493068.7638,5794487.9544,36.0
36.0,2021,179596.0,25.0,1905103.0,100.0,0.0,7.5689535,0.027017156,2106.8933,56.92226,493068.7638,5794487.9544,36.0
36.0,2022,179596.0,25.0,1905103.0,100.0,0.0,7.613538,0.017037444,2202.953,37.53269,493068.7638,5794487.9544,36.0
36.0,2023,179596.0,25.0,1905103.0,100.0,0.0,7.6577077,0.031800877,2302.438,73.21955,493068.7638,5794487.9544,36.0
36.0,2024,179596.0,25.0,1905103.0,100.0,0.0,7.6907234,0.012232911,2379.7244,29.110954,493068.7638,5794487.9544,36.0
36.0,2025,179596.0,25.0,1905103.0,100.0,0.0,7.7262053,0.020938402,2465.677,51.627335,493068.7638,5794487.9544,36.0
41.0,2007,120957.0,25.0,2099053.0,100.0,0.0,7.377345,0.03311169,1707.9417,56.552837,483034.8843,5731064.6509,41.0
41.0,2008,120957.0,25.0,2099053.0,100.0,0.0,7.3207655,0.03029724,1613.9902,48.89945,483034.8843,5731064.6509,41.0
41.0,2009,120957.0,25.0,2099053.0,100.0,0.0,7.250513,0.031773794,1504.4946,47.803505,483034.8843,5731064.6509,41.0
41.0,2010,120957.0,25.0,2099053.0,100.0,0.0,7.2495885,0.030040864,1503.1041,45.15455,483034.8843,5731064.6509,41.0
41.0,2011,120957.0,25.0,2099053.0,100.0,0.0,7.315686,0.021580813,1605.8131,34.654755,483034.8843,5731064.6509,41.0
41.0,2012,120957.0,25.0,2099053.0,100.0,0.0,7.3587785,0.030114714,1676.5236,50.48803,483034.8843,5731064.6509,41.0
41.0,2013,120957.0,25.0,2099053.0,100.0,0.0,7.4645143,0.018887682,1863.5029,35.197254,483034.8843,5731064.6509,41.0
41.0,2014,120957.0,25.0,2099053.0,100.0,0.0,7.5658765,0.03394438,2062.2964,70.00337,483034.8843,5731064.6509,41.0
41.0,2015,120957.0,25.0,2099053.0,100.0,0.0,7.652683,0.04558555,2249.317,102.536354,483034.8843,5731064.6509,41.0
41.0,2016,120957.0,25.0,2099053.0,100.0,0.0,7.677642,0.046187002,2306.1646,106.51483,483034.8843,5731064.6509,41.0
41.0,2017,120957.0,25.0,2099053.0,100.0,0.0,7.7088556,0.094058625,2379.2842,223.79219,483034.8843,5731064.6509,41.0
41.0,2018,120957.0,25.0,2099053.0,100.0,0.0,7.7477875,0.028585952,2473.741,70.71424,483034.8843,5731064.6509,41.0
41.0,2019,120957.0,25.0,2099053.0,100.0,0.0,7.84211,0.04808837,2718.4282,130.7248,483034.8843,5731064.6509,41.0
41.0,2020,120957.0,25.0,2099053.0,100.0,0.0,7.9077935,0.05603597,2902.9788,162.67123,483034.8843,5731064.6509,41.0
41.0,2021,120957.0,25.0,2099053.0,100.0,0.0,8.018408,0.042967178,3242.5237,139.3221,483034.8843,5731064.6509,41.0
41.0,2022,120957.0,25.0,2099053.0,100.0,0.0,8.157486,0.017735157,3726.3538,66.08747,483034.8843,5731064.6509,41.0
41.0,2023,120957.0,25.0,2099053.0,100.0,0.0,8.163546,0.03174648,3749.0005,119.01756,483034.8843,5731064.6509,41.0
41.0,2024,120957.0,25.0,2099053.0,100.0,0.0,8.04894,0.004275865,3343.0498,14.294429,483034.8843,5731064.6509,41.0
41.0,2025,120957.0,25.0,2099053.0,100.0,0.0,8.013352,0.063242435,3226.1704,204.03085,483034.8843,5731064.6509,41.0
37.0,2007,873980.0,25.0,4490553.0,100.0,0.0,7.422829,0.006961844,1828.0309,12.726466,376710.3513,5703579.0175,37.0
37.0,2008,873980.0,25.0,4490553.0,100.0,0.0,7.3420343,0.021877574,1686.1443,36.888744,376710.3513,5703579.0175,37.0
37.0,2009,873980.0,25.0,4490553.0,100.0,0.0,7.2548633,0.016462384,1545.3859,25.440735,376710.3513,5703579.0175,37.0
37.0,2010,873980.0,25.0,4490553.0,100.0,0.0,7.2243075,0.02910439,1498.879,43.62396,376710.3513,5703579.0175,37.0
37.0,2011,873980.0,25.0,4490553.0,100.0,0.0,7.2581663,0.030211192,1550.4987,46.84241,376710.3513,5703579.0175,37.0
37.0,2012,873980.0,25.0,4490553.0,100.0,0.0,7.2339606,0.0040010703,1513.4183,6.0552936,376710.3513,5703579.0175,37.0
37.0,2013,873980.0,25.0,4490553.0,100.0,0.0,7.0972733,0.0590395,1320.0682,77.936165,376710.3513,5703579.0175,37.0
37.0,2014,873980.0,25.0,4490553.0,100.0,0.0,7.1279945,0.002405674,1361.2517,3.2747278,376710.3513,5703579.0175,37.0
37.0,2015,873980.0,25.0,4490553.0,100.0,0.0,7.218978,0.014734722,1490.9122,21.968178,376710.3513,5703579.0175,37.0
37.0,2016,873980.0,25.0,4490553.0,100.0,0.0,7.1927757,0.009780349,1452.354,14.204529,376710.3513,5703579.0175,37.0
37.0,2017,873980.0,25.0,4490553.0,100.0,0.0,7.29608,0.03378762,1610.4127,54.412014,376710.3513,5703579.0175,37.0
37.0,2018,873980.0,25.0,4490553.0,100.0,0.0,7.3962874,0.023525111,1780.1499,41.878227,376710.3513,5703579.0175,37.0
37.0,2019,873980.0,25.0,4490553.0,100.0,0.0,7.410737,0.02992465,1806.0593,54.04569,376710.3513,5703579.0175,37.0
37.0,2020,873980.0,25.0,4490553.0,100.0,0.0,7.543614,0.00339711,2062.7168,7.007276,376710.3513,5703579.0175,37.0
37.0,2021,873980.0,25.0,4490553.0,100.0,0.0,7.624605,0.019820971,2236.7314,44.33419,376710.3513,5703579.0175,37.0
37.0,2022,873980.0,25.0,4490553.0,100.0,0.0,7.732337,0.02785633,2491.1565,69.39447,376710.3513,5703579.0175,37.0
37.0,2023,873980.0,25.0,4490553.0,100.0,0.0,7.806128,0.04610228,2681.9338,123.643265,376710.3513,5703579.0175,37.0
37.0,2024,873980.0,25.0,4490553.0,100.0,0.0,7.7397614,0.037750795,2509.7202,94.74394,376710.3513,5703579.0175,37.0
37.0,2025,873980.0,25.0,4490553.0,100.0,0.0,7.7864666,0.040511683,2629.7185,106.53432,376710.3513,5703579.0175,37.0
38.0,2007,584610.0,25.0,4476751.0,100.0,0.0,7.417012,0.010017682,1787.0693,17.902292,394179.0635,5708318.3123,38.0
38.0,2008,584610.0,25.0,4476751.0,100.0,0.0,7.4023137,0.001492707,1760.9943,2.6286485,394179.0635,5708318.3123,38.0
38.0,2009,584610.0,25.0,4476751.0,100.0,0.0,7.2484794,0.019616408,1509.9016,29.618845,394179.0635,5708318.3123,38.0
38.0,2010,584610.0,25.0,4476751.0,100.0,0.0,7.291614,0.00475042,1576.4551,7.488824,394179.0635,5708318.3123,38.0
38.0,2011,584610.0,25.0,4476751.0,100.0,0.0,7.302316,0.0017515848,1593.4174,2.7910056,394179.0635,5708318.3123,38.0
38.0,2012,584610.0,25.0,4476751.0,100.0,0.0,7.2678747,0.0055865888,1539.4723,8.600399,394179.0635,5708318.3123,38.0
38.0,2013,584610.0,25.0,4476751.0,100.0,0.0,7.3127365,0.019638695,1610.1083,31.620426,394179.0635,5708318.3123,38.0
38.0,2014,584610.0,25.0,4476751.0,100.0,0.0,7.3471327,0.012840123,1666.4531,21.397463,394179.0635,5708318.3123,38.0
38.0,2015,584610.0,25.0,4476751.0,100.0,0.0,7.4224296,0.018462827,1796.7766,33.173576,394179.0635,5708318.3123,38.0
38.0,2016,584610.0,25.0,4476751.0,100.0,0.0,7.4936547,0.009280511,1929.4205,17.906008,394179.0635,5708318.3123,38.0
38.0,2017,584610.0,25.0,4476751.0,100.0,0.0,7.500497,0.017309539,1942.6671,33.626675,394179.0635,5708318.3123,38.0
38.0,2018,584610.0,25.0,4476751.0,100.0,0.0,7.6039886,0.031550918,2154.4893,67.97611,394179.0635,5708318.3123,38.0
38.0,2019,584610.0,25.0,4476751.0,100.0,0.0,7.6702347,0.06877337,2302.049,158.31967,394179.0635,5708318.3123,38.0
38.0,2020,584610.0,25.0,4476751.0,100.0,0.0,7.712882,0.03231622,2402.349,77.63484,394179.0635,5708318.3123,38.0
38.0,2021,584610.0,25.0,4476751.0,100.0,0.0,7.962669,0.063640304,3084.0198,196.26796,394179.0635,5708318.3123,38.0
38.0,2022,584610.0,25.0,4476751.0,100.0,0.0,8.046253,0.039399266,3352.874,132.10078,394179.0635,5708318.3123,38.0
38.0,2023,584610.0,25.0,4476751.0,100.0,0.0,8.013724,0.05435849,3245.5635,176.42393,394179.0635,5708318.3123,38.0
38.0,2024,584610.0,25.0,4476751.0,100.0,0.0,7.904668,0.037792098,2910.2322,109.98377,394179.0635,5708318.3123,38.0
38.0,2025,584610.0,25.0,4476751.0,100.0,0.0,7.9259624,0.028559323,2972.8684,84.90311,394179.0635,5708318.3123,38.0
39.0,2007,504422.0,25.0,4598711.0,100.0,0.0,7.4445405,0.06470711,1837.9167,118.92628,395367.9125,5689599.7044,39.0
39.0,2008,504422.0,25.0,4598711.0,100.0,0.0,7.410283,0.0644231,1776.0203,114.416725,395367.9125,5689599.7044,39.0
39.0,2009,504422.0,25.0,4598711.0,100.0,0.0,7.3032885,0.040641405,1595.8083,64.855896,395367.9125,5689599.7044,39.0
39.0,2010,504422.0,25.0,4598711.0,100.0,0.0,7.273866,0.057118792,1549.5405,88.50788,395367.9125,5689599.7044,39.0
39.0,2011,504422.0,25.0,4598711.0,100.0,0.0,7.280396,0.062496115,1559.6914,97.474655,395367.9125,5689599.7044,39.0
39.0,2012,504422.0,25.0,4598711.0,100.0,0.0,7.26395,0.06336574,1534.2504,97.21891,395367.9125,5689599.7044,39.0
39.0,2013,504422.0,25.0,4598711.0,100.0,0.0,7.2564607,0.0741972,1522.8032,112.98774,395367.9125,5689599.7044,39.0
39.0,2014,504422.0,25.0,4598711.0,100.0,0.0,7.2595544,0.072995596,1527.5216,111.50236,395367.9125,5689599.7044,39.0
39.0,2015,504422.0,25.0,4598711.0,100.0,0.0,7.2561803,0.06786417,1522.3765,103.31481,395367.9125,5689599.7044,39.0
39.0,2016,504422.0,25.0,4598711.0,100.0,0.0,7.2824125,0.07698746,1562.8398,120.31908,395367.9125,5689599.7044,39.0
39.0,2017,504422.0,25.0,4598711.0,100.0,0.0,7.3192563,0.07792877,1621.4944,126.36106,395367.9125,5689599.7044,39.0
39.0,2018,504422.0,25.0,4598711.0,100.0,0.0,7.33001,0.1071787,1639.0254,175.66862,395367.9125,5689599.7044,39.0
39.0,2019,504422.0,25.0,4598711.0,100.0,0.0,7.3138843,0.102661885,1612.807,165.5738,395367.9125,5689599.7044,39.0
39.0,2020,504422.0,25.0,4598711.0,100.0,0.0,7.3751764,0.0936925,1714.752,160.6594,395367.9125,5689599.7044,39.0
39.0,2021,504422.0,25.0,4598711.0,100.0,0.0,7.519062,0.10032348,1980.1138,198.6519,395367.9125,5689599.7044,39.0
39.0,2022,504422.0,25.0,4598711.0,100.0,0.0,7.6899486,0.100848235,2349.1196,236.90456,395367.9125,5689599.7044,39.0
39.0,2023,504422.0,25.0,4598711.0,100.0,0.0,7.7292867,0.077888206,2443.3708,190.30977,395367.9125,5689599.7044,39.0
39.0,2024,504422.0,25.0,4598711.0,100.0,0.0,7.699058,0.089178346,2370.6167,211.40767,395367.9125,5689599.7044,39.0
39.0,2025,504422.0,25.0,4598711.0,100.0,0.0,7.733481,0.08303958,2453.641,203.74934,395367.9125,5689599.7044,39.0
40.0,2007,127129.0,25.0,4547446.0,100.0,0.0,7.2587543,0.020180188,1545.5924,31.190344,430480.1264,5637059.1712,40.0
40.0,2008,127129.0,25.0,4547446.0,100.0,0.0,7.1999173,0.028437926,1457.2782,41.44197,430480.1264,5637059.1712,40.0
40.0,2009,127129.0,25.0,4547446.0,100.0,0.0,7.0952377,0.04478818,1312.4438,58.78197,430480.1264,5637059.1712,40.0
40.0,2010,127129.0,25.0,4547446.0,100.0,0.0,7.10646,0.022603191,1327.2556,30.000212,430480.1264,5637059.1712,40.0
40.0,2011,127129.0,25.0,4547446.0,100.0,0.0,7.16234,0.024288744,1403.5342,34.090084,430480.1264,5637059.1712,40.0
40.0,2012,127129.0,25.0,4547446.0,100.0,0.0,7.1923203,0.026925486,1446.2495,38.94097,430480.1264,5637059.1712,40.0
40.0,2013,127129.0,25.0,4547446.0,100.0,0.0,7.1405087,0.039680034,1373.2249,54.48961,430480.1264,5637059.1712,40.0
40.0,2014,127129.0,25.0,4547446.0,100.0,0.0,7.102073,0.060260065,1321.4459,79.63042,430480.1264,5637059.1712,40.0
40.0,2015,127129.0,25.0,4547446.0,100.0,0.0,7.266419,0.0616329,1557.4845,95.99229,430480.1264,5637059.1712,40.0
40.0,2016,127129.0,25.0,4547446.0,100.0,0.0,7.2602553,0.0544115,1547.9142,84.224335,430480.1264,5637059.1712,40.0
40.0,2017,127129.0,25.0,4547446.0,100.0,0.0,7.3309326,0.08099591,1661.2756,134.55653,430480.1264,5637059.1712,40.0
40.0,2018,127129.0,25.0,4547446.0,100.0,0.0,7.434864,0.047168583,1843.2262,86.94237,430480.1264,5637059.1712,40.0
40.0,2019,127129.0,25.0,4547446.0,100.0,0.0,7.439665,0.06197745,1852.0963,114.78821,430480.1264,5637059.1712,40.0
40.0,2020,127129.0,25.0,4547446.0,100.0,0.0,7.528473,0.06777273,2024.1019,137.17892,430480.1264,5637059.1712,40.0
40.0,2021,127129.0,25.0,4547446.0,100.0,0.0,7.6483245,0.023877503,2281.8296,54.484394,430480.1264,5637059.1712,40.0
40.0,2022,127129.0,25.0,4547446.0,100.0,0.0,7.728878,0.017605152,2473.2458,43.54187,430480.1264,5637059.1712,40.0
40.0,2023,127129.0,25.0,4547446.0,100.0,0.0,7.709493,0.06828712,2425.7634,165.64839,430480.1264,5637059.1712,40.0
40.0,2024,127129.0,25.0,4547446.0,100.0,0.0,7.639204,0.03858698,2261.113,87.24953,430480.1264,5637059.1712,40.0
40.0,2025,127129.0,25.0,4547446.0,100.0,0.0,7.705961,0.020122588,2417.211,48.640537,430480.1264,5637059.1712,40.0
42.0,2007,478046.0,25.0,3914319.0,100.0,0.0,7.6910877,0.015953675,2327.996,37.140095,475907.6048,5525500.8178,42.0
42.0,2008,478046.0,25.0,3914319.0,100.0,0.0,7.6489034,0.015572532,2231.8337,34.755302,475907.6048,5525500.8178,42.0
42.0,2009,478046.0,25.0,3914319.0,100.0,0.0,7.5906124,0.029970396,2105.4563,63.101364,475907.6048,5525500.8178,42.0
42.0,2010,478046.0,25.0,3914319.0,100.0,0.0,7.611846,0.042624652,2150.6409,91.67032,475907.6048,5525500.8178,42.0
42.0,2011,478046.0,25.0,3914319.0,100.0,0.0,7.626552,0.062497318,2182.5022,136.40053,475907.6048,5525500.8178,42.0
42.0,2012,478046.0,25.0,3914319.0,100.0,0.0,7.6319227,0.0888186,2194.2551,194.89066,475907.6048,5525500.8178,42.0
42.0,2013,478046.0,25.0,3914319.0,100.0,0.0,7.7176905,0.07368404,2390.7576,176.16066,475907.6048,5525500.8178,42.0
42.0,2014,478046.0,25.0,3914319.0,100.0,0.0,7.7016,0.08548674,2352.5977,201.1159,475907.6048,5525500.8178,42.0
42.0,2015,478046.0,25.0,3914319.0,100.0,0.0,7.7707224,0.101671085,2520.966,256.3094,475907.6048,5525500.8178,42.0
42.0,2016,478046.0,25.0,3914319.0,100.0,0.0,7.886654,0.06835385,2830.8408,193.49886,475907.6048,5525500.8178,42.0
42.0,2017,478046.0,25.0,3914319.0,100.0,0.0,7.9193473,0.087866716,2924.9207,257.00317,475907.6048,5525500.8178,42.0
42.0,2018,478046.0,25.0,3914319.0,100.0,0.0,7.988349,0.06511493,3133.871,204.0618,475907.6048,5525500.8178,42.0
42.0,2019,478046.0,25.0,3914319.0,100.0,0.0,8.081834,0.108460374,3440.9717,373.20908,475907.6048,5525500.8178,42.0
42.0,2020,478046.0,25.0,3914319.0,100.0,0.0,8.17111,0.12892294,3762.2996,485.04672,475907.6048,5525500.8178,42.0
42.0,2021,478046.0,25.0,3914319.0,100.0,0.0,8.279347,0.123148,4192.3755,516.2827,475907.6048,5525500.8178,42.0
42.0,2022,478046.0,25.0,3914319.0,100.0,0.0,8.327676,0.116989106,4399.963,514.74774,475907.6048,5525500.8178,42.0
42.0,2023,478046.0,25.0,3914319.0,100.0,0.0,8.272376,0.09177933,4163.252,382.10046,475907.6048,5525500.8178,42.0
42.0,2024,478046.0,25.0,3914319.0,100.0,0.0,8.244011,0.0679874,4046.817,275.13257,475907.6048,5525500.8178,42.0
42.0,2025,478046.0,25.0,3914319.0,100.0,0.0,8.279679,0.11282573,4193.7666,473.16476,475907.6048,5525500.8178,42.0
43.0,2007,877598.0,25.0,3652558.0,100.0,0.0,8.017012,0.05327212,3205.2737,170.75172,474558.3118,5551805.4783,43.0
43.0,2008,877598.0,25.0,3652558.0,100.0,0.0,8.016082,0.03210977,3202.2937,102.82492,474558.3118,5551805.4783,43.0
43.0,2009,877598.0,25.0,3652558.0,100.0,0.0,7.9758544,0.027049948,3076.0295,83.206436,474558.3118,5551805.4783,43.0
43.0,2010,877598.0,25.0,3652558.0,100.0,0.0,7.9933014,0.032718286,3130.1687,102.41375,474558.3118,5551805.4783,43.0
43.0,2011,877598.0,25.0,3652558.0,100.0,0.0,8.0601845,0.0067081405,3346.6829,22.45002,474558.3118,5551805.4783,43.0
43.0,2012,877598.0,25.0,3652558.0,100.0,0.0,8.132423,0.0051699197,3597.3904,18.598219,474558.3118,5551805.4783,43.0
43.0,2013,877598.0,25.0,3652558.0,100.0,0.0,8.243482,0.01073107,4019.9414,43.138275,474558.3118,5551805.4783,43.0
43.0,2014,877598.0,25.0,3652558.0,100.0,0.0,8.290998,0.017684594,4215.5674,74.5506,474558.3118,5551805.4783,43.0
43.0,2015,877598.0,25.0,3652558.0,100.0,0.0,8.396876,0.024074964,4686.3853,112.82456,474558.3118,5551805.4783,43.0
43.0,2016,877598.0,25.0,3652558.0,100.0,0.0,8.444905,0.008453433,4916.9604,41.565197,474558.3118,5551805.4783,43.0
43.0,2017,877598.0,25.0,3652558.0,100.0,0.0,8.552679,0.0010238081,5476.4907,5.6068754,474558.3118,5551805.4783,43.0
43.0,2018,877598.0,25.0,3652558.0,100.0,0.0,8.666792,0.0009839848,6138.4785,6.0401692,474558.3118,5551805.4783,43.0
43.0,2019,877598.0,25.0,3652558.0,100.0,0.0,8.768282,0.018718611,6794.1855,127.17772,474558.3118,5551805.4783,43.0
43.0,2020,877598.0,25.0,3652558.0,100.0,0.0,8.893198,0.011780498,7698.1772,90.68836,474558.3118,5551805.4783,43.0
43.0,2021,877598.0,25.0,3652558.0,100.0,0.0,8.950464,0.0028451143,8151.8867,23.19305,474558.3118,5551805.4783,43.0
43.0,2022,877598.0,25.0,3652558.0,100.0,0.0,8.985044,0.012053228,8438.705,101.71364,474558.3118,5551805.4783,43.0
43.0,2023,877598.0,25.0,3652558.0,100.0,0.0,8.8556385,0.0051069646,7414.4014,37.865086,474558.3118,5551805.4783,43.0
43.0,2024,877598.0,25.0,3652558.0,100.0,0.0,8.848809,0.008398764,7363.933,61.847935,474558.3118,5551805.4783,43.0
43.0,2025,877598.0,25.0,3652558.0,100.0,0.0,8.836482,0.00049368886,7273.714,3.5909517,474558.3118,5551805.4783,43.0
58.0,2007,611380.0,25.0,3932602.0,100.0,0.0,7.845605,0.0022679665,2701.8684,6.127747,447080.6514,5547692.845,58.0
58.0,2008,611380.0,25.0,3932602.0,100.0,0.0,7.8359113,0.0056725056,2675.8044,15.178516,447080.6514,5547692.845,58.0
58.0,2009,611380.0,25.0,3932602.0,100.0,0.0,7.7725806,0.003697317,2511.5981,9.286175,447080.6514,5547692.845,58.0
58.0,2010,611380.0,25.0,3932602.0,100.0,0.0,7.7612476,0.008215803,2483.2952,20.402264,447080.6514,5547692.845,58.0
58.0,2011,611380.0,25.0,3932602.0,100.0,0.0,7.798812,0.011076093,2578.3525,28.558071,447080.6514,5547692.845,58.0
58.0,2012,611380.0,25.0,3932602.0,100.0,0.0,7.8969383,0.021886596,2844.1865,62.24956,447080.6514,5547692.845,58.0
58.0,2013,611380.0,25.0,3932602.0,100.0,0.0,7.9682407,0.011365265,3054.3884,34.713932,447080.6514,5547692.845,58.0
58.0,2014,611380.0,25.0,3932602.0,100.0,0.0,8.028872,0.017364344,3245.3074,56.35263,447080.6514,5547692.845,58.0
58.0,2015,611380.0,25.0,3932602.0,100.0,0.0,8.170372,0.022282163,3738.599,83.30408,447080.6514,5547692.845,58.0
58.0,2016,611380.0,25.0,3932602.0,100.0,0.0,8.193939,0.015900074,3827.7534,60.861565,447080.6514,5547692.845,58.0
58.0,2017,611380.0,25.0,3932602.0,100.0,0.0,8.287277,0.008710383,4202.234,36.603065,447080.6514,5547692.845,58.0
58.0,2018,611380.0,25.0,3932602.0,100.0,0.0,8.32171,0.026098806,4349.4443,113.51531,447080.6514,5547692.845,58.0
58.0,2019,611380.0,25.0,3932602.0,100.0,0.0,8.391067,0.016789788,4661.816,78.270905,447080.6514,5547692.845,58.0
58.0,2020,611380.0,25.0,3932602.0,100.0,0.0,8.49843,0.0066770804,5190.1846,34.655277,447080.6514,5547692.845,58.0
58.0,2021,611380.0,25.0,3932602.0,100.0,0.0,8.631235,0.0035008332,5927.332,20.7506,447080.6514,5547692.845,58.0
58.0,2022,611380.0,25.0,3932602.0,100.0,0.0,8.624238,0.019277295,5886.001,113.46617,447080.6514,5547692.845,58.0
58.0,2023,611380.0,25.0,3932602.0,100.0,0.0,8.531408,0.0013321444,5364.1997,7.1458883,447080.6514,5547692.845,58.0
58.0,2024,611380.0,25.0,3932602.0,100.0,0.0,8.496406,0.002280802,5179.688,11.813843,447080.6514,5547692.845,58.0
58.0,2025,611380.0,25.0,3932602.0,100.0,0.0,8.57365,0.021346653,5595.648,119.44836,447080.6514,5547692.845,58.0
44.0,2007,160024.0,25.0,3000165.0,100.0,0.0,7.329404,0.016844897,1650.7698,27.807045,477525.4267,5603051.2272,44.0
44.0,2008,160024.0,25.0,3000165.0,100.0,0.0,7.385555,0.008388417,1746.1141,14.647134,477525.4267,5603051.2272,44.0
44.0,2009,160024.0,25.0,3000165.0,100.0,0.0,7.344767,0.016621338,1676.3273,27.8628,477525.4267,5603051.2272,44.0
44.0,2010,160024.0,25.0,3000165.0,100.0,0.0,7.3217177,0.04216882,1638.1309,69.07804,477525.4267,5603051.2272,44.0
44.0,2011,160024.0,25.0,3000165.0,100.0,0.0,7.2883515,0.031776007,1584.3743,50.34509,477525.4267,5603051.2272,44.0
44.0,2012,160024.0,25.0,3000165.0,100.0,0.0,7.3131533,0.08520728,1624.1608,138.39032,477525.4267,5603051.2272,44.0
44.0,2013,160024.0,25.0,3000165.0,100.0,0.0,7.357788,0.07842607,1698.2974,133.19078,477525.4267,5603051.2272,44.0
44.0,2014,160024.0,25.0,3000165.0,100.0,0.0,7.468467,0.09501031,1897.0602,180.24028,477525.4267,5603051.2272,44.0
44.0,2015,160024.0,25.0,3000165.0,100.0,0.0,7.527184,0.088058025,2011.7837,177.1537,477525.4267,5603051.2272,44.0
44.0,2016,160024.0,25.0,3000165.0,100.0,0.0,7.6354275,0.11714955,2241.769,262.62222,477525.4267,5603051.2272,44.0
44.0,2017,160024.0,25.0,3000165.0,100.0,0.0,7.624363,0.14252684,2217.1023,315.99658,477525.4267,5603051.2272,44.0
44.0,2018,160024.0,25.0,3000165.0,100.0,0.0,7.6753983,0.11658963,2333.1897,272.02573,477525.4267,5603051.2272,44.0
44.0,2019,160024.0,25.0,3000165.0,100.0,0.0,7.7696633,0.096916124,2563.8276,248.47624,477525.4267,5603051.2272,44.0
44.0,2020,160024.0,25.0,3000165.0,100.0,0.0,7.87674,0.11408994,2853.5903,325.56595,477525.4267,5603051.2272,44.0
44.0,2021,160024.0,25.0,3000165.0,100.0,0.0,7.981438,0.09004326,3168.556,285.3071,477525.4267,5603051.2272,44.0
44.0,2022,160024.0,25.0,3000165.0,100.0,0.0,7.9365997,0.08999211,3029.6223,272.64212,477525.4267,5603051.2272,44.0
44.0,2023,160024.0,25.0,3000165.0,100.0,0.0,7.982577,0.06516199,3172.1672,206.70473,477525.4267,5603051.2272,44.0
44.0,2024,160024.0,25.0,3000165.0,100.0,0.0,8.052635,0.075322926,3402.3723,256.27664,477525.4267,5603051.2272,44.0
44.0,2025,160024.0,25.0,3000165.0,100.0,0.0,7.999868,0.079866685,3227.4932,257.76917,477525.4267,5603051.2272,44.0
45.0,2007,187458.0,25.0,3875844.0,100.0,0.0,7.379008,0.06629776,1741.2977,115.44414,434765.5311,5582961.1289,45.0
45.0,2008,187458.0,25.0,3875844.0,100.0,0.0,7.3441954,0.046974696,1681.7218,78.99837,434765.5311,5582961.1289,45.0
45.0,2009,187458.0,25.0,3875844.0,100.0,0.0,7.2378373,0.03815107,1512.0408,57.685974,434765.5311,5582961.1289,45.0
45.0,2010,187458.0,25.0,3875844.0,100.0,0.0,7.0998755,0.06108652,1317.187,80.46237,434765.5311,5582961.1289,45.0
45.0,2011,187458.0,25.0,3875844.0,100.0,0.0,7.1833377,0.07611183,1431.8405,108.979996,434765.5311,5582961.1289,45.0
45.0,2012,187458.0,25.0,3875844.0,100.0,0.0,7.1406083,0.07959132,1371.9475,109.195114,434765.5311,5582961.1289,45.0
45.0,2013,187458.0,25.0,3875844.0,100.0,0.0,7.15319,0.06796091,1389.3184,94.41934,434765.5311,5582961.1289,45.0
45.0,2014,187458.0,25.0,3875844.0,100.0,0.0,7.1278353,0.075813614,1354.5349,102.69219,434765.5311,5582961.1289,45.0
45.0,2015,187458.0,25.0,3875844.0,100.0,0.0,7.107245,0.08143468,1326.9297,108.0581,434765.5311,5582961.1289,45.0
45.0,2016,187458.0,25.0,3875844.0,100.0,0.0,7.2285457,0.06537995,1498.0565,97.942856,434765.5311,5582961.1289,45.0
45.0,2017,187458.0,25.0,3875844.0,100.0,0.0,7.264322,0.067601435,1552.6215,104.959435,434765.5311,5582961.1289,45.0
45.0,2018,187458.0,25.0,3875844.0,100.0,0.0,7.2614975,0.098275736,1548.2422,152.15465,434765.5311,5582961.1289,45.0
45.0,2019,187458.0,25.0,3875844.0,100.0,0.0,7.424722,0.103748545,1822.7482,189.10748,434765.5311,5582961.1289,45.0
45.0,2020,187458.0,25.0,3875844.0,100.0,0.0,7.556149,0.09741589,2078.7612,202.50436,434765.5311,5582961.1289,45.0
45.0,2021,187458.0,25.0,3875844.0,100.0,0.0,7.700849,0.08830113,2402.4092,212.13545,434765.5311,5582961.1289,45.0
45.0,2022,187458.0,25.0,3875844.0,100.0,0.0,7.928456,0.035864133,3016.4448,108.182175,434765.5311,5582961.1289,45.0
45.0,2023,187458.0,25.0,3875844.0,100.0,0.0,7.881524,0.048922177,2878.1477,140.80525,434765.5311,5582961.1289,45.0
45.0,2024,187458.0,25.0,3875844.0,100.0,0.0,7.7558284,0.023929408,2538.1897,60.737377,434765.5311,5582961.1289,45.0
45.0,2025,187458.0,25.0,3875844.0,100.0,0.0,7.747575,0.059173383,2517.3274,148.95877,434765.5311,5582961.1289,45.0
46.0,2007,121294.0,25.0,1237803.0,100.0,0.0,7.1596737,0.0004204445,1398.1415,0.58784086,532039.6808,5684522.9021,46.0
46.0,2008,121294.0,25.0,1237803.0,100.0,0.0,7.231182,0.000774112,1501.7815,1.1625471,532039.6808,5684522.9021,46.0
46.0,2009,121294.0,25.0,1237803.0,100.0,0.0,7.090169,0.005610499,1304.2639,7.3175716,532039.6808,5684522.9021,46.0
46.0,2010,121294.0,25.0,1237803.0,100.0,0.0,7.162162,0.019412724,1401.6244,27.209347,532039.6808,5684522.9021,46.0
46.0,2011,121294.0,25.0,1237803.0,100.0,0.0,7.167134,0.04114136,1408.6105,57.95215,532039.6808,5684522.9021,46.0
46.0,2012,121294.0,25.0,1237803.0,100.0,0.0,7.2312274,0.06204932,1501.8497,93.18876,532039.6808,5684522.9021,46.0
46.0,2013,121294.0,25.0,1237803.0,100.0,0.0,7.286667,0.07598744,1587.4626,120.627235,532039.6808,5684522.9021,46.0
46.0,2014,121294.0,25.0,1237803.0,100.0,0.0,7.3425655,0.079860136,1678.7267,134.06334,532039.6808,5684522.9021,46.0
46.0,2015,121294.0,25.0,1237803.0,100.0,0.0,7.4771204,0.07538453,1920.5089,144.77664,532039.6808,5684522.9021,46.0
46.0,2016,121294.0,25.0,1237803.0,100.0,0.0,7.6017694,0.03740194,2175.4583,81.366356,532039.6808,5684522.9021,46.0
46.0,2017,121294.0,25.0,1237803.0,100.0,0.0,7.708002,0.042072825,2419.2854,101.78617,532039.6808,5684522.9021,46.0
46.0,2018,121294.0,25.0,1237803.0,100.0,0.0,7.7724423,0.011276984,2580.3167,29.098188,532039.6808,5684522.9021,46.0
46.0,2019,121294.0,25.0,1237803.0,100.0,0.0,7.7964416,0.021713737,2642.9912,57.389217,532039.6808,5684522.9021,46.0
46.0,2020,121294.0,25.0,1237803.0,100.0,0.0,7.927843,0.05276815,3014.1357,159.05035,532039.6808,5684522.9021,46.0
46.0,2021,121294.0,25.0,1237803.0,100.0,0.0,7.883174,0.00825003,2882.4597,23.780378,532039.6808,5684522.9021,46.0
46.0,2022,121294.0,25.0,1237803.0,100.0,0.0,7.997127,0.04711453,3230.3708,152.19739,532039.6808,5684522.9021,46.0
46.0,2023,121294.0,25.0,1237803.0,100.0,0.0,7.91518,0.042301554,2976.2087,125.89826,532039.6808,5684522.9021,46.0
46.0,2024,121294.0,25.0,1237803.0,100.0,0.0,7.8990145,0.06444066,2928.483,188.71338,532039.6808,5684522.9021,46.0
46.0,2025,121294.0,25.0,1237803.0,100.0,0.0,7.890748,0.038898606,2904.375,112.976135,532039.6808,5684522.9021,46.0
47.0,2007,53323.0,25.0,1940574.0,100.0,0.0,7.3767333,0.05972536,1722.9152,102.90172,546200.3879,5601444.3575,47.0
47.0,2008,53323.0,25.0,1940574.0,100.0,0.0,7.2633343,0.00095650664,1538.2086,1.4713068,546200.3879,5601444.3575,47.0
47.0,2009,53323.0,25.0,1940574.0,100.0,0.0,7.2715645,0.048689056,1550.9209,75.51288,546200.3879,5601444.3575,47.0
47.0,2010,53323.0,25.0,1940574.0,100.0,0.0,7.203818,0.028496997,1449.3312,41.30159,546200.3879,5601444.3575,47.0
47.0,2011,53323.0,25.0,1940574.0,100.0,0.0,7.2428017,0.04092744,1506.9476,61.67551,546200.3879,5601444.3575,47.0
47.0,2012,53323.0,25.0,1940574.0,100.0,0.0,7.3939166,0.05090609,1752.7759,89.22697,546200.3879,5601444.3575,47.0
47.0,2013,53323.0,25.0,1940574.0,100.0,0.0,7.3970327,0.0872458,1758.2465,153.39961,546200.3879,5601444.3575,47.0
47.0,2014,53323.0,25.0,1940574.0,100.0,0.0,7.3968534,0.04736519,1757.9318,83.26476,546200.3879,5601444.3575,47.0
47.0,2015,53323.0,25.0,1940574.0,100.0,0.0,7.5795445,0.0036614526,2110.2979,7.7267547,546200.3879,5601444.3575,47.0
47.0,2016,53323.0,25.0,1940574.0,100.0,0.0,7.5481496,0.04424486,2045.0741,90.48402,546200.3879,5601444.3575,47.0
47.0,2017,53323.0,25.0,1940574.0,100.0,0.0,7.5980983,0.07198556,2149.8167,154.75575,546200.3879,5601444.3575,47.0
47.0,2018,53323.0,25.0,1940574.0,100.0,0.0,7.7202916,0.07468244,2429.2344,181.42114,546200.3879,5601444.3575,47.0
47.0,2019,53323.0,25.0,1940574.0,100.0,0.0,7.936572,0.0005655923,3015.773,1.705698,546200.3879,5601444.3575,47.0
47.0,2020,53323.0,25.0,1940574.0,100.0,0.0,7.832816,0.052446567,2718.5547,142.57886,546200.3879,5601444.3575,47.0
47.0,2021,53323.0,25.0,1940574.0,100.0,0.0,7.9201393,0.004138693,2966.621,12.277935,546200.3879,5601444.3575,47.0
47.0,2022,53323.0,25.0,1940574.0,100.0,0.0,7.987566,0.07431836,3173.5488,235.85292,546200.3879,5601444.3575,47.0
47.0,2023,53323.0,25.0,1940574.0,100.0,0.0,7.9990506,0.038340345,3210.2056,123.0804,546200.3879,5601444.3575,47.0
47.0,2024,53323.0,25.0,1940574.0,100.0,0.0,8.059493,0.015486734,3410.223,52.813217,546200.3879,5601444.3575,47.0
47.0,2025,53323.0,25.0,1940574.0,100.0,0.0,8.035834,0.023098487,3330.488,76.92924,546200.3879,5601444.3575,47.0
48.0,2007,43173.0,25.0,1831451.0,100.0,0.0,6.9481077,0.022754127,1156.4445,26.313887,489024.4156,5679450.0277,48.0
48.0,2008,43173.0,25.0,1831451.0,100.0,0.0,6.709171,0.010640378,910.659,9.689755,489024.4156,5679450.0277,48.0
48.0,2009,43173.0,25.0,1831451.0,100.0,0.0,6.620602,0.0379394,833.47174,31.621418,489024.4156,5679450.0277,48.0
48.0,2010,43173.0,25.0,1831451.0,100.0,0.0,6.8730946,0.047181234,1072.8699,50.619324,489024.4156,5679450.0277,48.0
48.0,2011,43173.0,25.0,1831451.0,100.0,0.0,6.7582245,0.09579358,956.4438,91.62117,489024.4156,5679450.0277,48.0
48.0,2012,43173.0,25.0,1831451.0,100.0,0.0,6.8682246,0.0033518705,1067.6577,3.5786502,489024.4156,5679450.0277,48.0
48.0,2013,43173.0,25.0,1831451.0,100.0,0.0,6.838199,0.018879471,1036.0773,19.560593,489024.4156,5679450.0277,48.0
48.0,2014,43173.0,25.0,1831451.0,100.0,0.0,6.738025,0.06630747,937.3182,62.1512,489024.4156,5679450.0277,48.0
48.0,2015,43173.0,25.0,1831451.0,100.0,0.0,6.8042927,0.036750507,1001.5365,36.806973,489024.4156,5679450.0277,48.0
48.0,2016,43173.0,25.0,1831451.0,100.0,0.0,6.9125,0.07916089,1115.9905,88.342804,489024.4156,5679450.0277,48.0
48.0,2017,43173.0,25.0,1831451.0,100.0,0.0,6.747751,0.08173127,946.4792,77.35695,489024.4156,5679450.0277,48.0
48.0,2018,43173.0,25.0,1831451.0,100.0,0.0,6.6780047,0.14578874,882.71515,128.68993,489024.4156,5679450.0277,48.0
48.0,2019,43173.0,25.0,1831451.0,100.0,0.0,7.001686,0.1774563,1220.0947,216.51349,489024.4156,5679450.0277,48.0
48.0,2020,43173.0,25.0,1831451.0,100.0,0.0,7.005611,0.123206414,1224.8926,150.91463,489024.4156,5679450.0277,48.0
48.0,2021,43173.0,25.0,1831451.0,100.0,0.0,7.146501,0.006367074,1410.2169,8.978955,489024.4156,5679450.0277,48.0
48.0,2022,43173.0,25.0,1831451.0,100.0,0.0,7.4402037,0.101625666,1891.6437,192.23955,489024.4156,5679450.0277,48.0
48.0,2023,43173.0,25.0,1831451.0,100.0,0.0,7.3547497,0.025432372,1736.7096,44.168648,489024.4156,5679450.0277,48.0
48.0,2024,43173.0,25.0,1831451.0,100.0,0.0,7.3153906,0.07158822,1669.6816,119.52954,489024.4156,5679450.0277,48.0
48.0,2025,43173.0,25.0,1831451.0,100.0,0.0,7.571598,0.03516617,2157.2637,75.8627,489024.4156,5679450.0277,48.0
49.0,2007,202769.0,25.0,4173083.0,100.0,0.0,7.3942213,0.0042403406,1756.8964,7.449839,398939.708,5578345.4057,49.0
49.0,2008,202769.0,25.0,4173083.0,100.0,0.0,7.3865185,0.00095205626,1743.4153,1.6598295,398939.708,5578345.4057,49.0
49.0,2009,202769.0,25.0,4173083.0,100.0,0.0,7.3269367,0.022532124,1642.5736,37.010674,398939.708,5578345.4057,49.0
49.0,2010,202769.0,25.0,4173083.0,100.0,0.0,7.292799,0.02300524,1587.4456,36.519566,398939.708,5578345.4057,49.0
49.0,2011,202769.0,25.0,4173083.0,100.0,0.0,7.2879615,0.0064786854,1579.7849,10.234929,398939.708,5578345.4057,49.0
49.0,2012,202769.0,25.0,4173083.0,100.0,0.0,7.278694,0.020533724,1565.2126,32.139645,398939.708,5578345.4057,49.0
49.0,2013,202769.0,25.0,4173083.0,100.0,0.0,7.3394074,0.005887427,1663.1854,9.7918825,398939.708,5578345.4057,49.0
49.0,2014,202769.0,25.0,4173083.0,100.0,0.0,7.476461,0.012095146,1907.4902,23.071373,398939.708,5578345.4057,49.0
49.0,2015,202769.0,25.0,4173083.0,100.0,0.0,7.531566,0.016030977,2015.5524,32.311275,398939.708,5578345.4057,49.0
49.0,2016,202769.0,25.0,4173083.0,100.0,0.0,7.665612,0.017286304,2304.6748,39.83931,398939.708,5578345.4057,49.0
49.0,2017,202769.0,25.0,4173083.0,100.0,0.0,7.642037,0.044369783,2250.9775,99.87538,398939.708,5578345.4057,49.0
49.0,2018,202769.0,25.0,4173083.0,100.0,0.0,7.7695704,0.044133,2557.1611,112.8552,398939.708,5578345.4057,49.0
49.0,2019,202769.0,25.0,4173083.0,100.0,0.0,7.8871965,0.058178157,2876.3557,167.34108,398939.708,5578345.4057,49.0
49.0,2020,202769.0,25.0,4173083.0,100.0,0.0,7.94357,0.093312286,3043.1638,283.96457,398939.708,5578345.4057,49.0
49.0,2021,202769.0,25.0,4173083.0,100.0,0.0,8.079577,0.048440997,3486.5227,168.89064,398939.708,5578345.4057,49.0
49.0,2022,202769.0,25.0,4173083.0,100.0,0.0,8.04127,0.0544937,3355.4907,182.8531,398939.708,5578345.4057,49.0
49.0,2023,202769.0,25.0,4173083.0,100.0,0.0,8.011939,0.039754305,3258.498,129.53932,398939.708,5578345.4057,49.0
49.0,2024,202769.0,25.0,4173083.0,100.0,0.0,7.9722314,0.013944618,3131.6458,43.669605,398939.708,5578345.4057,49.0
49.0,2025,202769.0,25.0,4173083.0,100.0,0.0,7.9752846,0.008573639,3141.2217,26.931702,398939.708,5578345.4057,49.0
50.0,2007,211959.0,25.0,4944124.0,100.0,0.0,6.8993077,0.020462839,1067.4424,21.842901,401462.0813,5617277.1238,50.0
50.0,2008,211959.0,25.0,4944124.0,100.0,0.0,6.8388343,0.00021252227,1004.80316,0.21354304,401462.0813,5617277.1238,50.0
50.0,2009,211959.0,25.0,4944124.0,100.0,0.0,6.806662,0.021188492,972.9912,20.616217,401462.0813,5617277.1238,50.0
50.0,2010,211959.0,25.0,4944124.0,100.0,0.0,6.7916536,0.013334115,958.4971,12.78071,401462.0813,5617277.1238,50.0
50.0,2011,211959.0,25.0,4944124.0,100.0,0.0,6.798466,0.0008422592,965.0491,0.81282145,401462.0813,5617277.1238,50.0
50.0,2012,211959.0,25.0,4944124.0,100.0,0.0,6.757316,0.051883426,926.1433,48.05149,401462.0813,5617277.1238,50.0
50.0,2013,211959.0,25.0,4944124.0,100.0,0.0,6.7519617,0.019284649,921.19775,17.764975,401462.0813,5617277.1238,50.0
50.0,2014,211959.0,25.0,4944124.0,100.0,0.0,6.6790886,0.054299593,856.45483,46.50515,401462.0813,5617277.1238,50.0
50.0,2015,211959.0,25.0,4944124.0,100.0,0.0,6.7236886,0.04083154,895.51733,36.565353,401462.0813,5617277.1238,50.0
50.0,2016,211959.0,25.0,4944124.0,100.0,0.0,6.86463,0.0023837932,1031.0603,2.4578345,401462.0813,5617277.1238,50.0
50.0,2017,211959.0,25.0,4944124.0,100.0,0.0,6.8976126,0.0055165677,1065.6343,5.878644,401462.0813,5617277.1238,50.0
50.0,2018,211959.0,25.0,4944124.0,100.0,0.0,7.0626206,0.021109464,1256.8118,26.530624,401462.0813,5617277.1238,50.0
50.0,2019,211959.0,25.0,4944124.0,100.0,0.0,7.184574,0.020430896,1419.822,29.008238,401462.0813,5617277.1238,50.0
50.0,2020,211959.0,25.0,4944124.0,100.0,0.0,7.14971,0.0026838016,1371.1748,3.6799612,401462.0813,5617277.1238,50.0
50.0,2021,211959.0,25.0,4944124.0,100.0,0.0,7.391653,0.0088908905,1746.4941,15.527888,401462.0813,5617277.1238,50.0
50.0,2022,211959.0,25.0,4944124.0,100.0,0.0,7.6364894,0.042218875,2230.9934,94.19004,401462.0813,5617277.1238,50.0
50.0,2023,211959.0,25.0,4944124.0,100.0,0.0,7.7533665,0.060143024,2507.595,150.81435,401462.0813,5617277.1238,50.0
50.0,2024,211959.0,25.0,4944124.0,100.0,0.0,7.7829247,0.05151463,2582.8206,133.05304,401462.0813,5617277.1238,50.0
50.0,2025,211959.0,25.0,4944124.0,100.0,0.0,7.64129,0.031176906,2241.7302,69.89021,401462.0813,5617277.1238,50.0
51.0,2007,215715.0,25.0,4129576.0,100.0,0.0,7.2384057,0.029107997,1497.4637,43.588173,418624.471,5521164.7674,51.0
51.0,2008,215715.0,25.0,4129576.0,100.0,0.0,7.2773924,0.037099876,1556.9979,57.76443,418624.471,5521164.7674,51.0
51.0,2009,215715.0,25.0,4129576.0,100.0,0.0,7.2313056,0.007817198,1486.869,11.623149,418624.471,5521164.7674,51.0
51.0,2010,215715.0,25.0,4129576.0,100.0,0.0,7.2029853,0.027798634,1445.3516,40.1788,418624.471,5521164.7674,51.0
51.0,2011,215715.0,25.0,4129576.0,100.0,0.0,7.2593884,0.028223502,1529.2166,43.159847,418624.471,5521164.7674,51.0
51.0,2012,215715.0,25.0,4129576.0,100.0,0.0,7.2162976,0.050285622,1464.7208,73.6544,418624.471,5521164.7674,51.0
51.0,2013,215715.0,25.0,4129576.0,100.0,0.0,7.2090144,0.008732585,1454.0919,12.697982,418624.471,5521164.7674,51.0
51.0,2014,215715.0,25.0,4129576.0,100.0,0.0,7.1505294,0.041205276,1371.4885,56.512558,418624.471,5521164.7674,51.0
51.0,2015,215715.0,25.0,4129576.0,100.0,0.0,7.326391,0.048438236,1635.1891,79.20567,418624.471,5521164.7674,51.0
51.0,2016,215715.0,25.0,4129576.0,100.0,0.0,7.4268527,0.076186694,1807.9972,137.74533,418624.471,5521164.7674,51.0
51.0,2017,215715.0,25.0,4129576.0,100.0,0.0,7.494496,0.0579114,1934.5273,112.03119,418624.471,5521164.7674,51.0
51.0,2018,215715.0,25.0,4129576.0,100.0,0.0,7.529869,0.058985908,2004.182,118.21849,418624.471,5521164.7674,51.0
51.0,2019,215715.0,25.0,4129576.0,100.0,0.0,7.6662836,0.02438791,2297.1077,56.021652,418624.471,5521164.7674,51.0
51.0,2020,215715.0,25.0,4129576.0,100.0,0.0,7.7355604,0.03910896,2461.885,96.28177,418624.471,5521164.7674,51.0
51.0,2021,215715.0,25.0,4129576.0,100.0,0.0,7.852761,0.06557708,2768.008,181.5179,418624.471,5521164.7674,51.0
51.0,2022,215715.0,25.0,4129576.0,100.0,0.0,7.9894614,0.025024248,3173.4788,79.41392,418624.471,5521164.7674,51.0
51.0,2023,215715.0,25.0,4129576.0,100.0,0.0,7.9836316,0.026868433,3155.032,84.77076,418624.471,5521164.7674,51.0
51.0,2024,215715.0,25.0,4129576.0,100.0,0.0,8.0412855,0.0028693918,3342.2788,9.590307,418624.471,5521164.7674,51.0
51.0,2025,215715.0,25.0,4129576.0,100.0,0.0,8.042521,0.0037969644,3346.411,12.706203,418624.471,5521164.7674,51.0
54.0,2007,121090.0,25.0,1319611.0,100.0,0.0,7.5117245,0.0039247153,1959.7849,7.691598,331124.8875,5514910.1192,54.0
54.0,2008,121090.0,25.0,1319611.0,100.0,0.0,7.500063,0.009059957,1937.064,17.549717,331124.8875,5514910.1192,54.0
54.0,2009,121090.0,25.0,1319611.0,100.0,0.0,7.587406,0.011126604,2113.8623,23.520107,331124.8875,5514910.1192,54.0
54.0,2010,121090.0,25.0,1319611.0,100.0,0.0,7.6170316,0.0054543847,2177.4224,11.876499,331124.8875,5514910.1192,54.0
54.0,2011,121090.0,25.0,1319611.0,100.0,0.0,7.629844,0.005136432,2205.5007,11.328404,331124.8875,5514910.1192,54.0
54.0,2012,121090.0,25.0,1319611.0,100.0,0.0,7.7308264,0.04654759,2439.8506,113.56917,331124.8875,5514910.1192,54.0
54.0,2013,121090.0,25.0,1319611.0,100.0,0.0,7.77857,0.045844726,2559.1638,117.324165,331124.8875,5514910.1192,54.0
54.0,2014,121090.0,25.0,1319611.0,100.0,0.0,7.6740394,0.055352427,2305.1587,127.59613,331124.8875,5514910.1192,54.0
54.0,2015,121090.0,25.0,1319611.0,100.0,0.0,7.6829157,0.042729948,2325.7114,99.377525,331124.8875,5514910.1192,54.0
54.0,2016,121090.0,25.0,1319611.0,100.0,0.0,7.8086324,0.042708024,2637.2656,112.63241,331124.8875,5514910.1192,54.0
54.0,2017,121090.0,25.0,1319611.0,100.0,0.0,7.8668327,0.05603432,2795.3098,156.63329,331124.8875,5514910.1192,54.0
54.0,2018,121090.0,25.0,1319611.0,100.0,0.0,7.8394876,0.06691691,2719.908,182.00784,331124.8875,5514910.1192,54.0
54.0,2019,121090.0,25.0,1319611.0,100.0,0.0,7.9251556,0.048503663,2963.1892,143.72554,331124.8875,5514910.1192,54.0
54.0,2020,121090.0,25.0,1319611.0,100.0,0.0,8.070157,0.0053409645,3425.5676,18.295835,331124.8875,5514910.1192,54.0
54.0,2021,121090.0,25.0,1319611.0,100.0,0.0,8.098072,0.012266978,3522.54,43.210922,331124.8875,5514910.1192,54.0
54.0,2022,121090.0,25.0,1319611.0,100.0,0.0,8.127024,0.018958783,3626.013,68.74479,331124.8875,5514910.1192,54.0
54.0,2023,121090.0,25.0,1319611.0,100.0,0.0,8.074109,0.013555537,3439.1318,46.619278,331124.8875,5514910.1192,54.0
54.0,2024,121090.0,25.0,1319611.0,100.0,0.0,8.110702,0.009649352,3567.3105,34.422234,331124.8875,5514910.1192,54.0
54.0,2025,121090.0,25.0,1319611.0,100.0,0.0,8.084431,0.03294627,3474.8132,114.48213,331124.8875,5514910.1192,54.0
52.0,2007,72962.0,25.0,1601647.0,100.0,0.0,7.17109,0.0520181,1416.0785,73.661705,323156.8357,5538666.9003,52.0
52.0,2008,72962.0,25.0,1601647.0,100.0,0.0,7.070925,0.0922189,1281.1091,118.14248,323156.8357,5538666.9003,52.0
52.0,2009,72962.0,25.0,1601647.0,100.0,0.0,7.167881,0.08406889,1411.5414,118.66672,323156.8357,5538666.9003,52.0
52.0,2010,72962.0,25.0,1601647.0,100.0,0.0,6.921257,0.10855376,1103.0272,119.73775,323156.8357,5538666.9003,52.0
52.0,2011,72962.0,25.0,1601647.0,100.0,0.0,7.061695,0.17740683,1269.3392,225.18945,323156.8357,5538666.9003,52.0
52.0,2012,72962.0,25.0,1601647.0,100.0,0.0,6.9475565,0.14179856,1132.4208,160.57564,323156.8357,5538666.9003,52.0
52.0,2013,72962.0,25.0,1601647.0,100.0,0.0,7.016853,0.15591161,1213.6763,189.22621,323156.8357,5538666.9003,52.0
52.0,2014,72962.0,25.0,1601647.0,100.0,0.0,6.976458,0.15469536,1165.6271,180.31711,323156.8357,5538666.9003,52.0
52.0,2015,72962.0,25.0,1601647.0,100.0,0.0,7.18621,0.08788729,1437.6522,126.35135,323156.8357,5538666.9003,52.0
52.0,2016,72962.0,25.0,1601647.0,100.0,0.0,7.2827735,0.09651874,1583.4005,152.82782,323156.8357,5538666.9003,52.0
52.0,2017,72962.0,25.0,1601647.0,100.0,0.0,7.208064,0.16230981,1469.4165,238.50072,323156.8357,5538666.9003,52.0
52.0,2018,72962.0,25.0,1601647.0,100.0,0.0,7.134269,0.1773752,1364.8854,242.0968,323156.8357,5538666.9003,52.0
52.0,2019,72962.0,25.0,1601647.0,100.0,0.0,7.230963,0.19752926,1503.4529,296.97595,323156.8357,5538666.9003,52.0
52.0,2020,72962.0,25.0,1601647.0,100.0,0.0,7.3598866,0.16850017,1710.3324,288.19128,323156.8357,5538666.9003,52.0
52.0,2021,72962.0,25.0,1601647.0,100.0,0.0,7.4961324,0.09043997,1959.9781,177.26036,323156.8357,5538666.9003,52.0
52.0,2022,72962.0,25.0,1601647.0,100.0,0.0,7.7588735,0.0017972296,2548.9326,4.581017,323156.8357,5538666.9003,52.0
52.0,2023,72962.0,25.0,1601647.0,100.0,0.0,7.8546023,0.060254548,2804.9998,169.01399,323156.8357,5538666.9003,52.0
52.0,2024,72962.0,25.0,1601647.0,100.0,0.0,7.8444715,0.039682504,2776.726,110.18744,323156.8357,5538666.9003,52.0
52.0,2025,72962.0,25.0,1601647.0,100.0,0.0,7.8592596,0.0921608,2818.0933,259.71774,323156.8357,5538666.9003,52.0
53.0,2007,81205.0,25.0,2637007.0,100.0,0.0,6.905829,0.009058534,1088.1724,9.857247,345441.4157,5560361.9854,53.0
53.0,2008,81205.0,25.0,2637007.0,100.0,0.0,6.8892884,0.015796212,1070.3214,16.907024,345441.4157,5560361.9854,53.0
53.0,2009,81205.0,25.0,2637007.0,100.0,0.0,6.9180784,0.022589361,1101.5839,24.884077,345441.4157,5560361.9854,53.0
53.0,2010,81205.0,25.0,2637007.0,100.0,0.0,6.858014,0.088807985,1037.3658,92.12637,345441.4157,5560361.9854,53.0
53.0,2011,81205.0,25.0,2637007.0,100.0,0.0,6.7656507,0.007691509,945.84265,7.2749577,345441.4157,5560361.9854,53.0
53.0,2012,81205.0,25.0,2637007.0,100.0,0.0,6.931625,0.11042613,1116.6078,123.30267,345441.4157,5560361.9854,53.0
53.0,2013,81205.0,25.0,2637007.0,100.0,0.0,6.901382,0.022202902,1083.3439,24.053375,345441.4157,5560361.9854,53.0
53.0,2014,81205.0,25.0,2637007.0,100.0,0.0,6.956826,0.05563413,1145.1053,63.706936,345441.4157,5560361.9854,53.0
53.0,2015,81205.0,25.0,2637007.0,100.0,0.0,7.1483145,0.015458081,1386.7803,21.43696,345441.4157,5560361.9854,53.0
53.0,2016,81205.0,25.0,2637007.0,100.0,0.0,7.2845626,0.0013425318,1589.2035,2.1335561,345441.4157,5560361.9854,53.0
53.0,2017,81205.0,25.0,2637007.0,100.0,0.0,7.192879,0.021775369,1449.9795,31.573837,345441.4157,5560361.9854,53.0
53.0,2018,81205.0,25.0,2637007.0,100.0,0.0,7.1266904,0.069178395,1357.1143,93.88298,345441.4157,5560361.9854,53.0
53.0,2019,81205.0,25.0,2637007.0,100.0,0.0,7.0612183,0.07970093,1271.1077,101.308464,345441.4157,5560361.9854,53.0
53.0,2020,81205.0,25.0,2637007.0,100.0,0.0,7.313533,0.0148055935,1635.9163,24.220713,345441.4157,5560361.9854,53.0
53.0,2021,81205.0,25.0,2637007.0,100.0,0.0,7.449585,0.02638826,1874.3374,49.460503,345441.4157,5560361.9854,53.0
53.0,2022,81205.0,25.0,2637007.0,100.0,0.0,7.58982,0.03644505,2156.5078,78.59404,345441.4157,5560361.9854,53.0
53.0,2023,81205.0,25.0,2637007.0,100.0,0.0,7.4688506,0.02544179,1910.798,48.61412,345441.4157,5560361.9854,53.0
53.0,2024,81205.0,25.0,2637007.0,100.0,0.0,7.6320558,0.026403654,2249.541,59.396107,345441.4157,5560361.9854,53.0
53.0,2025,81205.0,25.0,2637007.0,100.0,0.0,7.600578,0.042128645,2179.8333,91.83341,345441.4157,5560361.9854,53.0
55.0,2007,178373.0,25.0,3356280.0,100.0,0.0,7.235576,0.024050457,1498.0931,36.029823,410142.7377,5476313.8371,55.0
55.0,2008,178373.0,25.0,3356280.0,100.0,0.0,7.25134,0.009224197,1521.8961,14.03827,410142.7377,5476313.8371,55.0
55.0,2009,178373.0,25.0,3356280.0,100.0,0.0,7.2917786,0.036095362,1584.701,57.20036,410142.7377,5476313.8371,55.0
55.0,2010,178373.0,25.0,3356280.0,100.0,0.0,7.264731,0.019659251,1542.413,30.322681,410142.7377,5476313.8371,55.0
55.0,2011,178373.0,25.0,3356280.0,100.0,0.0,7.2137194,0.021303866,1465.7052,31.22519,410142.7377,5476313.8371,55.0
55.0,2012,178373.0,25.0,3356280.0,100.0,0.0,7.245684,0.051387787,1513.3127,77.76579,410142.7377,5476313.8371,55.0
55.0,2013,178373.0,25.0,3356280.0,100.0,0.0,7.29652,0.027828598,1592.2328,44.309605,410142.7377,5476313.8371,55.0
55.0,2014,178373.0,25.0,3356280.0,100.0,0.0,7.2833276,0.0036862094,1571.3655,5.792382,410142.7377,5476313.8371,55.0
55.0,2015,178373.0,25.0,3356280.0,100.0,0.0,7.30959,0.019115906,1613.1796,30.837389,410142.7377,5476313.8371,55.0
55.0,2016,178373.0,25.0,3356280.0,100.0,0.0,7.317323,0.012050493,1625.703,19.59052,410142.7377,5476313.8371,55.0
55.0,2017,178373.0,25.0,3356280.0,100.0,0.0,7.391457,0.024362493,1750.8026,42.653915,410142.7377,5476313.8371,55.0
55.0,2018,178373.0,25.0,3356280.0,100.0,0.0,7.366011,0.056099314,1706.8137,95.75108,410142.7377,5476313.8371,55.0
55.0,2019,178373.0,25.0,3356280.0,100.0,0.0,7.4538116,0.12730193,1863.4486,237.2206,410142.7377,5476313.8371,55.0
55.0,2020,178373.0,25.0,3356280.0,100.0,0.0,7.582166,0.072595574,2118.659,153.80527,410142.7377,5476313.8371,55.0
55.0,2021,178373.0,25.0,3356280.0,100.0,0.0,7.7579203,0.071736135,2525.7478,181.1874,410142.7377,5476313.8371,55.0
55.0,2022,178373.0,25.0,3356280.0,100.0,0.0,7.864669,0.047992166,2810.285,134.87166,410142.7377,5476313.8371,55.0
55.0,2023,178373.0,25.0,3356280.0,100.0,0.0,7.8320756,0.026445797,2720.165,71.93693,410142.7377,5476313.8371,55.0
55.0,2024,178373.0,25.0,3356280.0,100.0,0.0,7.808606,0.018457942,2657.0686,49.044018,410142.7377,5476313.8371,55.0
55.0,2025,178373.0,25.0,3356280.0,100.0,0.0,7.898677,0.057049584,2907.5017,165.87177,410142.7377,5476313.8371,55.0
56.0,2007,192266.0,25.0,3702834.0,100.0,0.0,7.3556886,0.0075222948,1664.5856,12.521503,435159.2201,5449650.4659,56.0
56.0,2008,192266.0,25.0,3702834.0,100.0,0.0,7.379876,0.008228361,1705.3389,14.032144,435159.2201,5449650.4659,56.0
56.0,2009,192266.0,25.0,3702834.0,100.0,0.0,7.237375,0.017289538,1478.8463,25.56857,435159.2201,5449650.4659,56.0
56.0,2010,192266.0,25.0,3702834.0,100.0,0.0,7.244585,0.0355169,1489.5475,52.90411,435159.2201,5449650.4659,56.0
56.0,2011,192266.0,25.0,3702834.0,100.0,0.0,7.2785993,0.0057920674,1541.0851,8.926068,435159.2201,5449650.4659,56.0
56.0,2012,192266.0,25.0,3702834.0,100.0,0.0,7.302255,0.008082662,1577.9755,12.754242,435159.2201,5449650.4659,56.0
56.0,2013,192266.0,25.0,3702834.0,100.0,0.0,7.411964,0.062538065,1760.9463,110.126175,435159.2201,5449650.4659,56.0
56.0,2014,192266.0,25.0,3702834.0,100.0,0.0,7.4126987,0.10133821,1762.2407,178.5823,435159.2201,5449650.4659,56.0
56.0,2015,192266.0,25.0,3702834.0,100.0,0.0,7.531744,0.0591562,1985.0254,117.42656,435159.2201,5449650.4659,56.0
56.0,2016,192266.0,25.0,3702834.0,100.0,0.0,7.5995474,0.010782738,2124.2844,22.905603,435159.2201,5449650.4659,56.0
56.0,2017,192266.0,25.0,3702834.0,100.0,0.0,7.6430564,0.04772855,2218.7505,105.897736,435159.2201,5449650.4659,56.0
56.0,2018,192266.0,25.0,3702834.0,100.0,0.0,7.731505,0.049049303,2423.936,118.89237,435159.2201,5449650.4659,56.0
56.0,2019,192266.0,25.0,3702834.0,100.0,0.0,7.892216,0.029706426,2846.5386,84.56049,435159.2201,5449650.4659,56.0
56.0,2020,192266.0,25.0,3702834.0,100.0,0.0,7.963325,0.020128183,3056.3225,61.51822,435159.2201,5449650.4659,56.0
56.0,2021,192266.0,25.0,3702834.0,100.0,0.0,8.087115,0.0054881615,3459.082,18.984001,435159.2201,5449650.4659,56.0
56.0,2022,192266.0,25.0,3702834.0,100.0,0.0,8.122445,0.061393052,3583.4739,220.00041,435159.2201,5449650.4659,56.0
56.0,2023,192266.0,25.0,3702834.0,100.0,0.0,8.046582,0.0013710875,3321.6772,4.5543103,435159.2201,5449650.4659,56.0
56.0,2024,192266.0,25.0,3702834.0,100.0,0.0,7.9860287,0.010042903,3126.5073,31.399208,435159.2201,5449650.4659,56.0
56.0,2025,192266.0,25.0,3702834.0,100.0,0.0,7.9880757,0.0126255965,3132.9126,39.55489,435159.2201,5449650.4659,56.0
59.0,2007,785999.0,25.0,3403826.0,100.0,0.0,7.834653,0.03666427,2642.4917,96.88503,512641.7723,5402409.2955,59.0
59.0,2008,785999.0,25.0,3403826.0,100.0,0.0,7.8495626,0.035544,2682.1858,95.33562,512641.7723,5402409.2955,59.0
59.0,2009,785999.0,25.0,3403826.0,100.0,0.0,7.800234,0.019637674,2553.088,50.13671,512641.7723,5402409.2955,59.0
59.0,2010,785999.0,25.0,3403826.0,100.0,0.0,7.844573,0.034748696,2668.8367,92.738594,512641.7723,5402409.2955,59.0
59.0,2011,785999.0,25.0,3403826.0,100.0,0.0,7.825716,0.037352018,2618.9817,97.82426,512641.7723,5402409.2955,59.0
59.0,2012,785999.0,25.0,3403826.0,100.0,0.0,7.927343,0.041833073,2899.1348,121.27972,512641.7723,5402409.2955,59.0
59.0,2013,785999.0,25.0,3403826.0,100.0,0.0,8.029181,0.048615325,3209.932,156.05188,512641.7723,5402409.2955,59.0
59.0,2014,785999.0,25.0,3403826.0,100.0,0.0,8.127564,0.052204773,3541.7957,184.89865,512641.7723,5402409.2955,59.0
59.0,2015,785999.0,25.0,3403826.0,100.0,0.0,8.214756,0.038494274,3864.474,148.76013,512641.7723,5402409.2955,59.0
59.0,2016,785999.0,25.0,3403826.0,100.0,0.0,8.351952,0.049251717,4432.7554,218.32083,512641.7723,5402409.2955,59.0
59.0,2017,785999.0,25.0,3403826.0,100.0,0.0,8.435352,0.029136864,4818.303,140.39024,512641.7723,5402409.2955,59.0
59.0,2018,785999.0,25.0,3403826.0,100.0,0.0,8.516478,0.03476281,5225.483,181.65247,512641.7723,5402409.2955,59.0
59.0,2019,785999.0,25.0,3403826.0,100.0,0.0,8.576408,0.040190566,5548.2236,222.98625,512641.7723,5402409.2955,59.0
59.0,2020,785999.0,25.0,3403826.0,100.0,0.0,8.675437,0.03785421,6125.781,231.8866,512641.7723,5402409.2955,59.0
59.0,2021,785999.0,25.0,3403826.0,100.0,0.0,8.771647,0.0135136,6744.4326,91.14156,512641.7723,5402409.2955,59.0
59.0,2022,785999.0,25.0,3403826.0,100.0,0.0,8.770124,0.026759006,6734.1655,180.19957,512641.7723,5402409.2955,59.0
59.0,2023,785999.0,25.0,3403826.0,100.0,0.0,8.647918,0.02265791,5959.503,135.02988,512641.7723,5402409.2955,59.0
59.0,2024,785999.0,25.0,3403826.0,100.0,0.0,8.615687,0.0332274,5770.4873,191.7383,512641.7723,5402409.2955,59.0
59.0,2025,785999.0,25.0,3403826.0,100.0,0.0,8.619805,0.031936806,5794.3027,185.05153,512641.7723,5402409.2955,59.0
60.0,2007,630403.0,25.0,3427989.0,100.0,0.0,7.8137345,0.03635721,2606.5664,94.76748,500299.8749,5395472.9688,60.0
60.0,2008,630403.0,25.0,3427989.0,100.0,0.0,7.8672547,0.04249949,2749.8704,116.868095,500299.8749,5395472.9688,60.0
60.0,2009,630403.0,25.0,3427989.0,100.0,0.0,7.804238,0.040537618,2581.929,104.66525,500299.8749,5395472.9688,60.0
60.0,2010,630403.0,25.0,3427989.0,100.0,0.0,7.808456,0.073981486,2592.8438,191.82243,500299.8749,5395472.9688,60.0
60.0,2011,630403.0,25.0,3427989.0,100.0,0.0,7.757509,0.041568734,2464.0554,102.427666,500299.8749,5395472.9688,60.0
60.0,2012,630403.0,25.0,3427989.0,100.0,0.0,7.814232,0.07340509,2607.8625,191.43037,500299.8749,5395472.9688,60.0
60.0,2013,630403.0,25.0,3427989.0,100.0,0.0,7.878073,0.064013585,2779.7812,177.94376,500299.8749,5395472.9688,60.0
60.0,2014,630403.0,25.0,3427989.0,100.0,0.0,7.9979215,0.12633877,3133.719,395.9102,500299.8749,5395472.9688,60.0
60.0,2015,630403.0,25.0,3427989.0,100.0,0.0,8.0854845,0.13537309,3420.49,463.0423,500299.8749,5395472.9688,60.0
60.0,2016,630403.0,25.0,3427989.0,100.0,0.0,8.203111,0.1444943,3847.449,555.93445,500299.8749,5395472.9688,60.0
60.0,2017,630403.0,25.0,3427989.0,100.0,0.0,8.307375,0.1382159,4270.258,590.2176,500299.8749,5395472.9688,60.0
60.0,2018,630403.0,25.0,3427989.0,100.0,0.0,8.351801,0.12244793,4464.244,546.63745,500299.8749,5395472.9688,60.0
60.0,2019,630403.0,25.0,3427989.0,100.0,0.0,8.418538,0.10576875,4772.341,504.7645,500299.8749,5395472.9688,60.0
60.0,2020,630403.0,25.0,3427989.0,100.0,0.0,8.559609,0.08755804,5495.387,481.16534,500299.8749,5395472.9688,60.0
60.0,2021,630403.0,25.0,3427989.0,100.0,0.0,8.639664,0.06372969,5953.405,379.40866,500299.8749,5395472.9688,60.0
60.0,2022,630403.0,25.0,3427989.0,100.0,0.0,8.683253,0.0932595,6218.6494,579.9481,500299.8749,5395472.9688,60.0
60.0,2023,630403.0,25.0,3427989.0,100.0,0.0,8.579803,0.04860038,5607.4854,272.52594,500299.8749,5395472.9688,60.0
60.0,2024,630403.0,25.0,3427989.0,100.0,0.0,8.524519,0.07332241,5305.894,389.04092,500299.8749,5395472.9688,60.0
60.0,2025,630403.0,25.0,3427989.0,100.0,0.0,8.548797,0.060128942,5436.2827,326.8779,500299.8749,5395472.9688,60.0
61.0,2007,273123.0,25.0,2882477.0,100.0,0.0,7.509836,0.044263896,1912.985,84.67616,549069.569,5395845.2913,61.0
61.0,2008,273123.0,25.0,2882477.0,100.0,0.0,7.513207,0.03833504,1919.4441,73.58196,549069.569,5395845.2913,61.0
61.0,2009,273123.0,25.0,2882477.0,100.0,0.0,7.4070115,0.0030711421,1726.0582,5.30097,549069.569,5395845.2913,61.0
61.0,2010,273123.0,25.0,2882477.0,100.0,0.0,7.3925967,0.0075110467,1701.3555,12.77896,549069.569,5395845.2913,61.0
61.0,2011,273123.0,25.0,2882477.0,100.0,0.0,7.348885,0.0076169153,1628.5885,12.404821,549069.569,5395845.2913,61.0
61.0,2012,273123.0,25.0,2882477.0,100.0,0.0,7.3860426,0.018518968,1690.2412,31.301521,549069.569,5395845.2913,61.0
61.0,2013,273123.0,25.0,2882477.0,100.0,0.0,7.4461913,0.028453799,1795.027,51.075336,549069.569,5395845.2913,61.0
61.0,2014,273123.0,25.0,2882477.0,100.0,0.0,7.521031,0.0530942,1934.5204,102.711815,549069.569,5395845.2913,61.0
61.0,2015,273123.0,25.0,2882477.0,100.0,0.0,7.6014967,0.05297975,2096.6174,111.07826,549069.569,5395845.2913,61.0
61.0,2016,273123.0,25.0,2882477.0,100.0,0.0,7.7195477,0.041190322,2359.3271,97.18144,549069.569,5395845.2913,61.0
61.0,2017,273123.0,25.0,2882477.0,100.0,0.0,7.7888823,0.0187432,2528.714,47.3962,549069.569,5395845.2913,61.0
61.0,2018,273123.0,25.0,2882477.0,100.0,0.0,7.8645163,0.03598252,2727.3894,98.13834,549069.569,5395845.2913,61.0
61.0,2019,273123.0,25.0,2882477.0,100.0,0.0,7.9686565,0.065048575,3026.7378,196.88498,549069.569,5395845.2913,61.0
61.0,2020,273123.0,25.0,2882477.0,100.0,0.0,8.052409,0.05446295,3291.1526,179.24588,549069.569,5395845.2913,61.0
61.0,2021,273123.0,25.0,2882477.0,100.0,0.0,8.163271,0.03205398,3677.008,117.86275,549069.569,5395845.2913,61.0
61.0,2022,273123.0,25.0,2882477.0,100.0,0.0,8.230627,0.0070986934,3933.2102,27.920652,549069.569,5395845.2913,61.0
61.0,2023,273123.0,25.0,2882477.0,100.0,0.0,8.194892,0.013158083,3795.1365,49.936718,549069.569,5395845.2913,61.0
61.0,2024,273123.0,25.0,2882477.0,100.0,0.0,8.100352,0.054355096,3452.783,187.67635,549069.569,5395845.2913,61.0
61.0,2025,273123.0,25.0,2882477.0,100.0,0.0,8.112328,0.05213408,3494.3804,182.17632,549069.569,5395845.2913,61.0
62.0,2007,289873.0,25.0,3654031.0,100.0,0.0,7.4365063,0.00063041865,1786.0497,1.125959,513298.7786,5444447.8138,62.0
62.0,2008,289873.0,25.0,3654031.0,100.0,0.0,7.4306917,0.017322738,1775.6951,30.759901,513298.7786,5444447.8138,62.0
62.0,2009,289873.0,25.0,3654031.0,100.0,0.0,7.358454,0.000574352,1651.947,0.9487991,513298.7786,5444447.8138,62.0
62.0,2010,289873.0,25.0,3654031.0,100.0,0.0,7.3365073,0.0003469634,1616.0865,0.5607229,513298.7786,5444447.8138,62.0
62.0,2011,289873.0,25.0,3654031.0,100.0,0.0,7.352659,0.0037306307,1642.4016,6.127194,513298.7786,5444447.8138,62.0
62.0,2012,289873.0,25.0,3654031.0,100.0,0.0,7.417639,0.0006825086,1752.6676,1.1962106,513298.7786,5444447.8138,62.0
62.0,2013,289873.0,25.0,3654031.0,100.0,0.0,7.4572554,0.039989773,1823.4956,72.92117,513298.7786,5444447.8138,62.0
62.0,2014,289873.0,25.0,3654031.0,100.0,0.0,7.4881253,0.058160912,1880.6653,109.38121,513298.7786,5444447.8138,62.0
62.0,2015,289873.0,25.0,3654031.0,100.0,0.0,7.604271,0.06678447,2112.2869,141.06796,513298.7786,5444447.8138,62.0
62.0,2016,289873.0,25.0,3654031.0,100.0,0.0,7.7634087,0.07224764,2476.6543,178.93242,513298.7786,5444447.8138,62.0
62.0,2017,289873.0,25.0,3654031.0,100.0,0.0,7.830764,0.11270407,2649.2163,298.57745,513298.7786,5444447.8138,62.0
62.0,2018,289873.0,25.0,3654031.0,100.0,0.0,7.940546,0.07215223,2956.619,213.32664,513298.7786,5444447.8138,62.0
62.0,2019,289873.0,25.0,3654031.0,100.0,0.0,8.063504,0.05305146,3343.4539,177.3751,513298.7786,5444447.8138,62.0
62.0,2020,289873.0,25.0,3654031.0,100.0,0.0,8.181699,0.023274317,3762.9343,87.57973,513298.7786,5444447.8138,62.0
62.0,2021,289873.0,25.0,3654031.0,100.0,0.0,8.291132,0.02770624,4198.099,116.31354,513298.7786,5444447.8138,62.0
62.0,2022,289873.0,25.0,3654031.0,100.0,0.0,8.316096,0.02796352,4304.2227,120.36121,513298.7786,5444447.8138,62.0
62.0,2023,289873.0,25.0,3654031.0,100.0,0.0,8.226472,0.021308098,3935.2407,83.85249,513298.7786,5444447.8138,62.0
62.0,2024,289873.0,25.0,3654031.0,100.0,0.0,8.204957,0.026009476,3851.4802,100.17498,513298.7786,5444447.8138,62.0
62.0,2025,289873.0,25.0,3654031.0,100.0,0.0,8.236973,0.01229977,3976.7815,48.913494,513298.7786,5444447.8138,62.0
63.0,2007,105694.0,25.0,2942617.0,100.0,0.0,7.223063,0.05158028,1452.2994,74.91002,553073.9529,5437424.8917,63.0
63.0,2008,105694.0,25.0,2942617.0,100.0,0.0,7.2832637,0.012085337,1542.4137,18.64059,553073.9529,5437424.8917,63.0
63.0,2009,105694.0,25.0,2942617.0,100.0,0.0,7.173523,0.020550992,1382.1056,28.40364,553073.9529,5437424.8917,63.0
63.0,2010,105694.0,25.0,2942617.0,100.0,0.0,7.254601,0.031189023,1498.8313,46.747086,553073.9529,5437424.8917,63.0
63.0,2011,105694.0,25.0,2942617.0,100.0,0.0,7.2734275,0.07633578,1527.3164,116.58889,553073.9529,5437424.8917,63.0
63.0,2012,105694.0,25.0,2942617.0,100.0,0.0,7.2894444,0.06434897,1551.9769,99.868126,553073.9529,5437424.8917,63.0
63.0,2013,105694.0,25.0,2942617.0,100.0,0.0,7.3479857,0.10977281,1645.5432,180.63591,553073.9529,5437424.8917,63.0
63.0,2014,105694.0,25.0,2942617.0,100.0,0.0,7.392934,0.10399379,1721.1946,178.99356,553073.9529,5437424.8917,63.0
63.0,2015,105694.0,25.0,2942617.0,100.0,0.0,7.415397,0.1475178,1760.2966,259.67508,553073.9529,5437424.8917,63.0
63.0,2016,105694.0,25.0,2942617.0,100.0,0.0,7.5571513,0.093480006,2028.3776,189.61275,553073.9529,5437424.8917,63.0
63.0,2017,105694.0,25.0,2942617.0,100.0,0.0,7.6364927,0.059358373,2195.8682,130.34315,553073.9529,5437424.8917,63.0
63.0,2018,105694.0,25.0,2942617.0,100.0,0.0,7.6816587,0.057604946,2297.321,132.33707,553073.9529,5437424.8917,63.0
63.0,2019,105694.0,25.0,2942617.0,100.0,0.0,7.779116,0.07876142,2532.4854,199.46214,553073.9529,5437424.8917,63.0
63.0,2020,105694.0,25.0,2942617.0,100.0,0.0,7.875598,0.06345842,2788.999,176.98546,553073.9529,5437424.8917,63.0
63.0,2021,105694.0,25.0,2942617.0,100.0,0.0,7.901917,0.09203764,2863.378,263.53854,553073.9529,5437424.8917,63.0
63.0,2022,105694.0,25.0,2942617.0,100.0,0.0,8.081288,0.067025036,3425.9314,229.62317,553073.9529,5437424.8917,63.0
63.0,2023,105694.0,25.0,2942617.0,100.0,0.0,7.9901004,0.07177791,3127.3477,224.47449,553073.9529,5437424.8917,63.0
63.0,2024,105694.0,25.0,2942617.0,100.0,0.0,7.887255,0.040077128,2821.7017,113.0857,553073.9529,5437424.8917,63.0
63.0,2025,105694.0,25.0,2942617.0,100.0,0.0,7.9432864,0.066029675,2984.3179,197.05353,553073.9529,5437424.8917,63.0
64.0,2007,108690.0,25.0,2699493.0,100.0,0.0,7.354247,0.010627272,1654.8215,17.586239,582220.1737,5411102.888,64.0
64.0,2008,108690.0,25.0,2699493.0,100.0,0.0,7.3800015,0.016356854,1697.9939,27.773836,582220.1737,5411102.888,64.0
64.0,2009,108690.0,25.0,2699493.0,100.0,0.0,7.2905784,0.01992682,1552.7449,30.941267,582220.1737,5411102.888,64.0
64.0,2010,108690.0,25.0,2699493.0,100.0,0.0,7.281754,0.001859404,1539.1035,2.8618152,582220.1737,5411102.888,64.0
64.0,2011,108690.0,25.0,2699493.0,100.0,0.0,7.2445097,0.022354838,1482.8351,33.148537,582220.1737,5411102.888,64.0
64.0,2012,108690.0,25.0,2699493.0,100.0,0.0,7.3031163,0.018135704,1572.3358,28.515417,582220.1737,5411102.888,64.0
64.0,2013,108690.0,25.0,2699493.0,100.0,0.0,7.3425565,0.041168228,1635.5884,67.334274,582220.1737,5411102.888,64.0
64.0,2014,108690.0,25.0,2699493.0,100.0,0.0,7.4119544,0.07938463,1753.1259,139.17125,582220.1737,5411102.888,64.0
64.0,2015,108690.0,25.0,2699493.0,100.0,0.0,7.5098104,0.0699777,1933.3542,135.29169,582220.1737,5411102.888,64.0
64.0,2016,108690.0,25.0,2699493.0,100.0,0.0,7.636149,0.0742215,2193.7112,162.82054,582220.1737,5411102.888,64.0
64.0,2017,108690.0,25.0,2699493.0,100.0,0.0,7.7073836,0.079150364,2355.6807,186.45297,582220.1737,5411102.888,64.0
64.0,2018,108690.0,25.0,2699493.0,100.0,0.0,7.7629995,0.05448993,2490.405,135.70201,582220.1737,5411102.888,64.0
64.0,2019,108690.0,25.0,2699493.0,100.0,0.0,7.878007,0.078366645,2793.941,218.95177,582220.1737,5411102.888,64.0
64.0,2020,108690.0,25.0,2699493.0,100.0,0.0,7.940763,0.028561313,2974.8958,84.96693,582220.1737,5411102.888,64.0
64.0,2021,108690.0,25.0,2699493.0,100.0,0.0,8.03649,0.045445465,3273.7507,148.77713,582220.1737,5411102.888,64.0
64.0,2022,108690.0,25.0,2699493.0,100.0,0.0,8.062844,0.04965865,3361.1736,166.91135,582220.1737,5411102.888,64.0
64.0,2023,108690.0,25.0,2699493.0,100.0,0.0,8.074037,0.02290711,3399.0056,77.8614,582220.1737,5411102.888,64.0
64.0,2024,108690.0,25.0,2699493.0,100.0,0.0,8.015912,0.036354914,3207.0715,116.59282,582220.1737,5411102.888,64.0
64.0,2025,108690.0,25.0,2699493.0,100.0,0.0,8.027037,0.038386937,3242.9487,124.48687,582220.1737,5411102.888,64.0
65.0,2007,314657.0,25.0,3696748.0,100.0,0.0,7.6824856,0.0039587407,2278.8523,9.021385,457052.9596,5428881.2451,65.0
65.0,2008,314657.0,25.0,3696748.0,100.0,0.0,7.6526046,0.022001626,2211.765,48.66242,457052.9596,5428881.2451,65.0
65.0,2009,314657.0,25.0,3696748.0,100.0,0.0,7.655209,0.01433123,2217.533,31.779974,457052.9596,5428881.2451,65.0
65.0,2010,314657.0,25.0,3696748.0,100.0,0.0,7.6623464,0.04023248,2233.4175,89.85593,457052.9596,5428881.2451,65.0
65.0,2011,314657.0,25.0,3696748.0,100.0,0.0,7.712524,0.019343654,2348.3435,45.42554,457052.9596,5428881.2451,65.0
65.0,2012,314657.0,25.0,3696748.0,100.0,0.0,7.794416,0.039620757,2548.7478,100.983315,457052.9596,5428881.2451,65.0
65.0,2013,314657.0,25.0,3696748.0,100.0,0.0,7.8757114,0.060437344,2764.6055,167.0854,457052.9596,5428881.2451,65.0
65.0,2014,314657.0,25.0,3696748.0,100.0,0.0,7.8892503,0.04172447,2802.2896,116.92405,457052.9596,5428881.2451,65.0
65.0,2015,314657.0,25.0,3696748.0,100.0,0.0,7.975854,0.04357065,3055.7964,133.14304,457052.9596,5428881.2451,65.0
65.0,2016,314657.0,25.0,3696748.0,100.0,0.0,8.051546,0.068201765,3296.0757,224.7982,457052.9596,5428881.2451,65.0
65.0,2017,314657.0,25.0,3696748.0,100.0,0.0,8.1541815,0.05105045,3652.3386,186.45354,457052.9596,5428881.2451,65.0
65.0,2018,314657.0,25.0,3696748.0,100.0,0.0,8.218862,0.035197563,3896.3784,137.14304,457052.9596,5428881.2451,65.0
65.0,2019,314657.0,25.0,3696748.0,100.0,0.0,8.266656,0.08801782,4087.1284,359.74014,457052.9596,5428881.2451,65.0
65.0,2020,314657.0,25.0,3696748.0,100.0,0.0,8.360998,0.043767218,4491.4883,196.57994,457052.9596,5428881.2451,65.0
65.0,2021,314657.0,25.0,3696748.0,100.0,0.0,8.445432,0.06544328,4887.192,319.83386,457052.9596,5428881.2451,65.0
65.0,2022,314657.0,25.0,3696748.0,100.0,0.0,8.462931,0.051703937,4973.4688,257.14792,457052.9596,5428881.2451,65.0
65.0,2023,314657.0,25.0,3696748.0,100.0,0.0,8.395507,0.03658394,4649.19,170.08571,457052.9596,5428881.2451,65.0
65.0,2024,314657.0,25.0,3696748.0,100.0,0.0,8.36252,0.033703156,4498.333,151.60802,457052.9596,5428881.2451,65.0
65.0,2025,314657.0,25.0,3696748.0,100.0,0.0,8.369981,0.07665683,4532.0166,347.41003,457052.9596,5428881.2451,65.0
66.0,2007,458673.0,25.0,4704569.0,100.0,0.0,7.771445,0.006211509,2514.9873,15.621866,477812.3945,5472580.6843,66.0
66.0,2008,458673.0,25.0,4704569.0,100.0,0.0,7.760251,0.009861675,2486.9924,24.52591,477812.3945,5472580.6843,66.0
66.0,2009,458673.0,25.0,4704569.0,100.0,0.0,7.7197137,0.0064361636,2388.1914,15.37079,477812.3945,5472580.6843,66.0
66.0,2010,458673.0,25.0,4704569.0,100.0,0.0,7.7071176,0.019886084,2358.2988,46.897327,477812.3945,5472580.6843,66.0
66.0,2011,458673.0,25.0,4704569.0,100.0,0.0,7.6864276,0.017260898,2310.0063,39.872784,477812.3945,5472580.6843,66.0
66.0,2012,458673.0,25.0,4704569.0,100.0,0.0,7.7491055,0.02762936,2459.4268,67.952385,477812.3945,5472580.6843,66.0
66.0,2013,458673.0,25.0,4704569.0,100.0,0.0,7.8100944,0.016728895,2614.093,43.73089,477812.3945,5472580.6843,66.0
66.0,2014,458673.0,25.0,4704569.0,100.0,0.0,7.8358665,0.016640944,2682.3398,44.636665,477812.3945,5472580.6843,66.0
66.0,2015,458673.0,25.0,4704569.0,100.0,0.0,7.8751426,0.0030063132,2789.7869,8.386973,477812.3945,5472580.6843,66.0
66.0,2016,458673.0,25.0,4704569.0,100.0,0.0,7.972629,0.004495085,3075.452,13.824419,477812.3945,5472580.6843,66.0
66.0,2017,458673.0,25.0,4704569.0,100.0,0.0,8.1152,0.014451941,3546.717,51.256943,477812.3945,5472580.6843,66.0
66.0,2018,458673.0,25.0,4704569.0,100.0,0.0,8.119646,0.0033873892,3562.5232,12.067653,477812.3945,5472580.6843,66.0
66.0,2019,458673.0,25.0,4704569.0,100.0,0.0,8.216031,0.019108925,3922.9885,74.964096,477812.3945,5472580.6843,66.0
66.0,2020,458673.0,25.0,4704569.0,100.0,0.0,8.2981415,0.00030956385,4258.701,1.3183398,477812.3945,5472580.6843,66.0
66.0,2021,458673.0,25.0,4704569.0,100.0,0.0,8.40248,0.031991612,4727.058,151.2262,477812.3945,5472580.6843,66.0
66.0,2022,458673.0,25.0,4704569.0,100.0,0.0,8.509404,0.027265398,5260.507,143.42981,477812.3945,5472580.6843,66.0
66.0,2023,458673.0,25.0,4704569.0,100.0,0.0,8.4427,0.0019598221,4921.0576,9.644398,477812.3945,5472580.6843,66.0
66.0,2024,458673.0,25.0,4704569.0,100.0,0.0,8.462047,0.025702663,5017.1885,128.95511,477812.3945,5472580.6843,66.0
66.0,2025,458673.0,25.0,4704569.0,100.0,0.0,8.452196,0.014989195,4968.0083,74.466446,477812.3945,5472580.6843,66.0
57.0,2007,544768.0,25.0,4564777.0,100.0,0.0,7.487701,0.012512496,1893.4917,23.692307,463822.7527,5483092.3405,57.0
57.0,2008,544768.0,25.0,4564777.0,100.0,0.0,7.472532,0.02212539,1864.9862,41.263546,463822.7527,5483092.3405,57.0
57.0,2009,544768.0,25.0,4564777.0,100.0,0.0,7.4152465,0.030274637,1761.152,53.318237,463822.7527,5483092.3405,57.0
57.0,2010,544768.0,25.0,4564777.0,100.0,0.0,7.390071,0.023893923,1717.3676,41.034645,463822.7527,5483092.3405,57.0
57.0,2011,544768.0,25.0,4564777.0,100.0,0.0,7.433868,0.012447537,1794.255,22.334055,463822.7527,5483092.3405,57.0
57.0,2012,544768.0,25.0,4564777.0,100.0,0.0,7.4803596,0.0068264785,1879.6421,12.831336,463822.7527,5483092.3405,57.0
57.0,2013,544768.0,25.0,4564777.0,100.0,0.0,7.527599,0.0021266579,1970.5659,4.1907196,463822.7527,5483092.3405,57.0
57.0,2014,544768.0,25.0,4564777.0,100.0,0.0,7.533614,0.01331015,1982.4547,26.38677,463822.7527,5483092.3405,57.0
57.0,2015,544768.0,25.0,4564777.0,100.0,0.0,7.656903,0.010280706,2242.5745,23.055248,463822.7527,5483092.3405,57.0
57.0,2016,544768.0,25.0,4564777.0,100.0,0.0,7.7090316,0.023419768,2362.5774,55.331017,463822.7527,5483092.3405,57.0
57.0,2017,544768.0,25.0,4564777.0,100.0,0.0,7.832741,0.020324443,2673.6987,54.34144,463822.7527,5483092.3405,57.0
57.0,2018,544768.0,25.0,4564777.0,100.0,0.0,7.918404,0.012293639,2912.8318,35.809303,463822.7527,5483092.3405,57.0
57.0,2019,544768.0,25.0,4564777.0,100.0,0.0,8.031164,0.0071555944,3260.517,23.330936,463822.7527,5483092.3405,57.0
57.0,2020,544768.0,25.0,4564777.0,100.0,0.0,8.12361,0.002495955,3576.3103,8.92631,463822.7527,5483092.3405,57.0
57.0,2021,544768.0,25.0,4564777.0,100.0,0.0,8.220893,0.00598357,3941.7112,23.585505,463822.7527,5483092.3405,57.0
57.0,2022,544768.0,25.0,4564777.0,100.0,0.0,8.275195,0.014614712,4161.672,60.821632,463822.7527,5483092.3405,57.0
57.0,2023,544768.0,25.0,4564777.0,100.0,0.0,8.196336,0.015267395,3846.0925,58.719814,463822.7527,5483092.3405,57.0
57.0,2024,544768.0,25.0,4564777.0,100.0,0.0,8.175584,0.0060494062,3767.1003,22.788721,463822.7527,5483092.3405,57.0
57.0,2025,544768.0,25.0,4564777.0,100.0,0.0,8.229501,0.009927035,3975.788,39.46779,463822.7527,5483092.3405,57.0
67.0,2007,330210.0,25.0,3541671.0,100.0,0.0,7.4142222,0.013014885,1770.0414,23.036886,478939.5512,5413761.935,67.0
67.0,2008,330210.0,25.0,3541671.0,100.0,0.0,7.370876,0.020395886,1694.9553,34.570118,478939.5512,5413761.935,67.0
67.0,2009,330210.0,25.0,3541671.0,100.0,0.0,7.2581563,0.018256785,1514.2753,27.645798,478939.5512,5413761.935,67.0
67.0,2010,330210.0,25.0,3541671.0,100.0,0.0,7.301074,0.01098806,1580.6787,17.368593,478939.5512,5413761.935,67.0
67.0,2011,330210.0,25.0,3541671.0,100.0,0.0,7.226967,0.025292115,1467.7747,37.123127,478939.5512,5413761.935,67.0
67.0,2012,330210.0,25.0,3541671.0,100.0,0.0,7.251902,0.05621179,1504.8344,84.58943,478939.5512,5413761.935,67.0
67.0,2013,330210.0,25.0,3541671.0,100.0,0.0,7.2751613,0.082051195,1540.2457,126.379005,478939.5512,5413761.935,67.0
67.0,2014,330210.0,25.0,3541671.0,100.0,0.0,7.326867,0.06453963,1621.9801,104.682,478939.5512,5413761.935,67.0
67.0,2015,330210.0,25.0,3541671.0,100.0,0.0,7.382151,0.0811689,1714.1743,139.13763,478939.5512,5413761.935,67.0
67.0,2016,330210.0,25.0,3541671.0,100.0,0.0,7.486069,0.061921183,1901.8928,117.76745,478939.5512,5413761.935,67.0
67.0,2017,330210.0,25.0,3541671.0,100.0,0.0,7.5559177,0.056906816,2039.4867,116.0607,478939.5512,5413761.935,67.0
67.0,2018,330210.0,25.0,3541671.0,100.0,0.0,7.67873,0.085068226,2305.991,196.16656,478939.5512,5413761.935,67.0
67.0,2019,330210.0,25.0,3541671.0,100.0,0.0,7.784119,0.059320163,2562.285,151.99515,478939.5512,5413761.935,67.0
67.0,2020,330210.0,25.0,3541671.0,100.0,0.0,7.8916144,0.06847192,2853.0679,195.35504,478939.5512,5413761.935,67.0
67.0,2021,330210.0,25.0,3541671.0,100.0,0.0,8.022569,0.04845453,3252.2576,157.58662,478939.5512,5413761.935,67.0
67.0,2022,330210.0,25.0,3541671.0,100.0,0.0,8.1010475,0.032236695,3517.7712,113.40132,478939.5512,5413761.935,67.0
67.0,2023,330210.0,25.0,3541671.0,100.0,0.0,8.062344,0.01856313,3384.2222,62.82176,478939.5512,5413761.935,67.0
67.0,2024,330210.0,25.0,3541671.0,100.0,0.0,8.035954,0.035298403,3296.084,116.346504,478939.5512,5413761.935,67.0
67.0,2025,330210.0,25.0,3541671.0,100.0,0.0,7.973814,0.020772096,3097.4968,64.3415,478939.5512,5413761.935,67.0
68.0,2007,219816.0,25.0,1020287.0,100.0,0.0,7.826783,0.03681893,2587.5825,95.27202,411821.6773,5316146.6048,68.0
68.0,2008,219816.0,25.0,1020287.0,100.0,0.0,7.817147,0.022601366,2562.7678,57.922054,411821.6773,5316146.6048,68.0
68.0,2009,219816.0,25.0,1020287.0,100.0,0.0,7.760519,0.0050600837,2421.6765,12.253886,411821.6773,5316146.6048,68.0
68.0,2010,219816.0,25.0,1020287.0,100.0,0.0,7.838845,0.0025398408,2618.9817,6.651797,411821.6773,5316146.6048,68.0
68.0,2011,219816.0,25.0,1020287.0,100.0,0.0,7.9079313,0.015655188,2806.3152,43.93339,411821.6773,5316146.6048,68.0
68.0,2012,219816.0,25.0,1020287.0,100.0,0.0,8.031755,0.021541337,3176.2346,68.420334,411821.6773,5316146.6048,68.0
68.0,2013,219816.0,25.0,1020287.0,100.0,0.0,8.160091,0.011697883,3611.1719,42.243065,411821.6773,5316146.6048,68.0
68.0,2014,219816.0,25.0,1020287.0,100.0,0.0,8.16349,0.01689871,3623.4656,61.23189,411821.6773,5316146.6048,68.0
68.0,2015,219816.0,25.0,1020287.0,100.0,0.0,8.199716,0.013363851,3757.136,50.209805,411821.6773,5316146.6048,68.0
68.0,2016,219816.0,25.0,1020287.0,100.0,0.0,8.272993,0.030795692,4042.7874,124.500435,411821.6773,5316146.6048,68.0
68.0,2017,219816.0,25.0,1020287.0,100.0,0.0,8.363644,0.018737288,4426.391,82.93857,411821.6773,5316146.6048,68.0
68.0,2018,219816.0,25.0,1020287.0,100.0,0.0,8.417757,0.009058437,4672.517,42.325703,411821.6773,5316146.6048,68.0
68.0,2019,219816.0,25.0,1020287.0,100.0,0.0,8.4596195,0.0068618283,4872.272,33.432693,411821.6773,5316146.6048,68.0
68.0,2020,219816.0,25.0,1020287.0,100.0,0.0,8.598677,0.012105534,5599.164,67.78087,411821.6773,5316146.6048,68.0
68.0,2021,219816.0,25.0,1020287.0,100.0,0.0,8.651363,0.003241418,5902.079,19.131105,411821.6773,5316146.6048,68.0
68.0,2022,219816.0,25.0,1020287.0,100.0,0.0,8.638299,0.017407086,5825.4707,101.40447,411821.6773,5316146.6048,68.0
68.0,2023,219816.0,25.0,1020287.0,100.0,0.0,8.581484,0.008869029,5503.724,48.812683,411821.6773,5316146.6048,68.0
68.0,2024,219816.0,25.0,1020287.0,100.0,0.0,8.44265,0.024453336,4790.2905,117.13859,411821.6773,5316146.6048,68.0
68.0,2025,219816.0,25.0,1020287.0,100.0,0.0,8.577209,0.024679545,5480.249,135.25006,411821.6773,5316146.6048,68.0
69.0,2007,91285.0,25.0,2107581.0,100.0,0.0,7.4784503,0.033677954,1864.2003,62.782455,421849.4008,5368512.6429,69.0
69.0,2008,91285.0,25.0,2107581.0,100.0,0.0,7.435548,0.042543136,1785.9131,75.97835,421849.4008,5368512.6429,69.0
69.0,2009,91285.0,25.0,2107581.0,100.0,0.0,7.3720784,0.042638715,1676.0844,71.46608,421849.4008,5368512.6429,69.0
69.0,2010,91285.0,25.0,2107581.0,100.0,0.0,7.415727,0.028872248,1750.8638,50.551373,421849.4008,5368512.6429,69.0
69.0,2011,91285.0,25.0,2107581.0,100.0,0.0,7.498472,0.0193423,1901.9014,36.787144,421849.4008,5368512.6429,69.0
69.0,2012,91285.0,25.0,2107581.0,100.0,0.0,7.526032,0.010365303,1955.046,20.264643,421849.4008,5368512.6429,69.0
69.0,2013,91285.0,25.0,2107581.0,100.0,0.0,7.540096,0.058159754,1982.7358,115.31543,421849.4008,5368512.6429,69.0
69.0,2014,91285.0,25.0,2107581.0,100.0,0.0,7.5934496,0.052358545,2091.395,109.502396,421849.4008,5368512.6429,69.0
69.0,2015,91285.0,25.0,2107581.0,100.0,0.0,7.723531,0.041846175,2381.9333,99.6748,421849.4008,5368512.6429,69.0
69.0,2016,91285.0,25.0,2107581.0,100.0,0.0,7.782958,0.035907455,2527.7764,90.766014,421849.4008,5368512.6429,69.0
69.0,2017,91285.0,25.0,2107581.0,100.0,0.0,7.887087,0.0076428405,2805.183,21.439566,421849.4008,5368512.6429,69.0
69.0,2018,91285.0,25.0,2107581.0,100.0,0.0,7.9369555,0.02350499,2948.62,69.30729,421849.4008,5368512.6429,69.0
69.0,2019,91285.0,25.0,2107581.0,100.0,0.0,7.982383,0.03246853,3085.657,100.18675,421849.4008,5368512.6429,69.0
69.0,2020,91285.0,25.0,2107581.0,100.0,0.0,8.0322275,0.039987296,3243.3594,129.69318,421849.4008,5368512.6429,69.0
69.0,2021,91285.0,25.0,2107581.0,100.0,0.0,8.031098,0.022317976,3239.6975,72.30349,421849.4008,5368512.6429,69.0
69.0,2022,91285.0,25.0,2107581.0,100.0,0.0,8.175817,0.019474616,3744.1628,72.91613,421849.4008,5368512.6429,69.0
69.0,2023,91285.0,25.0,2107581.0,100.0,0.0,8.091353,0.0004894869,3440.9065,1.6842786,421849.4008,5368512.6429,69.0
69.0,2024,91285.0,25.0,2107581.0,100.0,0.0,8.068566,0.003495049,3363.3875,11.755203,421849.4008,5368512.6429,69.0
69.0,2025,91285.0,25.0,2107581.0,100.0,0.0,8.034065,0.036754064,3249.3242,119.42587,421849.4008,5368512.6429,69.0
70.0,2007,147731.0,25.0,2068344.0,100.0,0.0,7.346508,0.024323758,1643.195,39.968678,460292.3157,5323631.7955,70.0
70.0,2008,147731.0,25.0,2068344.0,100.0,0.0,7.333648,0.031166961,1622.1993,50.559025,460292.3157,5323631.7955,70.0
70.0,2009,147731.0,25.0,2068344.0,100.0,0.0,7.2653136,0.018506914,1515.0493,28.038889,460292.3157,5323631.7955,70.0
70.0,2010,147731.0,25.0,2068344.0,100.0,0.0,7.2805037,0.0073463353,1538.239,11.30042,460292.3157,5323631.7955,70.0
70.0,2011,147731.0,25.0,2068344.0,100.0,0.0,7.284735,0.008635247,1544.7615,13.339397,460292.3157,5323631.7955,70.0
70.0,2012,147731.0,25.0,2068344.0,100.0,0.0,7.3312593,0.012586329,1618.3285,20.368814,460292.3157,5323631.7955,70.0
70.0,2013,147731.0,25.0,2068344.0,100.0,0.0,7.4026804,0.047336,1738.1385,82.27653,460292.3157,5323631.7955,70.0
70.0,2014,147731.0,25.0,2068344.0,100.0,0.0,7.4592156,0.06582973,1839.2352,121.07636,460292.3157,5323631.7955,70.0
70.0,2015,147731.0,25.0,2068344.0,100.0,0.0,7.4870806,0.034271244,1891.2062,64.813995,460292.3157,5323631.7955,70.0
70.0,2016,147731.0,25.0,2068344.0,100.0,0.0,7.568024,0.0038834217,2050.6533,7.963551,460292.3157,5323631.7955,70.0
70.0,2017,147731.0,25.0,2068344.0,100.0,0.0,7.63527,0.04041565,2193.2942,88.64341,460292.3157,5323631.7955,70.0
70.0,2018,147731.0,25.0,2068344.0,100.0,0.0,7.6564264,0.022681095,2240.19,50.80996,460292.3157,5323631.7955,70.0
70.0,2019,147731.0,25.0,2068344.0,100.0,0.0,7.900344,0.029445399,2859.018,84.18492,460292.3157,5323631.7955,70.0
70.0,2020,147731.0,25.0,2068344.0,100.0,0.0,7.8914695,0.20768286,2833.758,588.52295,460292.3157,5323631.7955,70.0
70.0,2021,147731.0,25.0,2068344.0,100.0,0.0,8.017609,0.19784531,3214.7288,636.019,460292.3157,5323631.7955,70.0
70.0,2022,147731.0,25.0,2068344.0,100.0,0.0,7.962833,0.17902648,3043.3755,544.84485,460292.3157,5323631.7955,70.0
70.0,2023,147731.0,25.0,2068344.0,100.0,0.0,8.014959,0.0021865203,3206.2224,7.0104704,460292.3157,5323631.7955,70.0
70.0,2024,147731.0,25.0,2068344.0,100.0,0.0,7.9378185,0.018915864,2968.1912,56.1459,460292.3157,5323631.7955,70.0
70.0,2025,147731.0,25.0,2068344.0,100.0,0.0,7.990587,0.0076401723,3129.0251,23.906292,460292.3157,5323631.7955,70.0
71.0,2007,107538.0,25.0,1154507.0,100.0,0.0,7.9512835,0.015909757,2999.252,47.71737,508957.2334,5284632.4164,71.0
71.0,2008,107538.0,25.0,1154507.0,100.0,0.0,7.977079,0.012003622,3077.6257,36.942657,508957.2334,5284632.4164,71.0
71.0,2009,107538.0,25.0,1154507.0,100.0,0.0,7.9076443,0.028676549,2871.1821,82.335594,508957.2334,5284632.4164,71.0
71.0,2010,107538.0,25.0,1154507.0,100.0,0.0,8.067302,0.009634702,3368.2092,32.45169,508957.2334,5284632.4164,71.0
71.0,2011,107538.0,25.0,1154507.0,100.0,0.0,8.052791,0.03325266,3319.6863,110.3884,508957.2334,5284632.4164,71.0
71.0,2012,107538.0,25.0,1154507.0,100.0,0.0,8.121917,0.07262255,3557.2793,258.3387,508957.2334,5284632.4164,71.0
71.0,2013,107538.0,25.0,1154507.0,100.0,0.0,8.164081,0.041632023,3710.4775,154.47469,508957.2334,5284632.4164,71.0
71.0,2014,107538.0,25.0,1154507.0,100.0,0.0,8.241252,0.025461977,4008.1558,102.055565,508957.2334,5284632.4164,71.0
71.0,2015,107538.0,25.0,1154507.0,100.0,0.0,8.322025,0.03784118,4345.3457,164.433,508957.2334,5284632.4164,71.0
71.0,2016,107538.0,25.0,1154507.0,100.0,0.0,8.448905,0.02069167,4933.186,102.07586,508957.2334,5284632.4164,71.0
71.0,2017,107538.0,25.0,1154507.0,100.0,0.0,8.4172,0.068626665,4779.2314,327.9827,508957.2334,5284632.4164,71.0
71.0,2018,107538.0,25.0,1154507.0,100.0,0.0,8.600772,0.053505626,5742.2515,307.24277,508957.2334,5284632.4164,71.0
71.0,2019,107538.0,25.0,1154507.0,100.0,0.0,8.768959,0.052581947,6793.994,357.24146,508957.2334,5284632.4164,71.0
71.0,2020,107538.0,25.0,1154507.0,100.0,0.0,8.753504,0.04960804,6689.7993,331.86786,508957.2334,5284632.4164,71.0
71.0,2021,107538.0,25.0,1154507.0,100.0,0.0,8.809558,0.00081447256,7075.498,5.7627993,508957.2334,5284632.4164,71.0
71.0,2022,107538.0,25.0,1154507.0,100.0,0.0,8.704678,0.036177505,6371.0034,230.487,508957.2334,5284632.4164,71.0
71.0,2023,107538.0,25.0,1154507.0,100.0,0.0,8.752439,0.038959265,6682.6772,260.3522,508957.2334,5284632.4164,71.0
71.0,2024,107538.0,25.0,1154507.0,100.0,0.0,8.716659,0.008687516,6447.793,56.015305,508957.2334,5284632.4164,71.0
71.0,2025,107538.0,25.0,1154507.0,100.0,0.0,8.652283,0.03661197,6045.79,221.3483,508957.2334,5284632.4164,71.0
72.0,2007,103465.0,25.0,666213.0,100.0,0.0,7.562316,0.04494493,2008.8208,90.286316,401345.5775,5274952.7156,72.0
72.0,2008,103465.0,25.0,666213.0,100.0,0.0,7.56483,0.055888228,2013.8768,112.55201,401345.5775,5274952.7156,72.0
72.0,2009,103465.0,25.0,666213.0,100.0,0.0,7.5208154,0.059617665,1927.159,114.892715,401345.5775,5274952.7156,72.0
72.0,2010,103465.0,25.0,666213.0,100.0,0.0,7.5656257,0.062653944,2015.48,126.27776,401345.5775,5274952.7156,72.0
72.0,2011,103465.0,25.0,666213.0,100.0,0.0,7.6048665,0.044308152,2096.1418,92.876175,401345.5775,5274952.7156,72.0
72.0,2012,103465.0,25.0,666213.0,100.0,0.0,7.6530023,0.050348137,2199.5085,110.74115,401345.5775,5274952.7156,72.0
72.0,2013,103465.0,25.0,666213.0,100.0,0.0,7.721973,0.084549926,2356.5645,199.24736,401345.5775,5274952.7156,72.0
72.0,2014,103465.0,25.0,666213.0,100.0,0.0,7.77632,0.055178028,2488.1807,137.2929,401345.5775,5274952.7156,72.0
72.0,2015,103465.0,25.0,666213.0,100.0,0.0,7.9055333,0.07657829,2831.3818,216.82237,401345.5775,5274952.7156,72.0
72.0,2016,103465.0,25.0,666213.0,100.0,0.0,7.9516516,0.058492023,2965.0188,173.42995,401345.5775,5274952.7156,72.0
72.0,2017,103465.0,25.0,666213.0,100.0,0.0,8.04226,0.17474537,3246.2234,567.2625,401345.5775,5274952.7156,72.0
72.0,2018,103465.0,25.0,666213.0,100.0,0.0,8.156546,0.08309352,3639.2493,302.398,401345.5775,5274952.7156,72.0
72.0,2019,103465.0,25.0,666213.0,100.0,0.0,8.202003,0.05152923,3808.4973,196.24893,401345.5775,5274952.7156,72.0
72.0,2020,103465.0,25.0,666213.0,100.0,0.0,8.254107,0.064036876,4012.198,256.92862,401345.5775,5274952.7156,72.0
72.0,2021,103465.0,25.0,666213.0,100.0,0.0,8.328498,0.044141177,4322.0503,190.7804,401345.5775,5274952.7156,72.0
72.0,2022,103465.0,25.0,666213.0,100.0,0.0,8.363625,0.042320162,4476.5664,189.44902,401345.5775,5274952.7156,72.0
72.0,2023,103465.0,25.0,666213.0,100.0,0.0,8.263153,0.043592654,4048.6533,176.49155,401345.5775,5274952.7156,72.0
72.0,2024,103465.0,25.0,666213.0,100.0,0.0,8.174707,0.04999931,3705.9485,185.29488,401345.5775,5274952.7156,72.0
72.0,2025,103465.0,25.0,666213.0,100.0,0.0,8.259614,0.038343575,4034.351,154.69145,401345.5775,5274952.7156,72.0
73.0,2007,57209.0,25.0,958554.0,100.0,0.0,7.2803965,0.03182057,1537.2075,48.914814,442517.0899,5278141.0258,73.0
73.0,2008,57209.0,25.0,958554.0,100.0,0.0,7.259835,0.03523611,1505.9226,53.062855,442517.0899,5278141.0258,73.0
73.0,2009,57209.0,25.0,958554.0,100.0,0.0,7.2245154,0.023415692,1453.6628,34.03852,442517.0899,5278141.0258,73.0
73.0,2010,57209.0,25.0,958554.0,100.0,0.0,7.289814,0.01310482,1551.7527,20.335438,442517.0899,5278141.0258,73.0
73.0,2011,57209.0,25.0,958554.0,100.0,0.0,7.273672,0.022392476,1526.9053,34.19119,442517.0899,5278141.0258,73.0
73.0,2012,57209.0,25.0,958554.0,100.0,0.0,7.3662195,0.057539165,1674.9617,96.3759,442517.0899,5278141.0258,73.0
73.0,2013,57209.0,25.0,958554.0,100.0,0.0,7.400651,0.069872886,1733.6375,121.13425,442517.0899,5278141.0258,73.0
73.0,2014,57209.0,25.0,958554.0,100.0,0.0,7.45671,0.07860934,1833.5994,144.13803,442517.0899,5278141.0258,73.0
73.0,2015,57209.0,25.0,958554.0,100.0,0.0,7.5929847,0.075822815,2101.2983,159.32635,442517.0899,5278141.0258,73.0
73.0,2016,57209.0,25.0,958554.0,100.0,0.0,7.629142,0.11922546,2178.6655,259.7524,442517.0899,5278141.0258,73.0
73.0,2017,57209.0,25.0,958554.0,100.0,0.0,7.6508303,0.08320988,2226.4338,185.26129,442517.0899,5278141.0258,73.0
73.0,2018,57209.0,25.0,958554.0,100.0,0.0,7.6472135,0.056714196,2218.396,125.81454,442517.0899,5278141.0258,73.0
73.0,2019,57209.0,25.0,958554.0,100.0,0.0,7.7792478,0.09331877,2531.5168,236.23804,442517.0899,5278141.0258,73.0
73.0,2020,57209.0,25.0,958554.0,100.0,0.0,7.9162884,0.036213525,2903.333,105.13992,442517.0899,5278141.0258,73.0
73.0,2021,57209.0,25.0,958554.0,100.0,0.0,8.024329,0.07721602,3234.5845,249.76175,442517.0899,5278141.0258,73.0
73.0,2022,57209.0,25.0,958554.0,100.0,0.0,8.022348,0.09014417,3228.1826,291.00186,442517.0899,5278141.0258,73.0
73.0,2023,57209.0,25.0,958554.0,100.0,0.0,8.035203,0.084507294,3269.949,276.33453,442517.0899,5278141.0258,73.0
73.0,2024,57209.0,25.0,958554.0,100.0,0.0,7.964448,0.099153474,3046.5771,302.0787,442517.0899,5278141.0258,73.0
73.0,2025,57209.0,25.0,958554.0,100.0,0.0,7.891925,0.07126748,2833.4517,201.93295,442517.0899,5278141.0258,73.0
74.0,2007,294932.0,25.0,3111153.0,100.0,0.0,7.645901,0.0067102895,2191.9937,14.708911,513922.3369,5371162.7437,74.0
74.0,2008,294932.0,25.0,3111153.0,100.0,0.0,7.633295,0.0023420504,2164.5344,5.0694485,513922.3369,5371162.7437,74.0
74.0,2009,294932.0,25.0,3111153.0,100.0,0.0,7.595584,0.01244081,2084.4275,25.931967,513922.3369,5371162.7437,74.0
74.0,2010,294932.0,25.0,3111153.0,100.0,0.0,7.673614,0.005207406,2253.5898,11.735356,513922.3369,5371162.7437,74.0
74.0,2011,294932.0,25.0,3111153.0,100.0,0.0,7.639905,0.0061274613,2178.89,13.351064,513922.3369,5371162.7437,74.0
74.0,2012,294932.0,25.0,3111153.0,100.0,0.0,7.670971,0.024467368,2247.641,54.993862,513922.3369,5371162.7437,74.0
74.0,2013,294932.0,25.0,3111153.0,100.0,0.0,7.756912,0.04761711,2449.35,116.63098,513922.3369,5371162.7437,74.0
74.0,2014,294932.0,25.0,3111153.0,100.0,0.0,7.818512,0.024093047,2604.973,62.761734,513922.3369,5371162.7437,74.0
74.0,2015,294932.0,25.0,3111153.0,100.0,0.0,7.8305035,0.027577013,2636.3982,72.70399,513922.3369,5371162.7437,74.0
74.0,2016,294932.0,25.0,3111153.0,100.0,0.0,7.9268703,0.018731946,2903.104,54.38079,513922.3369,5371162.7437,74.0
74.0,2017,294932.0,25.0,3111153.0,100.0,0.0,8.030408,0.01250331,3219.797,40.25812,513922.3369,5371162.7437,74.0
74.0,2018,294932.0,25.0,3111153.0,100.0,0.0,8.069504,0.02274038,3348.1707,76.13868,513922.3369,5371162.7437,74.0
74.0,2019,294932.0,25.0,3111153.0,100.0,0.0,8.190723,0.014640452,3779.6572,55.335896,513922.3369,5371162.7437,74.0
74.0,2020,294932.0,25.0,3111153.0,100.0,0.0,8.277537,0.02676334,4122.4497,110.330536,513922.3369,5371162.7437,74.0
74.0,2021,294932.0,25.0,3111153.0,100.0,0.0,8.3685255,0.020215098,4515.1387,91.273964,513922.3369,5371162.7437,74.0
74.0,2022,294932.0,25.0,3111153.0,100.0,0.0,8.398842,0.017871166,4654.117,83.1745,513922.3369,5371162.7437,74.0
74.0,2023,294932.0,25.0,3111153.0,100.0,0.0,8.320898,0.01899904,4305.1333,81.793396,513922.3369,5371162.7437,74.0
74.0,2024,294932.0,25.0,3111153.0,100.0,0.0,8.263793,0.012008899,4066.1765,48.830303,513922.3369,5371162.7437,74.0
74.0,2025,294932.0,25.0,3111153.0,100.0,0.0,8.307685,0.01100529,4248.624,46.757336,513922.3369,5371162.7437,74.0
75.0,2007,132627.0,25.0,2896901.0,100.0,0.0,7.0992274,0.028504612,1290.2131,36.777027,500316.4294,5342514.6533,75.0
75.0,2008,132627.0,25.0,2896901.0,100.0,0.0,7.144834,0.028731922,1350.4182,38.80011,500316.4294,5342514.6533,75.0
75.0,2009,132627.0,25.0,2896901.0,100.0,0.0,6.978645,0.033188485,1143.65,37.956013,500316.4294,5342514.6533,75.0
75.0,2010,132627.0,25.0,2896901.0,100.0,0.0,7.0663204,0.042409927,1248.4474,52.946564,500316.4294,5342514.6533,75.0
75.0,2011,132627.0,25.0,2896901.0,100.0,0.0,6.8613033,0.0145109445,1017.0266,14.758018,500316.4294,5342514.6533,75.0
75.0,2012,132627.0,25.0,2896901.0,100.0,0.0,7.0116606,0.08827021,1182.039,104.33882,500316.4294,5342514.6533,75.0
75.0,2013,132627.0,25.0,2896901.0,100.0,0.0,6.931412,0.007044096,1090.8882,7.6843214,500316.4294,5342514.6533,75.0
75.0,2014,132627.0,25.0,2896901.0,100.0,0.0,6.8967643,0.0025788592,1053.7388,2.7174437,500316.4294,5342514.6533,75.0
75.0,2015,132627.0,25.0,2896901.0,100.0,0.0,7.0256925,0.014576252,1198.7418,17.473164,500316.4294,5342514.6533,75.0
75.0,2016,132627.0,25.0,2896901.0,100.0,0.0,7.1372805,0.0147585245,1340.256,19.780201,500316.4294,5342514.6533,75.0
75.0,2017,132627.0,25.0,2896901.0,100.0,0.0,7.247377,0.015604087,1496.2428,23.347504,500316.4294,5342514.6533,75.0
75.0,2018,132627.0,25.0,2896901.0,100.0,0.0,7.357449,0.010778396,1670.3436,18.003626,500316.4294,5342514.6533,75.0
75.0,2019,132627.0,25.0,2896901.0,100.0,0.0,7.4557314,0.0052754753,1842.8469,9.721893,500316.4294,5342514.6533,75.0
75.0,2020,132627.0,25.0,2896901.0,100.0,0.0,7.5824943,0.0021915708,2091.9036,4.5845547,500316.4294,5342514.6533,75.0
75.0,2021,132627.0,25.0,2896901.0,100.0,0.0,7.6691527,0.038096715,2281.271,86.90893,500316.4294,5342514.6533,75.0
75.0,2022,132627.0,25.0,2896901.0,100.0,0.0,7.749848,0.016561138,2472.9905,40.955532,500316.4294,5342514.6533,75.0
75.0,2023,132627.0,25.0,2896901.0,100.0,0.0,7.692264,0.012917533,2334.6082,30.157377,500316.4294,5342514.6533,75.0
75.0,2024,132627.0,25.0,2896901.0,100.0,0.0,7.729529,0.024742633,2423.2485,59.957546,500316.4294,5342514.6533,75.0
75.0,2025,132627.0,25.0,2896901.0,100.0,0.0,7.7380657,0.011155553,2444.0242,27.26444,500316.4294,5342514.6533,75.0
76.0,2007,143716.0,25.0,2657508.0,100.0,0.0,7.5179596,0.0328685,1933.0763,63.537323,570328.0412,5360174.5539,76.0
76.0,2008,143716.0,25.0,2657508.0,100.0,0.0,7.541212,0.03382893,1978.5513,66.932274,570328.0412,5360174.5539,76.0
76.0,2009,143716.0,25.0,2657508.0,100.0,0.0,7.543252,0.03664774,1982.5917,72.6575,570328.0412,5360174.5539,76.0
76.0,2010,143716.0,25.0,2657508.0,100.0,0.0,7.56263,0.038284514,2021.3854,77.38775,570328.0412,5360174.5539,76.0
76.0,2011,143716.0,25.0,2657508.0,100.0,0.0,7.5897856,0.036249235,2077.0288,75.29071,570328.0412,5360174.5539,76.0
76.0,2012,143716.0,25.0,2657508.0,100.0,0.0,7.696668,0.061095208,2311.325,141.21089,570328.0412,5360174.5539,76.0
76.0,2013,143716.0,25.0,2657508.0,100.0,0.0,7.7258105,0.06720584,2379.6733,159.92795,570328.0412,5360174.5539,76.0
76.0,2014,143716.0,25.0,2657508.0,100.0,0.0,7.8118143,0.059460867,2593.3938,154.20544,570328.0412,5360174.5539,76.0
76.0,2015,143716.0,25.0,2657508.0,100.0,0.0,7.944871,0.060271934,2962.4707,178.55383,570328.0412,5360174.5539,76.0
76.0,2016,143716.0,25.0,2657508.0,100.0,0.0,8.06874,0.06337523,3353.1252,212.50508,570328.0412,5360174.5539,76.0
76.0,2017,143716.0,25.0,2657508.0,100.0,0.0,8.056699,0.056834433,3312.992,188.292,570328.0412,5360174.5539,76.0
76.0,2018,143716.0,25.0,2657508.0,100.0,0.0,8.08675,0.061259225,3414.064,209.14291,570328.0412,5360174.5539,76.0
76.0,2019,143716.0,25.0,2657508.0,100.0,0.0,8.20393,0.057177033,3838.5059,219.47438,570328.0412,5360174.5539,76.0
76.0,2020,143716.0,25.0,2657508.0,100.0,0.0,8.248783,0.050269958,4014.5925,201.81339,570328.0412,5360174.5539,76.0
76.0,2021,143716.0,25.0,2657508.0,100.0,0.0,8.379019,0.082155876,4573.0083,375.6995,570328.0412,5360174.5539,76.0
76.0,2022,143716.0,25.0,2657508.0,100.0,0.0,8.410953,0.059674967,4721.4014,281.74948,570328.0412,5360174.5539,76.0
76.0,2023,143716.0,25.0,2657508.0,100.0,0.0,8.271475,0.031008145,4106.734,127.3422,570328.0412,5360174.5539,76.0
76.0,2024,143716.0,25.0,2657508.0,100.0,0.0,8.300443,0.022730308,4227.434,96.09088,570328.0412,5360174.5539,76.0
76.0,2025,143716.0,25.0,2657508.0,100.0,0.0,8.27642,0.04815804,4127.0894,198.75253,570328.0412,5360174.5539,76.0
77.0,2007,110681.0,25.0,1260179.0,100.0,0.0,7.558764,0.033868242,2001.7389,67.79538,544996.9583,5293763.63,77.0
77.0,2008,110681.0,25.0,1260179.0,100.0,0.0,7.5668616,0.019605573,2018.0146,39.564335,544996.9583,5293763.63,77.0
77.0,2009,110681.0,25.0,1260179.0,100.0,0.0,7.518937,0.03136558,1923.5833,60.334305,544996.9583,5293763.63,77.0
77.0,2010,110681.0,25.0,1260179.0,100.0,0.0,7.5928717,0.035266697,2071.1914,73.04408,544996.9583,5293763.63,77.0
77.0,2011,110681.0,25.0,1260179.0,100.0,0.0,7.6050134,0.052665815,2096.493,110.413506,544996.9583,5293763.63,77.0
77.0,2012,110681.0,25.0,1260179.0,100.0,0.0,7.6311164,0.03815702,2151.9385,82.11155,544996.9583,5293763.63,77.0
77.0,2013,110681.0,25.0,1260179.0,100.0,0.0,7.715882,0.034847002,2342.302,81.62221,544996.9583,5293763.63,77.0
77.0,2014,110681.0,25.0,1260179.0,100.0,0.0,7.7305875,0.03046735,2377.0022,72.42096,544996.9583,5293763.63,77.0
77.0,2015,110681.0,25.0,1260179.0,100.0,0.0,7.810928,0.043652724,2575.852,112.44296,544996.9583,5293763.63,77.0
77.0,2016,110681.0,25.0,1260179.0,100.0,0.0,7.882984,0.045896437,2768.3088,127.05551,544996.9583,5293763.63,77.0
77.0,2017,110681.0,25.0,1260179.0,100.0,0.0,7.9694695,0.043259848,3018.3855,130.57489,544996.9583,5293763.63,77.0
77.0,2018,110681.0,25.0,1260179.0,100.0,0.0,8.025105,0.045147598,3191.0762,144.06941,544996.9583,5293763.63,77.0
77.0,2019,110681.0,25.0,1260179.0,100.0,0.0,8.129182,0.02386635,3541.09,84.51289,544996.9583,5293763.63,77.0
77.0,2020,110681.0,25.0,1260179.0,100.0,0.0,8.192783,0.004992755,3773.6238,18.840778,544996.9583,5293763.63,77.0
77.0,2021,110681.0,25.0,1260179.0,100.0,0.0,8.336429,0.03087806,4356.5537,134.52191,544996.9583,5293763.63,77.0
77.0,2022,110681.0,25.0,1260179.0,100.0,0.0,8.273558,0.041596852,4091.0864,170.17632,544996.9583,5293763.63,77.0
77.0,2023,110681.0,25.0,1260179.0,100.0,0.0,8.231695,0.06473428,3923.3557,253.9756,544996.9583,5293763.63,77.0
77.0,2024,110681.0,25.0,1260179.0,100.0,0.0,8.226261,0.03297312,3902.0945,128.66425,544996.9583,5293763.63,77.0
77.0,2025,110681.0,25.0,1260179.0,100.0,0.0,8.269093,0.050069787,4072.8591,203.92719,544996.9583,5293763.63,77.0
78.0,2007,97640.0,25.0,2431910.0,100.0,0.0,7.109637,0.04300486,1292.6105,55.588535,513770.7751,5324474.9274,78.0
78.0,2008,97640.0,25.0,2431910.0,100.0,0.0,7.068774,0.055183325,1240.8556,68.47454,513770.7751,5324474.9274,78.0
78.0,2009,97640.0,25.0,2431910.0,100.0,0.0,6.9963236,0.041188788,1154.1343,47.53739,513770.7751,5324474.9274,78.0
78.0,2010,97640.0,25.0,2431910.0,100.0,0.0,7.0436273,0.06306691,1210.041,76.313545,513770.7751,5324474.9274,78.0
78.0,2011,97640.0,25.0,2431910.0,100.0,0.0,7.1609836,0.018336628,1360.715,24.950924,513770.7751,5324474.9274,78.0
78.0,2012,97640.0,25.0,2431910.0,100.0,0.0,7.172039,0.014147954,1375.8422,19.465351,513770.7751,5324474.9274,78.0
78.0,2013,97640.0,25.0,2431910.0,100.0,0.0,7.2988334,0.07691554,1561.8331,120.12924,513770.7751,5324474.9274,78.0
78.0,2014,97640.0,25.0,2431910.0,100.0,0.0,7.29027,0.091887854,1548.5154,142.28975,513770.7751,5324474.9274,78.0
78.0,2015,97640.0,25.0,2431910.0,100.0,0.0,7.261574,0.044337876,1504.7104,66.71567,513770.7751,5324474.9274,78.0
78.0,2016,97640.0,25.0,2431910.0,100.0,0.0,7.405105,0.03041194,1736.9524,52.824093,513770.7751,5324474.9274,78.0
78.0,2017,97640.0,25.0,2431910.0,100.0,0.0,7.3683705,0.017562374,1674.3035,29.404743,513770.7751,5324474.9274,78.0
78.0,2018,97640.0,25.0,2431910.0,100.0,0.0,7.4175158,0.028466055,1758.6432,50.061634,513770.7751,5324474.9274,78.0
78.0,2019,97640.0,25.0,2431910.0,100.0,0.0,7.534503,0.039610326,1976.9,78.30566,513770.7751,5324474.9274,78.0
78.0,2020,97640.0,25.0,2431910.0,100.0,0.0,7.5654926,0.055791296,2039.1224,113.76528,513770.7751,5324474.9274,78.0
78.0,2021,97640.0,25.0,2431910.0,100.0,0.0,7.642866,0.06343404,2203.161,139.7554,513770.7751,5324474.9274,78.0
78.0,2022,97640.0,25.0,2431910.0,100.0,0.0,7.693936,0.053647235,2318.5984,124.3864,513770.7751,5324474.9274,78.0
78.0,2023,97640.0,25.0,2431910.0,100.0,0.0,7.872433,0.03347545,2771.6982,92.783844,513770.7751,5324474.9274,78.0
78.0,2024,97640.0,25.0,2431910.0,100.0,0.0,7.994924,0.031696346,3132.8745,99.300674,513770.7751,5324474.9274,78.0
78.0,2025,97640.0,25.0,2431910.0,100.0,0.0,7.8920164,0.04088126,2826.5117,115.55137,513770.7751,5324474.9274,78.0
79.0,2007,92234.0,25.0,2250931.0,100.0,0.0,7.634342,0.002111979,2150.102,4.5409703,679407.7421,5403549.1846,79.0
79.0,2008,92234.0,25.0,2250931.0,100.0,0.0,7.634857,0.017199013,2151.2092,36.998676,679407.7421,5403549.1846,79.0
79.0,2009,92234.0,25.0,2250931.0,100.0,0.0,7.6323476,0.0013151447,2145.818,2.8220613,679407.7421,5403549.1846,79.0
79.0,2010,92234.0,25.0,2250931.0,100.0,0.0,7.687575,0.0003461018,2267.659,0.78484076,679407.7421,5403549.1846,79.0
79.0,2011,92234.0,25.0,2250931.0,100.0,0.0,7.734555,0.025085088,2376.7358,59.620625,679407.7421,5403549.1846,79.0
79.0,2012,92234.0,25.0,2250931.0,100.0,0.0,7.829353,0.020243663,2613.07,52.89811,679407.7421,5403549.1846,79.0
79.0,2013,92234.0,25.0,2250931.0,100.0,0.0,7.934036,0.024908558,2901.4453,72.27082,679407.7421,5403549.1846,79.0
79.0,2014,92234.0,25.0,2250931.0,100.0,0.0,8.045967,0.026150877,3245.0806,84.8617,679407.7421,5403549.1846,79.0
79.0,2015,92234.0,25.0,2250931.0,100.0,0.0,8.133524,0.017372858,3542.0203,61.53501,679407.7421,5403549.1846,79.0
79.0,2016,92234.0,25.0,2250931.0,100.0,0.0,8.243225,0.022427557,3952.696,88.649315,679407.7421,5403549.1846,79.0
79.0,2017,92234.0,25.0,2250931.0,100.0,0.0,8.343547,0.01380403,4369.8135,60.321037,679407.7421,5403549.1846,79.0
79.0,2018,92234.0,25.0,2250931.0,100.0,0.0,8.365078,0.013050986,4464.9194,58.271606,679407.7421,5403549.1846,79.0
79.0,2019,92234.0,25.0,2250931.0,100.0,0.0,8.393474,0.024442058,4593.519,112.27506,679407.7421,5403549.1846,79.0
79.0,2020,92234.0,25.0,2250931.0,100.0,0.0,8.38095,0.021798275,4536.353,98.884674,679407.7421,5403549.1846,79.0
79.0,2021,92234.0,25.0,2250931.0,100.0,0.0,8.447307,0.03793974,4847.579,183.91586,679407.7421,5403549.1846,79.0
79.0,2022,92234.0,25.0,2250931.0,100.0,0.0,8.516898,0.019089546,5196.9473,99.20736,679407.7421,5403549.1846,79.0
79.0,2023,92234.0,25.0,2250931.0,100.0,0.0,8.487895,0.005379252,5048.3853,27.156538,679407.7421,5403549.1846,79.0
79.0,2024,92234.0,25.0,2250931.0,100.0,0.0,8.437963,0.023732746,4802.4956,113.97641,679407.7421,5403549.1846,79.0
79.0,2025,92234.0,25.0,2250931.0,100.0,0.0,8.3971195,0.019760853,4610.3,91.103455,679407.7421,5403549.1846,79.0
80.0,2007,798190.0,25.0,1848579.0,100.0,0.0,8.215291,0.012697007,3852.0713,48.90977,689445.2479,5336468.2704,80.0
80.0,2008,798190.0,25.0,1848579.0,100.0,0.0,8.230058,0.014638047,3909.3762,57.22563,689445.2479,5336468.2704,80.0
80.0,2009,798190.0,25.0,1848579.0,100.0,0.0,8.260686,0.023873221,4030.9648,96.23211,689445.2479,5336468.2704,80.0
80.0,2010,798190.0,25.0,1848579.0,100.0,0.0,8.325654,0.024569366,4301.542,105.68616,689445.2479,5336468.2704,80.0
80.0,2011,798190.0,25.0,1848579.0,100.0,0.0,8.437069,0.03396737,4808.5156,163.33263,689445.2479,5336468.2704,80.0
80.0,2012,798190.0,25.0,1848579.0,100.0,0.0,8.581412,0.036036674,5555.1895,200.19054,689445.2479,5336468.2704,80.0
80.0,2013,798190.0,25.0,1848579.0,100.0,0.0,8.72427,0.031539466,6408.2725,202.1135,689445.2479,5336468.2704,80.0
80.0,2014,798190.0,25.0,1848579.0,100.0,0.0,8.789802,0.02373179,6842.2803,162.37956,689445.2479,5336468.2704,80.0
80.0,2015,798190.0,25.0,1848579.0,100.0,0.0,8.845776,0.034186464,7236.194,247.37987,689445.2479,5336468.2704,80.0
80.0,2016,798190.0,25.0,1848579.0,100.0,0.0,8.958845,0.038943548,8102.4385,315.5377,689445.2479,5336468.2704,80.0
80.0,2017,798190.0,25.0,1848579.0,100.0,0.0,9.052388,0.04260965,8896.943,379.09567,689445.2479,5336468.2704,80.0
80.0,2018,798190.0,25.0,1848579.0,100.0,0.0,9.150167,0.043345377,9810.837,425.2544,689445.2479,5336468.2704,80.0
80.0,2019,798190.0,25.0,1848579.0,100.0,0.0,9.207353,0.04210085,10388.223,437.35303,689445.2479,5336468.2704,80.0
80.0,2020,798190.0,25.0,1848579.0,100.0,0.0,9.300772,0.036401555,11405.45,415.17612,689445.2479,5336468.2704,80.0
80.0,2021,798190.0,25.0,1848579.0,100.0,0.0,9.408082,0.044521667,12697.456,565.31195,689445.2479,5336468.2704,80.0
80.0,2022,798190.0,25.0,1848579.0,100.0,0.0,9.422218,0.043464676,12878.225,559.74786,689445.2479,5336468.2704,80.0
80.0,2023,798190.0,25.0,1848579.0,100.0,0.0,9.314833,0.04669507,11566.957,540.1199,689445.2479,5336468.2704,80.0
80.0,2024,798190.0,25.0,1848579.0,100.0,0.0,9.305782,0.04497602,11462.747,515.5487,689445.2479,5336468.2704,80.0
80.0,2025,798190.0,25.0,1848579.0,100.0,0.0,9.319168,0.04996298,11617.21,580.4304,689445.2479,5336468.2704,80.0
82.0,2007,82992.0,25.0,1385284.0,100.0,0.0,7.6786385,0.0038494347,2256.6035,8.686647,732582.0105,5303682.8226,82.0
82.0,2008,82992.0,25.0,1385284.0,100.0,0.0,7.6625524,0.003383501,2220.5933,7.51338,732582.0105,5303682.8226,82.0
82.0,2009,82992.0,25.0,1385284.0,100.0,0.0,7.6466846,0.0074507245,2185.6355,16.284567,732582.0105,5303682.8226,82.0
82.0,2010,82992.0,25.0,1385284.0,100.0,0.0,7.63337,0.004315179,2156.7273,9.306664,732582.0105,5303682.8226,82.0
82.0,2011,82992.0,25.0,1385284.0,100.0,0.0,7.702492,0.010369841,2311.0786,23.965519,732582.0105,5303682.8226,82.0
82.0,2012,82992.0,25.0,1385284.0,100.0,0.0,7.7976394,0.007642688,2541.772,19.42597,732582.0105,5303682.8226,82.0
82.0,2013,82992.0,25.0,1385284.0,100.0,0.0,7.867456,0.016003614,2725.5713,43.61899,732582.0105,5303682.8226,82.0
82.0,2014,82992.0,25.0,1385284.0,100.0,0.0,7.973448,0.0022354152,3030.3257,6.774036,732582.0105,5303682.8226,82.0
82.0,2015,82992.0,25.0,1385284.0,100.0,0.0,8.031052,0.035028826,3210.0085,112.44283,732582.0105,5303682.8226,82.0
82.0,2016,82992.0,25.0,1385284.0,100.0,0.0,8.159072,0.022664405,3648.4214,82.6893,732582.0105,5303682.8226,82.0
82.0,2017,82992.0,25.0,1385284.0,100.0,0.0,8.261886,0.017581478,4043.4888,71.09051,732582.0105,5303682.8226,82.0
82.0,2018,82992.0,25.0,1385284.0,100.0,0.0,8.344742,0.00077844167,4392.7886,3.41953,732582.0105,5303682.8226,82.0
82.0,2019,82992.0,25.0,1385284.0,100.0,0.0,8.397243,0.0068660495,4629.5747,31.78689,732582.0105,5303682.8226,82.0
82.0,2020,82992.0,25.0,1385284.0,100.0,0.0,8.545477,0.002571294,5369.3066,13.806067,732582.0105,5303682.8226,82.0
82.0,2021,82992.0,25.0,1385284.0,100.0,0.0,8.688882,0.0032124848,6197.241,19.908543,732582.0105,5303682.8226,82.0
82.0,2022,82992.0,25.0,1385284.0,100.0,0.0,8.741312,0.008145442,6530.828,53.196484,732582.0105,5303682.8226,82.0
82.0,2023,82992.0,25.0,1385284.0,100.0,0.0,8.641645,0.00788449,5911.313,46.607693,732582.0105,5303682.8226,82.0
82.0,2024,82992.0,25.0,1385284.0,100.0,0.0,8.58631,0.008996853,5593.094,50.320248,732582.0105,5303682.8226,82.0
82.0,2025,82992.0,25.0,1385284.0,100.0,0.0,8.603731,0.007242903,5691.3823,41.222134,732582.0105,5303682.8226,82.0
81.0,2007,41256.0,25.0,1164163.0,100.0,0.0,7.3064,0.013694712,1576.5515,21.590418,783115.7612,5340732.3704,81.0
81.0,2008,41256.0,25.0,1164163.0,100.0,0.0,7.3011184,0.046093978,1568.2468,72.286736,783115.7612,5340732.3704,81.0
81.0,2009,41256.0,25.0,1164163.0,100.0,0.0,7.1746793,0.063183054,1381.9824,87.31786,783115.7612,5340732.3704,81.0
81.0,2010,41256.0,25.0,1164163.0,100.0,0.0,7.175456,0.102828555,1383.0563,142.21767,783115.7612,5340732.3704,81.0
81.0,2011,41256.0,25.0,1164163.0,100.0,0.0,7.2464776,0.025191832,1484.8552,37.406227,783115.7612,5340732.3704,81.0
81.0,2012,41256.0,25.0,1164163.0,100.0,0.0,7.3002977,0.04503109,1566.96,70.56192,783115.7612,5340732.3704,81.0
81.0,2013,41256.0,25.0,1164163.0,100.0,0.0,7.307892,0.03544054,1578.905,55.95725,783115.7612,5340732.3704,81.0
81.0,2014,41256.0,25.0,1164163.0,100.0,0.0,7.390316,0.21602546,1714.5587,370.38834,783115.7612,5340732.3704,81.0
81.0,2015,41256.0,25.0,1164163.0,100.0,0.0,7.45633,0.15076362,1831.5631,276.13306,783115.7612,5340732.3704,81.0
81.0,2016,41256.0,25.0,1164163.0,100.0,0.0,7.4823847,0.054985862,1879.9114,103.36855,783115.7612,5340732.3704,81.0
81.0,2017,41256.0,25.0,1164163.0,100.0,0.0,7.741685,0.020720076,2436.4082,50.482563,783115.7612,5340732.3704,81.0
81.0,2018,41256.0,25.0,1164163.0,100.0,0.0,7.7508755,0.09642391,2458.9028,237.09703,783115.7612,5340732.3704,81.0
81.0,2019,41256.0,25.0,1164163.0,100.0,0.0,7.884445,0.102992445,2810.282,289.4378,783115.7612,5340732.3704,81.0
81.0,2020,41256.0,25.0,1164163.0,100.0,0.0,7.975386,0.11248362,3077.8342,346.20596,783115.7612,5340732.3704,81.0
81.0,2021,41256.0,25.0,1164163.0,100.0,0.0,8.081192,0.09936045,3421.3394,339.94583,783115.7612,5340732.3704,81.0
81.0,2022,41256.0,25.0,1164163.0,100.0,0.0,8.183038,0.115197435,3788.1497,436.38513,783115.7612,5340732.3704,81.0
81.0,2023,41256.0,25.0,1164163.0,100.0,0.0,8.144246,0.06910512,3644.0132,251.81996,783115.7612,5340732.3704,81.0
81.0,2024,41256.0,25.0,1164163.0,100.0,0.0,8.099251,0.058240198,3483.6868,202.8906,783115.7612,5340732.3704,81.0
81.0,2025,41256.0,25.0,1164163.0,100.0,0.0,8.19209,0.069507584,3822.598,265.69955,783115.7612,5340732.3704,81.0
83.0,2007,24273.0,25.0,1300643.0,100.0,0.0,8.147334,0.10268996,3652.5354,375.0787,660740.7466,5258796.2762,83.0
83.0,2008,24273.0,25.0,1300643.0,100.0,0.0,8.116746,0.099639535,3542.5002,352.97308,660740.7466,5258796.2762,83.0
83.0,2009,24273.0,25.0,1300643.0,100.0,0.0,8.089986,0.07211762,3448.9607,248.73083,660740.7466,5258796.2762,83.0
83.0,2010,24273.0,25.0,1300643.0,100.0,0.0,8.11468,0.1020206,3535.1912,360.66232,660740.7466,5258796.2762,83.0
83.0,2011,24273.0,25.0,1300643.0,100.0,0.0,8.192301,0.060973715,3820.5266,232.9517,660740.7466,5258796.2762,83.0
83.0,2012,24273.0,25.0,1300643.0,100.0,0.0,8.286529,0.023960365,4198.0312,100.58636,660740.7466,5258796.2762,83.0
83.0,2013,24273.0,25.0,1300643.0,100.0,0.0,8.357618,0.032785565,4507.331,147.77539,660740.7466,5258796.2762,83.0
83.0,2014,24273.0,25.0,1300643.0,100.0,0.0,8.351087,0.069638565,4477.9893,311.84076,660740.7466,5258796.2762,83.0
83.0,2015,24273.0,25.0,1300643.0,100.0,0.0,8.454657,0.091553785,4966.641,454.7148,660740.7466,5258796.2762,83.0
83.0,2016,24273.0,25.0,1300643.0,100.0,0.0,8.490044,0.07706007,5145.543,396.5159,660740.7466,5258796.2762,83.0
83.0,2017,24273.0,25.0,1300643.0,100.0,0.0,8.540206,0.059169743,5410.238,320.12238,660740.7466,5258796.2762,83.0
83.0,2018,24273.0,25.0,1300643.0,100.0,0.0,8.634796,0.07480586,5946.978,444.86884,660740.7466,5258796.2762,83.0
83.0,2019,24273.0,25.0,1300643.0,100.0,0.0,8.7150755,0.0486672,6444.0815,313.61542,660740.7466,5258796.2762,83.0
83.0,2020,24273.0,25.0,1300643.0,100.0,0.0,8.917988,0.09241008,7893.777,729.4646,660740.7466,5258796.2762,83.0
83.0,2021,24273.0,25.0,1300643.0,100.0,0.0,9.04024,0.05550414,8920.278,495.1124,660740.7466,5258796.2762,83.0
83.0,2022,24273.0,25.0,1300643.0,100.0,0.0,9.104223,0.04728084,9509.684,449.62585,660740.7466,5258796.2762,83.0
83.0,2023,24273.0,25.0,1300643.0,100.0,0.0,9.094625,0.029926307,9418.844,281.87122,660740.7466,5258796.2762,83.0
83.0,2024,24273.0,25.0,1300643.0,100.0,0.0,9.047604,0.05257718,8986.203,472.46924,660740.7466,5258796.2762,83.0
83.0,2025,24273.0,25.0,1300643.0,100.0,0.0,9.104347,0.057051722,9510.857,542.6108,660740.7466,5258796.2762,83.0
87.0,2007,68222.0,25.0,1870433.0,100.0,0.0,7.5866647,0.00085432106,2064.3403,1.7636095,732596.2532,5380788.6824,87.0
87.0,2008,68222.0,25.0,1870433.0,100.0,0.0,7.563206,0.0065586637,2016.4775,13.225398,732596.2532,5380788.6824,87.0
87.0,2009,68222.0,25.0,1870433.0,100.0,0.0,7.526453,0.0065460433,1943.7113,12.723618,732596.2532,5380788.6824,87.0
87.0,2010,68222.0,25.0,1870433.0,100.0,0.0,7.5648246,0.0142531665,2019.7437,28.787743,732596.2532,5380788.6824,87.0
87.0,2011,68222.0,25.0,1870433.0,100.0,0.0,7.565884,0.010287948,2021.8846,20.801044,732596.2532,5380788.6824,87.0
87.0,2012,68222.0,25.0,1870433.0,100.0,0.0,7.692253,0.0035374453,2294.2349,8.11573,732596.2532,5380788.6824,87.0
87.0,2013,68222.0,25.0,1870433.0,100.0,0.0,7.794724,0.00971424,2541.7932,24.69159,732596.2532,5380788.6824,87.0
87.0,2014,68222.0,25.0,1870433.0,100.0,0.0,7.856092,0.011241849,2702.6643,30.382944,732596.2532,5380788.6824,87.0
87.0,2015,68222.0,25.0,1870433.0,100.0,0.0,7.966912,0.033037648,3019.3984,99.75382,732596.2532,5380788.6824,87.0
87.0,2016,68222.0,25.0,1870433.0,100.0,0.0,8.083158,0.034771677,3391.606,117.93182,732596.2532,5380788.6824,87.0
87.0,2017,68222.0,25.0,1870433.0,100.0,0.0,8.1601715,0.034312677,3663.1267,125.69167,732596.2532,5380788.6824,87.0
87.0,2018,68222.0,25.0,1870433.0,100.0,0.0,8.23804,0.031905334,3959.77,126.33779,732596.2532,5380788.6824,87.0
87.0,2019,68222.0,25.0,1870433.0,100.0,0.0,8.303435,0.0133008715,4227.375,56.227776,732596.2532,5380788.6824,87.0
87.0,2020,68222.0,25.0,1870433.0,100.0,0.0,8.356293,0.017888676,4456.836,79.72689,732596.2532,5380788.6824,87.0
87.0,2021,68222.0,25.0,1870433.0,100.0,0.0,8.468053,0.020404479,4983.8325,101.6925,732596.2532,5380788.6824,87.0
87.0,2022,68222.0,25.0,1870433.0,100.0,0.0,8.48025,0.018308567,5044.9927,92.366585,732596.2532,5380788.6824,87.0
87.0,2023,68222.0,25.0,1870433.0,100.0,0.0,8.47596,0.003970169,5023.395,19.943726,732596.2532,5380788.6824,87.0
87.0,2024,68222.0,25.0,1870433.0,100.0,0.0,8.423752,0.005253866,4767.863,25.049711,732596.2532,5380788.6824,87.0
87.0,2025,68222.0,25.0,1870433.0,100.0,0.0,8.44165,0.016708571,4853.967,81.102844,732596.2532,5380788.6824,87.0
86.0,2007,63264.0,25.0,353433.0,100.0,0.0,7.2909813,0.006635128,1574.1267,10.444532,825581.0723,5390416.6288,86.0
86.0,2008,63264.0,25.0,353433.0,100.0,0.0,7.2404585,0.000102579834,1496.5732,0.15351823,825581.0723,5390416.6288,86.0
86.0,2009,63264.0,25.0,353433.0,100.0,0.0,7.1621885,0.0040717362,1383.9037,5.6348906,825581.0723,5390416.6288,86.0
86.0,2010,63264.0,25.0,353433.0,100.0,0.0,7.214748,0.008697735,1458.5857,12.686393,825581.0723,5390416.6288,86.0
86.0,2011,63264.0,25.0,353433.0,100.0,0.0,7.2425528,0.010672769,1499.7104,16.006063,825581.0723,5390416.6288,86.0
86.0,2012,63264.0,25.0,353433.0,100.0,0.0,7.2766137,0.0072659785,1551.672,11.274416,825581.0723,5390416.6288,86.0
86.0,2013,63264.0,25.0,353433.0,100.0,0.0,7.368883,0.023274649,1701.6572,39.605476,825581.0723,5390416.6288,86.0
86.0,2014,63264.0,25.0,353433.0,100.0,0.0,7.436179,0.0043132757,1820.113,7.850649,825581.0723,5390416.6288,86.0
86.0,2015,63264.0,25.0,353433.0,100.0,0.0,7.548708,0.01890702,2036.8972,38.511654,825581.0723,5390416.6288,86.0
86.0,2016,63264.0,25.0,353433.0,100.0,0.0,7.738018,0.036427256,2461.4172,89.662674,825581.0723,5390416.6288,86.0
86.0,2017,63264.0,25.0,353433.0,100.0,0.0,7.7436895,0.018217469,2475.4177,45.09584,825581.0723,5390416.6288,86.0
86.0,2018,63264.0,25.0,353433.0,100.0,0.0,7.837496,0.043808877,2718.8667,119.110504,825581.0723,5390416.6288,86.0
86.0,2019,63264.0,25.0,353433.0,100.0,0.0,7.9378786,0.0004262767,3005.9631,1.2813721,825581.0723,5390416.6288,86.0
86.0,2020,63264.0,25.0,353433.0,100.0,0.0,8.120596,0.0019001256,3608.5852,6.8567653,825581.0723,5390416.6288,86.0
86.0,2021,63264.0,25.0,353433.0,100.0,0.0,8.170194,0.029357651,3792.0728,111.32635,825581.0723,5390416.6288,86.0
86.0,2022,63264.0,25.0,353433.0,100.0,0.0,8.240204,0.00017983127,4067.0723,0.73138684,825581.0723,5390416.6288,86.0
86.0,2023,63264.0,25.0,353433.0,100.0,0.0,8.096275,0.0030603665,3521.881,10.778247,825581.0723,5390416.6288,86.0
86.0,2024,63264.0,25.0,353433.0,100.0,0.0,8.148364,0.0020157914,3710.191,7.4789705,825581.0723,5390416.6288,86.0
86.0,2025,63264.0,25.0,353433.0,100.0,0.0,8.093612,0.022635952,3512.5115,79.50904,825581.0723,5390416.6288,86.0
84.0,2007,44133.0,25.0,519702.0,100.0,0.0,7.293085,0.0017271783,1581.3845,2.731333,791699.2599,5416996.4561,84.0
84.0,2008,44133.0,25.0,519702.0,100.0,0.0,7.351226,0.010666619,1676.0521,17.87781,791699.2599,5416996.4561,84.0
84.0,2009,44133.0,25.0,519702.0,100.0,0.0,7.3110456,0.015197177,1610.0432,24.468113,791699.2599,5416996.4561,84.0
84.0,2010,44133.0,25.0,519702.0,100.0,0.0,7.296461,0.03647054,1586.7317,57.86896,791699.2599,5416996.4561,84.0
84.0,2011,44133.0,25.0,519702.0,100.0,0.0,7.2638683,0.047481682,1535.8496,72.92473,791699.2599,5416996.4561,84.0
84.0,2012,44133.0,25.0,519702.0,100.0,0.0,7.3634143,0.05961271,1696.6062,101.1393,791699.2599,5416996.4561,84.0
84.0,2013,44133.0,25.0,519702.0,100.0,0.0,7.442918,0.055035785,1836.9985,101.100655,791699.2599,5416996.4561,84.0
84.0,2014,44133.0,25.0,519702.0,100.0,0.0,7.522137,0.043024346,1988.4445,85.55152,791699.2599,5416996.4561,84.0
84.0,2015,44133.0,25.0,519702.0,100.0,0.0,7.632752,0.0504675,2221.0222,112.08944,791699.2599,5416996.4561,84.0
84.0,2016,44133.0,25.0,519702.0,100.0,0.0,7.6838994,0.034811616,2337.577,81.37483,791699.2599,5416996.4561,84.0
84.0,2017,44133.0,25.0,519702.0,100.0,0.0,7.84048,0.08818538,2733.8076,241.08186,791699.2599,5416996.4561,84.0
84.0,2018,44133.0,25.0,519702.0,100.0,0.0,7.9150524,0.04009508,2945.4678,118.09876,791699.2599,5416996.4561,84.0
84.0,2019,44133.0,25.0,519702.0,100.0,0.0,8.081592,0.04587332,3479.216,159.6032,791699.2599,5416996.4561,84.0
84.0,2020,44133.0,25.0,519702.0,100.0,0.0,8.053167,0.026521763,3381.7139,89.68901,791699.2599,5416996.4561,84.0
84.0,2021,44133.0,25.0,519702.0,100.0,0.0,8.137095,0.044780884,3677.7869,164.69455,791699.2599,5416996.4561,84.0
84.0,2022,44133.0,25.0,519702.0,100.0,0.0,8.198465,0.008952843,3910.5623,35.01065,791699.2599,5416996.4561,84.0
84.0,2023,44133.0,25.0,519702.0,100.0,0.0,8.166681,0.0019948198,3788.2224,7.5568213,791699.2599,5416996.4561,84.0
84.0,2024,44133.0,25.0,519702.0,100.0,0.0,8.099636,0.012897812,3542.567,45.69136,791699.2599,5416996.4561,84.0
84.0,2025,44133.0,25.0,519702.0,100.0,0.0,8.11086,0.0074796453,3582.5525,26.796223,791699.2599,5416996.4561,84.0
85.0,2007,32576.0,25.0,268473.0,100.0,0.0,6.844962,0.012256238,1023.1008,12.539367,833466.115,5417216.8717,85.0
85.0,2008,32576.0,25.0,268473.0,100.0,0.0,6.815054,0.042374045,992.95496,42.075516,833466.115,5417216.8717,85.0
85.0,2009,32576.0,25.0,268473.0,100.0,0.0,6.748837,0.04578382,929.3342,42.54847,833466.115,5417216.8717,85.0
85.0,2010,32576.0,25.0,268473.0,100.0,0.0,6.8055463,0.0160119,983.55927,15.748652,833466.115,5417216.8717,85.0
85.0,2011,32576.0,25.0,268473.0,100.0,0.0,6.8973374,0.0118673155,1078.1143,12.794323,833466.115,5417216.8717,85.0
85.0,2012,32576.0,25.0,268473.0,100.0,0.0,6.859928,0.029326327,1038.5277,30.456205,833466.115,5417216.8717,85.0
85.0,2013,32576.0,25.0,268473.0,100.0,0.0,6.8335567,0.048862625,1011.49835,49.424465,833466.115,5417216.8717,85.0
85.0,2014,32576.0,25.0,268473.0,100.0,0.0,6.8368244,0.083080806,1014.8093,84.31117,833466.115,5417216.8717,85.0
85.0,2015,32576.0,25.0,268473.0,100.0,0.0,6.825302,0.14518952,1003.1832,145.6517,833466.115,5417216.8717,85.0
85.0,2016,32576.0,25.0,268473.0,100.0,0.0,6.965868,0.017465685,1154.5885,20.16568,833466.115,5417216.8717,85.0
85.0,2017,32576.0,25.0,268473.0,100.0,0.0,7.0392566,0.035417974,1242.5088,44.007145,833466.115,5417216.8717,85.0
85.0,2018,32576.0,25.0,268473.0,100.0,0.0,7.161097,0.025139617,1403.506,35.283604,833466.115,5417216.8717,85.0
85.0,2019,32576.0,25.0,268473.0,100.0,0.0,7.321691,0.05017136,1648.0076,82.682785,833466.115,5417216.8717,85.0
85.0,2020,32576.0,25.0,268473.0,100.0,0.0,7.4067116,0.11812182,1794.2516,211.94026,833466.115,5417216.8717,85.0
85.0,2021,32576.0,25.0,268473.0,100.0,0.0,7.5525813,0.102165215,2076.0303,212.09808,833466.115,5417216.8717,85.0
85.0,2022,32576.0,25.0,268473.0,100.0,0.0,7.537374,0.028835129,2044.6984,58.959145,833466.115,5417216.8717,85.0
85.0,2023,32576.0,25.0,268473.0,100.0,0.0,7.328467,0.015530715,1659.2128,25.768759,833466.115,5417216.8717,85.0
85.0,2024,32576.0,25.0,268473.0,100.0,0.0,7.505306,0.03640562,1980.1683,72.08926,833466.115,5417216.8717,85.0
85.0,2025,32576.0,25.0,268473.0,100.0,0.0,7.5927005,0.0067093577,2161.012,14.499002,833466.115,5417216.8717,85.0
90.0,2007,109552.0,25.0,1119204.0,100.0,0.0,7.648961,0.02018055,2202.6416,44.450516,727684.4513,5433577.3293,90.0
90.0,2008,109552.0,25.0,1119204.0,100.0,0.0,7.6782784,0.018370649,2268.1726,41.6678,727684.4513,5433577.3293,90.0
90.0,2009,109552.0,25.0,1119204.0,100.0,0.0,7.6801796,0.031496793,2272.4897,71.57614,727684.4513,5433577.3293,90.0
90.0,2010,109552.0,25.0,1119204.0,100.0,0.0,7.7112513,0.03354968,2344.2078,78.64742,727684.4513,5433577.3293,90.0
90.0,2011,109552.0,25.0,1119204.0,100.0,0.0,7.7992244,0.045430753,2559.7776,116.29262,727684.4513,5433577.3293,90.0
90.0,2012,109552.0,25.0,1119204.0,100.0,0.0,7.8890853,0.05499595,2800.454,154.01363,727684.4513,5433577.3293,90.0
90.0,2013,109552.0,25.0,1119204.0,100.0,0.0,8.02285,0.04352035,3201.265,139.32018,727684.4513,5433577.3293,90.0
90.0,2014,109552.0,25.0,1119204.0,100.0,0.0,8.057881,0.060541783,3315.3984,200.72014,727684.4513,5433577.3293,90.0
90.0,2015,109552.0,25.0,1119204.0,100.0,0.0,8.121029,0.022697853,3531.5085,80.15767,727684.4513,5433577.3293,90.0
90.0,2016,109552.0,25.0,1119204.0,100.0,0.0,8.195693,0.029580848,3805.2773,112.56333,727684.4513,5433577.3293,90.0
90.0,2017,109552.0,25.0,1119204.0,100.0,0.0,8.314595,0.04338367,4285.732,185.93077,727684.4513,5433577.3293,90.0
90.0,2018,109552.0,25.0,1119204.0,100.0,0.0,8.305872,0.041855384,4248.511,177.82306,727684.4513,5433577.3293,90.0
90.0,2019,109552.0,25.0,1119204.0,100.0,0.0,8.363743,0.050455965,4501.6294,227.13405,727684.4513,5433577.3293,90.0
90.0,2020,109552.0,25.0,1119204.0,100.0,0.0,8.438816,0.050097536,4852.587,243.10265,727684.4513,5433577.3293,90.0
90.0,2021,109552.0,25.0,1119204.0,100.0,0.0,8.541685,0.04092828,5378.3486,220.12656,727684.4513,5433577.3293,90.0
90.0,2022,109552.0,25.0,1119204.0,100.0,0.0,8.615111,0.039622627,5788.121,229.34056,727684.4513,5433577.3293,90.0
90.0,2023,109552.0,25.0,1119204.0,100.0,0.0,8.532035,0.05477695,5326.6934,291.78003,727684.4513,5433577.3293,90.0
90.0,2024,109552.0,25.0,1119204.0,100.0,0.0,8.518931,0.046768907,5257.355,245.88077,727684.4513,5433577.3293,90.0
90.0,2025,109552.0,25.0,1119204.0,100.0,0.0,8.566847,0.04419599,5515.3945,243.75832,727684.4513,5433577.3293,90.0
89.0,2007,23182.0,25.0,910046.0,100.0,0.0,7.297207,0.007455529,1615.7859,12.046539,728389.255,5507981.5182,89.0
89.0,2008,23182.0,25.0,910046.0,100.0,0.0,7.344263,0.025206251,1693.6357,42.69021,728389.255,5507981.5182,89.0
89.0,2009,23182.0,25.0,910046.0,100.0,0.0,7.156167,0.033224955,1403.2367,46.622475,728389.255,5507981.5182,89.0
89.0,2010,23182.0,25.0,910046.0,100.0,0.0,7.1647415,0.073766544,1415.3208,104.40332,728389.255,5507981.5182,89.0
89.0,2011,23182.0,25.0,910046.0,100.0,0.0,7.314616,0.018733928,1644.1619,30.80161,728389.255,5507981.5182,89.0
89.0,2012,23182.0,25.0,910046.0,100.0,0.0,7.314371,0.024528757,1643.7587,40.319355,728389.255,5507981.5182,89.0
89.0,2013,23182.0,25.0,910046.0,100.0,0.0,7.237029,0.020198522,1521.4188,30.730412,728389.255,5507981.5182,89.0
89.0,2014,23182.0,25.0,910046.0,100.0,0.0,7.300612,0.009321625,1621.2974,15.113127,728389.255,5507981.5182,89.0
89.0,2015,23182.0,25.0,910046.0,100.0,0.0,7.289641,0.03664899,1603.6066,58.77056,728389.255,5507981.5182,89.0
89.0,2016,23182.0,25.0,910046.0,100.0,0.0,7.311794,0.060899373,1639.5278,99.846214,728389.255,5507981.5182,89.0
89.0,2017,23182.0,25.0,910046.0,100.0,0.0,7.253475,0.058269847,1546.6473,90.1229,728389.255,5507981.5182,89.0
89.0,2018,23182.0,25.0,910046.0,100.0,0.0,7.3866076,0.011350775,1766.8923,20.0556,728389.255,5507981.5182,89.0
89.0,2019,23182.0,25.0,910046.0,100.0,0.0,7.5443993,0.057753596,2068.8928,119.486,728389.255,5507981.5182,89.0
89.0,2020,23182.0,25.0,910046.0,100.0,0.0,7.718458,0.0033066426,2462.243,8.141758,728389.255,5507981.5182,89.0
89.0,2021,23182.0,25.0,910046.0,100.0,0.0,7.7875447,0.047913037,2638.365,126.41207,728389.255,5507981.5182,89.0
89.0,2022,23182.0,25.0,910046.0,100.0,0.0,7.838779,0.019597722,2777.062,54.424088,728389.255,5507981.5182,89.0
89.0,2023,23182.0,25.0,910046.0,100.0,0.0,7.8142047,0.022171333,2709.6487,60.076523,728389.255,5507981.5182,89.0
89.0,2024,23182.0,25.0,910046.0,100.0,0.0,7.867159,0.031976655,2857.0032,91.35741,728389.255,5507981.5182,89.0
89.0,2025,23182.0,25.0,910046.0,100.0,0.0,7.9427395,0.017153554,3081.307,52.855366,728389.255,5507981.5182,89.0
88.0,2007,23762.0,25.0,525718.0,100.0,0.0,7.1793256,0.03218797,1428.9924,45.996365,766974.8831,5457263.3205,88.0
88.0,2008,23762.0,25.0,525718.0,100.0,0.0,7.202755,0.032335944,1462.8679,47.30322,766974.8831,5457263.3205,88.0
88.0,2009,23762.0,25.0,525718.0,100.0,0.0,7.036378,0.013591854,1238.6493,16.83554,766974.8831,5457263.3205,88.0
88.0,2010,23762.0,25.0,525718.0,100.0,0.0,7.0412927,0.017037913,1244.7523,21.207983,766974.8831,5457263.3205,88.0
88.0,2011,23762.0,25.0,525718.0,100.0,0.0,7.020631,0.07547957,1219.2974,92.032036,766974.8831,5457263.3205,88.0
88.0,2012,23762.0,25.0,525718.0,100.0,0.0,7.0056543,0.06905958,1201.1727,82.95248,766974.8831,5457263.3205,88.0
88.0,2013,23762.0,25.0,525718.0,100.0,0.0,7.1894717,0.13475136,1443.5646,194.52231,766974.8831,5457263.3205,88.0
88.0,2014,23762.0,25.0,525718.0,100.0,0.0,7.0291877,0.17591609,1229.7751,216.33722,766974.8831,5457263.3205,88.0
88.0,2015,23762.0,25.0,525718.0,100.0,0.0,7.2395816,0.15692711,1517.7449,238.1753,766974.8831,5457263.3205,88.0
88.0,2016,23762.0,25.0,525718.0,100.0,0.0,7.403789,0.111514166,1788.5994,199.45416,766974.8831,5457263.3205,88.0
88.0,2017,23762.0,25.0,525718.0,100.0,0.0,7.412571,0.06231445,1804.376,112.4387,766974.8831,5457263.3205,88.0
88.0,2018,23762.0,25.0,525718.0,100.0,0.0,7.4416184,0.06862091,1857.5571,127.46727,766974.8831,5457263.3205,88.0
88.0,2019,23762.0,25.0,525718.0,100.0,0.0,7.5251245,0.0031235002,2019.3353,6.3073945,766974.8831,5457263.3205,88.0
88.0,2020,23762.0,25.0,525718.0,100.0,0.0,7.836258,0.07776104,2756.3345,214.33543,766974.8831,5457263.3205,88.0
88.0,2021,23762.0,25.0,525718.0,100.0,0.0,7.574546,0.0061413483,2121.6409,13.029736,766974.8831,5457263.3205,88.0
88.0,2022,23762.0,25.0,525718.0,100.0,0.0,7.781419,0.043915942,2609.249,114.58763,766974.8831,5457263.3205,88.0
88.0,2023,23762.0,25.0,525718.0,100.0,0.0,7.7024336,0.068835765,2411.0864,165.969,766974.8831,5457263.3205,88.0
88.0,2024,23762.0,25.0,525718.0,100.0,0.0,7.779427,0.10446016,2604.0579,272.0203,766974.8831,5457263.3205,88.0
88.0,2025,23762.0,25.0,525718.0,100.0,0.0,7.7487936,0.059976447,2525.4958,151.47028,766974.8831,5457263.3205,88.0
91.0,2007,72355.0,25.0,1081214.0,100.0,0.0,7.4904623,0.014262787,1915.3295,27.317936,636405.4537,5527820.3132,91.0
91.0,2008,72355.0,25.0,1081214.0,100.0,0.0,7.457172,0.0067413216,1852.6171,12.489087,636405.4537,5527820.3132,91.0
91.0,2009,72355.0,25.0,1081214.0,100.0,0.0,7.4104686,0.03157152,1768.0834,55.82108,636405.4537,5527820.3132,91.0
91.0,2010,72355.0,25.0,1081214.0,100.0,0.0,7.4404488,0.057027068,1821.893,103.89722,636405.4537,5527820.3132,91.0
91.0,2011,72355.0,25.0,1081214.0,100.0,0.0,7.4721675,0.04867613,1880.6075,91.54069,636405.4537,5527820.3132,91.0
91.0,2012,72355.0,25.0,1081214.0,100.0,0.0,7.5070004,0.051886547,1947.2694,101.03709,636405.4537,5527820.3132,91.0
91.0,2013,72355.0,25.0,1081214.0,100.0,0.0,7.676333,0.058026705,2306.5676,133.84253,636405.4537,5527820.3132,91.0
91.0,2014,72355.0,25.0,1081214.0,100.0,0.0,7.666741,0.0701025,2284.5483,160.15256,636405.4537,5527820.3132,91.0
91.0,2015,72355.0,25.0,1081214.0,100.0,0.0,7.675854,0.095168866,2305.4626,219.40826,636405.4537,5527820.3132,91.0
91.0,2016,72355.0,25.0,1081214.0,100.0,0.0,7.701898,0.12938635,2366.2957,306.16635,636405.4537,5527820.3132,91.0
91.0,2017,72355.0,25.0,1081214.0,100.0,0.0,7.7627344,0.09052325,2514.721,227.64072,636405.4537,5527820.3132,91.0
91.0,2018,72355.0,25.0,1081214.0,100.0,0.0,7.852945,0.12451241,2752.1223,342.6734,636405.4537,5527820.3132,91.0
91.0,2019,72355.0,25.0,1081214.0,100.0,0.0,7.938268,0.07122371,2997.251,213.47533,636405.4537,5527820.3132,91.0
91.0,2020,72355.0,25.0,1081214.0,100.0,0.0,8.091459,0.07440749,3493.4385,259.938,636405.4537,5527820.3132,91.0
91.0,2021,72355.0,25.0,1081214.0,100.0,0.0,8.104036,0.079498,3537.6545,281.23645,636405.4537,5527820.3132,91.0
91.0,2022,72355.0,25.0,1081214.0,100.0,0.0,8.116526,0.04886397,3582.1147,175.03635,636405.4537,5527820.3132,91.0
91.0,2023,72355.0,25.0,1081214.0,100.0,0.0,8.235841,0.062099855,4036.058,250.63863,636405.4537,5527820.3132,91.0
91.0,2024,72355.0,25.0,1081214.0,100.0,0.0,8.14186,0.086118914,3674.0237,316.40292,636405.4537,5527820.3132,91.0
91.0,2025,72355.0,25.0,1081214.0,100.0,0.0,8.151892,0.0034643917,3711.0662,12.856586,636405.4537,5527820.3132,91.0
92.0,2007,59249.0,25.0,979748.0,100.0,0.0,7.306057,0.004616485,1627.8281,7.5148435,685517.9544,5534897.7302,92.0
92.0,2008,59249.0,25.0,979748.0,100.0,0.0,7.325919,0.002433449,1660.4829,4.0407004,685517.9544,5534897.7302,92.0
92.0,2009,59249.0,25.0,979748.0,100.0,0.0,7.248896,0.013434995,1537.389,20.654814,685517.9544,5534897.7302,92.0
92.0,2010,59249.0,25.0,979748.0,100.0,0.0,7.2838798,0.018776558,1592.1243,29.894615,685517.9544,5534897.7302,92.0
92.0,2011,59249.0,25.0,979748.0,100.0,0.0,7.3194203,0.046310592,1649.7267,76.39982,685517.9544,5534897.7302,92.0
92.0,2012,59249.0,25.0,979748.0,100.0,0.0,7.390915,0.054932017,1771.992,97.33909,685517.9544,5534897.7302,92.0
92.0,2013,59249.0,25.0,979748.0,100.0,0.0,7.530247,0.0740302,2036.9158,150.79327,685517.9544,5534897.7302,92.0
92.0,2014,59249.0,25.0,979748.0,100.0,0.0,7.5735707,0.044307776,2127.101,94.24711,685517.9544,5534897.7302,92.0
92.0,2015,59249.0,25.0,979748.0,100.0,0.0,7.5625696,0.052627854,2103.8289,110.72,685517.9544,5534897.7302,92.0
92.0,2016,59249.0,25.0,979748.0,100.0,0.0,7.6548295,0.04824416,2307.164,111.30719,685517.9544,5534897.7302,92.0
92.0,2017,59249.0,25.0,979748.0,100.0,0.0,7.6650906,0.059765257,2330.9597,139.3104,685517.9544,5534897.7302,92.0
92.0,2018,59249.0,25.0,979748.0,100.0,0.0,7.705442,0.087160274,2426.941,211.53285,685517.9544,5534897.7302,92.0
92.0,2019,59249.0,25.0,979748.0,100.0,0.0,7.9239373,0.08340059,3019.6077,251.83708,685517.9544,5534897.7302,92.0
92.0,2020,59249.0,25.0,979748.0,100.0,0.0,7.9120536,0.076880425,2983.936,229.40627,685517.9544,5534897.7302,92.0
92.0,2021,59249.0,25.0,979748.0,100.0,0.0,8.033024,0.10407097,3367.6438,350.47394,685517.9544,5534897.7302,92.0
92.0,2022,59249.0,25.0,979748.0,100.0,0.0,8.141099,0.0881302,3751.9973,330.66428,685517.9544,5534897.7302,92.0
92.0,2023,59249.0,25.0,979748.0,100.0,0.0,8.127147,0.052760724,3700.0142,195.21542,685517.9544,5534897.7302,92.0
92.0,2024,59249.0,25.0,979748.0,100.0,0.0,8.083362,0.024020541,3541.5017,85.06879,685517.9544,5534897.7302,92.0
92.0,2025,59249.0,25.0,979748.0,100.0,0.0,8.079104,0.023568673,3526.4578,83.11394,685517.9544,5534897.7302,92.0
93.0,2007,55337.0,25.0,1126450.0,100.0,0.0,7.2564735,0.020042576,1565.8593,31.383856,640008.7097,5569824.8357,93.0
93.0,2008,55337.0,25.0,1126450.0,100.0,0.0,7.164923,0.02165548,1428.8711,30.942886,640008.7097,5569824.8357,93.0
93.0,2009,55337.0,25.0,1126450.0,100.0,0.0,7.051237,0.010017807,1275.3214,12.775924,640008.7097,5569824.8357,93.0
93.0,2010,55337.0,25.0,1126450.0,100.0,0.0,7.043709,0.026767287,1265.7567,33.880875,640008.7097,5569824.8357,93.0
93.0,2011,55337.0,25.0,1126450.0,100.0,0.0,7.1634984,0.021548554,1426.8367,30.746267,640008.7097,5569824.8357,93.0
93.0,2012,55337.0,25.0,1126450.0,100.0,0.0,7.2624006,0.009587981,1575.168,15.10268,640008.7097,5569824.8357,93.0
93.0,2013,55337.0,25.0,1126450.0,100.0,0.0,7.237265,0.022483904,1536.0691,34.53683,640008.7097,5569824.8357,93.0
93.0,2014,55337.0,25.0,1126450.0,100.0,0.0,7.260583,0.030037574,1572.3075,47.228302,640008.7097,5569824.8357,93.0
93.0,2015,55337.0,25.0,1126450.0,100.0,0.0,7.3805532,0.020954257,1772.7192,37.146015,640008.7097,5569824.8357,93.0
93.0,2016,55337.0,25.0,1126450.0,100.0,0.0,7.430385,0.012810842,1863.2954,23.870382,640008.7097,5569824.8357,93.0
93.0,2017,55337.0,25.0,1126450.0,100.0,0.0,7.556688,0.059943475,2114.142,126.72902,640008.7097,5569824.8357,93.0
93.0,2018,55337.0,25.0,1126450.0,100.0,0.0,7.517604,0.011368264,2033.1066,23.112892,640008.7097,5569824.8357,93.0
93.0,2019,55337.0,25.0,1126450.0,100.0,0.0,7.5208416,0.0218513,2039.7006,44.570107,640008.7097,5569824.8357,93.0
93.0,2020,55337.0,25.0,1126450.0,100.0,0.0,7.5580974,0.04783614,2117.1243,101.275055,640008.7097,5569824.8357,93.0
93.0,2021,55337.0,25.0,1126450.0,100.0,0.0,7.6847224,0.046603728,2402.918,111.98494,640008.7097,5569824.8357,93.0
93.0,2022,55337.0,25.0,1126450.0,100.0,0.0,7.806737,0.02671498,2714.745,72.52436,640008.7097,5569824.8357,93.0
93.0,2023,55337.0,25.0,1126450.0,100.0,0.0,7.8220935,0.014116668,2756.7559,38.916206,640008.7097,5569824.8357,93.0
93.0,2024,55337.0,25.0,1126450.0,100.0,0.0,7.876947,0.0022884558,2912.1975,6.664436,640008.7097,5569824.8357,93.0
93.0,2025,55337.0,25.0,1126450.0,100.0,0.0,7.8038254,0.031825546,2706.8525,86.14706,640008.7097,5569824.8357,93.0
94.0,2007,62639.0,25.0,975194.0,100.0,0.0,7.116782,0.059071463,1403.7959,82.92428,706280.1671,5577201.98,94.0
94.0,2008,62639.0,25.0,975194.0,100.0,0.0,6.9324927,0.049981344,1167.5303,58.354733,706280.1671,5577201.98,94.0
94.0,2009,62639.0,25.0,975194.0,100.0,0.0,6.8668976,0.052131083,1093.4034,57.000305,706280.1671,5577201.98,94.0
94.0,2010,62639.0,25.0,975194.0,100.0,0.0,6.9669013,0.087761134,1208.4025,106.05077,706280.1671,5577201.98,94.0
94.0,2011,62639.0,25.0,975194.0,100.0,0.0,6.893847,0.042856704,1123.2706,48.13968,706280.1671,5577201.98,94.0
94.0,2012,62639.0,25.0,975194.0,100.0,0.0,6.7690043,0.06865803,991.4392,68.07027,706280.1671,5577201.98,94.0
94.0,2013,62639.0,25.0,975194.0,100.0,0.0,6.796318,0.0366156,1018.8921,37.307343,706280.1671,5577201.98,94.0
94.0,2014,62639.0,25.0,975194.0,100.0,0.0,6.732139,0.010630002,955.5548,10.157549,706280.1671,5577201.98,94.0
94.0,2015,62639.0,25.0,975194.0,100.0,0.0,6.731514,0.09308031,954.9578,88.88777,706280.1671,5577201.98,94.0
94.0,2016,62639.0,25.0,975194.0,100.0,0.0,6.795262,0.10599316,1017.8163,107.88156,706280.1671,5577201.98,94.0
94.0,2017,62639.0,25.0,975194.0,100.0,0.0,6.868272,0.10655724,1094.9073,116.67031,706280.1671,5577201.98,94.0
94.0,2018,62639.0,25.0,975194.0,100.0,0.0,6.991104,0.07755488,1238.0056,96.01338,706280.1671,5577201.98,94.0
94.0,2019,62639.0,25.0,975194.0,100.0,0.0,7.1377954,0.0077988473,1433.6063,11.180477,706280.1671,5577201.98,94.0
94.0,2020,62639.0,25.0,975194.0,100.0,0.0,7.0373487,0.018801937,1296.6017,24.378624,706280.1671,5577201.98,94.0
94.0,2021,62639.0,25.0,975194.0,100.0,0.0,7.223333,0.014499604,1561.6309,22.643028,706280.1671,5577201.98,94.0
94.0,2022,62639.0,25.0,975194.0,100.0,0.0,7.433153,0.061094295,1926.2032,117.68003,706280.1671,5577201.98,94.0
94.0,2023,62639.0,25.0,975194.0,100.0,0.0,7.45209,0.005383894,1963.0266,10.5687275,706280.1671,5577201.98,94.0
94.0,2024,62639.0,25.0,975194.0,100.0,0.0,7.518457,0.022516472,2097.7275,47.233425,706280.1671,5577201.98,94.0
94.0,2025,62639.0,25.0,975194.0,100.0,0.0,7.5517716,0.051258903,2168.7903,111.16981,706280.1671,5577201.98,94.0
95.0,2007,62117.0,25.0,1132973.0,100.0,0.0,7.0645924,0.100607365,1309.7505,131.77055,664233.1452,5568847.7707,95.0
95.0,2008,62117.0,25.0,1132973.0,100.0,0.0,7.1657667,0.034895584,1449.1991,50.570644,664233.1452,5568847.7707,95.0
95.0,2009,62117.0,25.0,1132973.0,100.0,0.0,7.0171127,0.05504368,1249.0177,68.75053,664233.1452,5568847.7707,95.0
95.0,2010,62117.0,25.0,1132973.0,100.0,0.0,7.1090336,0.01750211,1369.2704,23.96512,664233.1452,5568847.7707,95.0
95.0,2011,62117.0,25.0,1132973.0,100.0,0.0,6.9732056,0.09033223,1195.3633,107.979836,664233.1452,5568847.7707,95.0
95.0,2012,62117.0,25.0,1132973.0,100.0,0.0,6.852365,0.057955872,1059.3011,61.392727,664233.1452,5568847.7707,95.0
95.0,2013,62117.0,25.0,1132973.0,100.0,0.0,6.7937613,0.0938275,999.0062,93.73426,664233.1452,5568847.7707,95.0
95.0,2014,62117.0,25.0,1132973.0,100.0,0.0,6.7788377,0.107018456,984.2084,105.32846,664233.1452,5568847.7707,95.0
95.0,2015,62117.0,25.0,1132973.0,100.0,0.0,6.7286425,0.08518199,936.02515,79.73248,664233.1452,5568847.7707,95.0
95.0,2016,62117.0,25.0,1132973.0,100.0,0.0,6.641171,0.08128861,857.62836,69.71542,664233.1452,5568847.7707,95.0
95.0,2017,62117.0,25.0,1132973.0,100.0,0.0,6.7129526,0.07757243,921.4537,71.4794,664233.1452,5568847.7707,95.0
95.0,2018,62117.0,25.0,1132973.0,100.0,0.0,6.820059,4.4333512e-05,1025.6262,0.045469612,664233.1452,5568847.7707,95.0
95.0,2019,62117.0,25.0,1132973.0,100.0,0.0,6.74766,0.010791339,953.99634,10.294898,664233.1452,5568847.7707,95.0
95.0,2020,62117.0,25.0,1132973.0,100.0,0.0,7.117485,0.025319872,1380.8921,34.964012,664233.1452,5568847.7707,95.0
95.0,2021,62117.0,25.0,1132973.0,100.0,0.0,7.1865783,0.022085786,1479.6753,32.67979,664233.1452,5568847.7707,95.0
95.0,2022,62117.0,25.0,1132973.0,100.0,0.0,7.2207217,0.00877636,1531.069,13.437213,664233.1452,5568847.7707,95.0
95.0,2023,62117.0,25.0,1132973.0,100.0,0.0,7.272179,0.015256188,1611.916,24.591694,664233.1452,5568847.7707,95.0
95.0,2024,62117.0,25.0,1132973.0,100.0,0.0,7.4027996,0.097238,1836.835,178.61015,664233.1452,5568847.7707,95.0
95.0,2025,62117.0,25.0,1132973.0,100.0,0.0,7.4183803,0.047129657,1865.6786,87.92879,664233.1452,5568847.7707,95.0
98.0,2007,49948.0,25.0,1519981.0,100.0,0.0,7.2682347,0.062990285,1547.9694,97.507034,613700.2653,5461113.9111,98.0
98.0,2008,49948.0,25.0,1519981.0,100.0,0.0,7.27855,0.050632194,1564.0195,79.18974,613700.2653,5461113.9111,98.0
98.0,2009,49948.0,25.0,1519981.0,100.0,0.0,7.278718,0.014525533,1564.2823,22.722034,613700.2653,5461113.9111,98.0
98.0,2010,49948.0,25.0,1519981.0,100.0,0.0,7.1574597,0.014073247,1385.6497,19.500591,613700.2653,5461113.9111,98.0
98.0,2011,49948.0,25.0,1519981.0,100.0,0.0,7.120749,0.0024233852,1335.7036,3.2369244,613700.2653,5461113.9111,98.0
98.0,2012,49948.0,25.0,1519981.0,100.0,0.0,7.0950403,0.04263617,1301.8019,55.50385,613700.2653,5461113.9111,98.0
98.0,2013,49948.0,25.0,1519981.0,100.0,0.0,7.2027698,0.043880552,1449.8773,63.621414,613700.2653,5461113.9111,98.0
98.0,2014,49948.0,25.0,1519981.0,100.0,0.0,7.373374,0.023539048,1719.5857,40.47741,613700.2653,5461113.9111,98.0
98.0,2015,49948.0,25.0,1519981.0,100.0,0.0,7.362703,0.06317128,1701.3329,107.47538,613700.2653,5461113.9111,98.0
98.0,2016,49948.0,25.0,1519981.0,100.0,0.0,7.244468,0.1386053,1511.6133,209.51761,613700.2653,5461113.9111,98.0
98.0,2017,49948.0,25.0,1519981.0,100.0,0.0,7.2228456,0.1674317,1479.2793,247.67824,613700.2653,5461113.9111,98.0
98.0,2018,49948.0,25.0,1519981.0,100.0,0.0,7.3387275,0.154836,1661.028,257.18692,613700.2653,5461113.9111,98.0
98.0,2019,49948.0,25.0,1519981.0,100.0,0.0,7.256082,0.21361041,1529.2714,326.66827,613700.2653,5461113.9111,98.0
98.0,2020,49948.0,25.0,1519981.0,100.0,0.0,7.5842214,0.17801687,2123.213,377.9677,613700.2653,5461113.9111,98.0
98.0,2021,49948.0,25.0,1519981.0,100.0,0.0,7.8493485,0.044462316,2767.8135,123.06339,613700.2653,5461113.9111,98.0
98.0,2022,49948.0,25.0,1519981.0,100.0,0.0,7.9324007,0.084346384,3007.5022,253.67194,613700.2653,5461113.9111,98.0
98.0,2023,49948.0,25.0,1519981.0,100.0,0.0,7.8718,0.016495157,2830.6582,46.69215,613700.2653,5461113.9111,98.0
98.0,2024,49948.0,25.0,1519981.0,100.0,0.0,8.005621,0.06276602,3235.974,203.10922,613700.2653,5461113.9111,98.0
98.0,2025,49948.0,25.0,1519981.0,100.0,0.0,7.985094,0.0038552734,3170.2266,12.22209,613700.2653,5461113.9111,98.0
96.0,2007,327895.0,25.0,1134546.0,100.0,0.0,7.6667523,0.07756996,2263.0195,175.54233,642988.2724,5494072.4635,96.0
96.0,2008,327895.0,25.0,1134546.0,100.0,0.0,7.5960126,0.087972924,2108.4646,185.4878,642988.2724,5494072.4635,96.0
96.0,2009,327895.0,25.0,1134546.0,100.0,0.0,7.6008186,0.13089353,2118.6223,277.31393,642988.2724,5494072.4635,96.0
96.0,2010,327895.0,25.0,1134546.0,100.0,0.0,7.6644,0.06874072,2257.702,155.19606,642988.2724,5494072.4635,96.0
96.0,2011,327895.0,25.0,1134546.0,100.0,0.0,7.7528124,0.07679135,2466.401,189.39825,642988.2724,5494072.4635,96.0
96.0,2012,327895.0,25.0,1134546.0,100.0,0.0,7.803672,0.032984506,2595.0847,85.59759,642988.2724,5494072.4635,96.0
96.0,2013,327895.0,25.0,1134546.0,100.0,0.0,7.9160523,0.047524862,2903.7415,137.99991,642988.2724,5494072.4635,96.0
96.0,2014,327895.0,25.0,1134546.0,100.0,0.0,8.0602865,0.025133783,3354.2708,84.30551,642988.2724,5494072.4635,96.0
96.0,2015,327895.0,25.0,1134546.0,100.0,0.0,8.163658,0.108798176,3719.5598,404.6813,642988.2724,5494072.4635,96.0
96.0,2016,327895.0,25.0,1134546.0,100.0,0.0,8.089955,0.03019241,3455.279,104.323204,642988.2724,5494072.4635,96.0
96.0,2017,327895.0,25.0,1134546.0,100.0,0.0,8.170074,0.04696247,3743.5054,175.80426,642988.2724,5494072.4635,96.0
96.0,2018,327895.0,25.0,1134546.0,100.0,0.0,8.264619,0.032001432,4114.7007,131.67633,642988.2724,5494072.4635,96.0
96.0,2019,327895.0,25.0,1134546.0,100.0,0.0,8.410115,0.020328904,4759.121,96.74771,642988.2724,5494072.4635,96.0
96.0,2020,327895.0,25.0,1134546.0,100.0,0.0,8.45881,0.07491565,4996.5967,374.32327,642988.2724,5494072.4635,96.0
96.0,2021,327895.0,25.0,1134546.0,100.0,0.0,8.528154,0.047596492,5355.38,254.8973,642988.2724,5494072.4635,96.0
96.0,2022,327895.0,25.0,1134546.0,100.0,0.0,8.568398,0.049391426,5575.3003,275.37204,642988.2724,5494072.4635,96.0
96.0,2023,327895.0,25.0,1134546.0,100.0,0.0,8.510537,0.025427388,5261.863,133.79543,642988.2724,5494072.4635,96.0
96.0,2024,327895.0,25.0,1134546.0,100.0,0.0,8.416087,0.002237096,4787.628,10.710383,642988.2724,5494072.4635,96.0
96.0,2025,327895.0,25.0,1134546.0,100.0,0.0,8.424807,0.012326928,4829.555,59.53358,642988.2724,5494072.4635,96.0
97.0,2007,353586.0,25.0,1197623.0,100.0,0.0,7.4707923,0.01583873,1856.7379,29.40837,653724.6442,5477275.6114,97.0
97.0,2008,353586.0,25.0,1197623.0,100.0,0.0,7.453614,0.014076491,1825.1149,25.691214,653724.6442,5477275.6114,97.0
97.0,2009,353586.0,25.0,1197623.0,100.0,0.0,7.3496914,0.018917028,1644.967,31.117886,653724.6442,5477275.6114,97.0
97.0,2010,353586.0,25.0,1197623.0,100.0,0.0,7.354326,0.014992649,1652.6074,24.776964,653724.6442,5477275.6114,97.0
97.0,2011,353586.0,25.0,1197623.0,100.0,0.0,7.397237,0.029789276,1725.0669,51.388493,653724.6442,5477275.6114,97.0
97.0,2012,353586.0,25.0,1197623.0,100.0,0.0,7.5455403,0.03856385,2000.844,77.16025,653724.6442,5477275.6114,97.0
97.0,2013,353586.0,25.0,1197623.0,100.0,0.0,7.699918,0.04519724,2334.848,105.52869,653724.6442,5477275.6114,97.0
97.0,2014,353586.0,25.0,1197623.0,100.0,0.0,7.7137513,0.02322217,2367.3713,54.975502,653724.6442,5477275.6114,97.0
97.0,2015,353586.0,25.0,1197623.0,100.0,0.0,7.940329,0.012210655,2969.3938,36.258244,653724.6442,5477275.6114,97.0
97.0,2016,353586.0,25.0,1197623.0,100.0,0.0,7.956565,0.021671254,3017.9973,65.403786,653724.6442,5477275.6114,97.0
97.0,2017,353586.0,25.0,1197623.0,100.0,0.0,8.090791,0.034245554,3451.5378,118.19983,653724.6442,5477275.6114,97.0
97.0,2018,353586.0,25.0,1197623.0,100.0,0.0,8.171576,0.024295831,3741.9417,90.91358,653724.6442,5477275.6114,97.0
97.0,2019,353586.0,25.0,1197623.0,100.0,0.0,8.223436,0.037910905,3941.1191,149.41139,653724.6442,5477275.6114,97.0
97.0,2020,353586.0,25.0,1197623.0,100.0,0.0,8.34423,0.032426383,4447.13,144.20433,653724.6442,5477275.6114,97.0
97.0,2021,353586.0,25.0,1197623.0,100.0,0.0,8.432221,0.02352004,4856.1714,114.21734,653724.6442,5477275.6114,97.0
97.0,2022,353586.0,25.0,1197623.0,100.0,0.0,8.510002,0.052351467,5248.9634,274.79092,653724.6442,5477275.6114,97.0
97.0,2023,353586.0,25.0,1197623.0,100.0,0.0,8.402685,0.047556933,4714.836,224.22313,653724.6442,5477275.6114,97.0
97.0,2024,353586.0,25.0,1197623.0,100.0,0.0,8.335257,0.010188113,4407.4023,44.90311,653724.6442,5477275.6114,97.0
97.0,2025,353586.0,25.0,1197623.0,100.0,0.0,8.327446,0.020169126,4373.11,88.201805,653724.6442,5477275.6114,97.0
99.0,2007,34823.0,25.0,1701025.0,100.0,0.0,7.181985,0.02640531,1427.6478,37.697483,645296.701,5431069.8029,99.0
99.0,2008,34823.0,25.0,1701025.0,100.0,0.0,7.2993355,0.02030684,1605.4094,32.600796,645296.701,5431069.8029,99.0
99.0,2009,34823.0,25.0,1701025.0,100.0,0.0,7.129513,0.043014247,1354.6672,58.269993,645296.701,5431069.8029,99.0
99.0,2010,34823.0,25.0,1701025.0,100.0,0.0,7.0206594,0.032910816,1214.9496,39.98498,645296.701,5431069.8029,99.0
99.0,2011,34823.0,25.0,1701025.0,100.0,0.0,7.0319834,0.03292316,1228.7858,40.45551,645296.701,5431069.8029,99.0
99.0,2012,34823.0,25.0,1701025.0,100.0,0.0,7.071718,0.02724507,1278.5942,34.83539,645296.701,5431069.8029,99.0
99.0,2013,34823.0,25.0,1701025.0,100.0,0.0,7.0771766,0.03799387,1285.5924,48.84463,645296.701,5431069.8029,99.0
99.0,2014,34823.0,25.0,1701025.0,100.0,0.0,7.0204487,0.048665103,1214.6937,59.11319,645296.701,5431069.8029,99.0
99.0,2015,34823.0,25.0,1701025.0,100.0,0.0,7.1737857,0.10677478,1415.99,151.19202,645296.701,5431069.8029,99.0
99.0,2016,34823.0,25.0,1701025.0,100.0,0.0,7.1912813,0.07828084,1440.9816,112.80124,645296.701,5431069.8029,99.0
99.0,2017,34823.0,25.0,1701025.0,100.0,0.0,7.23795,0.029948756,1509.8237,45.217342,645296.701,5431069.8029,99.0
99.0,2018,34823.0,25.0,1701025.0,100.0,0.0,7.236892,0.043853596,1508.2277,66.14121,645296.701,5431069.8029,99.0
99.0,2019,34823.0,25.0,1701025.0,100.0,0.0,7.0887127,0.06273695,1300.5094,81.59,645296.701,5431069.8029,99.0
99.0,2020,34823.0,25.0,1701025.0,100.0,0.0,7.2910156,0.20902376,1592.1075,332.7883,645296.701,5431069.8029,99.0
99.0,2021,34823.0,25.0,1701025.0,100.0,0.0,7.807716,0.14526857,2669.1475,387.74326,645296.701,5431069.8029,99.0
99.0,2022,34823.0,25.0,1701025.0,100.0,0.0,7.707099,0.009996943,2413.6545,24.129166,645296.701,5431069.8029,99.0
99.0,2023,34823.0,25.0,1701025.0,100.0,0.0,7.7444186,0.007717927,2505.4336,19.336754,645296.701,5431069.8029,99.0
99.0,2024,34823.0,25.0,1701025.0,100.0,0.0,7.658997,0.094601355,2300.3015,217.61163,645296.701,5431069.8029,99.0
99.0,2025,34823.0,25.0,1701025.0,100.0,0.0,7.6816335,0.09590883,2352.9663,225.67024,645296.701,5431069.8029,99.0
100.0,2007,248564.0,25.0,3433172.0,100.0,0.0,7.557977,0.0027198717,2021.2335,5.4974957,510458.7906,5534621.6104,100.0
100.0,2008,248564.0,25.0,3433172.0,100.0,0.0,7.5383205,0.003269682,1981.8906,6.480152,510458.7906,5534621.6104,100.0
100.0,2009,248564.0,25.0,3433172.0,100.0,0.0,7.512616,0.00935992,1931.597,18.079594,510458.7906,5534621.6104,100.0
100.0,2010,248564.0,25.0,3433172.0,100.0,0.0,7.4635077,0.014055686,1839.0302,25.848831,510458.7906,5534621.6104,100.0
100.0,2011,248564.0,25.0,3433172.0,100.0,0.0,7.503232,0.027525213,1913.5555,52.67102,510458.7906,5534621.6104,100.0
100.0,2012,248564.0,25.0,3433172.0,100.0,0.0,7.5376563,0.031117303,1980.5745,61.63014,510458.7906,5534621.6104,100.0
100.0,2013,248564.0,25.0,3433172.0,100.0,0.0,7.611739,0.030882463,2132.873,65.86837,510458.7906,5534621.6104,100.0
100.0,2014,248564.0,25.0,3433172.0,100.0,0.0,7.6313095,0.04435264,2175.025,96.468094,510458.7906,5534621.6104,100.0
100.0,2015,248564.0,25.0,3433172.0,100.0,0.0,7.714081,0.042722877,2362.7153,100.941986,510458.7906,5534621.6104,100.0
100.0,2016,248564.0,25.0,3433172.0,100.0,0.0,7.7894363,0.094772086,2547.6394,241.4451,510458.7906,5534621.6104,100.0
100.0,2017,248564.0,25.0,3433172.0,100.0,0.0,7.8325253,0.046694588,2659.814,124.19892,510458.7906,5534621.6104,100.0
100.0,2018,248564.0,25.0,3433172.0,100.0,0.0,7.927623,0.040862095,2925.1729,119.52869,510458.7906,5534621.6104,100.0
100.0,2019,248564.0,25.0,3433172.0,100.0,0.0,8.04299,0.041320454,3282.8792,135.65005,510458.7906,5534621.6104,100.0
100.0,2020,248564.0,25.0,3433172.0,100.0,0.0,8.1452265,0.09105207,3636.2659,331.08954,510458.7906,5534621.6104,100.0
100.0,2021,248564.0,25.0,3433172.0,100.0,0.0,8.244509,0.05496988,4015.813,220.74876,510458.7906,5534621.6104,100.0
100.0,2022,248564.0,25.0,3433172.0,100.0,0.0,8.337101,0.059189647,4405.4014,260.75415,510458.7906,5534621.6104,100.0
100.0,2023,248564.0,25.0,3433172.0,100.0,0.0,8.296708,0.05324993,4231.0005,225.30049,510458.7906,5534621.6104,100.0
100.0,2024,248564.0,25.0,3433172.0,100.0,0.0,8.324263,0.04208745,4349.205,183.04694,510458.7906,5534621.6104,100.0
100.0,2025,248564.0,25.0,3433172.0,100.0,0.0,8.273136,0.027416466,4132.4355,113.29678,510458.7906,5534621.6104,100.0
101.0,2007,50757.0,25.0,1413940.0,100.0,0.0,7.1846385,0.005517148,1427.7703,7.8772197,587410.6865,5544570.5856,101.0
101.0,2008,50757.0,25.0,1413940.0,100.0,0.0,7.1380854,0.02289143,1362.827,31.19706,587410.6865,5544570.5856,101.0
101.0,2009,50757.0,25.0,1413940.0,100.0,0.0,7.1001062,0.007228984,1312.038,9.484702,587410.6865,5544570.5856,101.0
101.0,2010,50757.0,25.0,1413940.0,100.0,0.0,7.1913805,0.0052143643,1437.4288,7.4952774,587410.6865,5544570.5856,101.0
101.0,2011,50757.0,25.0,1413940.0,100.0,0.0,7.1248407,0.034643337,1344.8955,46.59167,587410.6865,5544570.5856,101.0
101.0,2012,50757.0,25.0,1413940.0,100.0,0.0,7.1658854,0.033985063,1401.2448,47.62139,587410.6865,5544570.5856,101.0
101.0,2013,50757.0,25.0,1413940.0,100.0,0.0,7.1340938,0.03161591,1357.3973,42.915356,587410.6865,5544570.5856,101.0
101.0,2014,50757.0,25.0,1413940.0,100.0,0.0,7.1625366,0.028445533,1396.5604,39.725906,587410.6865,5544570.5856,101.0
101.0,2015,50757.0,25.0,1413940.0,100.0,0.0,7.314334,0.027083885,1625.4906,44.0246,587410.6865,5544570.5856,101.0
101.0,2016,50757.0,25.0,1413940.0,100.0,0.0,7.3883605,0.03825277,1750.3859,66.95711,587410.6865,5544570.5856,101.0
101.0,2017,50757.0,25.0,1413940.0,100.0,0.0,7.42824,0.092622474,1821.6003,168.72113,587410.6865,5544570.5856,101.0
101.0,2018,50757.0,25.0,1413940.0,100.0,0.0,7.351957,0.058812957,1687.8108,99.265144,587410.6865,5544570.5856,101.0
101.0,2019,50757.0,25.0,1413940.0,100.0,0.0,7.7148876,0.035817876,2426.2893,86.904526,587410.6865,5544570.5856,101.0
101.0,2020,50757.0,25.0,1413940.0,100.0,0.0,7.710695,0.0041227853,2416.1382,9.961219,587410.6865,5544570.5856,101.0
101.0,2021,50757.0,25.0,1413940.0,100.0,0.0,7.7971973,0.09633582,2634.4458,253.79149,587410.6865,5544570.5856,101.0
101.0,2022,50757.0,25.0,1413940.0,100.0,0.0,7.9469748,0.047422204,3060.1084,145.1171,587410.6865,5544570.5856,101.0
101.0,2023,50757.0,25.0,1413940.0,100.0,0.0,8.017339,0.015924772,3283.1865,52.284,587410.6865,5544570.5856,101.0
101.0,2024,50757.0,25.0,1413940.0,100.0,0.0,7.908483,0.009091867,2944.5579,26.771528,587410.6865,5544570.5856,101.0
101.0,2025,50757.0,25.0,1413940.0,100.0,0.0,7.9107947,0.04482226,2951.3733,132.28722,587410.6865,5544570.5856,101.0
102.0,2007,77823.0,25.0,2104284.0,100.0,0.0,7.5508227,0.030722262,2038.7131,62.63388,567731.709,5515110.8664,102.0
102.0,2008,77823.0,25.0,2104284.0,100.0,0.0,7.6080465,0.012039109,2158.779,25.989775,567731.709,5515110.8664,102.0
102.0,2009,77823.0,25.0,2104284.0,100.0,0.0,7.497251,0.040478483,1932.3695,78.21938,567731.709,5515110.8664,102.0
102.0,2010,77823.0,25.0,2104284.0,100.0,0.0,7.53716,0.056369025,2011.048,113.36081,567731.709,5515110.8664,102.0
102.0,2011,77823.0,25.0,2104284.0,100.0,0.0,7.608356,0.068487495,2159.4468,147.89511,567731.709,5515110.8664,102.0
102.0,2012,77823.0,25.0,2104284.0,100.0,0.0,7.7025046,0.06599324,2372.634,156.57782,567731.709,5515110.8664,102.0
102.0,2013,77823.0,25.0,2104284.0,100.0,0.0,7.700707,0.049313303,2368.3728,116.7923,567731.709,5515110.8664,102.0
102.0,2014,77823.0,25.0,2104284.0,100.0,0.0,7.7727895,0.070177965,2545.3943,178.6306,567731.709,5515110.8664,102.0
102.0,2015,77823.0,25.0,2104284.0,100.0,0.0,7.8335366,0.089105815,2704.8123,241.01451,567731.709,5515110.8664,102.0
102.0,2016,77823.0,25.0,2104284.0,100.0,0.0,7.9717083,0.07575809,3105.5925,235.27377,567731.709,5515110.8664,102.0
102.0,2017,77823.0,25.0,2104284.0,100.0,0.0,8.0342,0.107568264,3305.8574,355.60535,567731.709,5515110.8664,102.0
102.0,2018,77823.0,25.0,2104284.0,100.0,0.0,8.097125,0.07679484,3520.5623,270.36102,567731.709,5515110.8664,102.0
102.0,2019,77823.0,25.0,2104284.0,100.0,0.0,8.1334095,0.034007605,3650.6506,124.14987,567731.709,5515110.8664,102.0
102.0,2020,77823.0,25.0,2104284.0,100.0,0.0,8.222271,0.093405314,3989.9045,372.67828,567731.709,5515110.8664,102.0
102.0,2021,77823.0,25.0,2104284.0,100.0,0.0,8.347955,0.060007393,4524.2446,271.48813,567731.709,5515110.8664,102.0
102.0,2022,77823.0,25.0,2104284.0,100.0,0.0,8.32978,0.08032845,4442.761,356.8801,567731.709,5515110.8664,102.0
102.0,2023,77823.0,25.0,2104284.0,100.0,0.0,8.272435,0.036271036,4195.159,152.16277,567731.709,5515110.8664,102.0
102.0,2024,77823.0,25.0,2104284.0,100.0,0.0,8.218203,0.06418292,3973.7048,255.04399,567731.709,5515110.8664,102.0
102.0,2025,77823.0,25.0,2104284.0,100.0,0.0,8.2425995,0.03176673,4071.8418,129.34909,567731.709,5515110.8664,102.0
103.0,2007,246900.0,25.0,2140333.0,100.0,0.0,7.500321,0.032229107,1887.197,60.822674,639703.8572,5356426.6551,103.0
103.0,2008,246900.0,25.0,2140333.0,100.0,0.0,7.526315,0.010960281,1936.8961,21.228926,639703.8572,5356426.6551,103.0
103.0,2009,246900.0,25.0,2140333.0,100.0,0.0,7.478301,0.027030654,1846.0953,49.90117,639703.8572,5356426.6551,103.0
103.0,2010,246900.0,25.0,2140333.0,100.0,0.0,7.477081,0.027783629,1843.844,51.22868,639703.8572,5356426.6551,103.0
103.0,2011,246900.0,25.0,2140333.0,100.0,0.0,7.4695826,0.030218318,1830.0696,55.301624,639703.8572,5356426.6551,103.0
103.0,2012,246900.0,25.0,2140333.0,100.0,0.0,7.554768,0.045743994,1992.798,91.15854,639703.8572,5356426.6551,103.0
103.0,2013,246900.0,25.0,2140333.0,100.0,0.0,7.702942,0.042743213,2311.077,98.78286,639703.8572,5356426.6551,103.0
103.0,2014,246900.0,25.0,2140333.0,100.0,0.0,7.7949142,0.04296002,2533.7131,108.84837,639703.8572,5356426.6551,103.0
103.0,2015,246900.0,25.0,2140333.0,100.0,0.0,7.9116373,0.040209968,2847.4067,114.49413,639703.8572,5356426.6551,103.0
103.0,2016,246900.0,25.0,2140333.0,100.0,0.0,8.036627,0.036840323,3226.5022,118.86539,639703.8572,5356426.6551,103.0
103.0,2017,246900.0,25.0,2140333.0,100.0,0.0,8.18512,0.04892153,3743.0144,183.11398,639703.8572,5356426.6551,103.0
103.0,2018,246900.0,25.0,2140333.0,100.0,0.0,8.308616,0.0654808,4235.0146,277.31213,639703.8572,5356426.6551,103.0
103.0,2019,246900.0,25.0,2140333.0,100.0,0.0,8.460258,0.07972053,4928.4736,392.9005,639703.8572,5356426.6551,103.0
103.0,2020,246900.0,25.0,2140333.0,100.0,0.0,8.513372,0.055705346,5197.3237,289.5187,639703.8572,5356426.6551,103.0
103.0,2021,246900.0,25.0,2140333.0,100.0,0.0,8.601575,0.05250721,5676.564,298.06052,639703.8572,5356426.6551,103.0
103.0,2022,246900.0,25.0,2140333.0,100.0,0.0,8.595171,0.04595342,5640.329,259.1924,639703.8572,5356426.6551,103.0
103.0,2023,246900.0,25.0,2140333.0,100.0,0.0,8.487937,0.03989945,5066.797,202.16241,639703.8572,5356426.6551,103.0
103.0,2024,246900.0,25.0,2140333.0,100.0,0.0,8.462363,0.04005615,4938.8594,197.83168,639703.8572,5356426.6551,103.0
103.0,2025,246900.0,25.0,2140333.0,100.0,0.0,8.477163,0.036458828,5012.5024,182.74995,639703.8572,5356426.6551,103.0
106.0,2007,69648.0,25.0,1313048.0,100.0,0.0,7.3922234,0.014026292,1714.4132,24.04686,598072.5838,5288029.1619,106.0
106.0,2008,69648.0,25.0,1313048.0,100.0,0.0,7.39899,0.026811482,1726.053,46.278038,598072.5838,5288029.1619,106.0
106.0,2009,69648.0,25.0,1313048.0,100.0,0.0,7.4014254,0.025369743,1730.2614,43.896286,598072.5838,5288029.1619,106.0
106.0,2010,69648.0,25.0,1313048.0,100.0,0.0,7.4425173,0.041954942,1802.8429,75.63817,598072.5838,5288029.1619,106.0
106.0,2011,69648.0,25.0,1313048.0,100.0,0.0,7.4770527,0.04787727,1866.1918,89.34817,598072.5838,5288029.1619,106.0
106.0,2012,69648.0,25.0,1313048.0,100.0,0.0,7.5723143,0.008457794,2052.7117,17.361414,598072.5838,5288029.1619,106.0
106.0,2013,69648.0,25.0,1313048.0,100.0,0.0,7.583039,0.048980616,2074.8442,101.62715,598072.5838,5288029.1619,106.0
106.0,2014,69648.0,25.0,1313048.0,100.0,0.0,7.6507115,0.06507103,2220.1152,144.4652,598072.5838,5288029.1619,106.0
106.0,2015,69648.0,25.0,1313048.0,100.0,0.0,7.7112083,0.05293544,2358.5703,124.85196,598072.5838,5288029.1619,106.0
106.0,2016,69648.0,25.0,1313048.0,100.0,0.0,7.859761,0.04351597,2736.305,119.07295,598072.5838,5288029.1619,106.0
106.0,2017,69648.0,25.0,1313048.0,100.0,0.0,7.9218755,0.028720248,2911.6582,83.62355,598072.5838,5288029.1619,106.0
106.0,2018,69648.0,25.0,1313048.0,100.0,0.0,8.013895,0.023691444,3192.3035,75.63027,598072.5838,5288029.1619,106.0
106.0,2019,69648.0,25.0,1313048.0,100.0,0.0,8.035591,0.04943571,3262.3188,161.27504,598072.5838,5288029.1619,106.0
106.0,2020,69648.0,25.0,1313048.0,100.0,0.0,8.177534,0.04592237,3759.8574,172.66156,598072.5838,5288029.1619,106.0
106.0,2021,69648.0,25.0,1313048.0,100.0,0.0,8.245211,0.053188358,4023.1213,213.98322,598072.5838,5288029.1619,106.0
106.0,2022,69648.0,25.0,1313048.0,100.0,0.0,8.2206745,0.051099714,3925.6091,200.59752,598072.5838,5288029.1619,106.0
106.0,2023,69648.0,25.0,1313048.0,100.0,0.0,8.347628,0.042179383,4456.9966,187.99336,598072.5838,5288029.1619,106.0
106.0,2024,69648.0,25.0,1313048.0,100.0,0.0,8.301767,0.03875172,4257.212,164.97429,598072.5838,5288029.1619,106.0
106.0,2025,69648.0,25.0,1313048.0,100.0,0.0,8.395513,0.04064209,4675.61,190.02655,598072.5838,5288029.1619,106.0
104.0,2007,56676.0,25.0,1728012.0,100.0,0.0,7.3702784,0.03349303,1674.5088,56.084377,586789.7304,5314595.5119,104.0
104.0,2008,56676.0,25.0,1728012.0,100.0,0.0,7.3583236,0.03228771,1654.6095,53.423546,586789.7304,5314595.5119,104.0
104.0,2009,56676.0,25.0,1728012.0,100.0,0.0,7.3083878,0.046043485,1574.0144,72.47311,586789.7304,5314595.5119,104.0
104.0,2010,56676.0,25.0,1728012.0,100.0,0.0,7.398065,0.041149765,1721.6907,70.84717,586789.7304,5314595.5119,104.0
104.0,2011,56676.0,25.0,1728012.0,100.0,0.0,7.4270635,0.021241898,1772.3479,37.648033,586789.7304,5314595.5119,104.0
104.0,2012,56676.0,25.0,1728012.0,100.0,0.0,7.405795,0.02977705,1735.0502,51.664677,586789.7304,5314595.5119,104.0
104.0,2013,56676.0,25.0,1728012.0,100.0,0.0,7.4841366,0.024208723,1876.4434,45.4263,586789.7304,5314595.5119,104.0
104.0,2014,56676.0,25.0,1728012.0,100.0,0.0,7.6001196,0.013510239,2107.2017,28.4688,586789.7304,5314595.5119,104.0
104.0,2015,56676.0,25.0,1728012.0,100.0,0.0,7.637629,0.024694419,2187.7432,54.025043,586789.7304,5314595.5119,104.0
104.0,2016,56676.0,25.0,1728012.0,100.0,0.0,7.7273293,0.03181749,2393.055,76.141,586789.7304,5314595.5119,104.0
104.0,2017,56676.0,25.0,1728012.0,100.0,0.0,7.786493,0.042609636,2538.9082,108.18195,586789.7304,5314595.5119,104.0
104.0,2018,56676.0,25.0,1728012.0,100.0,0.0,7.9065175,0.0380293,2862.6824,108.8658,586789.7304,5314595.5119,104.0
104.0,2019,56676.0,25.0,1728012.0,100.0,0.0,8.035076,0.010551638,3255.4082,34.34989,586789.7304,5314595.5119,104.0
104.0,2020,56676.0,25.0,1728012.0,100.0,0.0,7.9850583,0.078769214,3096.5842,243.91551,586789.7304,5314595.5119,104.0
104.0,2021,56676.0,25.0,1728012.0,100.0,0.0,8.167472,0.005638706,3716.242,20.954796,586789.7304,5314595.5119,104.0
104.0,2022,56676.0,25.0,1728012.0,100.0,0.0,8.178665,0.03931716,3758.0742,147.7568,586789.7304,5314595.5119,104.0
104.0,2023,56676.0,25.0,1728012.0,100.0,0.0,8.130552,0.016810544,3581.5417,60.20766,586789.7304,5314595.5119,104.0
104.0,2024,56676.0,25.0,1728012.0,100.0,0.0,8.082113,0.022170227,3412.193,75.64909,586789.7304,5314595.5119,104.0
104.0,2025,56676.0,25.0,1728012.0,100.0,0.0,8.123462,0.040290676,3556.2375,143.28322,586789.7304,5314595.5119,104.0
105.0,2007,39804.0,25.0,2494623.0,100.0,0.0,7.2340255,0.046288036,1469.5427,68.02225,630329.3309,5398276.5053,105.0
105.0,2008,39804.0,25.0,2494623.0,100.0,0.0,7.2797394,0.06324026,1538.2803,97.28124,630329.3309,5398276.5053,105.0
105.0,2009,39804.0,25.0,2494623.0,100.0,0.0,7.19006,0.05779887,1406.3334,81.28448,630329.3309,5398276.5053,105.0
105.0,2010,39804.0,25.0,2494623.0,100.0,0.0,7.217136,0.01927369,1444.9315,27.849165,630329.3309,5398276.5053,105.0
105.0,2011,39804.0,25.0,2494623.0,100.0,0.0,7.1965814,0.06606693,1415.5347,93.52003,630329.3309,5398276.5053,105.0
105.0,2012,39804.0,25.0,2494623.0,100.0,0.0,7.262261,0.08305019,1511.6274,125.54095,630329.3309,5398276.5053,105.0
105.0,2013,39804.0,25.0,2494623.0,100.0,0.0,7.2097325,0.18958904,1434.2736,271.92255,630329.3309,5398276.5053,105.0
105.0,2014,39804.0,25.0,2494623.0,100.0,0.0,7.355538,0.122895986,1659.4124,203.9351,630329.3309,5398276.5053,105.0
105.0,2015,39804.0,25.0,2494623.0,100.0,0.0,7.429185,0.054629296,1786.2361,97.58082,630329.3309,5398276.5053,105.0
105.0,2016,39804.0,25.0,2494623.0,100.0,0.0,7.56379,0.08783541,2043.6057,179.50095,630329.3309,5398276.5053,105.0
105.0,2017,39804.0,25.0,2494623.0,100.0,0.0,7.674806,0.23098733,2283.5515,527.47144,630329.3309,5398276.5053,105.0
105.0,2018,39804.0,25.0,2494623.0,100.0,0.0,7.596392,0.2565397,2111.3296,541.63983,630329.3309,5398276.5053,105.0
105.0,2019,39804.0,25.0,2494623.0,100.0,0.0,7.5742536,0.2881469,2065.1018,595.05273,630329.3309,5398276.5053,105.0
105.0,2020,39804.0,25.0,2494623.0,100.0,0.0,7.8920193,0.1314588,2837.5613,373.02243,630329.3309,5398276.5053,105.0
105.0,2021,39804.0,25.0,2494623.0,100.0,0.0,7.910896,0.10008115,2891.6333,289.398,630329.3309,5398276.5053,105.0
105.0,2022,39804.0,25.0,2494623.0,100.0,0.0,8.021082,0.1454384,3228.4675,469.54312,630329.3309,5398276.5053,105.0
105.0,2023,39804.0,25.0,2494623.0,100.0,0.0,8.047578,0.042882733,3315.1514,142.16275,630329.3309,5398276.5053,105.0
105.0,2024,39804.0,25.0,2494623.0,100.0,0.0,7.9804807,0.042351816,3100.0134,131.2912,630329.3309,5398276.5053,105.0
105.0,2025,39804.0,25.0,2494623.0,100.0,0.0,7.964537,0.07767422,3050.98,236.98248,630329.3309,5398276.5053,105.0
107.0,2007,191649.0,25.0,1241397.0,100.0,0.0,7.24792,0.015760949,1559.0858,24.572674,354918.2629,5456026.3268,107.0
107.0,2008,191649.0,25.0,1241397.0,100.0,0.0,7.2003207,0.010699295,1486.613,15.905711,354918.2629,5456026.3268,107.0
107.0,2009,191649.0,25.0,1241397.0,100.0,0.0,7.164972,0.006413232,1434.9807,9.202865,354918.2629,5456026.3268,107.0
107.0,2010,191649.0,25.0,1241397.0,100.0,0.0,7.2152824,0.023845498,1509.0221,35.983383,354918.2629,5456026.3268,107.0
107.0,2011,191649.0,25.0,1241397.0,100.0,0.0,7.2393723,0.0012074637,1545.8158,1.8665166,354918.2629,5456026.3268,107.0
107.0,2012,191649.0,25.0,1241397.0,100.0,0.0,7.1828737,0.043781977,1460.9009,63.961132,354918.2629,5456026.3268,107.0
107.0,2013,191649.0,25.0,1241397.0,100.0,0.0,7.219206,0.08458026,1514.9543,128.13522,354918.2629,5456026.3268,107.0
107.0,2014,191649.0,25.0,1241397.0,100.0,0.0,7.327751,0.124252394,1688.652,209.81905,354918.2629,5456026.3268,107.0
107.0,2015,191649.0,25.0,1241397.0,100.0,0.0,7.7770815,0.13724315,2646.5608,363.22232,354918.2629,5456026.3268,107.0
107.0,2016,191649.0,25.0,1241397.0,100.0,0.0,7.3737617,0.10932271,1768.1635,193.30043,354918.2629,5456026.3268,107.0
107.0,2017,191649.0,25.0,1241397.0,100.0,0.0,7.333874,0.11926515,1699.0237,202.6343,354918.2629,5456026.3268,107.0
107.0,2018,191649.0,25.0,1241397.0,100.0,0.0,7.3371706,0.1059598,1704.6339,180.62267,354918.2629,5456026.3268,107.0
107.0,2019,191649.0,25.0,1241397.0,100.0,0.0,7.3402567,0.13254178,1709.9022,226.63348,354918.2629,5456026.3268,107.0
107.0,2020,191649.0,25.0,1241397.0,100.0,0.0,7.354531,0.09335961,1734.4847,161.93082,354918.2629,5456026.3268,107.0
107.0,2021,191649.0,25.0,1241397.0,100.0,0.0,7.4965515,0.05183751,1999.1677,103.63188,354918.2629,5456026.3268,107.0
107.0,2022,191649.0,25.0,1241397.0,100.0,0.0,7.5179825,0.05269224,2042.4741,107.62253,354918.2629,5456026.3268,107.0
107.0,2023,191649.0,25.0,1241397.0,100.0,0.0,7.5455794,0.08886298,2099.626,186.57901,354918.2629,5456026.3268,107.0
107.0,2024,191649.0,25.0,1241397.0,100.0,0.0,7.7909465,0.105920285,2683.5112,284.23828,354918.2629,5456026.3268,107.0
107.0,2025,191649.0,25.0,1241397.0,100.0,0.0,7.4877353,0.11504573,1981.6206,227.97699,354918.2629,5456026.3268,107.0
108.0,2007,229115.0,25.0,2213102.0,100.0,0.0,7.218361,0.016263755,1509.0208,24.542343,379273.7951,5465048.5464,108.0
108.0,2008,229115.0,25.0,2213102.0,100.0,0.0,7.2603235,0.015302804,1573.6902,24.081873,379273.7951,5465048.5464,108.0
108.0,2009,229115.0,25.0,2213102.0,100.0,0.0,7.218018,0.0574348,1508.5038,86.64061,379273.7951,5465048.5464,108.0
108.0,2010,229115.0,25.0,2213102.0,100.0,0.0,7.2206426,0.047844805,1512.4677,72.363716,379273.7951,5465048.5464,108.0
108.0,2011,229115.0,25.0,2213102.0,100.0,0.0,7.0292177,0.046115227,1248.9681,57.59645,379273.7951,5465048.5464,108.0
108.0,2012,229115.0,25.0,2213102.0,100.0,0.0,7.0462694,0.057309818,1270.4476,72.80912,379273.7951,5465048.5464,108.0
108.0,2013,229115.0,25.0,2213102.0,100.0,0.0,7.093765,0.05769179,1332.244,76.85954,379273.7951,5465048.5464,108.0
108.0,2014,229115.0,25.0,2213102.0,100.0,0.0,7.0618725,0.09584772,1290.4263,123.68441,379273.7951,5465048.5464,108.0
108.0,2015,229115.0,25.0,2213102.0,100.0,0.0,7.011862,0.14757016,1227.478,181.13913,379273.7951,5465048.5464,108.0
108.0,2016,229115.0,25.0,2213102.0,100.0,0.0,7.143132,0.053741068,1399.6641,75.219444,379273.7951,5465048.5464,108.0
108.0,2017,229115.0,25.0,2213102.0,100.0,0.0,7.197463,0.08864376,1477.8127,130.99887,379273.7951,5465048.5464,108.0
108.0,2018,229115.0,25.0,2213102.0,100.0,0.0,7.2196712,0.08742337,1510.9995,132.09666,379273.7951,5465048.5464,108.0
108.0,2019,229115.0,25.0,2213102.0,100.0,0.0,7.210286,0.08951483,1496.885,133.99341,379273.7951,5465048.5464,108.0
108.0,2020,229115.0,25.0,2213102.0,100.0,0.0,7.2854877,0.08670691,1613.7935,139.92705,379273.7951,5465048.5464,108.0
108.0,2021,229115.0,25.0,2213102.0,100.0,0.0,7.4108486,0.11895597,1829.3282,217.60951,379273.7951,5465048.5464,108.0
108.0,2022,229115.0,25.0,2213102.0,100.0,0.0,7.4368615,0.138023,1877.5383,259.1435,379273.7951,5465048.5464,108.0
108.0,2023,229115.0,25.0,2213102.0,100.0,0.0,7.545353,0.11040263,2092.6953,231.03906,379273.7951,5465048.5464,108.0
108.0,2024,229115.0,25.0,2213102.0,100.0,0.0,7.565615,0.023674043,2135.5305,50.55664,379273.7951,5465048.5464,108.0
108.0,2025,229115.0,25.0,2213102.0,100.0,0.0,7.8297048,0.0946002,2780.9844,263.0817,379273.7951,5465048.5464,108.0
109.0,2007,2040586.0,25.0,2596084.0,100.0,0.0,7.6451244,0.060537938,2224.1343,134.6445,798734.6477,5825933.2294,109.0
109.0,2008,2040586.0,25.0,2596084.0,100.0,0.0,7.7233167,0.07647839,2405.024,183.93236,798734.6477,5825933.2294,109.0
109.0,2009,2040586.0,25.0,2596084.0,100.0,0.0,7.7048335,0.082816005,2360.9795,195.5269,798734.6477,5825933.2294,109.0
109.0,2010,2040586.0,25.0,2596084.0,100.0,0.0,7.7843814,0.09162728,2556.4631,234.24176,798734.6477,5825933.2294,109.0
109.0,2011,2040586.0,25.0,2596084.0,100.0,0.0,7.8518567,0.09485946,2734.9146,259.43253,798734.6477,5825933.2294,109.0
109.0,2012,2040586.0,25.0,2596084.0,100.0,0.0,8.073132,0.05658014,3412.2595,193.06612,798734.6477,5825933.2294,109.0
109.0,2013,2040586.0,25.0,2596084.0,100.0,0.0,8.149901,0.058058064,3684.5352,213.91698,798734.6477,5825933.2294,109.0
109.0,2014,2040586.0,25.0,2596084.0,100.0,0.0,8.264362,0.05788323,4131.357,239.13629,798734.6477,5825933.2294,109.0
109.0,2015,2040586.0,25.0,2596084.0,100.0,0.0,8.356774,0.038198262,4531.341,173.08936,798734.6477,5825933.2294,109.0
109.0,2016,2040586.0,25.0,2596084.0,100.0,0.0,8.398245,0.05491458,4723.208,259.373,798734.6477,5825933.2294,109.0
109.0,2017,2040586.0,25.0,2596084.0,100.0,0.0,8.552735,0.06637486,5512.281,365.87686,798734.6477,5825933.2294,109.0
109.0,2018,2040586.0,25.0,2596084.0,100.0,0.0,8.651161,0.05788513,6082.4307,352.08228,798734.6477,5825933.2294,109.0
109.0,2019,2040586.0,25.0,2596084.0,100.0,0.0,8.7851715,0.064146504,6954.682,446.11856,798734.6477,5825933.2294,109.0
109.0,2020,2040586.0,25.0,2596084.0,100.0,0.0,8.82613,0.07308102,7245.445,529.50446,798734.6477,5825933.2294,109.0
109.0,2021,2040586.0,25.0,2596084.0,100.0,0.0,8.891213,0.07328206,7732.6924,566.66766,798734.6477,5825933.2294,109.0
109.0,2022,2040586.0,25.0,2596084.0,100.0,0.0,8.943972,0.07646569,8151.6055,623.3181,798734.6477,5825933.2294,109.0
109.0,2023,2040586.0,25.0,2596084.0,100.0,0.0,8.963301,0.08010023,8310.697,665.68884,798734.6477,5825933.2294,109.0
109.0,2024,2040586.0,25.0,2596084.0,100.0,0.0,8.933864,0.10188188,8069.627,822.14874,798734.6477,5825933.2294,109.0
109.0,2025,2040586.0,25.0,2596084.0,100.0,0.0,8.922079,0.09716787,7975.082,774.92175,798734.6477,5825933.2294,109.0
116.0,2007,39218.0,25.0,2773866.0,100.0,0.0,7.002718,0.045171358,1186.8197,53.610256,739326.7733,5811585.2624,116.0
116.0,2008,39218.0,25.0,2773866.0,100.0,0.0,6.990875,0.07219507,1172.847,84.67378,739326.7733,5811585.2624,116.0
116.0,2009,39218.0,25.0,2773866.0,100.0,0.0,6.9166985,0.025913017,1088.9979,28.219221,739326.7733,5811585.2624,116.0
116.0,2010,39218.0,25.0,2773866.0,100.0,0.0,6.9117074,0.009226904,1083.576,9.998053,739326.7733,5811585.2624,116.0
116.0,2011,39218.0,25.0,2773866.0,100.0,0.0,7.153594,0.065701835,1380.0966,90.674866,739326.7733,5811585.2624,116.0
116.0,2012,39218.0,25.0,2773866.0,100.0,0.0,7.1271234,0.024629971,1344.0437,33.103756,739326.7733,5811585.2624,116.0
116.0,2013,39218.0,25.0,2773866.0,100.0,0.0,7.0255594,0.041631807,1214.2405,50.55102,739326.7733,5811585.2624,116.0
116.0,2014,39218.0,25.0,2773866.0,100.0,0.0,6.9051776,0.08166014,1076.5237,87.909065,739326.7733,5811585.2624,116.0
116.0,2015,39218.0,25.0,2773866.0,100.0,0.0,6.9995956,0.09576657,1183.1199,113.30332,739326.7733,5811585.2624,116.0
116.0,2016,39218.0,25.0,2773866.0,100.0,0.0,7.1487155,0.09645533,1373.3799,132.4698,739326.7733,5811585.2624,116.0
116.0,2017,39218.0,25.0,2773866.0,100.0,0.0,7.2632365,0.13221799,1540.0205,203.61841,739326.7733,5811585.2624,116.0
116.0,2018,39218.0,25.0,2773866.0,100.0,0.0,7.3185797,0.0926738,1627.653,150.84079,739326.7733,5811585.2624,116.0
116.0,2019,39218.0,25.0,2773866.0,100.0,0.0,7.4368725,0.060330123,1832.0433,110.5274,739326.7733,5811585.2624,116.0
116.0,2020,39218.0,25.0,2773866.0,100.0,0.0,7.600672,0.075212695,2158.1067,162.31702,739326.7733,5811585.2624,116.0
116.0,2021,39218.0,25.0,2773866.0,100.0,0.0,7.742827,0.1424764,2487.7686,354.4483,739326.7733,5811585.2624,116.0
116.0,2022,39218.0,25.0,2773866.0,100.0,0.0,7.8278894,0.023474615,2708.646,63.58442,739326.7733,5811585.2624,116.0
116.0,2023,39218.0,25.0,2773866.0,100.0,0.0,7.8071485,0.02957688,2653.0437,78.46876,739326.7733,5811585.2624,116.0
116.0,2024,39218.0,25.0,2773866.0,100.0,0.0,7.77529,0.05555439,2569.8545,142.7667,739326.7733,5811585.2624,116.0
116.0,2025,39218.0,25.0,2773866.0,100.0,0.0,7.901271,0.081100106,2914.884,236.3974,739326.7733,5811585.2624,116.0
118.0,2007,37052.0,25.0,1117904.0,100.0,0.0,7.139561,0.009600877,1374.2134,13.193652,870130.6658,5749388.1011,118.0
118.0,2008,37052.0,25.0,1117904.0,100.0,0.0,7.1196647,0.0016105773,1347.1415,2.1696756,870130.6658,5749388.1011,118.0
118.0,2009,37052.0,25.0,1117904.0,100.0,0.0,7.0300856,0.007495711,1231.7129,9.232564,870130.6658,5749388.1011,118.0
118.0,2010,37052.0,25.0,1117904.0,100.0,0.0,7.0586467,0.010932469,1267.3992,13.855802,870130.6658,5749388.1011,118.0
118.0,2011,37052.0,25.0,1117904.0,100.0,0.0,7.045762,0.036804106,1251.1737,46.048332,870130.6658,5749388.1011,118.0
118.0,2012,37052.0,25.0,1117904.0,100.0,0.0,7.141216,0.043025818,1376.4888,59.224556,870130.6658,5749388.1011,118.0
118.0,2013,37052.0,25.0,1117904.0,100.0,0.0,7.1886597,0.029372087,1443.3685,42.394745,870130.6658,5749388.1011,118.0
118.0,2014,37052.0,25.0,1117904.0,100.0,0.0,7.1212854,0.057029143,1349.3263,76.95092,870130.6658,5749388.1011,118.0
118.0,2015,37052.0,25.0,1117904.0,100.0,0.0,7.066195,0.0095640095,1277.0017,12.213257,870130.6658,5749388.1011,118.0
118.0,2016,37052.0,25.0,1117904.0,100.0,0.0,7.0798907,0.050087135,1294.6116,64.84338,870130.6658,5749388.1011,118.0
118.0,2017,37052.0,25.0,1117904.0,100.0,0.0,7.2116756,0.091291465,1476.9741,134.83514,870130.6658,5749388.1011,118.0
118.0,2018,37052.0,25.0,1117904.0,100.0,0.0,7.3126082,0.05799202,1633.8322,94.74923,870130.6658,5749388.1011,118.0
118.0,2019,37052.0,25.0,1117904.0,100.0,0.0,7.2325244,0.097036906,1508.091,146.34048,870130.6658,5749388.1011,118.0
118.0,2020,37052.0,25.0,1117904.0,100.0,0.0,7.187755,0.09687835,1442.0637,139.70476,870130.6658,5749388.1011,118.0
118.0,2021,37052.0,25.0,1117904.0,100.0,0.0,7.416431,0.050498337,1812.58,91.532265,870130.6658,5749388.1011,118.0
118.0,2022,37052.0,25.0,1117904.0,100.0,0.0,7.669576,0.024399234,2334.7302,56.965633,870130.6658,5749388.1011,118.0
118.0,2023,37052.0,25.0,1117904.0,100.0,0.0,7.6174474,0.039536897,2216.1414,87.619354,870130.6658,5749388.1011,118.0
118.0,2024,37052.0,25.0,1117904.0,100.0,0.0,7.816726,0.118529916,2704.8494,320.60556,870130.6658,5749388.1011,118.0
118.0,2025,37052.0,25.0,1117904.0,100.0,0.0,7.9383473,0.009904549,3054.6575,30.255007,870130.6658,5749388.1011,118.0
110.0,2007,21101.0,25.0,2389581.0,100.0,0.0,7.0504723,0.0015310074,1232.3704,1.8867681,874036.5858,5811359.6439,110.0
110.0,2008,21101.0,25.0,2389581.0,100.0,0.0,7.103749,0.013898272,1299.8071,18.065073,874036.5858,5811359.6439,110.0
110.0,2009,21101.0,25.0,2389581.0,100.0,0.0,7.031092,0.0145258885,1208.7164,17.55768,874036.5858,5811359.6439,110.0
110.0,2010,21101.0,25.0,2389581.0,100.0,0.0,7.0398383,0.031169977,1219.3346,38.00663,874036.5858,5811359.6439,110.0
110.0,2011,21101.0,25.0,2389581.0,100.0,0.0,6.9558196,0.028441917,1121.0732,31.885471,874036.5858,5811359.6439,110.0
110.0,2012,21101.0,25.0,2389581.0,100.0,0.0,6.94489,0.05673397,1108.8875,62.911583,874036.5858,5811359.6439,110.0
110.0,2013,21101.0,25.0,2389581.0,100.0,0.0,6.9731126,0.03469227,1140.6287,39.571,874036.5858,5811359.6439,110.0
110.0,2014,21101.0,25.0,2389581.0,100.0,0.0,7.048188,0.012791592,1229.5587,15.728013,874036.5858,5811359.6439,110.0
110.0,2015,21101.0,25.0,2389581.0,100.0,0.0,6.99585,0.0043421425,1166.861,5.066676,874036.5858,5811359.6439,110.0
110.0,2016,21101.0,25.0,2389581.0,100.0,0.0,7.127245,0.06331695,1330.709,84.25643,874036.5858,5811359.6439,110.0
110.0,2017,21101.0,25.0,2389581.0,100.0,0.0,7.19582,0.07680619,1425.164,109.4614,874036.5858,5811359.6439,110.0
110.0,2018,21101.0,25.0,2389581.0,100.0,0.0,7.174885,0.006458035,1395.6382,9.013081,874036.5858,5811359.6439,110.0
110.0,2019,21101.0,25.0,2389581.0,100.0,0.0,7.3203325,0.018961845,1614.1357,30.606993,874036.5858,5811359.6439,110.0
110.0,2020,21101.0,25.0,2389581.0,100.0,0.0,7.405908,0.005634165,1758.3489,9.906828,874036.5858,5811359.6439,110.0
110.0,2021,21101.0,25.0,2389581.0,100.0,0.0,7.4407625,0.064528756,1820.7153,117.4885,874036.5858,5811359.6439,110.0
110.0,2022,21101.0,25.0,2389581.0,100.0,0.0,7.5256886,0.009131548,1982.097,18.099613,874036.5858,5811359.6439,110.0
110.0,2023,21101.0,25.0,2389581.0,100.0,0.0,7.7187033,0.041562717,2404.0867,99.92037,874036.5858,5811359.6439,110.0
110.0,2024,21101.0,25.0,2389581.0,100.0,0.0,7.8432493,0.06554068,2722.9514,178.46407,874036.5858,5811359.6439,110.0
110.0,2025,21101.0,25.0,2389581.0,100.0,0.0,7.885461,0.034832947,2840.3518,98.93783,874036.5858,5811359.6439,110.0
112.0,2007,22868.0,25.0,2717382.0,100.0,0.0,6.9137635,0.07246902,1095.4279,79.38458,724856.1461,5834980.5107,112.0
112.0,2008,22868.0,25.0,2717382.0,100.0,0.0,6.9293737,0.004586665,1112.6617,5.103407,724856.1461,5834980.5107,112.0
112.0,2009,22868.0,25.0,2717382.0,100.0,0.0,6.717336,0.030500341,900.07043,27.452456,724856.1461,5834980.5107,112.0
112.0,2010,22868.0,25.0,2717382.0,100.0,0.0,6.9189386,0.004500156,1101.1116,4.9551735,724856.1461,5834980.5107,112.0
112.0,2011,22868.0,25.0,2717382.0,100.0,0.0,6.905094,0.0006173484,1085.972,0.6704232,724856.1461,5834980.5107,112.0
112.0,2012,22868.0,25.0,2717382.0,100.0,0.0,6.916577,0.0639722,1098.5137,70.27434,724856.1461,5834980.5107,112.0
112.0,2013,22868.0,25.0,2717382.0,100.0,0.0,6.8697624,0.038776897,1048.2728,40.648766,724856.1461,5834980.5107,112.0
112.0,2014,22868.0,25.0,2717382.0,100.0,0.0,6.9184713,0.017795404,1100.5969,19.585567,724856.1461,5834980.5107,112.0
112.0,2015,22868.0,25.0,2717382.0,100.0,0.0,7.0215297,0.08973169,1220.0735,109.479256,724856.1461,5834980.5107,112.0
112.0,2016,22868.0,25.0,2717382.0,100.0,0.0,6.840579,0.17360963,1018.12286,176.75594,724856.1461,5834980.5107,112.0
112.0,2017,22868.0,25.0,2717382.0,100.0,0.0,6.960152,0.10211723,1147.4401,117.17341,724856.1461,5834980.5107,112.0
112.0,2018,22868.0,25.0,2717382.0,100.0,0.0,7.05624,0.09140649,1263.1665,115.46161,724856.1461,5834980.5107,112.0
112.0,2019,22868.0,25.0,2717382.0,100.0,0.0,7.194288,0.028992886,1450.1533,42.04413,724856.1461,5834980.5107,112.0
112.0,2020,22868.0,25.0,2717382.0,100.0,0.0,7.19626,0.06143248,1453.0162,89.26239,724856.1461,5834980.5107,112.0
112.0,2021,22868.0,25.0,2717382.0,100.0,0.0,7.336618,0.10002368,1671.9648,167.23608,724856.1461,5834980.5107,112.0
112.0,2022,22868.0,25.0,2717382.0,100.0,0.0,7.6384997,0.014513432,2261.1667,32.81729,724856.1461,5834980.5107,112.0
112.0,2023,22868.0,25.0,2717382.0,100.0,0.0,7.565588,0.042986628,2102.1685,90.36514,724856.1461,5834980.5107,112.0
112.0,2024,22868.0,25.0,2717382.0,100.0,0.0,7.646883,0.008282061,2280.2031,18.884783,724856.1461,5834980.5107,112.0
112.0,2025,22868.0,25.0,2717382.0,100.0,0.0,7.717919,0.00557278,2448.071,13.642561,724856.1461,5834980.5107,112.0
113.0,2007,180559.0,25.0,2548370.0,100.0,0.0,7.0372396,0.0493569,1203.4335,59.397747,832040.2846,5835345.6254,113.0
113.0,2008,180559.0,25.0,2548370.0,100.0,0.0,7.020714,0.03136967,1183.7092,37.132565,832040.2846,5835345.6254,113.0
113.0,2009,180559.0,25.0,2548370.0,100.0,0.0,6.9272346,0.017351124,1078.0712,18.705748,832040.2846,5835345.6254,113.0
113.0,2010,180559.0,25.0,2548370.0,100.0,0.0,7.0002275,0.043262977,1159.7062,50.17234,832040.2846,5835345.6254,113.0
113.0,2011,180559.0,25.0,2548370.0,100.0,0.0,7.1350536,0.07469391,1327.0951,99.125916,832040.2846,5835345.6254,113.0
113.0,2012,180559.0,25.0,2548370.0,100.0,0.0,7.0544906,0.11019499,1224.3739,134.91988,832040.2846,5835345.6254,113.0
113.0,2013,180559.0,25.0,2548370.0,100.0,0.0,7.045935,0.16865927,1213.9432,204.7428,832040.2846,5835345.6254,113.0
113.0,2014,180559.0,25.0,2548370.0,100.0,0.0,7.191759,0.19743976,1404.5232,277.30875,832040.2846,5835345.6254,113.0
113.0,2015,180559.0,25.0,2548370.0,100.0,0.0,7.193668,0.15264453,1407.207,214.80246,832040.2846,5835345.6254,113.0
113.0,2016,180559.0,25.0,2548370.0,100.0,0.0,7.156751,0.08510499,1356.2045,115.41977,832040.2846,5835345.6254,113.0
113.0,2017,180559.0,25.0,2548370.0,100.0,0.0,7.1571493,0.028968686,1356.745,39.30312,832040.2846,5835345.6254,113.0
113.0,2018,180559.0,25.0,2548370.0,100.0,0.0,7.405358,0.04797611,1738.9767,83.42934,832040.2846,5835345.6254,113.0
113.0,2019,180559.0,25.0,2548370.0,100.0,0.0,7.4557314,0.049668394,1828.8191,90.83451,832040.2846,5835345.6254,113.0
113.0,2020,180559.0,25.0,2548370.0,100.0,0.0,7.7548575,0.02578269,2466.491,63.59277,832040.2846,5835345.6254,113.0
113.0,2021,180559.0,25.0,2548370.0,100.0,0.0,7.947668,0.005935802,2990.9973,17.75397,832040.2846,5835345.6254,113.0
113.0,2022,180559.0,25.0,2548370.0,100.0,0.0,8.111566,0.02299286,3523.6748,81.01936,832040.2846,5835345.6254,113.0
113.0,2023,180559.0,25.0,2548370.0,100.0,0.0,8.010372,0.0117453765,3184.5518,37.40376,832040.2846,5835345.6254,113.0
113.0,2024,180559.0,25.0,2548370.0,100.0,0.0,7.9498568,0.032007527,2997.551,95.94419,832040.2846,5835345.6254,113.0
113.0,2025,180559.0,25.0,2548370.0,100.0,0.0,7.9335575,0.037170324,2949.0898,109.61863,832040.2846,5835345.6254,113.0
114.0,2007,367073.0,25.0,2595690.0,100.0,0.0,7.33757,0.2181439,1625.6528,354.62625,789122.6593,5855497.4554,114.0
114.0,2008,367073.0,25.0,2595690.0,100.0,0.0,7.2831516,0.18822247,1539.5515,289.77817,789122.6593,5855497.4554,114.0
114.0,2009,367073.0,25.0,2595690.0,100.0,0.0,7.2710466,0.2496361,1521.0271,379.7033,789122.6593,5855497.4554,114.0
114.0,2010,367073.0,25.0,2595690.0,100.0,0.0,7.3020725,0.28699344,1568.9585,450.2808,789122.6593,5855497.4554,114.0
114.0,2011,367073.0,25.0,2595690.0,100.0,0.0,7.3254237,0.21888681,1606.0269,351.5381,789122.6593,5855497.4554,114.0
114.0,2012,367073.0,25.0,2595690.0,100.0,0.0,7.2575216,0.13826701,1500.5942,207.48267,789122.6593,5855497.4554,114.0
114.0,2013,367073.0,25.0,2595690.0,100.0,0.0,7.308877,0.12897278,1579.6703,203.73448,789122.6593,5855497.4554,114.0
114.0,2014,367073.0,25.0,2595690.0,100.0,0.0,7.3373613,0.1357162,1625.3135,220.58138,789122.6593,5855497.4554,114.0
114.0,2015,367073.0,25.0,2595690.0,100.0,0.0,7.266029,0.06760444,1513.4144,102.31353,789122.6593,5855497.4554,114.0
114.0,2016,367073.0,25.0,2595690.0,100.0,0.0,7.441675,0.09318433,1804.0145,168.10588,789122.6593,5855497.4554,114.0
114.0,2017,367073.0,25.0,2595690.0,100.0,0.0,7.5156994,0.045944612,1942.6227,89.253044,789122.6593,5855497.4554,114.0
114.0,2018,367073.0,25.0,2595690.0,100.0,0.0,7.6460037,0.06313247,2212.9868,139.71133,789122.6593,5855497.4554,114.0
114.0,2019,367073.0,25.0,2595690.0,100.0,0.0,7.6444855,0.029086987,2209.6294,64.27146,789122.6593,5855497.4554,114.0
114.0,2020,367073.0,25.0,2595690.0,100.0,0.0,7.931991,0.015766462,2945.653,46.442528,789122.6593,5855497.4554,114.0
114.0,2021,367073.0,25.0,2595690.0,100.0,0.0,8.032901,0.012683877,3258.4119,41.329296,789122.6593,5855497.4554,114.0
114.0,2022,367073.0,25.0,2595690.0,100.0,0.0,8.199486,0.021865604,3849.0461,84.16172,789122.6593,5855497.4554,114.0
114.0,2023,367073.0,25.0,2595690.0,100.0,0.0,8.072875,0.030403227,3391.3037,103.106575,789122.6593,5855497.4554,114.0
114.0,2024,367073.0,25.0,2595690.0,100.0,0.0,8.00111,0.038639512,3156.4548,121.963875,789122.6593,5855497.4554,114.0
114.0,2025,367073.0,25.0,2595690.0,100.0,0.0,8.009984,0.00025586766,3184.5894,0.81483346,789122.6593,5855497.4554,114.0
111.0,2007,31989.0,25.0,915288.0,100.0,0.0,6.9240923,0.111757115,1115.2161,124.63333,848879.8107,5718503.9114,111.0
111.0,2008,31989.0,25.0,915288.0,100.0,0.0,6.972753,0.12632816,1170.8253,147.90822,848879.8107,5718503.9114,111.0
111.0,2009,31989.0,25.0,915288.0,100.0,0.0,6.6791472,0.040525112,872.9327,35.375698,848879.8107,5718503.9114,111.0
111.0,2010,31989.0,25.0,915288.0,100.0,0.0,6.808957,0.012132702,993.93146,12.059074,848879.8107,5718503.9114,111.0
111.0,2011,31989.0,25.0,915288.0,100.0,0.0,6.8902245,0.04888905,1078.0784,52.706226,848879.8107,5718503.9114,111.0
111.0,2012,31989.0,25.0,915288.0,100.0,0.0,7.004835,0.10141732,1208.9967,122.6132,848879.8107,5718503.9114,111.0
111.0,2013,31989.0,25.0,915288.0,100.0,0.0,6.7987657,0.23959956,983.85345,235.73083,848879.8107,5718503.9114,111.0
111.0,2014,31989.0,25.0,915288.0,100.0,0.0,6.711878,0.14637196,901.9768,132.02411,848879.8107,5718503.9114,111.0
111.0,2015,31989.0,25.0,915288.0,100.0,0.0,6.647652,0.13089964,845.86786,110.72379,848879.8107,5718503.9114,111.0
111.0,2016,31989.0,25.0,915288.0,100.0,0.0,6.624705,0.069606856,826.6785,57.542492,848879.8107,5718503.9114,111.0
111.0,2017,31989.0,25.0,915288.0,100.0,0.0,6.753237,0.038574405,940.06396,36.26241,848879.8107,5718503.9114,111.0
111.0,2018,31989.0,25.0,915288.0,100.0,0.0,6.7551208,0.057000455,941.8366,53.685116,848879.8107,5718503.9114,111.0
111.0,2019,31989.0,25.0,915288.0,100.0,0.0,6.9373507,0.23856632,1130.1006,269.60394,848879.8107,5718503.9114,111.0
111.0,2020,31989.0,25.0,915288.0,100.0,0.0,6.7942357,0.06473943,979.40656,63.40622,848879.8107,5718503.9114,111.0
111.0,2021,31989.0,25.0,915288.0,100.0,0.0,6.9909363,0.08775733,1192.3096,104.633896,848879.8107,5718503.9114,111.0
111.0,2022,31989.0,25.0,915288.0,100.0,0.0,7.2373238,0.18348587,1525.435,279.89575,848879.8107,5718503.9114,111.0
111.0,2023,31989.0,25.0,915288.0,100.0,0.0,7.149337,0.15802781,1396.9518,220.75723,848879.8107,5718503.9114,111.0
111.0,2024,31989.0,25.0,915288.0,100.0,0.0,7.178601,0.062209208,1438.4363,89.483986,848879.8107,5718503.9114,111.0
111.0,2025,31989.0,25.0,915288.0,100.0,0.0,7.429891,0.113634534,1849.3733,210.15266,848879.8107,5718503.9114,111.0
115.0,2007,20979.0,25.0,2593102.0,100.0,0.0,7.1365147,0.014318177,1388.9119,19.886686,757704.7526,5873748.8675,115.0
115.0,2008,20979.0,25.0,2593102.0,100.0,0.0,7.07182,0.021634491,1301.9012,28.165972,757704.7526,5873748.8675,115.0
115.0,2009,20979.0,25.0,2593102.0,100.0,0.0,7.0360284,0.011432764,1256.128,14.361015,757704.7526,5873748.8675,115.0
115.0,2010,20979.0,25.0,2593102.0,100.0,0.0,6.9482346,0.0013223594,1150.5504,1.5214412,757704.7526,5873748.8675,115.0
115.0,2011,20979.0,25.0,2593102.0,100.0,0.0,7.025726,0.007808254,1243.2533,9.707637,757704.7526,5873748.8675,115.0
115.0,2012,20979.0,25.0,2593102.0,100.0,0.0,6.9514365,0.025966784,1154.2402,29.971907,757704.7526,5873748.8675,115.0
115.0,2013,20979.0,25.0,2593102.0,100.0,0.0,6.9715176,0.06420261,1177.6527,75.608376,757704.7526,5873748.8675,115.0
115.0,2014,20979.0,25.0,2593102.0,100.0,0.0,7.367546,0.03921268,1749.8885,68.61782,757704.7526,5873748.8675,115.0
115.0,2015,20979.0,25.0,2593102.0,100.0,0.0,7.359194,0.0019472458,1735.3335,3.3791208,757704.7526,5873748.8675,115.0
115.0,2016,20979.0,25.0,2593102.0,100.0,0.0,7.427024,0.018268364,1857.1256,33.926647,757704.7526,5873748.8675,115.0
115.0,2017,20979.0,25.0,2593102.0,100.0,0.0,7.429525,0.12068392,1861.7753,224.68636,757704.7526,5873748.8675,115.0
115.0,2018,20979.0,25.0,2593102.0,100.0,0.0,7.4013867,0.15378459,1810.1193,278.36844,757704.7526,5873748.8675,115.0
115.0,2019,20979.0,25.0,2593102.0,100.0,0.0,7.4763255,0.07838419,1950.9786,152.92589,757704.7526,5873748.8675,115.0
115.0,2020,20979.0,25.0,2593102.0,100.0,0.0,7.4184833,0.17710277,1841.332,326.105,757704.7526,5873748.8675,115.0
115.0,2021,20979.0,25.0,2593102.0,100.0,0.0,7.7768664,0.13980056,2634.9714,368.37048,757704.7526,5873748.8675,115.0
115.0,2022,20979.0,25.0,2593102.0,100.0,0.0,7.9044027,0.0743501,2993.396,222.55928,757704.7526,5873748.8675,115.0
115.0,2023,20979.0,25.0,2593102.0,100.0,0.0,7.755084,0.016524386,2578.1958,42.6031,757704.7526,5873748.8675,115.0
115.0,2024,20979.0,25.0,2593102.0,100.0,0.0,7.657257,0.061074972,2337.9226,142.78856,757704.7526,5873748.8675,115.0
115.0,2025,20979.0,25.0,2593102.0,100.0,0.0,7.853931,0.038332127,2846.0627,109.095634,757704.7526,5873748.8675,115.0
117.0,2007,16377.0,25.0,498884.0,100.0,0.0,6.747286,0.005437585,946.1262,5.144642,690611.1565,5885061.8245,117.0
117.0,2008,16377.0,25.0,498884.0,100.0,0.0,6.7995124,0.20288424,996.85223,202.2456,690611.1565,5885061.8245,117.0
117.0,2009,16377.0,25.0,498884.0,100.0,0.0,6.7881856,0.026942687,985.6251,26.555391,690611.1565,5885061.8245,117.0
117.0,2010,16377.0,25.0,498884.0,100.0,0.0,6.457223,0.1295069,707.9074,91.6789,690611.1565,5885061.8245,117.0
117.0,2011,16377.0,25.0,498884.0,100.0,0.0,6.7015343,0.09387182,903.81506,84.84276,690611.1565,5885061.8245,117.0
117.0,2012,16377.0,25.0,498884.0,100.0,0.0,6.5102525,0.09707324,746.4606,72.46135,690611.1565,5885061.8245,117.0
117.0,2013,16377.0,25.0,498884.0,100.0,0.0,6.543024,0.100043796,771.3286,77.16664,690611.1565,5885061.8245,117.0
117.0,2014,16377.0,25.0,498884.0,100.0,0.0,6.726235,0.051990673,926.41797,48.165092,690611.1565,5885061.8245,117.0
117.0,2015,16377.0,25.0,498884.0,100.0,0.0,6.9638653,0.1153375,1174.9204,135.51237,690611.1565,5885061.8245,117.0
117.0,2016,16377.0,25.0,498884.0,100.0,0.0,6.896573,0.045070596,1098.459,49.508205,690611.1565,5885061.8245,117.0
117.0,2017,16377.0,25.0,498884.0,100.0,0.0,6.9981046,0.13002019,1215.8451,158.0844,690611.1565,5885061.8245,117.0
117.0,2018,16377.0,25.0,498884.0,100.0,0.0,6.779523,0.12634878,977.12354,123.45837,690611.1565,5885061.8245,117.0
117.0,2019,16377.0,25.0,498884.0,100.0,0.0,6.6775956,0.08819084,882.4356,77.82273,690611.1565,5885061.8245,117.0
117.0,2020,16377.0,25.0,498884.0,100.0,0.0,7.0291204,0.037356056,1254.1467,46.84998,690611.1565,5885061.8245,117.0
117.0,2021,16377.0,25.0,498884.0,100.0,0.0,7.0829425,0.10180116,1323.4972,134.73355,690611.1565,5885061.8245,117.0
117.0,2022,16377.0,25.0,498884.0,100.0,0.0,7.100093,0.04338699,1346.3915,58.41587,690611.1565,5885061.8245,117.0
117.0,2023,16377.0,25.0,498884.0,100.0,0.0,7.227534,0.028386991,1529.3898,43.414776,690611.1565,5885061.8245,117.0
117.0,2024,16377.0,25.0,498884.0,100.0,0.0,7.2228703,0.13825798,1522.2745,210.4666,690611.1565,5885061.8245,117.0
117.0,2025,16377.0,25.0,498884.0,100.0,0.0,7.273649,0.07726154,1601.5702,123.73977,690611.1565,5885061.8245,117.0
119.0,2007,937893.0,25.0,2688215.0,100.0,0.0,7.5629373,0.2107501,2049.8005,431.9957,790722.8314,5802029.3798,119.0
119.0,2008,937893.0,25.0,2688215.0,100.0,0.0,7.4991775,0.19356903,1923.1846,372.26898,790722.8314,5802029.3798,119.0
119.0,2009,937893.0,25.0,2688215.0,100.0,0.0,7.3826976,0.10742801,1711.7266,183.88737,790722.8314,5802029.3798,119.0
119.0,2010,937893.0,25.0,2688215.0,100.0,0.0,7.1986337,0.04058451,1423.956,57.790558,790722.8314,5802029.3798,119.0
119.0,2011,937893.0,25.0,2688215.0,100.0,0.0,7.3209105,0.03660288,1609.1652,58.90008,790722.8314,5802029.3798,119.0
119.0,2012,937893.0,25.0,2688215.0,100.0,0.0,7.2814384,0.10665698,1546.8854,164.98611,790722.8314,5802029.3798,119.0
119.0,2013,937893.0,25.0,2688215.0,100.0,0.0,7.3284683,0.13513914,1621.373,219.11096,790722.8314,5802029.3798,119.0
119.0,2014,937893.0,25.0,2688215.0,100.0,0.0,7.339656,0.18278316,1639.6139,299.6938,790722.8314,5802029.3798,119.0
119.0,2015,937893.0,25.0,2688215.0,100.0,0.0,7.390837,0.14457193,1725.7166,249.49017,790722.8314,5802029.3798,119.0
119.0,2016,937893.0,25.0,2688215.0,100.0,0.0,7.399779,0.09327126,1741.2162,162.40544,790722.8314,5802029.3798,119.0
119.0,2017,937893.0,25.0,2688215.0,100.0,0.0,7.5474305,0.1414514,2018.2594,285.48563,790722.8314,5802029.3798,119.0
119.0,2018,937893.0,25.0,2688215.0,100.0,0.0,7.52806,0.15845431,1979.5411,313.66684,790722.8314,5802029.3798,119.0
119.0,2019,937893.0,25.0,2688215.0,100.0,0.0,7.623569,0.16433671,2177.9285,357.91357,790722.8314,5802029.3798,119.0
119.0,2020,937893.0,25.0,2688215.0,100.0,0.0,7.9296684,0.06752302,2957.8813,199.7251,790722.8314,5802029.3798,119.0
119.0,2021,937893.0,25.0,2688215.0,100.0,0.0,7.9877257,0.04879048,3134.6924,152.94315,790722.8314,5802029.3798,119.0
119.0,2022,937893.0,25.0,2688215.0,100.0,0.0,8.176587,0.058981482,3786.3103,223.32219,790722.8314,5802029.3798,119.0
119.0,2023,937893.0,25.0,2688215.0,100.0,0.0,8.154088,0.0862303,3702.0754,319.23108,790722.8314,5802029.3798,119.0
119.0,2024,937893.0,25.0,2688215.0,100.0,0.0,7.9753585,0.13329813,3096.1628,412.7127,790722.8314,5802029.3798,119.0
119.0,2025,937893.0,25.0,2688215.0,100.0,0.0,8.095091,0.083235525,3489.9802,290.49033,790722.8314,5802029.3798,119.0
120.0,2007,40020.0,50.0,2157794.0,100.0,0.0,6.9622345,0.09407508,1155.7059,108.72312,852052.8235,5895590.1906,120.0
120.0,2008,40020.0,50.0,2157794.0,100.0,0.0,6.8586693,0.21390383,1042.0044,222.88872,852052.8235,5895590.1906,120.0
120.0,2009,40020.0,50.0,2157794.0,100.0,0.0,6.626372,0.09782551,826.0079,80.80464,852052.8235,5895590.1906,120.0
120.0,2010,40020.0,50.0,2157794.0,100.0,0.0,6.7519097,0.06931294,936.4929,64.91108,852052.8235,5895590.1906,120.0
120.0,2011,40020.0,50.0,2157794.0,100.0,0.0,6.7617674,0.12788339,945.77,120.94828,852052.8235,5895590.1906,120.0
120.0,2012,40020.0,50.0,2157794.0,100.0,0.0,6.8905168,0.13726461,1075.7238,147.65881,852052.8235,5895590.1906,120.0
120.0,2013,40020.0,50.0,2157794.0,100.0,0.0,6.9729214,0.07790284,1168.1229,91.0001,852052.8235,5895590.1906,120.0
120.0,2014,40020.0,50.0,2157794.0,100.0,0.0,6.9634705,0.04280875,1157.1355,49.535522,852052.8235,5895590.1906,120.0
120.0,2015,40020.0,50.0,2157794.0,100.0,0.0,6.905149,0.040069137,1091.5796,43.738655,852052.8235,5895590.1906,120.0
120.0,2016,40020.0,50.0,2157794.0,100.0,0.0,6.843884,0.00056109106,1026.7112,0.5760785,852052.8235,5895590.1906,120.0
120.0,2017,40020.0,50.0,2157794.0,100.0,0.0,6.9147377,0.05014916,1102.0967,55.26923,852052.8235,5895590.1906,120.0
120.0,2018,40020.0,50.0,2157794.0,100.0,0.0,6.919025,0.025926331,1106.8319,28.696089,852052.8235,5895590.1906,120.0
120.0,2019,40020.0,50.0,2157794.0,100.0,0.0,6.8939285,0.07404599,1079.4001,79.925255,852052.8235,5895590.1906,120.0
120.0,2020,40020.0,50.0,2157794.0,100.0,0.0,6.9423957,0.09092939,1133.004,103.02337,852052.8235,5895590.1906,120.0
120.0,2021,40020.0,50.0,2157794.0,100.0,0.0,7.2020397,0.047698162,1468.9039,70.06402,852052.8235,5895590.1906,120.0
120.0,2022,40020.0,50.0,2157794.0,100.0,0.0,7.477445,0.07875822,1934.642,152.36896,852052.8235,5895590.1906,120.0
120.0,2023,40020.0,50.0,2157794.0,100.0,0.0,7.5615807,0.10278317,2104.457,216.30278,852052.8235,5895590.1906,120.0
120.0,2024,40020.0,50.0,2157794.0,100.0,0.0,7.3838377,0.09080017,1761.7626,159.96835,852052.8235,5895590.1906,120.0
120.0,2025,40020.0,50.0,2157794.0,100.0,0.0,7.4823403,0.066183135,1944.1349,128.66893,852052.8235,5895590.1906,120.0
123.0,2007,65062.0,25.0,436008.0,100.0,0.0,7.424407,0.017405279,1804.5752,31.409136,705113.4276,6004449.1436,123.0
123.0,2008,65062.0,25.0,436008.0,100.0,0.0,7.459855,0.03906319,1869.6915,73.03612,705113.4276,6004449.1436,123.0
123.0,2009,65062.0,25.0,436008.0,100.0,0.0,7.3749127,0.002380271,1717.433,4.087956,705113.4276,6004449.1436,123.0
123.0,2010,65062.0,25.0,436008.0,100.0,0.0,7.4598346,0.01224944,1869.6526,22.902197,705113.4276,6004449.1436,123.0
123.0,2011,65062.0,25.0,436008.0,100.0,0.0,7.507831,0.00933481,1961.5779,18.310959,705113.4276,6004449.1436,123.0
123.0,2012,65062.0,25.0,436008.0,100.0,0.0,7.5158744,0.021140294,1977.4196,41.80323,705113.4276,6004449.1436,123.0
123.0,2013,65062.0,25.0,436008.0,100.0,0.0,7.5759645,0.04571639,2099.8848,95.99915,705113.4276,6004449.1436,123.0
123.0,2014,65062.0,25.0,436008.0,100.0,0.0,7.7153893,0.061149906,2414.0537,147.61916,705113.4276,6004449.1436,123.0
123.0,2015,65062.0,25.0,436008.0,100.0,0.0,7.778009,0.05246393,2570.055,134.83517,705113.4276,6004449.1436,123.0
123.0,2016,65062.0,25.0,436008.0,100.0,0.0,7.9036517,0.014746009,2914.1265,42.971737,705113.4276,6004449.1436,123.0
123.0,2017,65062.0,25.0,436008.0,100.0,0.0,7.9734187,0.021524973,3124.6953,67.25899,705113.4276,6004449.1436,123.0
123.0,2018,65062.0,25.0,436008.0,100.0,0.0,8.029963,0.032593925,3306.4685,107.77078,705113.4276,6004449.1436,123.0
123.0,2019,65062.0,25.0,436008.0,100.0,0.0,8.052432,0.018399796,3381.6038,62.22082,705113.4276,6004449.1436,123.0
123.0,2020,65062.0,25.0,436008.0,100.0,0.0,8.2243805,0.0005192335,4016.0476,2.0852664,705113.4276,6004449.1436,123.0
123.0,2021,65062.0,25.0,436008.0,100.0,0.0,8.412548,0.008113903,4847.513,39.332253,705113.4276,6004449.1436,123.0
123.0,2022,65062.0,25.0,436008.0,100.0,0.0,8.354797,0.028050698,4575.496,128.34586,705113.4276,6004449.1436,123.0
123.0,2023,65062.0,25.0,436008.0,100.0,0.0,8.257531,0.03316121,4151.417,137.66602,705113.4276,6004449.1436,123.0
123.0,2024,65062.0,25.0,436008.0,100.0,0.0,8.273988,0.02098709,4220.2983,88.57178,705113.4276,6004449.1436,123.0
123.0,2025,65062.0,25.0,436008.0,100.0,0.0,8.333635,0.009658882,4479.6875,43.268772,705113.4276,6004449.1436,123.0
121.0,2007,42164.0,25.0,1104291.0,100.0,0.0,7.3365116,0.0052041807,1656.9955,8.623304,659824.3903,5944117.4513,121.0
121.0,2008,42164.0,25.0,1104291.0,100.0,0.0,7.346968,0.0041123983,1674.413,6.8858533,659824.3903,5944117.4513,121.0
121.0,2009,42164.0,25.0,1104291.0,100.0,0.0,7.1682715,0.0014862958,1400.4115,2.0814257,659824.3903,5944117.4513,121.0
121.0,2010,42164.0,25.0,1104291.0,100.0,0.0,7.217219,0.00078171364,1470.6633,1.1496376,659824.3903,5944117.4513,121.0
121.0,2011,42164.0,25.0,1104291.0,100.0,0.0,7.238196,0.019546734,1501.8392,29.356054,659824.3903,5944117.4513,121.0
121.0,2012,42164.0,25.0,1104291.0,100.0,0.0,7.330125,0.023982719,1646.447,39.486275,659824.3903,5944117.4513,121.0
121.0,2013,42164.0,25.0,1104291.0,100.0,0.0,7.3454785,0.007535683,1671.9205,12.599064,659824.3903,5944117.4513,121.0
121.0,2014,42164.0,25.0,1104291.0,100.0,0.0,7.4107633,0.0004546059,1784.7137,0.8113414,659824.3903,5944117.4513,121.0
121.0,2015,42164.0,25.0,1104291.0,100.0,0.0,7.425941,0.007992378,1812.0077,14.482251,659824.3903,5944117.4513,121.0
121.0,2016,42164.0,25.0,1104291.0,100.0,0.0,7.4339895,0.03667847,1826.6511,66.99877,659824.3903,5944117.4513,121.0
121.0,2017,42164.0,25.0,1104291.0,100.0,0.0,7.5696936,0.05525769,2092.141,115.60689,659824.3903,5944117.4513,121.0
121.0,2018,42164.0,25.0,1104291.0,100.0,0.0,7.6000223,0.015108577,2156.5657,32.582638,659824.3903,5944117.4513,121.0
121.0,2019,42164.0,25.0,1104291.0,100.0,0.0,7.6979537,0.021710902,2378.4487,51.638268,659824.3903,5944117.4513,121.0
121.0,2020,42164.0,25.0,1104291.0,100.0,0.0,7.77766,0.0056887576,2575.7854,14.653018,659824.3903,5944117.4513,121.0
121.0,2021,42164.0,25.0,1104291.0,100.0,0.0,7.9378443,0.013036476,3023.2695,39.41278,659824.3903,5944117.4513,121.0
121.0,2022,42164.0,25.0,1104291.0,100.0,0.0,7.984704,0.023002783,3168.3108,72.87997,659824.3903,5944117.4513,121.0
121.0,2023,42164.0,25.0,1104291.0,100.0,0.0,7.912762,0.012042011,2948.3826,35.504456,659824.3903,5944117.4513,121.0
121.0,2024,42164.0,25.0,1104291.0,100.0,0.0,7.8279777,0.01922296,2708.7095,52.069416,659824.3903,5944117.4513,121.0
121.0,2025,42164.0,25.0,1104291.0,100.0,0.0,7.8618484,0.013165212,2802.027,36.889282,659824.3903,5944117.4513,121.0
122.0,2007,22874.0,25.0,414625.0,100.0,0.0,7.127963,0.02489588,1370.1958,34.112232,781203.4375,5943558.9589,122.0
122.0,2008,22874.0,25.0,414625.0,100.0,0.0,7.0908694,0.03018253,1320.3014,39.850037,781203.4375,5943558.9589,122.0
122.0,2009,22874.0,25.0,414625.0,100.0,0.0,6.944764,0.0016191781,1140.8284,1.8472043,781203.4375,5943558.9589,122.0
122.0,2010,22874.0,25.0,414625.0,100.0,0.0,7.0530586,0.03218287,1271.312,40.914467,781203.4375,5943558.9589,122.0
122.0,2011,22874.0,25.0,414625.0,100.0,0.0,7.020498,0.035582922,1230.5834,43.78775,781203.4375,5943558.9589,122.0
122.0,2012,22874.0,25.0,414625.0,100.0,0.0,7.064026,0.09459363,1285.3315,121.584175,781203.4375,5943558.9589,122.0
122.0,2013,22874.0,25.0,414625.0,100.0,0.0,7.0576406,0.07397307,1277.1499,94.47469,781203.4375,5943558.9589,122.0
122.0,2014,22874.0,25.0,414625.0,100.0,0.0,6.976037,0.13299651,1177.0695,156.54613,781203.4375,5943558.9589,122.0
122.0,2015,22874.0,25.0,414625.0,100.0,0.0,6.947731,0.099966325,1144.2181,114.38328,781203.4375,5943558.9589,122.0
122.0,2016,22874.0,25.0,414625.0,100.0,0.0,7.0057707,0.13824788,1212.5935,167.63849,781203.4375,5943558.9589,122.0
122.0,2017,22874.0,25.0,414625.0,100.0,0.0,7.2497816,0.10410992,1547.7031,161.13126,781203.4375,5943558.9589,122.0
122.0,2018,22874.0,25.0,414625.0,100.0,0.0,7.3028255,0.03731277,1632.0162,60.89504,781203.4375,5943558.9589,122.0
122.0,2019,22874.0,25.0,414625.0,100.0,0.0,7.3400664,0.078208834,1693.9396,132.48103,781203.4375,5943558.9589,122.0
122.0,2020,22874.0,25.0,414625.0,100.0,0.0,7.1796255,0.09884958,1442.844,142.62451,781203.4375,5943558.9589,122.0
122.0,2021,22874.0,25.0,414625.0,100.0,0.0,7.331666,0.15171494,1679.7698,254.84616,781203.4375,5943558.9589,122.0
122.0,2022,22874.0,25.0,414625.0,100.0,0.0,7.5920525,0.02341713,2179.3862,51.034973,781203.4375,5943558.9589,122.0
122.0,2023,22874.0,25.0,414625.0,100.0,0.0,7.5002923,0.062452618,1988.3058,124.1749,781203.4375,5943558.9589,122.0
122.0,2024,22874.0,25.0,414625.0,100.0,0.0,7.5135894,0.109585285,2014.9213,220.80573,781203.4375,5943558.9589,122.0
122.0,2025,22874.0,25.0,414625.0,100.0,0.0,7.660143,0.024944507,2332.9495,58.19428,781203.4375,5943558.9589,122.0
124.0,2007,30309.0,25.0,279077.0,100.0,0.0,7.14761,0.01042823,1373.1545,14.3195715,766022.6438,6024630.0397,124.0
124.0,2008,30309.0,25.0,279077.0,100.0,0.0,7.1022873,0.018379236,1312.308,24.119219,766022.6438,6024630.0397,124.0
124.0,2009,30309.0,25.0,279077.0,100.0,0.0,7.0221076,0.0048052054,1211.1953,5.820042,766022.6438,6024630.0397,124.0
124.0,2010,30309.0,25.0,279077.0,100.0,0.0,7.084608,0.040119696,1289.3116,51.72679,766022.6438,6024630.0397,124.0
124.0,2011,30309.0,25.0,279077.0,100.0,0.0,7.0651646,0.026201943,1264.485,33.13196,766022.6438,6024630.0397,124.0
124.0,2012,30309.0,25.0,279077.0,100.0,0.0,7.1196666,0.034370676,1335.3147,45.895668,766022.6438,6024630.0397,124.0
124.0,2013,30309.0,25.0,279077.0,100.0,0.0,7.090135,0.030332645,1296.4573,39.324978,766022.6438,6024630.0397,124.0
124.0,2014,30309.0,25.0,279077.0,100.0,0.0,7.2294774,0.04642141,1490.3007,69.18186,766022.6438,6024630.0397,124.0
124.0,2015,30309.0,25.0,279077.0,100.0,0.0,7.2493243,0.043616723,1520.1735,66.304985,766022.6438,6024630.0397,124.0
124.0,2016,30309.0,25.0,279077.0,100.0,0.0,7.2104707,0.056085087,1462.2422,82.00998,766022.6438,6024630.0397,124.0
124.0,2017,30309.0,25.0,279077.0,100.0,0.0,7.317983,0.06281538,1628.2137,102.27688,766022.6438,6024630.0397,124.0
124.0,2018,30309.0,25.0,279077.0,100.0,0.0,7.4015565,0.07092193,1770.1367,125.541504,766022.6438,6024630.0397,124.0
124.0,2019,30309.0,25.0,279077.0,100.0,0.0,7.6943026,0.035730492,2372.1643,84.75859,766022.6438,6024630.0397,124.0
124.0,2020,30309.0,25.0,279077.0,100.0,0.0,7.680256,0.034787733,2339.0762,81.37116,766022.6438,6024630.0397,124.0
124.0,2021,30309.0,25.0,279077.0,100.0,0.0,7.847973,0.21055311,2766.196,582.43115,766022.6438,6024630.0397,124.0
124.0,2022,30309.0,25.0,279077.0,100.0,0.0,8.028697,0.033702385,3314.1384,111.694374,766022.6438,6024630.0397,124.0
124.0,2023,30309.0,25.0,279077.0,100.0,0.0,7.898106,0.050341602,2908.41,146.41402,766022.6438,6024630.0397,124.0
124.0,2024,30309.0,25.0,279077.0,100.0,0.0,7.910177,0.062294517,2943.7307,183.37828,766022.6438,6024630.0397,124.0
124.0,2025,30309.0,25.0,279077.0,100.0,0.0,7.9476137,0.046657797,3056.022,142.58727,766022.6438,6024630.0397,124.0
125.0,2007,26463.0,25.0,284681.0,100.0,0.0,7.135712,0.004482318,1360.4724,6.0980697,788774.3891,6001938.1941,125.0
125.0,2008,26463.0,25.0,284681.0,100.0,0.0,7.2097797,0.00833613,1465.0647,12.212969,788774.3891,6001938.1941,125.0
125.0,2009,26463.0,25.0,284681.0,100.0,0.0,7.082227,0.036117427,1289.6193,46.57773,788774.3891,6001938.1941,125.0
125.0,2010,26463.0,25.0,284681.0,100.0,0.0,7.0995135,0.03270468,1312.106,42.91201,788774.3891,6001938.1941,125.0
125.0,2011,26463.0,25.0,284681.0,100.0,0.0,7.093499,0.03099549,1304.2382,40.425503,788774.3891,6001938.1941,125.0
125.0,2012,26463.0,25.0,284681.0,100.0,0.0,7.256662,0.030360382,1535.3857,46.6149,788774.3891,6001938.1941,125.0
125.0,2013,26463.0,25.0,284681.0,100.0,0.0,7.2287593,0.00709197,1493.1364,10.589278,788774.3891,6001938.1941,125.0
125.0,2014,26463.0,25.0,284681.0,100.0,0.0,7.3288455,0.09762866,1650.3137,161.11792,788774.3891,6001938.1941,125.0
125.0,2015,26463.0,25.0,284681.0,100.0,0.0,7.3821015,0.013004886,1740.5853,22.636112,788774.3891,6001938.1941,125.0
125.0,2016,26463.0,25.0,284681.0,100.0,0.0,7.3022256,0.0069890907,1606.9619,11.231203,788774.3891,6001938.1941,125.0
125.0,2017,26463.0,25.0,284681.0,100.0,0.0,7.4136086,0.0031010322,1796.2985,5.5703797,788774.3891,6001938.1941,125.0
125.0,2018,26463.0,25.0,284681.0,100.0,0.0,7.601933,0.025078105,2168.537,54.3828,788774.3891,6001938.1941,125.0
125.0,2019,26463.0,25.0,284681.0,100.0,0.0,7.6321745,0.04448755,2235.1187,99.43495,788774.3891,6001938.1941,125.0
125.0,2020,26463.0,25.0,284681.0,100.0,0.0,7.731358,0.061086517,2468.1719,150.77202,788774.3891,6001938.1941,125.0
125.0,2021,26463.0,25.0,284681.0,100.0,0.0,7.874448,0.10433904,2847.8594,297.1429,788774.3891,6001938.1941,125.0
125.0,2022,26463.0,25.0,284681.0,100.0,0.0,7.904936,0.11348124,2936.0227,333.18347,788774.3891,6001938.1941,125.0
125.0,2023,26463.0,25.0,284681.0,100.0,0.0,8.010307,0.00021197145,3262.284,0.69151103,788774.3891,6001938.1941,125.0
125.0,2024,26463.0,25.0,284681.0,100.0,0.0,8.005912,0.017938955,3247.974,58.265263,788774.3891,6001938.1941,125.0
125.0,2025,26463.0,25.0,284681.0,100.0,0.0,8.037943,0.03764693,3353.6938,126.25628,788774.3891,6001938.1941,125.0
126.0,2007,204626.0,25.0,1691901.0,100.0,0.0,7.193108,0.005134936,1460.8163,7.501198,775473.3971,5637804.0106,126.0
126.0,2008,204626.0,25.0,1691901.0,100.0,0.0,7.073413,0.0070789177,1296.0228,9.174439,775473.3971,5637804.0106,126.0
126.0,2009,204626.0,25.0,1691901.0,100.0,0.0,7.05536,0.023979964,1272.8358,30.522556,775473.3971,5637804.0106,126.0
126.0,2010,204626.0,25.0,1691901.0,100.0,0.0,7.026593,0.020899167,1236.7422,25.846882,775473.3971,5637804.0106,126.0
126.0,2011,204626.0,25.0,1691901.0,100.0,0.0,7.0034266,0.0032566662,1208.4203,3.9354215,775473.3971,5637804.0106,126.0
126.0,2012,204626.0,25.0,1691901.0,100.0,0.0,7.0219116,0.016980032,1230.9661,20.901842,775473.3971,5637804.0106,126.0
126.0,2013,204626.0,25.0,1691901.0,100.0,0.0,7.0309024,0.009986771,1242.0828,12.404397,775473.3971,5637804.0106,126.0
126.0,2014,204626.0,25.0,1691901.0,100.0,0.0,6.974823,0.004563075,1174.3447,5.358623,775473.3971,5637804.0106,126.0
126.0,2015,204626.0,25.0,1691901.0,100.0,0.0,6.9764967,0.011867692,1176.3123,13.960112,775473.3971,5637804.0106,126.0
126.0,2016,204626.0,25.0,1691901.0,100.0,0.0,7.037003,0.029768981,1249.6837,37.20181,775473.3971,5637804.0106,126.0
126.0,2017,204626.0,25.0,1691901.0,100.0,0.0,7.083984,0.018749325,1309.796,24.557789,775473.3971,5637804.0106,126.0
126.0,2018,204626.0,25.0,1691901.0,100.0,0.0,7.1361775,0.04508656,1379.9747,62.218307,775473.3971,5637804.0106,126.0
126.0,2019,204626.0,25.0,1691901.0,100.0,0.0,7.094914,0.03975737,1324.1909,52.646347,775473.3971,5637804.0106,126.0
126.0,2020,204626.0,25.0,1691901.0,100.0,0.0,7.182326,0.04421982,1445.1501,63.90428,775473.3971,5637804.0106,126.0
126.0,2021,204626.0,25.0,1691901.0,100.0,0.0,7.418138,0.06130559,1829.4681,112.156624,775473.3971,5637804.0106,126.0
126.0,2022,204626.0,25.0,1691901.0,100.0,0.0,7.5026546,0.05836789,1990.8105,116.19941,775473.3971,5637804.0106,126.0
126.0,2023,204626.0,25.0,1691901.0,100.0,0.0,7.4226804,0.030698651,1837.7979,56.41791,775473.3971,5637804.0106,126.0
126.0,2024,204626.0,25.0,1691901.0,100.0,0.0,7.375377,0.056341063,1752.8883,98.75959,775473.3971,5637804.0106,126.0
126.0,2025,204626.0,25.0,1691901.0,100.0,0.0,7.4119534,0.020941658,1818.1893,38.075897,775473.3971,5637804.0106,126.0
127.0,2007,371625.0,25.0,1150331.0,100.0,0.0,7.545063,0.015696771,2043.2178,32.071922,835092.6499,5668105.2038,127.0
127.0,2008,371625.0,25.0,1150331.0,100.0,0.0,7.4967856,0.009766004,1946.9198,19.013628,835092.6499,5668105.2038,127.0
127.0,2009,371625.0,25.0,1150331.0,100.0,0.0,7.4634414,0.001299134,1883.0712,2.4463618,835092.6499,5668105.2038,127.0
127.0,2010,371625.0,25.0,1150331.0,100.0,0.0,7.5049167,0.00947439,1962.815,18.596474,835092.6499,5668105.2038,127.0
127.0,2011,371625.0,25.0,1150331.0,100.0,0.0,7.593794,0.016408639,2145.2512,35.200653,835092.6499,5668105.2038,127.0
127.0,2012,371625.0,25.0,1150331.0,100.0,0.0,7.6797695,0.014991031,2337.8513,35.046803,835092.6499,5668105.2038,127.0
127.0,2013,371625.0,25.0,1150331.0,100.0,0.0,7.8168526,0.0010293353,2681.3367,2.7599945,835092.6499,5668105.2038,127.0
127.0,2014,371625.0,25.0,1150331.0,100.0,0.0,7.9152255,0.0049624685,2958.517,14.681548,835092.6499,5668105.2038,127.0
127.0,2015,371625.0,25.0,1150331.0,100.0,0.0,7.890153,0.0007285317,2885.2622,2.102005,835092.6499,5668105.2038,127.0
127.0,2016,371625.0,25.0,1150331.0,100.0,0.0,7.8647633,0.0032252597,2812.929,9.072427,835092.6499,5668105.2038,127.0
127.0,2017,371625.0,25.0,1150331.0,100.0,0.0,7.905375,0.013902495,2929.518,40.727608,835092.6499,5668105.2038,127.0
127.0,2018,371625.0,25.0,1150331.0,100.0,0.0,7.884061,0.05473255,2867.739,156.95866,835092.6499,5668105.2038,127.0
127.0,2019,371625.0,25.0,1150331.0,100.0,0.0,8.0400505,0.02319353,3351.852,77.74128,835092.6499,5668105.2038,127.0
127.0,2020,371625.0,25.0,1150331.0,100.0,0.0,8.098938,0.060642492,3555.1611,215.59383,835092.6499,5668105.2038,127.0
127.0,2021,371625.0,25.0,1150331.0,100.0,0.0,8.282325,0.05442233,4270.744,232.42384,835092.6499,5668105.2038,127.0
127.0,2022,371625.0,25.0,1150331.0,100.0,0.0,8.283969,0.035425384,4277.769,151.54163,835092.6499,5668105.2038,127.0
127.0,2023,371625.0,25.0,1150331.0,100.0,0.0,8.200958,0.029554306,3937.0098,116.35559,835092.6499,5668105.2038,127.0
127.0,2024,371625.0,25.0,1150331.0,100.0,0.0,8.203077,0.034155305,3945.3584,134.75493,835092.6499,5668105.2038,127.0
127.0,2025,371625.0,25.0,1150331.0,100.0,0.0,8.258602,0.012405239,4170.623,51.737576,835092.6499,5668105.2038,127.0
128.0,2007,53531.0,25.0,672971.0,100.0,0.0,6.942968,0.027631389,1144.8187,31.632933,878282.6452,5685016.8989,128.0
128.0,2008,53531.0,25.0,672971.0,100.0,0.0,6.8901052,0.045618173,1085.8723,49.53551,878282.6452,5685016.8989,128.0
128.0,2009,53531.0,25.0,672971.0,100.0,0.0,6.7718234,0.09864875,964.73865,95.170265,878282.6452,5685016.8989,128.0
128.0,2010,53531.0,25.0,672971.0,100.0,0.0,6.789093,0.09763522,981.5439,95.83325,878282.6452,5685016.8989,128.0
128.0,2011,53531.0,25.0,672971.0,100.0,0.0,6.876468,0.04010245,1071.1648,42.956333,878282.6452,5685016.8989,128.0
128.0,2012,53531.0,25.0,672971.0,100.0,0.0,6.7360544,0.059288964,930.84045,55.188564,878282.6452,5685016.8989,128.0
128.0,2013,53531.0,25.0,672971.0,100.0,0.0,6.85252,0.05260175,1045.8168,55.011795,878282.6452,5685016.8989,128.0
128.0,2014,53531.0,25.0,672971.0,100.0,0.0,6.8692474,0.12257699,1063.4578,130.35545,878282.6452,5685016.8989,128.0
128.0,2015,53531.0,25.0,672971.0,100.0,0.0,6.986496,0.07812176,1195.7511,93.41418,878282.6452,5685016.8989,128.0
128.0,2016,53531.0,25.0,672971.0,100.0,0.0,7.0389156,0.05435401,1260.1038,68.49169,878282.6452,5685016.8989,128.0
128.0,2017,53531.0,25.0,672971.0,100.0,0.0,6.8571653,0.005363581,1050.6866,5.6354427,878282.6452,5685016.8989,128.0
128.0,2018,53531.0,25.0,672971.0,100.0,0.0,6.9744625,0.049295258,1181.4479,58.23978,878282.6452,5685016.8989,128.0
128.0,2019,53531.0,25.0,672971.0,100.0,0.0,6.7225313,0.0668954,918.33734,61.43255,878282.6452,5685016.8989,128.0
128.0,2020,53531.0,25.0,672971.0,100.0,0.0,6.818481,0.12357883,1010.81757,124.91565,878282.6452,5685016.8989,128.0
128.0,2021,53531.0,25.0,672971.0,100.0,0.0,7.0488605,0.04798225,1272.698,61.06691,878282.6452,5685016.8989,128.0
128.0,2022,53531.0,25.0,672971.0,100.0,0.0,7.3368993,0.009981459,1697.5358,16.943884,878282.6452,5685016.8989,128.0
128.0,2023,53531.0,25.0,672971.0,100.0,0.0,7.32741,0.06015802,1681.5042,101.15597,878282.6452,5685016.8989,128.0
128.0,2024,53531.0,25.0,672971.0,100.0,0.0,7.289318,0.008166884,1618.6561,13.2193775,878282.6452,5685016.8989,128.0
128.0,2025,53531.0,25.0,672971.0,100.0,0.0,7.339729,0.031848572,1702.3456,54.217278,878282.6452,5685016.8989,128.0
129.0,2007,481112.0,25.0,1668203.0,100.0,0.0,7.3663626,0.015968284,1701.2509,27.166056,735032.1085,5693288.0202,129.0
129.0,2008,481112.0,25.0,1668203.0,100.0,0.0,7.2712,0.023837697,1546.8203,36.872635,735032.1085,5693288.0202,129.0
129.0,2009,481112.0,25.0,1668203.0,100.0,0.0,7.330838,0.011792901,1641.876,19.36248,735032.1085,5693288.0202,129.0
129.0,2010,481112.0,25.0,1668203.0,100.0,0.0,7.3029304,0.0122210095,1596.6886,19.513145,735032.1085,5693288.0202,129.0
129.0,2011,481112.0,25.0,1668203.0,100.0,0.0,7.294818,0.008435605,1583.7876,13.360208,735032.1085,5693288.0202,129.0
129.0,2012,481112.0,25.0,1668203.0,100.0,0.0,7.378482,0.0060521076,1721.9945,10.421696,735032.1085,5693288.0202,129.0
129.0,2013,481112.0,25.0,1668203.0,100.0,0.0,7.497514,0.015001478,1939.6649,29.09784,735032.1085,5693288.0202,129.0
129.0,2014,481112.0,25.0,1668203.0,100.0,0.0,7.4909244,0.0041516623,1926.9258,7.999945,735032.1085,5693288.0202,129.0
129.0,2015,481112.0,25.0,1668203.0,100.0,0.0,7.554031,0.02612039,2052.446,53.61069,735032.1085,5693288.0202,129.0
129.0,2016,481112.0,25.0,1668203.0,100.0,0.0,7.6862564,0.026619192,2342.5918,62.357903,735032.1085,5693288.0202,129.0
129.0,2017,481112.0,25.0,1668203.0,100.0,0.0,7.745302,0.02059809,2485.0762,51.187824,735032.1085,5693288.0202,129.0
129.0,2018,481112.0,25.0,1668203.0,100.0,0.0,7.8787084,0.0019396438,2839.732,5.5080686,735032.1085,5693288.0202,129.0
129.0,2019,481112.0,25.0,1668203.0,100.0,0.0,7.9364038,0.014434135,3008.3894,43.4235,735032.1085,5693288.0202,129.0
129.0,2020,481112.0,25.0,1668203.0,100.0,0.0,8.085069,0.011021747,3490.5886,38.472385,735032.1085,5693288.0202,129.0
129.0,2021,481112.0,25.0,1668203.0,100.0,0.0,8.257886,0.0019453241,4149.0825,8.07131,735032.1085,5693288.0202,129.0
129.0,2022,481112.0,25.0,1668203.0,100.0,0.0,8.338363,0.008408443,4496.7896,37.810997,735032.1085,5693288.0202,129.0
129.0,2023,481112.0,25.0,1668203.0,100.0,0.0,8.265118,0.008285703,4179.198,34.627598,735032.1085,5693288.0202,129.0
129.0,2024,481112.0,25.0,1668203.0,100.0,0.0,8.235754,0.003369138,4058.2632,13.67285,735032.1085,5693288.0202,129.0
129.0,2025,481112.0,25.0,1668203.0,100.0,0.0,8.232727,0.00168496,4045.9988,6.817346,735032.1085,5693288.0202,129.0
130.0,2007,49771.0,25.0,1660954.0,100.0,0.0,7.0300884,0.018581863,1253.6285,23.294754,722514.8752,5749696.8656,130.0
130.0,2008,49771.0,25.0,1660954.0,100.0,0.0,6.9186163,0.030695958,1121.3909,34.42217,722514.8752,5749696.8656,130.0
130.0,2009,49771.0,25.0,1660954.0,100.0,0.0,6.96575,0.019516401,1175.5121,22.941767,722514.8752,5749696.8656,130.0
130.0,2010,49771.0,25.0,1660954.0,100.0,0.0,6.745535,0.0020219442,943.1675,1.907032,722514.8752,5749696.8656,130.0
130.0,2011,49771.0,25.0,1660954.0,100.0,0.0,6.823864,0.024030125,1020.0154,24.511099,722514.8752,5749696.8656,130.0
130.0,2012,49771.0,25.0,1660954.0,100.0,0.0,6.70731,0.0034574966,907.7953,3.138699,722514.8752,5749696.8656,130.0
130.0,2013,49771.0,25.0,1660954.0,100.0,0.0,6.83374,0.043542128,1030.1389,44.85444,722514.8752,5749696.8656,130.0
130.0,2014,49771.0,25.0,1660954.0,100.0,0.0,6.8878593,0.030728733,1087.4257,33.41521,722514.8752,5749696.8656,130.0
130.0,2015,49771.0,25.0,1660954.0,100.0,0.0,6.7949877,0.07039284,990.98224,69.75806,722514.8752,5749696.8656,130.0
130.0,2016,49771.0,25.0,1660954.0,100.0,0.0,6.660821,0.09233712,866.5588,80.01554,722514.8752,5749696.8656,130.0
130.0,2017,49771.0,25.0,1660954.0,100.0,0.0,6.775458,0.08141758,971.8164,79.12295,722514.8752,5749696.8656,130.0
130.0,2018,49771.0,25.0,1660954.0,100.0,0.0,6.804292,0.03574509,1000.2456,35.753872,722514.8752,5749696.8656,130.0
130.0,2019,49771.0,25.0,1660954.0,100.0,0.0,7.081377,0.055994116,1319.6025,73.88998,722514.8752,5749696.8656,130.0
130.0,2020,49771.0,25.0,1660954.0,100.0,0.0,7.103767,0.015979875,1349.4819,21.564552,722514.8752,5749696.8656,130.0
130.0,2021,49771.0,25.0,1660954.0,100.0,0.0,7.2893977,0.010527769,1624.7458,17.10495,722514.8752,5749696.8656,130.0
130.0,2022,49771.0,25.0,1660954.0,100.0,0.0,7.3944335,0.033480864,1804.687,60.422478,722514.8752,5749696.8656,130.0
130.0,2023,49771.0,25.0,1660954.0,100.0,0.0,7.40408,0.011840158,1822.1802,21.5749,722514.8752,5749696.8656,130.0
130.0,2024,49771.0,25.0,1660954.0,100.0,0.0,7.424679,0.07014847,1860.1036,130.48343,722514.8752,5749696.8656,130.0
130.0,2025,49771.0,25.0,1660954.0,100.0,0.0,7.419002,0.06522164,1849.5747,120.632286,722514.8752,5749696.8656,130.0
132.0,2007,135687.0,25.0,1505247.0,100.0,0.0,7.221785,0.0039249235,1490.7179,5.850953,706124.06,5707359.19,132.0
132.0,2008,135687.0,25.0,1505247.0,100.0,0.0,7.181796,0.007882597,1432.2815,11.290098,706124.06,5707359.19,132.0
132.0,2009,135687.0,25.0,1505247.0,100.0,0.0,7.00073,0.029948508,1195.0677,35.790497,706124.06,5707359.19,132.0
132.0,2010,135687.0,25.0,1505247.0,100.0,0.0,7.1071544,0.026174262,1329.266,34.792557,706124.06,5707359.19,132.0
132.0,2011,135687.0,25.0,1505247.0,100.0,0.0,7.0925508,0.026931785,1309.9951,35.28051,706124.06,5707359.19,132.0
132.0,2012,135687.0,25.0,1505247.0,100.0,0.0,7.1370535,0.04738555,1369.6102,64.899734,706124.06,5707359.19,132.0
132.0,2013,135687.0,25.0,1505247.0,100.0,0.0,7.191467,0.068751596,1446.2002,99.428566,706124.06,5707359.19,132.0
132.0,2014,135687.0,25.0,1505247.0,100.0,0.0,7.1626334,0.031331643,1405.0964,44.023983,706124.06,5707359.19,132.0
132.0,2015,135687.0,25.0,1505247.0,100.0,0.0,7.2113037,0.09318181,1475.1744,137.45943,706124.06,5707359.19,132.0
132.0,2016,135687.0,25.0,1505247.0,100.0,0.0,7.279337,0.09352082,1579.0282,147.67201,706124.06,5707359.19,132.0
132.0,2017,135687.0,25.0,1505247.0,100.0,0.0,7.29487,0.07909951,1603.7468,126.85559,706124.06,5707359.19,132.0
132.0,2018,135687.0,25.0,1505247.0,100.0,0.0,7.4343386,0.12598276,1843.7683,232.28304,706124.06,5707359.19,132.0
132.0,2019,135687.0,25.0,1505247.0,100.0,0.0,7.458587,0.08500716,1889.023,160.58047,706124.06,5707359.19,132.0
132.0,2020,135687.0,25.0,1505247.0,100.0,0.0,7.541172,0.12988067,2051.6506,266.46976,706124.06,5707359.19,132.0
132.0,2021,135687.0,25.0,1505247.0,100.0,0.0,7.667196,0.0566688,2327.2068,131.88,706124.06,5707359.19,132.0
132.0,2022,135687.0,25.0,1505247.0,100.0,0.0,7.8213325,0.058830902,2715.0356,159.728,706124.06,5707359.19,132.0
132.0,2023,135687.0,25.0,1505247.0,100.0,0.0,7.836132,0.060923487,2755.5159,167.87564,706124.06,5707359.19,132.0
132.0,2024,135687.0,25.0,1505247.0,100.0,0.0,7.780724,0.045941044,2606.9915,119.76791,706124.06,5707359.19,132.0
132.0,2025,135687.0,25.0,1505247.0,100.0,0.0,7.776266,0.04605516,2595.3955,119.53136,706124.06,5707359.19,132.0
131.0,2007,117058.0,25.0,1194284.0,100.0,0.0,7.137759,0.029530022,1362.2546,40.22741,680848.7649,5777289.9787,131.0
131.0,2008,117058.0,25.0,1194284.0,100.0,0.0,7.1906977,0.009839904,1436.313,14.133181,680848.7649,5777289.9787,131.0
131.0,2009,117058.0,25.0,1194284.0,100.0,0.0,6.9939423,0.01491291,1179.7751,17.59388,680848.7649,5777289.9787,131.0
131.0,2010,117058.0,25.0,1194284.0,100.0,0.0,7.030862,0.006448192,1224.1462,7.89353,680848.7649,5777289.9787,131.0
131.0,2011,117058.0,25.0,1194284.0,100.0,0.0,7.095936,0.061082236,1306.4552,79.80121,680848.7649,5777289.9787,131.0
131.0,2012,117058.0,25.0,1194284.0,100.0,0.0,7.1168895,0.07605888,1334.1191,101.47161,680848.7649,5777289.9787,131.0
131.0,2013,117058.0,25.0,1194284.0,100.0,0.0,7.152301,0.054415625,1382.2085,75.213745,680848.7649,5777289.9787,131.0
131.0,2014,117058.0,25.0,1194284.0,100.0,0.0,7.1458883,0.045469318,1373.3733,62.446346,680848.7649,5777289.9787,131.0
131.0,2015,117058.0,25.0,1194284.0,100.0,0.0,7.161964,0.059039168,1395.6296,82.39681,680848.7649,5777289.9787,131.0
131.0,2016,117058.0,25.0,1194284.0,100.0,0.0,7.298122,0.042491324,1599.2004,67.95214,680848.7649,5777289.9787,131.0
131.0,2017,117058.0,25.0,1194284.0,100.0,0.0,7.2478433,0.053111713,1520.7827,80.77138,680848.7649,5777289.9787,131.0
131.0,2018,117058.0,25.0,1194284.0,100.0,0.0,7.3712044,0.06347535,1720.4501,109.20618,680848.7649,5777289.9787,131.0
131.0,2019,117058.0,25.0,1194284.0,100.0,0.0,7.500966,0.046679594,1958.831,91.43744,680848.7649,5777289.9787,131.0
131.0,2020,117058.0,25.0,1194284.0,100.0,0.0,7.616177,0.047964465,2198.0247,105.42708,680848.7649,5777289.9787,131.0
131.0,2021,117058.0,25.0,1194284.0,100.0,0.0,7.7667484,0.03133545,2555.1992,80.06833,680848.7649,5777289.9787,131.0
131.0,2022,117058.0,25.0,1194284.0,100.0,0.0,7.744472,0.07290159,2498.9082,182.1744,680848.7649,5777289.9787,131.0
131.0,2023,117058.0,25.0,1194284.0,100.0,0.0,7.855448,0.011860895,2792.1987,33.117973,680848.7649,5777289.9787,131.0
131.0,2024,117058.0,25.0,1194284.0,100.0,0.0,7.947849,0.027098862,3062.4976,82.9902,680848.7649,5777289.9787,131.0
131.0,2025,117058.0,25.0,1194284.0,100.0,0.0,7.9047313,0.011125394,2933.2563,32.633633,680848.7649,5777289.9787,131.0
13.0,2007,18658.0,25.0,954567.0,100.0,0.0,6.9377356,0.009461985,1139.7697,10.784484,644259.3863,5856810.8798,13.0
13.0,2008,18658.0,25.0,954567.0,100.0,0.0,6.879957,0.018971251,1075.7821,20.408932,644259.3863,5856810.8798,13.0
13.0,2009,18658.0,25.0,954567.0,100.0,0.0,6.6649914,0.11745387,867.6927,101.91387,644259.3863,5856810.8798,13.0
13.0,2010,18658.0,25.0,954567.0,100.0,0.0,6.7154474,0.07299048,912.5961,66.610825,644259.3863,5856810.8798,13.0
13.0,2011,18658.0,25.0,954567.0,100.0,0.0,6.7793727,0.16295624,972.8393,158.53023,644259.3863,5856810.8798,13.0
13.0,2012,18658.0,25.0,954567.0,100.0,0.0,6.8679733,0.12395109,1062.9674,131.75597,644259.3863,5856810.8798,13.0
13.0,2013,18658.0,25.0,954567.0,100.0,0.0,7.0049887,0.1297423,1219.0596,158.16359,644259.3863,5856810.8798,13.0
13.0,2014,18658.0,25.0,954567.0,100.0,0.0,6.870591,0.013210447,1065.7537,14.079082,644259.3863,5856810.8798,13.0
13.0,2015,18658.0,25.0,954567.0,100.0,0.0,6.7621694,0.057042707,956.2465,54.54689,644259.3863,5856810.8798,13.0
13.0,2016,18658.0,25.0,954567.0,100.0,0.0,6.964935,0.06396969,1171.1965,74.92108,644259.3863,5856810.8798,13.0
13.0,2017,18658.0,25.0,954567.0,100.0,0.0,7.1322875,0.06347314,1384.5544,87.88202,644259.3863,5856810.8798,13.0
13.0,2018,18658.0,25.0,954567.0,100.0,0.0,7.0788784,0.0014026361,1312.5468,1.8410254,644259.3863,5856810.8798,13.0
13.0,2019,18658.0,25.0,954567.0,100.0,0.0,6.930061,0.03760195,1131.0563,42.529926,644259.3863,5856810.8798,13.0
13.0,2020,18658.0,25.0,954567.0,100.0,0.0,6.9857984,0.020507092,1195.8884,24.524195,644259.3863,5856810.8798,13.0
13.0,2021,18658.0,25.0,954567.0,100.0,0.0,7.1318865,0.056157503,1383.9993,77.72195,644259.3863,5856810.8798,13.0
13.0,2022,18658.0,25.0,954567.0,100.0,0.0,7.314669,0.02574334,1661.5653,42.77424,644259.3863,5856810.8798,13.0
13.0,2023,18658.0,25.0,954567.0,100.0,0.0,7.417253,0.055439554,1841.0642,102.06778,644259.3863,5856810.8798,13.0
13.0,2024,18658.0,25.0,954567.0,100.0,0.0,7.485537,0.08528774,1971.1715,168.11678,644259.3863,5856810.8798,13.0
13.0,2025,18658.0,25.0,954567.0,100.0,0.0,7.6577377,0.06506197,2341.5862,152.34822,644259.3863,5856810.8798,13.0
133.0,2007,19143.0,25.0,1018052.0,100.0,0.0,7.1978784,0.122422114,1495.4537,183.0766,687962.0148,5827998.9785,133.0
133.0,2008,19143.0,25.0,1018052.0,100.0,0.0,7.1788936,0.06346106,1467.3309,93.11837,687962.0148,5827998.9785,133.0
133.0,2009,19143.0,25.0,1018052.0,100.0,0.0,6.95581,0.116229855,1173.9352,136.44632,687962.0148,5827998.9785,133.0
133.0,2010,19143.0,25.0,1018052.0,100.0,0.0,6.7627645,0.033753347,967.8441,32.667976,687962.0148,5827998.9785,133.0
133.0,2011,19143.0,25.0,1018052.0,100.0,0.0,6.8330297,0.17575921,1038.2963,182.49013,687962.0148,5827998.9785,133.0
133.0,2012,19143.0,25.0,1018052.0,100.0,0.0,6.8184752,0.019617895,1023.29395,20.074873,687962.0148,5827998.9785,133.0
133.0,2013,19143.0,25.0,1018052.0,100.0,0.0,6.79983,0.01952359,1004.39075,19.609314,687962.0148,5827998.9785,133.0
133.0,2014,19143.0,25.0,1018052.0,100.0,0.0,6.8746834,0.057973407,1082.4584,62.753803,687962.0148,5827998.9785,133.0
133.0,2015,19143.0,25.0,1018052.0,100.0,0.0,6.995177,0.11863803,1221.0704,144.8654,687962.0148,5827998.9785,133.0
133.0,2016,19143.0,25.0,1018052.0,100.0,0.0,7.068911,0.25926527,1314.508,340.8063,687962.0148,5827998.9785,133.0
133.0,2017,19143.0,25.0,1018052.0,100.0,0.0,7.0079894,0.087693855,1236.8163,108.46119,687962.0148,5827998.9785,133.0
133.0,2018,19143.0,25.0,1018052.0,100.0,0.0,6.924492,0.040733952,1137.7394,46.344624,687962.0148,5827998.9785,133.0
133.0,2019,19143.0,25.0,1018052.0,100.0,0.0,6.9898815,0.077254556,1214.6217,93.83506,687962.0148,5827998.9785,133.0
133.0,2020,19143.0,25.0,1018052.0,100.0,0.0,6.815157,0.020383086,1019.90356,20.78878,687962.0148,5827998.9785,133.0
133.0,2021,19143.0,25.0,1018052.0,100.0,0.0,7.1423993,0.14602357,1414.7471,206.58644,687962.0148,5827998.9785,133.0
133.0,2022,19143.0,25.0,1018052.0,100.0,0.0,7.275617,0.03379388,1616.3462,54.622612,687962.0148,5827998.9785,133.0
133.0,2023,19143.0,25.0,1018052.0,100.0,0.0,7.2979546,0.014015456,1652.8579,23.165558,687962.0148,5827998.9785,133.0
133.0,2024,19143.0,25.0,1018052.0,100.0,0.0,7.404795,0.10824216,1839.2291,199.08214,687962.0148,5827998.9785,133.0
133.0,2025,19143.0,25.0,1018052.0,100.0,0.0,7.5112457,0.16482688,2045.8165,337.20557,687962.0148,5827998.9785,133.0
134.0,2007,89605.0,25.0,1031574.0,100.0,0.0,7.307635,0.025832174,1615.8766,41.741608,641803.3161,5649903.7003,134.0
134.0,2008,89605.0,25.0,1031574.0,100.0,0.0,7.299177,0.022602927,1602.2676,36.215935,641803.3161,5649903.7003,134.0
134.0,2009,89605.0,25.0,1031574.0,100.0,0.0,7.248952,0.018440716,1523.7808,28.099607,641803.3161,5649903.7003,134.0
134.0,2010,89605.0,25.0,1031574.0,100.0,0.0,7.243747,0.048822314,1515.8706,74.00831,641803.3161,5649903.7003,134.0
134.0,2011,89605.0,25.0,1031574.0,100.0,0.0,7.338483,0.030657932,1666.4999,51.09144,641803.3161,5649903.7003,134.0
134.0,2012,89605.0,25.0,1031574.0,100.0,0.0,7.4411902,0.029419841,1846.7603,54.331394,641803.3161,5649903.7003,134.0
134.0,2013,89605.0,25.0,1031574.0,100.0,0.0,7.457989,0.045242812,1878.046,84.96809,641803.3161,5649903.7003,134.0
134.0,2014,89605.0,25.0,1031574.0,100.0,0.0,7.492597,0.030470084,1944.1788,59.239292,641803.3161,5649903.7003,134.0
134.0,2015,89605.0,25.0,1031574.0,100.0,0.0,7.5179973,0.019700581,1994.1943,39.28679,641803.3161,5649903.7003,134.0
134.0,2016,89605.0,25.0,1031574.0,100.0,0.0,7.505882,0.026341492,1970.1797,51.897472,641803.3161,5649903.7003,134.0
134.0,2017,89605.0,25.0,1031574.0,100.0,0.0,7.584283,0.07402504,2130.86,157.737,641803.3161,5649903.7003,134.0
134.0,2018,89605.0,25.0,1031574.0,100.0,0.0,7.7522373,0.05845904,2520.5576,147.34938,641803.3161,5649903.7003,134.0
134.0,2019,89605.0,25.0,1031574.0,100.0,0.0,7.723885,0.09091526,2450.097,222.7512,641803.3161,5649903.7003,134.0
134.0,2020,89605.0,25.0,1031574.0,100.0,0.0,7.8651533,0.18736982,2821.8594,528.7313,641803.3161,5649903.7003,134.0
134.0,2021,89605.0,25.0,1031574.0,100.0,0.0,8.014713,0.11692824,3277.0896,383.18433,641803.3161,5649903.7003,134.0
134.0,2022,89605.0,25.0,1031574.0,100.0,0.0,8.143588,0.07149016,3727.8464,266.50433,641803.3161,5649903.7003,134.0
134.0,2023,89605.0,25.0,1031574.0,100.0,0.0,7.989623,0.056489035,3195.8901,180.53275,641803.3161,5649903.7003,134.0
134.0,2024,89605.0,25.0,1031574.0,100.0,0.0,7.959045,0.10160373,3099.6455,314.93555,641803.3161,5649903.7003,134.0
134.0,2025,89605.0,25.0,1031574.0,100.0,0.0,7.9618754,0.06822151,3108.431,212.06183,641803.3161,5649903.7003,134.0
135.0,2007,78563.0,25.0,1562604.0,100.0,0.0,7.003959,0.051169027,1235.9216,63.240906,716782.4326,5642562.5445,135.0
135.0,2008,78563.0,25.0,1562604.0,100.0,0.0,6.8956103,0.03229391,1109.0104,35.814278,716782.4326,5642562.5445,135.0
135.0,2009,78563.0,25.0,1562604.0,100.0,0.0,6.766468,0.024795303,974.6522,24.166798,716782.4326,5642562.5445,135.0
135.0,2010,78563.0,25.0,1562604.0,100.0,0.0,6.7529984,0.040834192,961.612,39.26665,716782.4326,5642562.5445,135.0
135.0,2011,78563.0,25.0,1562604.0,100.0,0.0,6.679733,0.08966806,893.6783,80.13439,716782.4326,5642562.5445,135.0
135.0,2012,78563.0,25.0,1562604.0,100.0,0.0,6.781547,0.04047822,989.4605,40.0516,716782.4326,5642562.5445,135.0
135.0,2013,78563.0,25.0,1562604.0,100.0,0.0,6.761424,0.018582223,969.7485,18.020082,716782.4326,5642562.5445,135.0
135.0,2014,78563.0,25.0,1562604.0,100.0,0.0,6.748334,0.067892164,957.13745,64.98213,716782.4326,5642562.5445,135.0
135.0,2015,78563.0,25.0,1562604.0,100.0,0.0,6.7418456,0.12761518,950.94714,121.355286,716782.4326,5642562.5445,135.0
135.0,2016,78563.0,25.0,1562604.0,100.0,0.0,6.890128,0.0031845504,1102.9469,3.5123901,716782.4326,5642562.5445,135.0
135.0,2017,78563.0,25.0,1562604.0,100.0,0.0,6.828919,0.0024627894,1037.4609,2.5550478,716782.4326,5642562.5445,135.0
135.0,2018,78563.0,25.0,1562604.0,100.0,0.0,6.8154497,0.009306986,1023.5809,9.526453,716782.4326,5642562.5445,135.0
135.0,2019,78563.0,25.0,1562604.0,100.0,0.0,6.9123697,0.07076132,1127.7534,79.80132,716782.4326,5642562.5445,135.0
135.0,2020,78563.0,25.0,1562604.0,100.0,0.0,6.9740376,0.021799382,1199.4888,26.148115,716782.4326,5642562.5445,135.0
135.0,2021,78563.0,25.0,1562604.0,100.0,0.0,7.081156,0.048838176,1335.1097,65.20432,716782.4326,5642562.5445,135.0
135.0,2022,78563.0,25.0,1562604.0,100.0,0.0,7.1173816,0.024021845,1384.3618,33.254925,716782.4326,5642562.5445,135.0
135.0,2023,78563.0,25.0,1562604.0,100.0,0.0,7.215056,0.039545696,1526.4026,60.362656,716782.4326,5642562.5445,135.0
135.0,2024,78563.0,25.0,1562604.0,100.0,0.0,7.3564568,0.07047075,1758.2418,123.90462,716782.4326,5642562.5445,135.0
135.0,2025,78563.0,25.0,1562604.0,100.0,0.0,7.3537188,0.045521896,1753.4344,79.81966,716782.4326,5642562.5445,135.0
136.0,2007,70428.0,25.0,1567850.0,100.0,0.0,7.37784,0.039556704,1755.4932,69.44153,681812.783,5644588.8858,136.0
136.0,2008,70428.0,25.0,1567850.0,100.0,0.0,7.38856,0.0435722,1774.4126,77.315056,681812.783,5644588.8858,136.0
136.0,2009,70428.0,25.0,1567850.0,100.0,0.0,7.300329,0.05237884,1624.563,85.09273,681812.783,5644588.8858,136.0
136.0,2010,70428.0,25.0,1567850.0,100.0,0.0,7.3360744,0.07627682,1683.6841,128.42606,681812.783,5644588.8858,136.0
136.0,2011,70428.0,25.0,1567850.0,100.0,0.0,7.473742,0.12569606,1932.1854,242.8681,681812.783,5644588.8858,136.0
136.0,2012,70428.0,25.0,1567850.0,100.0,0.0,7.487484,0.10820213,1958.9208,211.95941,681812.783,5644588.8858,136.0
136.0,2013,70428.0,25.0,1567850.0,100.0,0.0,7.5578575,0.105022736,2101.744,220.7309,681812.783,5644588.8858,136.0
136.0,2014,70428.0,25.0,1567850.0,100.0,0.0,7.5897207,0.05386393,2169.7898,116.873405,681812.783,5644588.8858,136.0
136.0,2015,70428.0,25.0,1567850.0,100.0,0.0,7.618031,0.0593857,2232.0957,132.55457,681812.783,5644588.8858,136.0
136.0,2016,70428.0,25.0,1567850.0,100.0,0.0,7.5601416,0.060606353,2106.5493,127.67027,681812.783,5644588.8858,136.0
136.0,2017,70428.0,25.0,1567850.0,100.0,0.0,7.6166387,0.14671403,2228.99,327.0241,681812.783,5644588.8858,136.0
136.0,2018,70428.0,25.0,1567850.0,100.0,0.0,7.772958,0.17810507,2606.133,464.1655,681812.783,5644588.8858,136.0
136.0,2019,70428.0,25.0,1567850.0,100.0,0.0,7.9428635,0.1760932,3088.7705,543.9115,681812.783,5644588.8858,136.0
136.0,2020,70428.0,25.0,1567850.0,100.0,0.0,7.9523807,0.09386533,3118.3076,292.70096,681812.783,5644588.8858,136.0
136.0,2021,70428.0,25.0,1567850.0,100.0,0.0,7.941379,0.16076756,3084.189,495.83752,681812.783,5644588.8858,136.0
136.0,2022,70428.0,25.0,1567850.0,100.0,0.0,7.9681597,0.24330252,3167.902,770.75854,681812.783,5644588.8858,136.0
136.0,2023,70428.0,25.0,1567850.0,100.0,0.0,7.992602,0.10034494,3246.2856,325.74835,681812.783,5644588.8858,136.0
136.0,2024,70428.0,25.0,1567850.0,100.0,0.0,8.069273,0.035096254,3504.9717,123.01138,681812.783,5644588.8858,136.0
136.0,2025,70428.0,25.0,1567850.0,100.0,0.0,7.8913527,0.06683492,2933.6934,196.07315,681812.783,5644588.8858,136.0
140.0,2007,48495.0,25.0,798460.0,100.0,0.0,6.926591,0.014288349,1123.3943,16.05145,619440.8602,5607996.0188,140.0
140.0,2008,48495.0,25.0,798460.0,100.0,0.0,6.9454713,0.03873992,1144.8059,44.34969,619440.8602,5607996.0188,140.0
140.0,2009,48495.0,25.0,798460.0,100.0,0.0,6.8846087,0.013269931,1077.2083,14.29448,619440.8602,5607996.0188,140.0
140.0,2010,48495.0,25.0,798460.0,100.0,0.0,6.810438,0.022897493,1000.202,22.902119,619440.8602,5607996.0188,140.0
140.0,2011,48495.0,25.0,798460.0,100.0,0.0,6.7852054,0.05514774,975.2799,53.784485,619440.8602,5607996.0188,140.0
140.0,2012,48495.0,25.0,798460.0,100.0,0.0,6.777586,0.06478622,967.8774,62.705116,619440.8602,5607996.0188,140.0
140.0,2013,48495.0,25.0,798460.0,100.0,0.0,6.776375,0.0690762,966.70593,66.77637,619440.8602,5607996.0188,140.0
140.0,2014,48495.0,25.0,798460.0,100.0,0.0,6.958077,0.13066596,1159.3286,151.48477,619440.8602,5607996.0188,140.0
140.0,2015,48495.0,25.0,798460.0,100.0,0.0,6.985304,0.035721503,1191.327,42.555992,619440.8602,5607996.0188,140.0
140.0,2016,48495.0,25.0,798460.0,100.0,0.0,6.8504496,0.035594497,1041.0333,37.055058,619440.8602,5607996.0188,140.0
140.0,2017,48495.0,25.0,798460.0,100.0,0.0,7.056824,0.013812378,1279.6519,17.675035,619440.8602,5607996.0188,140.0
140.0,2018,48495.0,25.0,798460.0,100.0,0.0,7.076221,0.07600699,1304.7156,99.16751,619440.8602,5607996.0188,140.0
140.0,2019,48495.0,25.0,798460.0,100.0,0.0,7.214457,0.06038092,1498.1349,90.45876,619440.8602,5607996.0188,140.0
140.0,2020,48495.0,25.0,798460.0,100.0,0.0,7.320476,0.020829739,1665.6908,34.695904,619440.8602,5607996.0188,140.0
140.0,2021,48495.0,25.0,798460.0,100.0,0.0,7.486778,0.0033410673,1967.0634,6.572091,619440.8602,5607996.0188,140.0
140.0,2022,48495.0,25.0,798460.0,100.0,0.0,7.459765,0.00951459,1914.6393,18.217007,619440.8602,5607996.0188,140.0
140.0,2023,48495.0,25.0,798460.0,100.0,0.0,7.475312,0.042785753,1944.6387,83.202835,619440.8602,5607996.0188,140.0
140.0,2024,48495.0,25.0,798460.0,100.0,0.0,7.458434,0.045128133,1912.0923,86.28916,619440.8602,5607996.0188,140.0
140.0,2025,48495.0,25.0,798460.0,100.0,0.0,7.496793,0.0010059259,1986.8622,1.9986361,619440.8602,5607996.0188,140.0
138.0,2007,59775.0,25.0,883108.0,100.0,0.0,7.060538,0.043142002,1276.3468,55.064156,593873.9173,5650550.8368,138.0
138.0,2008,59775.0,25.0,883108.0,100.0,0.0,7.0086827,0.06263751,1211.8484,75.907166,593873.9173,5650550.8368,138.0
138.0,2009,59775.0,25.0,883108.0,100.0,0.0,6.869048,0.035882216,1053.9153,37.816814,593873.9173,5650550.8368,138.0
138.0,2010,59775.0,25.0,883108.0,100.0,0.0,6.807763,0.06278743,991.2654,62.239002,593873.9173,5650550.8368,138.0
138.0,2011,59775.0,25.0,883108.0,100.0,0.0,6.931576,0.10815278,1121.9182,121.33857,593873.9173,5650550.8368,138.0
138.0,2012,59775.0,25.0,883108.0,100.0,0.0,6.909836,0.08519087,1097.7909,93.52177,593873.9173,5650550.8368,138.0
138.0,2013,59775.0,25.0,883108.0,100.0,0.0,6.8361998,0.10693397,1019.8587,109.05753,593873.9173,5650550.8368,138.0
138.0,2014,59775.0,25.0,883108.0,100.0,0.0,6.9579506,0.053412177,1151.9025,61.52562,593873.9173,5650550.8368,138.0
138.0,2015,59775.0,25.0,883108.0,100.0,0.0,7.0949078,0.038804922,1320.9773,51.260418,593873.9173,5650550.8368,138.0
138.0,2016,59775.0,25.0,883108.0,100.0,0.0,7.1128945,0.11168038,1344.9524,150.20479,593873.9173,5650550.8368,138.0
138.0,2017,59775.0,25.0,883108.0,100.0,0.0,7.114891,0.07710649,1347.6401,103.9118,593873.9173,5650550.8368,138.0
138.0,2018,59775.0,25.0,883108.0,100.0,0.0,7.083679,0.037113734,1306.2278,48.47899,593873.9173,5650550.8368,138.0
138.0,2019,59775.0,25.0,883108.0,100.0,0.0,7.197839,0.09390249,1464.1912,137.4912,593873.9173,5650550.8368,138.0
138.0,2020,59775.0,25.0,883108.0,100.0,0.0,7.2160373,0.07213381,1491.0807,107.55733,593873.9173,5650550.8368,138.0
138.0,2021,59775.0,25.0,883108.0,100.0,0.0,7.351491,0.09096752,1707.3712,155.31532,593873.9173,5650550.8368,138.0
138.0,2022,59775.0,25.0,883108.0,100.0,0.0,7.457213,0.059466787,1897.765,112.85399,593873.9173,5650550.8368,138.0
138.0,2023,59775.0,25.0,883108.0,100.0,0.0,7.3431,0.107783474,1693.1049,182.48872,593873.9173,5650550.8368,138.0
138.0,2024,59775.0,25.0,883108.0,100.0,0.0,7.3413453,0.07492251,1690.137,126.62931,593873.9173,5650550.8368,138.0
138.0,2025,59775.0,25.0,883108.0,100.0,0.0,7.3705945,0.067334756,1740.3016,117.182785,593873.9173,5650550.8368,138.0
137.0,2007,30528.0,25.0,1266623.0,100.0,0.0,6.8410616,0.04157474,1061.7676,44.14271,625617.9818,5707979.293,137.0
137.0,2008,30528.0,25.0,1266623.0,100.0,0.0,6.8560023,0.0054195123,1077.7505,5.840882,625617.9818,5707979.293,137.0
137.0,2009,30528.0,25.0,1266623.0,100.0,0.0,6.79167,0.02563441,1010.5992,25.906115,625617.9818,5707979.293,137.0
137.0,2010,30528.0,25.0,1266623.0,100.0,0.0,6.747481,0.02870575,966.9142,27.755997,625617.9818,5707979.293,137.0
137.0,2011,30528.0,25.0,1266623.0,100.0,0.0,6.715146,0.04721775,936.1495,44.20287,625617.9818,5707979.293,137.0
137.0,2012,30528.0,25.0,1266623.0,100.0,0.0,6.7081776,0.041864797,929.64856,38.919548,625617.9818,5707979.293,137.0
137.0,2013,30528.0,25.0,1266623.0,100.0,0.0,6.619652,0.12076757,850.8881,102.75969,625617.9818,5707979.293,137.0
137.0,2014,30528.0,25.0,1266623.0,100.0,0.0,6.7977295,0.019253504,1016.7416,19.575836,625617.9818,5707979.293,137.0
137.0,2015,30528.0,25.0,1266623.0,100.0,0.0,6.921014,0.050233554,1150.1442,57.77583,625617.9818,5707979.293,137.0
137.0,2016,30528.0,25.0,1266623.0,100.0,0.0,7.0861707,0.017341284,1356.6852,23.526663,625617.9818,5707979.293,137.0
137.0,2017,30528.0,25.0,1266623.0,100.0,0.0,7.09803,0.042037446,1372.8705,57.711967,625617.9818,5707979.293,137.0
137.0,2018,30528.0,25.0,1266623.0,100.0,0.0,6.997426,0.1252967,1241.4745,155.55266,625617.9818,5707979.293,137.0
137.0,2019,30528.0,25.0,1266623.0,100.0,0.0,7.2976894,0.03793393,1676.2566,63.587,625617.9818,5707979.293,137.0
137.0,2020,30528.0,25.0,1266623.0,100.0,0.0,7.329856,0.06496956,1731.0527,112.46574,625617.9818,5707979.293,137.0
137.0,2021,30528.0,25.0,1266623.0,100.0,0.0,7.319547,0.073396005,1713.2993,125.74932,625617.9818,5707979.293,137.0
137.0,2022,30528.0,25.0,1266623.0,100.0,0.0,7.3925176,0.05616599,1842.9938,103.51357,625617.9818,5707979.293,137.0
137.0,2023,30528.0,25.0,1266623.0,100.0,0.0,7.4390793,0.0010659706,1930.8359,2.0582144,625617.9818,5707979.293,137.0
137.0,2024,30528.0,25.0,1266623.0,100.0,0.0,7.4237194,0.0019713466,1901.4045,3.7483275,625617.9818,5707979.293,137.0
137.0,2025,30528.0,25.0,1266623.0,100.0,0.0,7.396009,0.03955355,1849.4392,73.151886,625617.9818,5707979.293,137.0
139.0,2007,37699.0,25.0,931983.0,100.0,0.0,6.8603706,0.04226689,1068.5537,45.164444,601860.02,5674062.1097,139.0
139.0,2008,37699.0,25.0,931983.0,100.0,0.0,6.761851,0.060511336,968.29974,58.59311,601860.02,5674062.1097,139.0
139.0,2009,37699.0,25.0,931983.0,100.0,0.0,6.7648196,0.066122435,971.1789,64.21671,601860.02,5674062.1097,139.0
139.0,2010,37699.0,25.0,931983.0,100.0,0.0,6.8332415,0.08217223,1039.9543,85.45537,601860.02,5674062.1097,139.0
139.0,2011,37699.0,25.0,931983.0,100.0,0.0,6.7094665,0.13259271,918.8814,121.83698,601860.02,5674062.1097,139.0
139.0,2012,37699.0,25.0,931983.0,100.0,0.0,6.604005,0.03507253,826.9098,29.00182,601860.02,5674062.1097,139.0
139.0,2013,37699.0,25.0,931983.0,100.0,0.0,6.74788,0.00410474,954.8656,3.9194748,601860.02,5674062.1097,139.0
139.0,2014,37699.0,25.0,931983.0,100.0,0.0,6.534617,0.0181868,771.4777,14.030711,601860.02,5674062.1097,139.0
139.0,2015,37699.0,25.0,931983.0,100.0,0.0,6.834494,0.06868919,1041.2579,71.52316,601860.02,5674062.1097,139.0
139.0,2016,37699.0,25.0,931983.0,100.0,0.0,6.7188554,0.075973995,927.54944,70.469635,601860.02,5674062.1097,139.0
139.0,2017,37699.0,25.0,931983.0,100.0,0.0,6.6759396,0.062203135,888.5852,55.272785,601860.02,5674062.1097,139.0
139.0,2018,37699.0,25.0,931983.0,100.0,0.0,6.7739863,0.05987211,980.1222,58.681984,601860.02,5674062.1097,139.0
139.0,2019,37699.0,25.0,931983.0,100.0,0.0,6.974256,0.07999865,1197.4469,95.794136,601860.02,5674062.1097,139.0
139.0,2020,37699.0,25.0,931983.0,100.0,0.0,7.100927,0.17415164,1359.154,236.6989,601860.02,5674062.1097,139.0
139.0,2021,37699.0,25.0,931983.0,100.0,0.0,7.127528,0.055471826,1395.7943,77.42726,601860.02,5674062.1097,139.0
139.0,2022,37699.0,25.0,931983.0,100.0,0.0,7.016978,0.015683537,1249.712,19.599907,601860.02,5674062.1097,139.0
139.0,2023,37699.0,25.0,931983.0,100.0,0.0,7.1309085,0.03967316,1400.5208,55.563084,601860.02,5674062.1097,139.0
139.0,2024,37699.0,25.0,931983.0,100.0,0.0,7.113736,0.0004434594,1376.6757,0.61049974,601860.02,5674062.1097,139.0
139.0,2025,37699.0,25.0,931983.0,100.0,0.0,7.1655035,0.0012731092,1449.8195,1.8457786,601860.02,5674062.1097,139.0
141.0,2007,33284.0,25.0,984357.0,100.0,0.0,7.0557985,0.009816645,1317.6488,12.934891,666416.6804,5613027.7347,141.0
141.0,2008,33284.0,25.0,984357.0,100.0,0.0,6.9752483,0.050102096,1215.6744,60.90784,666416.6804,5613027.7347,141.0
141.0,2009,33284.0,25.0,984357.0,100.0,0.0,6.8523245,0.011950323,1075.0586,12.847299,666416.6804,5613027.7347,141.0
141.0,2010,33284.0,25.0,984357.0,100.0,0.0,6.856294,0.01724998,1079.3346,18.618498,666416.6804,5613027.7347,141.0
141.0,2011,33284.0,25.0,984357.0,100.0,0.0,6.879704,0.0150696635,1104.8999,16.65047,666416.6804,5613027.7347,141.0
141.0,2012,33284.0,25.0,984357.0,100.0,0.0,6.8027587,0.11822471,1023.07135,120.95232,666416.6804,5613027.7347,141.0
141.0,2013,33284.0,25.0,984357.0,100.0,0.0,6.746558,0.16940555,967.1603,163.84232,666416.6804,5613027.7347,141.0
141.0,2014,33284.0,25.0,984357.0,100.0,0.0,6.630696,0.018118538,861.3508,15.606418,666416.6804,5613027.7347,141.0
141.0,2015,33284.0,25.0,984357.0,100.0,0.0,6.752197,0.1356663,972.6288,131.95294,666416.6804,5613027.7347,141.0
141.0,2016,33284.0,25.0,984357.0,100.0,0.0,6.744942,0.06717415,965.5987,64.86327,666416.6804,5613027.7347,141.0
141.0,2017,33284.0,25.0,984357.0,100.0,0.0,6.857627,0.07515286,1080.7739,81.22325,666416.6804,5613027.7347,141.0
141.0,2018,33284.0,25.0,984357.0,100.0,0.0,6.8441515,0.19840474,1066.3077,211.56052,666416.6804,5613027.7347,141.0
141.0,2019,33284.0,25.0,984357.0,100.0,0.0,7.059774,0.12528583,1322.8976,165.74033,666416.6804,5613027.7347,141.0
141.0,2020,33284.0,25.0,984357.0,100.0,0.0,6.9898043,0.12380483,1233.4988,152.7131,666416.6804,5613027.7347,141.0
141.0,2021,33284.0,25.0,984357.0,100.0,0.0,7.087911,0.1752745,1360.649,238.48709,666416.6804,5613027.7347,141.0
141.0,2022,33284.0,25.0,984357.0,100.0,0.0,7.220102,0.14887066,1552.9442,231.18784,666416.6804,5613027.7347,141.0
141.0,2023,33284.0,25.0,984357.0,100.0,0.0,7.5080776,0.05681601,2071.2007,117.67737,666416.6804,5613027.7347,141.0
141.0,2024,33284.0,25.0,984357.0,100.0,0.0,7.6621885,0.08590079,2416.3042,207.56245,666416.6804,5613027.7347,141.0
141.0,2025,33284.0,25.0,984357.0,100.0,0.0,7.591046,0.088034645,2250.3743,198.11092,666416.6804,5613027.7347,141.0
