county_id,year,Obs,Radius,Obs_own,Radius_own,Effect_nown,lprice_qm,lprice_qm_se,price_qm,price_qm_se,target_x,target_y,target_id
01001,2007,31056.0,10.0,31056.0,10.0,0.0,7.069173,0.0016344457,1249.6401,2.042469,528196.37111,6070949.97091,01001
01001,2008,31056.0,10.0,31056.0,10.0,0.0,7.0984797,0.006535297,1286.805,8.409653,528196.37111,6070949.97091,01001
01001,2009,31056.0,10.0,31056.0,10.0,0.0,7.0157614,0.0054255235,1184.646,6.427325,528196.37111,6070949.97091,01001
01001,2010,31056.0,10.0,31056.0,10.0,0.0,7.100831,0.01641273,1289.8341,21.169697,528196.37111,6070949.97091,01001
01001,2011,31056.0,10.0,31056.0,10.0,0.0,7.145407,0.031523626,1348.631,42.51374,528196.37111,6070949.97091,01001
01001,2012,31056.0,10.0,31056.0,10.0,0.0,7.165956,0.016265264,1376.63,22.391253,528196.37111,6070949.97091,01001
01001,2013,31056.0,10.0,31056.0,10.0,0.0,7.2515035,0.01719561,1499.5817,25.786222,528196.37111,6070949.97091,01001
01001,2014,31056.0,10.0,31056.0,10.0,0.0,7.422012,0.009236085,1778.3652,16.425133,528196.37111,6070949.97091,01001
01001,2015,31056.0,10.0,31056.0,10.0,0.0,7.3695836,0.05937942,1687.5304,100.204575,528196.37111,6070949.97091,01001
01001,2016,31056.0,10.0,31056.0,10.0,0.0,7.506327,0.0552381,1934.8112,106.8753,528196.37111,6070949.97091,01001
01001,2017,31056.0,10.0,31056.0,10.0,0.0,7.5578346,0.013984615,2037.0798,28.487778,528196.37111,6070949.97091,01001
01001,2018,31056.0,10.0,31056.0,10.0,0.0,7.674456,0.012445455,2289.054,28.488321,528196.37111,6070949.97091,01001
01001,2019,31056.0,10.0,31056.0,10.0,0.0,7.591904,0.02079382,2107.678,43.826675,528196.37111,6070949.97091,01001
01001,2020,31056.0,10.0,31056.0,10.0,0.0,7.6241913,0.037109084,2176.8398,80.78053,528196.37111,6070949.97091,01001
01001,2021,31056.0,10.0,31056.0,10.0,0.0,7.8668766,0.0071565886,2774.7468,19.857721,528196.37111,6070949.97091,01001
01001,2022,31056.0,10.0,31056.0,10.0,0.0,8.035133,0.008025483,3283.1914,26.349195,528196.37111,6070949.97091,01001
01001,2023,31056.0,10.0,31056.0,10.0,0.0,7.881179,0.05935401,2814.717,167.06474,528196.37111,6070949.97091,01001
01001,2024,31056.0,10.0,31056.0,10.0,0.0,7.799109,0.056892566,2592.9382,147.5189,528196.37111,6070949.97091,01001
01001,2025,31056.0,10.0,31056.0,10.0,0.0,7.8363566,0.05004926,2691.3408,134.69962,528196.37111,6070949.97091,01001
01002,2007,59477.0,10.0,59477.0,10.0,0.0,7.2929373,0.01646753,1550.9552,25.540401,573646.635133,6020244.30269,01002
01002,2008,59477.0,10.0,59477.0,10.0,0.0,7.2429256,0.00841726,1475.2971,12.417959,573646.635133,6020244.30269,01002
01002,2009,59477.0,10.0,59477.0,10.0,0.0,7.211232,0.016669875,1429.2733,23.825808,573646.635133,6020244.30269,01002
01002,2010,59477.0,10.0,59477.0,10.0,0.0,7.277661,0.04511235,1527.4423,68.90651,573646.635133,6020244.30269,01002
01002,2011,59477.0,10.0,59477.0,10.0,0.0,7.351291,0.07133532,1644.1526,117.28616,573646.635133,6020244.30269,01002
01002,2012,59477.0,10.0,59477.0,10.0,0.0,7.392664,0.08322435,1713.6019,142.6134,573646.635133,6020244.30269,01002
01002,2013,59477.0,10.0,59477.0,10.0,0.0,7.608418,0.09021166,2126.2324,191.81096,573646.635133,6020244.30269,01002
01002,2014,59477.0,10.0,59477.0,10.0,0.0,7.7410355,0.1164368,2427.7607,282.6807,573646.635133,6020244.30269,01002
01002,2015,59477.0,10.0,59477.0,10.0,0.0,7.676859,0.002560144,2276.849,5.829062,573646.635133,6020244.30269,01002
01002,2016,59477.0,10.0,59477.0,10.0,0.0,7.798207,0.057762317,2570.6033,148.48401,573646.635133,6020244.30269,01002
01002,2017,59477.0,10.0,59477.0,10.0,0.0,7.927331,0.06140693,2924.9136,179.60995,573646.635133,6020244.30269,01002
01002,2018,59477.0,10.0,59477.0,10.0,0.0,7.976847,0.053569287,3073.389,164.63925,573646.635133,6020244.30269,01002
01002,2019,59477.0,10.0,59477.0,10.0,0.0,8.108136,0.017610354,3504.5764,61.716835,573646.635133,6020244.30269,01002
01002,2020,59477.0,10.0,59477.0,10.0,0.0,8.205191,0.038861148,3861.7659,150.07265,573646.635133,6020244.30269,01002
01002,2021,59477.0,10.0,59477.0,10.0,0.0,8.343446,0.065863654,4434.3423,292.06198,573646.635133,6020244.30269,01002
01002,2022,59477.0,10.0,59477.0,10.0,0.0,8.392905,0.043936614,4659.1763,204.70842,573646.635133,6020244.30269,01002
01002,2023,59477.0,10.0,59477.0,10.0,0.0,8.269883,0.053456116,4119.849,220.23114,573646.635133,6020244.30269,01002
01002,2024,59477.0,10.0,59477.0,10.0,0.0,8.227248,0.024710042,3947.8943,97.552635,573646.635133,6020244.30269,01002
01002,2025,59477.0,10.0,59477.0,10.0,0.0,8.333875,0.05748136,4392.1055,252.4642,573646.635133,6020244.30269,01002
01003,2007,51157.0,10.0,51157.0,10.0,0.0,7.320849,0.055566415,1610.7091,89.50133,613573.181795,5970716.54198,01003
01003,2008,51157.0,10.0,51157.0,10.0,0.0,7.324622,0.010309682,1616.798,16.668674,613573.181795,5970716.54198,01003
01003,2009,51157.0,10.0,51157.0,10.0,0.0,7.254208,0.024960311,1506.8679,37.611893,613573.181795,5970716.54198,01003
01003,2010,51157.0,10.0,51157.0,10.0,0.0,7.221269,0.008913414,1458.0422,12.996133,613573.181795,5970716.54198,01003
01003,2011,51157.0,10.0,51157.0,10.0,0.0,7.2947607,0.027762473,1569.2316,43.565746,613573.181795,5970716.54198,01003
01003,2012,51157.0,10.0,51157.0,10.0,0.0,7.461738,0.013997793,1854.4039,25.957563,613573.181795,5970716.54198,01003
01003,2013,51157.0,10.0,51157.0,10.0,0.0,7.511552,0.003077323,1949.1189,5.9980683,613573.181795,5970716.54198,01003
01003,2014,51157.0,10.0,51157.0,10.0,0.0,7.582986,0.042826593,2093.4456,89.65514,613573.181795,5970716.54198,01003
01003,2015,51157.0,10.0,51157.0,10.0,0.0,7.626924,0.0015687471,2187.4788,3.4316008,613573.181795,5970716.54198,01003
01003,2016,51157.0,10.0,51157.0,10.0,0.0,7.667527,0.016633509,2278.1245,37.893208,613573.181795,5970716.54198,01003
01003,2017,51157.0,10.0,51157.0,10.0,0.0,7.9163933,0.03295145,2921.8545,96.27935,613573.181795,5970716.54198,01003
01003,2018,51157.0,10.0,51157.0,10.0,0.0,7.9199114,0.020538932,2932.1526,60.22328,613573.181795,5970716.54198,01003
01003,2019,51157.0,10.0,51157.0,10.0,0.0,8.285947,0.08884032,4228.1816,375.63303,613573.181795,5970716.54198,01003
01003,2020,51157.0,10.0,51157.0,10.0,0.0,8.333839,0.020798437,4435.609,92.25373,613573.181795,5970716.54198,01003
01003,2021,51157.0,10.0,51157.0,10.0,0.0,8.306004,0.013462386,4313.8423,58.074608,613573.181795,5970716.54198,01003
01003,2022,51157.0,10.0,51157.0,10.0,0.0,8.33013,0.021016534,4419.185,92.87595,613573.181795,5970716.54198,01003
01003,2023,51157.0,10.0,51157.0,10.0,0.0,8.06085,0.033869196,3375.946,114.340576,613573.181795,5970716.54198,01003
01003,2024,51157.0,10.0,51157.0,10.0,0.0,8.18958,0.053799164,3839.7417,206.57489,613573.181795,5970716.54198,01003
01003,2025,51157.0,10.0,51157.0,10.0,0.0,8.349345,0.02304988,4504.9224,103.83793,613573.181795,5970716.54198,01003
01004,2007,26204.0,10.0,26204.0,10.0,0.0,7.000451,0.011841585,1164.1396,13.785258,564418.886139,5992972.28616,01004
01004,2008,26204.0,10.0,26204.0,10.0,0.0,6.962006,0.0101822065,1120.2338,11.406452,564418.886139,5992972.28616,01004
01004,2009,26204.0,10.0,26204.0,10.0,0.0,6.9374266,0.00803199,1093.0344,8.779242,564418.886139,5992972.28616,01004
01004,2010,26204.0,10.0,26204.0,10.0,0.0,7.602429,0.15944202,2125.4,338.87805,564418.886139,5992972.28616,01004
01004,2011,26204.0,10.0,26204.0,10.0,0.0,7.213418,0.036791682,1440.4409,52.996243,564418.886139,5992972.28616,01004
01004,2012,26204.0,10.0,26204.0,10.0,0.0,7.005664,0.009711964,1170.2239,11.365172,564418.886139,5992972.28616,01004
01004,2013,26204.0,10.0,26204.0,10.0,0.0,7.0735216,0.012306287,1252.3888,15.412255,564418.886139,5992972.28616,01004
01004,2014,26204.0,10.0,26204.0,10.0,0.0,7.098167,0.0099529475,1283.638,12.775982,564418.886139,5992972.28616,01004
01004,2015,26204.0,10.0,26204.0,10.0,0.0,7.1500115,0.013996499,1351.9427,18.922464,564418.886139,5992972.28616,01004
01004,2016,26204.0,10.0,26204.0,10.0,0.0,7.1845245,0.011604778,1399.4169,16.239922,564418.886139,5992972.28616,01004
01004,2017,26204.0,10.0,26204.0,10.0,0.0,7.3092093,0.008136139,1585.2476,12.897795,564418.886139,5992972.28616,01004
01004,2018,26204.0,10.0,26204.0,10.0,0.0,7.17979,0.050739866,1392.807,70.67084,564418.886139,5992972.28616,01004
01004,2019,26204.0,10.0,26204.0,10.0,0.0,7.3364663,0.029993683,1629.0509,48.861237,564418.886139,5992972.28616,01004
01004,2020,26204.0,10.0,26204.0,10.0,0.0,7.585309,0.007490737,2089.3235,15.650574,564418.886139,5992972.28616,01004
01004,2021,26204.0,10.0,26204.0,10.0,0.0,7.889726,0.01048603,2832.7769,29.704582,564418.886139,5992972.28616,01004
01004,2022,26204.0,10.0,26204.0,10.0,0.0,7.890694,0.029526385,2835.52,83.72266,564418.886139,5992972.28616,01004
01004,2023,26204.0,10.0,26204.0,10.0,0.0,7.7707977,0.043809585,2515.1416,110.1873,564418.886139,5992972.28616,01004
01004,2024,26204.0,10.0,26204.0,10.0,0.0,7.821225,0.0059262896,2645.2258,15.676375,564418.886139,5992972.28616,01004
01004,2025,26204.0,10.0,26204.0,10.0,0.0,7.801393,0.020244524,2593.2817,52.499752,564418.886139,5992972.28616,01004
01051,2007,49058.0,25.0,9574.0,10.0,-0.029232766,6.8853874,0.12153404,1061.849,129.0508,508570.248839,5973643.61317,01051
01051,2008,49058.0,25.0,9574.0,10.0,-0.029232766,6.837365,0.09137671,1012.06195,92.47889,508570.248839,5973643.61317,01051
01051,2009,49058.0,25.0,9574.0,10.0,-0.029232766,6.7827573,0.046407323,958.2772,44.471077,508570.248839,5973643.61317,01051
01051,2010,49058.0,25.0,9574.0,10.0,-0.029232766,6.8066235,0.08291694,981.4226,81.37656,508570.248839,5973643.61317,01051
01051,2011,49058.0,25.0,9574.0,10.0,-0.029232766,6.7639747,0.044448372,940.44635,41.801308,508570.248839,5973643.61317,01051
01051,2012,49058.0,25.0,9574.0,10.0,-0.029232766,6.7417865,0.013832618,919.80927,12.72337,508570.248839,5973643.61317,01051
01051,2013,49058.0,25.0,9574.0,10.0,-0.029232766,6.781073,0.07781562,956.6648,74.44347,508570.248839,5973643.61317,01051
01051,2014,49058.0,25.0,9574.0,10.0,-0.029232766,6.812236,0.105141506,986.9462,103.76901,508570.248839,5973643.61317,01051
01051,2015,49058.0,25.0,9574.0,10.0,-0.029232766,6.8150663,0.06870041,989.7438,67.995804,508570.248839,5973643.61317,01051
01051,2016,49058.0,25.0,9574.0,10.0,-0.029232766,6.7919855,0.0810232,967.16144,78.36252,508570.248839,5973643.61317,01051
01051,2017,49058.0,25.0,9574.0,10.0,-0.029232766,6.7790213,0.09311427,954.70355,88.89653,508570.248839,5973643.61317,01051
01051,2018,49058.0,25.0,9574.0,10.0,-0.029232766,6.9482956,0.085008405,1130.794,96.12698,508570.248839,5973643.61317,01051
01051,2019,49058.0,25.0,9574.0,10.0,-0.029232766,6.668898,0.16794845,855.15106,143.62129,508570.248839,5973643.61317,01051
01051,2020,49058.0,25.0,9574.0,10.0,-0.029232766,7.421575,0.07515571,1815.2067,136.42314,508570.248839,5973643.61317,01051
01051,2021,49058.0,25.0,9574.0,10.0,-0.029232766,7.5389857,0.12290465,2041.3477,250.89113,508570.248839,5973643.61317,01051
01051,2022,49058.0,25.0,9574.0,10.0,-0.029232766,7.5874577,0.05910247,2142.7336,126.64085,508570.248839,5973643.61317,01051
01051,2023,49058.0,25.0,9574.0,10.0,-0.029232766,7.563028,0.10064852,2091.0205,210.45811,508570.248839,5973643.61317,01051
01051,2024,49058.0,25.0,9574.0,10.0,-0.029232766,7.5638137,0.1339151,2092.665,280.23944,508570.248839,5973643.61317,01051
01051,2025,49058.0,25.0,9574.0,10.0,-0.029232766,7.4288874,0.12269991,1828.529,224.36035,508570.248839,5973643.61317,01051
01053,2007,22117.0,10.0,22117.0,10.0,0.0,7.2353005,0.019747665,1450.0409,28.634922,592262.480729,5921182.52452,01053
01053,2008,22117.0,10.0,22117.0,10.0,0.0,7.1927047,0.042297017,1389.5723,58.77476,592262.480729,5921182.52452,01053
01053,2009,22117.0,10.0,22117.0,10.0,0.0,7.1830897,0.034828465,1376.2755,47.933563,592262.480729,5921182.52452,01053
01053,2010,22117.0,10.0,22117.0,10.0,0.0,7.135656,0.017608833,1312.5175,23.111902,592262.480729,5921182.52452,01053
01053,2011,22117.0,10.0,22117.0,10.0,0.0,7.157932,0.0113724675,1342.0835,15.262801,592262.480729,5921182.52452,01053
01053,2012,22117.0,10.0,22117.0,10.0,0.0,7.19028,0.007579922,1386.207,10.507341,592262.480729,5921182.52452,01053
01053,2013,22117.0,10.0,22117.0,10.0,0.0,7.2682424,0.022529308,1498.6035,33.7625,592262.480729,5921182.52452,01053
01053,2014,22117.0,10.0,22117.0,10.0,0.0,7.412304,0.019287845,1730.8201,33.38379,592262.480729,5921182.52452,01053
01053,2015,22117.0,10.0,22117.0,10.0,0.0,7.5019646,0.03951742,1893.1755,74.813416,592262.480729,5921182.52452,01053
01053,2016,22117.0,10.0,22117.0,10.0,0.0,7.4610496,0.0063648154,1817.2802,11.566652,592262.480729,5921182.52452,01053
01053,2017,22117.0,10.0,22117.0,10.0,0.0,7.4877334,0.12624966,1866.425,235.63553,592262.480729,5921182.52452,01053
01053,2018,22117.0,10.0,22117.0,10.0,0.0,7.6681113,0.04960957,2235.3606,110.895294,592262.480729,5921182.52452,01053
01053,2019,22117.0,10.0,22117.0,10.0,0.0,7.8636565,0.013595828,2718.1396,36.955357,592262.480729,5921182.52452,01053
01053,2020,22117.0,10.0,22117.0,10.0,0.0,7.9330335,0.025335288,2913.4111,73.81211,592262.480729,5921182.52452,01053
01053,2021,22117.0,10.0,22117.0,10.0,0.0,8.076957,0.019468175,3364.395,65.498634,592262.480729,5921182.52452,01053
01053,2022,22117.0,10.0,22117.0,10.0,0.0,8.130806,0.019051068,3550.53,67.64139,592262.480729,5921182.52452,01053
01053,2023,22117.0,10.0,22117.0,10.0,0.0,7.9700727,0.007506652,3023.346,22.695206,592262.480729,5921182.52452,01053
01053,2024,22117.0,10.0,22117.0,10.0,0.0,7.9983954,0.00431847,3110.199,13.431301,592262.480729,5921182.52452,01053
01053,2025,22117.0,10.0,22117.0,10.0,0.0,8.0390215,0.03954837,3239.1543,128.10329,592262.480729,5921182.52452,01053
01054,2007,11782.0,10.0,11782.0,10.0,0.0,7.009066,0.018334625,1176.3403,21.56776,506007.448721,6025470.33314,01054
01054,2008,11782.0,10.0,11782.0,10.0,0.0,7.0659246,0.06172014,1245.1632,76.85165,506007.448721,6025470.33314,01054
01054,2009,11782.0,10.0,11782.0,10.0,0.0,7.010134,0.017577082,1177.5974,20.698727,506007.448721,6025470.33314,01054
01054,2010,11782.0,10.0,11782.0,10.0,0.0,7.0336986,0.10430112,1205.6763,125.75339,506007.448721,6025470.33314,01054
01054,2011,11782.0,10.0,11782.0,10.0,0.0,7.0563054,0.037984863,1233.2435,46.844585,506007.448721,6025470.33314,01054
01054,2012,11782.0,10.0,11782.0,10.0,0.0,7.1652284,0.027201982,1375.1604,37.40709,506007.448721,6025470.33314,01054
01054,2013,11782.0,10.0,11782.0,10.0,0.0,7.0857453,0.082597196,1270.09,104.90587,506007.448721,6025470.33314,01054
01054,2014,11782.0,10.0,11782.0,10.0,0.0,7.062602,0.04840763,1241.0332,60.075474,506007.448721,6025470.33314,01054
01054,2015,11782.0,10.0,11782.0,10.0,0.0,7.1807084,0.13686024,1396.6139,191.14091,506007.448721,6025470.33314,01054
01054,2016,11782.0,10.0,11782.0,10.0,0.0,7.034332,0.17169365,1206.4402,207.1381,506007.448721,6025470.33314,01054
01054,2017,11782.0,10.0,11782.0,10.0,0.0,7.2277503,0.10723661,1463.8833,156.98187,506007.448721,6025470.33314,01054
01054,2018,11782.0,10.0,11782.0,10.0,0.0,7.30926,0.055865604,1588.2012,88.72582,506007.448721,6025470.33314,01054
01054,2019,11782.0,10.0,11782.0,10.0,0.0,7.246942,0.009515877,1492.249,14.200058,506007.448721,6025470.33314,01054
01054,2020,11782.0,10.0,11782.0,10.0,0.0,7.409876,0.14189732,1756.315,249.2164,506007.448721,6025470.33314,01054
01054,2021,11782.0,10.0,11782.0,10.0,0.0,7.884203,0.20659962,2822.28,583.082,506007.448721,6025470.33314,01054
01054,2022,11782.0,10.0,11782.0,10.0,0.0,8.057134,0.37799639,3355.0806,1268.2084,506007.448721,6025470.33314,01054
01054,2023,11782.0,10.0,11782.0,10.0,0.0,7.868276,0.054342885,2777.6865,150.9475,506007.448721,6025470.33314,01054
01054,2024,11782.0,10.0,11782.0,10.0,0.0,7.841589,0.031138575,2704.5388,84.215485,506007.448721,6025470.33314,01054
01054,2025,11782.0,10.0,11782.0,10.0,0.0,7.7803903,0.1843994,2543.9873,469.1097,506007.448721,6025470.33314,01054
01055,2007,10065.0,10.0,10065.0,10.0,0.0,7.0595474,0.015489796,1231.3553,19.073442,602737.371332,5984876.87961,01055
01055,2008,10065.0,10.0,10065.0,10.0,0.0,7.059993,0.029754253,1231.904,36.654385,602737.371332,5984876.87961,01055
01055,2009,10065.0,10.0,10065.0,10.0,0.0,7.0570426,0.010818865,1228.2747,13.288538,602737.371332,5984876.87961,01055
01055,2010,10065.0,10.0,10065.0,10.0,0.0,7.0304346,0.059053414,1196.0238,70.62929,602737.371332,5984876.87961,01055
01055,2011,10065.0,10.0,10065.0,10.0,0.0,7.0033255,0.069582485,1164.0363,80.99654,602737.371332,5984876.87961,01055
01055,2012,10065.0,10.0,10065.0,10.0,0.0,6.983897,0.028020626,1141.6393,31.989449,602737.371332,5984876.87961,01055
01055,2013,10065.0,10.0,10065.0,10.0,0.0,7.0311627,0.06923943,1196.8949,82.87232,602737.371332,5984876.87961,01055
01055,2014,10065.0,10.0,10065.0,10.0,0.0,6.9819465,0.038432166,1139.4146,43.79017,602737.371332,5984876.87961,01055
01055,2015,10065.0,10.0,10065.0,10.0,0.0,7.1007957,0.04569616,1283.2089,58.63772,602737.371332,5984876.87961,01055
01055,2016,10065.0,10.0,10065.0,10.0,0.0,7.112042,0.034121078,1297.7217,44.279663,602737.371332,5984876.87961,01055
01055,2017,10065.0,10.0,10065.0,10.0,0.0,7.147525,0.055161145,1344.595,74.169395,602737.371332,5984876.87961,01055
01055,2018,10065.0,10.0,10065.0,10.0,0.0,7.3221374,0.0032205763,1601.1235,5.1565404,602737.371332,5984876.87961,01055
01055,2019,10065.0,10.0,10065.0,10.0,0.0,7.0763016,0.20327094,1252.1593,254.5276,602737.371332,5984876.87961,01055
01055,2020,10065.0,10.0,10065.0,10.0,0.0,7.611403,0.106226355,2138.2148,227.13475,602737.371332,5984876.87961,01055
01055,2021,10065.0,10.0,10065.0,10.0,0.0,7.6599574,0.016593412,2244.5962,37.24551,602737.371332,5984876.87961,01055
01055,2022,10065.0,10.0,10065.0,10.0,0.0,7.9275746,0.0024974756,2933.3433,7.325953,602737.371332,5984876.87961,01055
01055,2023,10065.0,10.0,10065.0,10.0,0.0,7.849799,0.014877428,2713.8464,40.375057,602737.371332,5984876.87961,01055
01055,2024,10065.0,10.0,10065.0,10.0,0.0,7.8367624,0.0062500113,2678.697,16.741886,602737.371332,5984876.87961,01055
01055,2025,10065.0,10.0,10065.0,10.0,0.0,7.9201274,0.06470245,2911.5784,188.38626,602737.371332,5984876.87961,01055
01056,2007,20678.0,10.0,20678.0,10.0,0.0,7.3139625,0.0071162023,1567.0251,11.151268,550948.283368,5961376.66685,01056
01056,2008,20678.0,10.0,20678.0,10.0,0.0,7.264408,0.010574175,1491.2651,15.768898,550948.283368,5961376.66685,01056
01056,2009,20678.0,10.0,20678.0,10.0,0.0,7.121175,0.041875098,1292.2583,54.11344,550948.283368,5961376.66685,01056
01056,2010,20678.0,10.0,20678.0,10.0,0.0,7.1816187,0.0091171535,1372.7764,12.515814,550948.283368,5961376.66685,01056
01056,2011,20678.0,10.0,20678.0,10.0,0.0,7.247808,0.008757282,1466.714,12.844429,550948.283368,5961376.66685,01056
01056,2012,20678.0,10.0,20678.0,10.0,0.0,7.3622265,0.06836203,1644.5109,112.422104,550948.283368,5961376.66685,01056
01056,2013,20678.0,10.0,20678.0,10.0,0.0,7.3903594,0.10002042,1691.4323,169.17778,550948.283368,5961376.66685,01056
01056,2014,20678.0,10.0,20678.0,10.0,0.0,7.345002,0.0211331,1616.428,34.160137,550948.283368,5961376.66685,01056
01056,2015,20678.0,10.0,20678.0,10.0,0.0,7.480396,0.0843298,1850.7892,156.07668,550948.283368,5961376.66685,01056
01056,2016,20678.0,10.0,20678.0,10.0,0.0,7.523069,0.068676814,1931.4781,132.64777,550948.283368,5961376.66685,01056
01056,2017,20678.0,10.0,20678.0,10.0,0.0,7.4715357,0.0015495194,1834.4636,2.842537,550948.283368,5961376.66685,01056
01056,2018,20678.0,10.0,20678.0,10.0,0.0,7.609979,0.033817485,2106.8538,71.2485,550948.283368,5961376.66685,01056
01056,2019,20678.0,10.0,20678.0,10.0,0.0,7.6479216,0.058698334,2188.329,128.45126,550948.283368,5961376.66685,01056
01056,2020,20678.0,10.0,20678.0,10.0,0.0,7.7866006,0.06704697,2513.8535,168.54626,550948.283368,5961376.66685,01056
01056,2021,20678.0,10.0,20678.0,10.0,0.0,7.99404,0.020463033,3093.3557,63.299442,550948.283368,5961376.66685,01056
01056,2022,20678.0,10.0,20678.0,10.0,0.0,8.102864,0.010939069,3448.9875,37.728714,550948.283368,5961376.66685,01056
01056,2023,20678.0,10.0,20678.0,10.0,0.0,7.9718466,0.003075664,3025.46,9.305298,550948.283368,5961376.66685,01056
01056,2024,20678.0,10.0,20678.0,10.0,0.0,7.970424,0.068408646,3021.1594,206.67342,550948.283368,5961376.66685,01056
01056,2025,20678.0,10.0,20678.0,10.0,0.0,7.9463067,0.047609605,2949.1687,140.40875,550948.283368,5961376.66685,01056
01057,2007,12681.0,10.0,12681.0,10.0,0.0,7.1236105,0.11032014,1326.4362,146.33261,586802.138002,6000889.52921,01057
01057,2008,12681.0,10.0,12681.0,10.0,0.0,7.104528,0.053148318,1301.3643,69.16532,586802.138002,6000889.52921,01057
01057,2009,12681.0,10.0,12681.0,10.0,0.0,7.0767217,0.0115134055,1265.6769,14.572251,586802.138002,6000889.52921,01057
01057,2010,12681.0,10.0,12681.0,10.0,0.0,7.078247,0.010939538,1267.6091,13.867058,586802.138002,6000889.52921,01057
01057,2011,12681.0,10.0,12681.0,10.0,0.0,7.0872006,0.0043397024,1279.0098,5.5505214,586802.138002,6000889.52921,01057
01057,2012,12681.0,10.0,12681.0,10.0,0.0,7.1098313,0.042876456,1308.2842,56.094585,586802.138002,6000889.52921,01057
01057,2013,12681.0,10.0,12681.0,10.0,0.0,7.1731353,0.06951684,1393.7815,96.89128,586802.138002,6000889.52921,01057
01057,2014,12681.0,10.0,12681.0,10.0,0.0,7.261612,0.08855263,1522.7183,134.84071,586802.138002,6000889.52921,01057
01057,2015,12681.0,10.0,12681.0,10.0,0.0,7.298674,0.0020505248,1580.2125,3.2402651,586802.138002,6000889.52921,01057
01057,2016,12681.0,10.0,12681.0,10.0,0.0,7.422943,0.14644222,1789.3073,262.03012,586802.138002,6000889.52921,01057
01057,2017,12681.0,10.0,12681.0,10.0,0.0,7.389516,0.067384146,1730.4838,116.60718,586802.138002,6000889.52921,01057
01057,2018,12681.0,10.0,12681.0,10.0,0.0,7.5107436,0.057531737,1953.5123,112.38896,586802.138002,6000889.52921,01057
01057,2019,12681.0,10.0,12681.0,10.0,0.0,7.4318223,0.29684195,1805.2654,535.87854,586802.138002,6000889.52921,01057
01057,2020,12681.0,10.0,12681.0,10.0,0.0,7.7807255,0.04813057,2558.985,123.16541,586802.138002,6000889.52921,01057
01057,2021,12681.0,10.0,12681.0,10.0,0.0,7.6860695,0.122795515,2327.8726,285.8523,586802.138002,6000889.52921,01057
01057,2022,12681.0,10.0,12681.0,10.0,0.0,8.028701,0.059902754,3279.1553,196.43044,586802.138002,6000889.52921,01057
01057,2023,12681.0,10.0,12681.0,10.0,0.0,8.037935,0.0077489144,3309.5767,25.645626,586802.138002,6000889.52921,01057
01057,2024,12681.0,10.0,12681.0,10.0,0.0,8.101652,0.13659526,3527.3154,481.81458,586802.138002,6000889.52921,01057
01057,2025,12681.0,10.0,12681.0,10.0,0.0,8.300998,0.09839147,4305.4546,423.62003,586802.138002,6000889.52921,01057
01058,2007,45974.0,10.0,45974.0,10.0,0.0,7.4998503,0.15209514,1919.3046,291.9169,571744.450955,6028015.19338,01058
01058,2008,45974.0,10.0,45974.0,10.0,0.0,7.48096,0.16331732,1883.3892,307.5901,571744.450955,6028015.19338,01058
01058,2009,45974.0,10.0,45974.0,10.0,0.0,7.470816,0.18326676,1864.3812,341.67908,571744.450955,6028015.19338,01058
01058,2010,45974.0,10.0,45974.0,10.0,0.0,7.466615,0.19782567,1856.5656,367.2763,571744.450955,6028015.19338,01058
01058,2011,45974.0,10.0,45974.0,10.0,0.0,7.4940295,0.1969987,1908.1659,375.90622,571744.450955,6028015.19338,01058
01058,2012,45974.0,10.0,45974.0,10.0,0.0,7.568113,0.26661652,2054.8967,547.86945,571744.450955,6028015.19338,01058
01058,2013,45974.0,10.0,45974.0,10.0,0.0,7.6234775,0.27372572,2171.8743,594.49786,571744.450955,6028015.19338,01058
01058,2014,45974.0,10.0,45974.0,10.0,0.0,7.6904573,0.34203354,2322.3281,794.3141,571744.450955,6028015.19338,01058
01058,2015,45974.0,10.0,45974.0,10.0,0.0,7.7843933,0.2718283,2551.053,693.44836,571744.450955,6028015.19338,01058
01058,2016,45974.0,10.0,45974.0,10.0,0.0,7.859864,0.319244,2751.035,878.2514,571744.450955,6028015.19338,01058
01058,2017,45974.0,10.0,45974.0,10.0,0.0,7.9205403,0.2911138,2923.1252,850.96204,571744.450955,6028015.19338,01058
01058,2018,45974.0,10.0,45974.0,10.0,0.0,8.106045,0.30841753,3518.9338,1085.3009,571744.450955,6028015.19338,01058
01058,2019,45974.0,10.0,45974.0,10.0,0.0,8.101111,0.3277384,3501.6143,1147.6135,571744.450955,6028015.19338,01058
01058,2020,45974.0,10.0,45974.0,10.0,0.0,8.115066,0.30834618,3550.8208,1094.882,571744.450955,6028015.19338,01058
01058,2021,45974.0,10.0,45974.0,10.0,0.0,8.300543,0.35424444,4274.45,1514.2001,571744.450955,6028015.19338,01058
01058,2022,45974.0,10.0,45974.0,10.0,0.0,8.298169,0.26903933,4264.3164,1147.2688,571744.450955,6028015.19338,01058
01058,2023,45974.0,10.0,45974.0,10.0,0.0,8.164934,0.13849959,3732.382,516.9334,571744.450955,6028015.19338,01058
01058,2024,45974.0,10.0,45974.0,10.0,0.0,8.145751,0.11938181,3661.4666,437.1125,571744.450955,6028015.19338,01058
01058,2025,45974.0,10.0,45974.0,10.0,0.0,8.072599,0.15595397,3403.1882,530.74066,571744.450955,6028015.19338,01058
01059,2007,12179.0,10.0,12179.0,10.0,0.0,7.222238,0.036169603,1464.5134,52.97087,561450.999533,6057634.23942,01059
01059,2008,12179.0,10.0,12179.0,10.0,0.0,7.2167935,0.05836363,1456.5615,85.01022,561450.999533,6057634.23942,01059
01059,2009,12179.0,10.0,12179.0,10.0,0.0,7.136555,0.13798884,1344.2551,185.4922,561450.999533,6057634.23942,01059
01059,2010,12179.0,10.0,12179.0,10.0,0.0,7.351889,0.08348838,1667.2476,139.1958,561450.999533,6057634.23942,01059
01059,2011,12179.0,10.0,12179.0,10.0,0.0,7.144001,0.07615531,1354.3018,103.137276,561450.999533,6057634.23942,01059
01059,2012,12179.0,10.0,12179.0,10.0,0.0,7.246009,0.098557055,1499.7434,147.81029,561450.999533,6057634.23942,01059
01059,2013,12179.0,10.0,12179.0,10.0,0.0,7.4319096,0.08948487,1806.1447,161.62262,561450.999533,6057634.23942,01059
01059,2014,12179.0,10.0,12179.0,10.0,0.0,7.40949,0.03999769,1766.1027,70.64003,561450.999533,6057634.23942,01059
01059,2015,12179.0,10.0,12179.0,10.0,0.0,7.446918,0.13841735,1833.4567,253.78223,561450.999533,6057634.23942,01059
01059,2016,12179.0,10.0,12179.0,10.0,0.0,7.1604095,0.11890031,1376.7074,163.69093,561450.999533,6057634.23942,01059
01059,2017,12179.0,10.0,12179.0,10.0,0.0,7.356569,0.19402911,1675.0682,325.012,561450.999533,6057634.23942,01059
01059,2018,12179.0,10.0,12179.0,10.0,0.0,7.5157804,0.102024786,1964.1617,200.39317,561450.999533,6057634.23942,01059
01059,2019,12179.0,10.0,12179.0,10.0,0.0,7.4072413,0.13094321,1762.135,230.73962,561450.999533,6057634.23942,01059
01059,2020,12179.0,10.0,12179.0,10.0,0.0,7.6830096,0.13684094,2321.6877,317.70193,561450.999533,6057634.23942,01059
01059,2021,12179.0,10.0,12179.0,10.0,0.0,8.0700245,0.09897841,3418.8691,338.39423,561450.999533,6057634.23942,01059
01059,2022,12179.0,10.0,12179.0,10.0,0.0,7.895871,0.21493492,2872.4238,617.3842,561450.999533,6057634.23942,01059
01059,2023,12179.0,10.0,12179.0,10.0,0.0,8.154326,0.06484054,3719.5808,241.17964,561450.999533,6057634.23942,01059
01059,2024,12179.0,10.0,12179.0,10.0,0.0,8.130646,0.1050438,3632.5364,381.5754,561450.999533,6057634.23942,01059
01059,2025,12179.0,10.0,12179.0,10.0,0.0,8.119315,0.113523066,3591.608,407.73035,561450.999533,6057634.23942,01059
01060,2007,22225.0,10.0,22225.0,10.0,0.0,7.2950015,0.0058851307,1533.834,9.0268135,559404.345216,5973999.23594,01060
01060,2008,22225.0,10.0,22225.0,10.0,0.0,7.3105197,0.019159243,1557.8221,29.846693,559404.345216,5973999.23594,01060
01060,2009,22225.0,10.0,22225.0,10.0,0.0,7.2562294,0.006820377,1475.5026,10.063483,559404.345216,5973999.23594,01060
01060,2010,22225.0,10.0,22225.0,10.0,0.0,7.42795,0.07976377,1751.9315,139.74066,559404.345216,5973999.23594,01060
01060,2011,22225.0,10.0,22225.0,10.0,0.0,7.5490904,0.061906185,1977.5519,122.42269,559404.345216,5973999.23594,01060
01060,2012,22225.0,10.0,22225.0,10.0,0.0,7.356791,0.01426527,1631.5981,23.275188,559404.345216,5973999.23594,01060
01060,2013,22225.0,10.0,22225.0,10.0,0.0,7.33427,0.009173756,1595.2638,14.6345625,559404.345216,5973999.23594,01060
01060,2014,22225.0,10.0,22225.0,10.0,0.0,7.3607674,0.037982956,1638.0992,62.21985,559404.345216,5973999.23594,01060
01060,2015,22225.0,10.0,22225.0,10.0,0.0,7.4387836,0.03458099,1771.0151,61.243458,559404.345216,5973999.23594,01060
01060,2016,22225.0,10.0,22225.0,10.0,0.0,7.481991,0.053380866,1849.2124,98.712555,559404.345216,5973999.23594,01060
01060,2017,22225.0,10.0,22225.0,10.0,0.0,7.5362496,0.04918795,1952.3208,96.03066,559404.345216,5973999.23594,01060
01060,2018,22225.0,10.0,22225.0,10.0,0.0,7.646512,0.056576263,2179.9053,123.330894,559404.345216,5973999.23594,01060
01060,2019,22225.0,10.0,22225.0,10.0,0.0,7.5888357,0.036210615,2057.7334,74.51179,559404.345216,5973999.23594,01060
01060,2020,22225.0,10.0,22225.0,10.0,0.0,7.851879,0.0100970445,2676.8706,27.02848,559404.345216,5973999.23594,01060
01060,2021,22225.0,10.0,22225.0,10.0,0.0,8.067702,0.037967347,3321.6836,126.11551,559404.345216,5973999.23594,01060
01060,2022,22225.0,10.0,22225.0,10.0,0.0,8.132493,0.0019352976,3544.0208,6.858735,559404.345216,5973999.23594,01060
01060,2023,22225.0,10.0,22225.0,10.0,0.0,7.9998045,0.0021122152,3103.6345,6.555544,559404.345216,5973999.23594,01060
01060,2024,22225.0,10.0,22225.0,10.0,0.0,8.020424,0.03594998,3168.2935,113.900085,559404.345216,5973999.23594,01060
01060,2025,22225.0,10.0,22225.0,10.0,0.0,8.029547,0.015101575,3197.3289,48.284702,559404.345216,5973999.23594,01060
01061,2007,93956.0,25.0,8977.0,10.0,0.08334792,6.9921765,0.07755084,1161.9042,90.10665,528055.512055,5959547.68561,01061
01061,2008,93956.0,25.0,8977.0,10.0,0.08334792,6.900803,0.064765416,1060.4431,68.680046,528055.512055,5959547.68561,01061
01061,2009,93956.0,25.0,8977.0,10.0,0.08334792,6.853265,0.014702098,1011.2111,14.866926,528055.512055,5959547.68561,01061
01061,2010,93956.0,25.0,8977.0,10.0,0.08334792,6.8762636,0.04220724,1034.7373,43.673405,528055.512055,5959547.68561,01061
01061,2011,93956.0,25.0,8977.0,10.0,0.08334792,6.943915,0.013972575,1107.1606,15.469884,528055.512055,5959547.68561,01061
01061,2012,93956.0,25.0,8977.0,10.0,0.08334792,6.9181013,0.0356975,1078.9467,38.515697,528055.512055,5959547.68561,01061
01061,2013,93956.0,25.0,8977.0,10.0,0.08334792,6.965283,0.07995132,1131.0731,90.4308,528055.512055,5959547.68561,01061
01061,2014,93956.0,25.0,8977.0,10.0,0.08334792,6.9879746,0.05354622,1157.0322,61.9547,528055.512055,5959547.68561,01061
01061,2015,93956.0,25.0,8977.0,10.0,0.08334792,6.976142,0.037075188,1143.4222,42.392597,528055.512055,5959547.68561,01061
01061,2016,93956.0,25.0,8977.0,10.0,0.08334792,7.0763817,0.08517083,1263.9802,107.65424,528055.512055,5959547.68561,01061
01061,2017,93956.0,25.0,8977.0,10.0,0.08334792,7.181145,0.022553049,1403.5844,31.655107,528055.512055,5959547.68561,01061
01061,2018,93956.0,25.0,8977.0,10.0,0.08334792,7.254491,0.02113504,1510.4,31.922365,528055.512055,5959547.68561,01061
01061,2019,93956.0,25.0,8977.0,10.0,0.08334792,7.40318,0.1221849,1752.5359,214.13342,528055.512055,5959547.68561,01061
01061,2020,93956.0,25.0,8977.0,10.0,0.08334792,7.3642025,0.058316577,1685.5405,98.29495,528055.512055,5959547.68561,01061
01061,2021,93956.0,25.0,8977.0,10.0,0.08334792,7.6846457,0.0064965226,2322.2336,15.086444,528055.512055,5959547.68561,01061
01061,2022,93956.0,25.0,8977.0,10.0,0.08334792,7.7836733,0.004423322,2563.9712,11.34127,528055.512055,5959547.68561,01061
01061,2023,93956.0,25.0,8977.0,10.0,0.08334792,7.5679364,0.08097775,2066.4255,167.33449,528055.512055,5959547.68561,01061
01061,2024,93956.0,25.0,8977.0,10.0,0.08334792,7.5948586,0.009426954,2122.8135,20.011665,528055.512055,5959547.68561,01061
01061,2025,93956.0,25.0,8977.0,10.0,0.08334792,7.6085663,0.0779434,2152.1133,167.74301,528055.512055,5959547.68561,01061
01062,2007,98345.0,10.0,98345.0,10.0,0.0,7.6129246,0.010304512,2111.1692,21.75457,581701.621238,5947344.71816,01062
01062,2008,98345.0,10.0,98345.0,10.0,0.0,7.684721,0.024543494,2268.3179,55.672447,581701.621238,5947344.71816,01062
01062,2009,98345.0,10.0,98345.0,10.0,0.0,7.6196527,0.015826302,2125.4214,33.637558,581701.621238,5947344.71816,01062
01062,2010,98345.0,10.0,98345.0,10.0,0.0,7.658936,0.030721212,2210.577,67.911606,581701.621238,5947344.71816,01062
01062,2011,98345.0,10.0,98345.0,10.0,0.0,7.71393,0.061899662,2335.5503,144.56978,581701.621238,5947344.71816,01062
01062,2012,98345.0,10.0,98345.0,10.0,0.0,7.8417783,0.017291727,2654.0737,45.893517,581701.621238,5947344.71816,01062
01062,2013,98345.0,10.0,98345.0,10.0,0.0,7.7767887,0.018369982,2487.0723,45.687473,581701.621238,5947344.71816,01062
01062,2014,98345.0,10.0,98345.0,10.0,0.0,7.92468,0.03031505,2883.4795,87.41283,581701.621238,5947344.71816,01062
01062,2015,98345.0,10.0,98345.0,10.0,0.0,8.014698,0.06867295,3155.0854,216.66902,581701.621238,5947344.71816,01062
01062,2016,98345.0,10.0,98345.0,10.0,0.0,8.112657,0.011491083,3479.7979,39.986645,581701.621238,5947344.71816,01062
01062,2017,98345.0,10.0,98345.0,10.0,0.0,8.070965,0.010479013,3337.7002,34.975807,581701.621238,5947344.71816,01062
01062,2018,98345.0,10.0,98345.0,10.0,0.0,8.187165,0.02479094,3748.9773,92.940674,581701.621238,5947344.71816,01062
01062,2019,98345.0,10.0,98345.0,10.0,0.0,8.188305,0.022095416,3753.2524,82.92967,581701.621238,5947344.71816,01062
01062,2020,98345.0,10.0,98345.0,10.0,0.0,8.340877,0.042129833,4371.8833,184.18672,581701.621238,5947344.71816,01062
01062,2021,98345.0,10.0,98345.0,10.0,0.0,8.477832,0.07402866,5013.575,371.14825,581701.621238,5947344.71816,01062
01062,2022,98345.0,10.0,98345.0,10.0,0.0,8.520314,0.0071552116,5231.1543,37.430016,581701.621238,5947344.71816,01062
01062,2023,98345.0,10.0,98345.0,10.0,0.0,8.46013,0.007727771,4925.606,38.063957,581701.621238,5947344.71816,01062
01062,2024,98345.0,10.0,98345.0,10.0,0.0,8.412548,0.0035632357,4696.7256,16.73554,581701.621238,5947344.71816,01062
01062,2025,98345.0,10.0,98345.0,10.0,0.0,8.498659,0.013920028,5119.09,71.257866,581701.621238,5947344.71816,01062
02000,2007,191735.0,10.0,191735.0,10.0,0.0,7.9303527,0.006604088,2933.3538,19.372126,568043.581836,5933344.18404,02000
02000,2008,191735.0,10.0,191735.0,10.0,0.0,7.9968424,0.002908724,3135.0212,9.118911,568043.581836,5933344.18404,02000
02000,2009,191735.0,10.0,191735.0,10.0,0.0,8.062982,0.0110542495,3349.3787,37.024868,568043.581836,5933344.18404,02000
02000,2010,191735.0,10.0,191735.0,10.0,0.0,8.102669,0.016915763,3484.98,58.95109,568043.581836,5933344.18404,02000
02000,2011,191735.0,10.0,191735.0,10.0,0.0,8.267409,0.043771222,4109.094,179.86009,568043.581836,5933344.18404,02000
02000,2012,191735.0,10.0,191735.0,10.0,0.0,8.498274,0.038295433,5176.183,198.22418,568043.581836,5933344.18404,02000
02000,2013,191735.0,10.0,191735.0,10.0,0.0,8.470925,0.04651238,5036.5376,234.26134,568043.581836,5933344.18404,02000
02000,2014,191735.0,10.0,191735.0,10.0,0.0,8.503044,0.056080416,5200.9316,291.6704,568043.581836,5933344.18404,02000
02000,2015,191735.0,10.0,191735.0,10.0,0.0,8.549953,0.07555222,5450.7183,411.81387,568043.581836,5933344.18404,02000
02000,2016,191735.0,10.0,191735.0,10.0,0.0,8.619687,0.051255867,5844.38,299.55875,568043.581836,5933344.18404,02000
02000,2017,191735.0,10.0,191735.0,10.0,0.0,8.765327,0.08603245,6760.667,581.6368,568043.581836,5933344.18404,02000
02000,2018,191735.0,10.0,191735.0,10.0,0.0,8.840124,0.05772742,7285.7334,420.58658,568043.581836,5933344.18404,02000
02000,2019,191735.0,10.0,191735.0,10.0,0.0,8.989876,0.06906626,8462.708,584.48755,568043.581836,5933344.18404,02000
02000,2020,191735.0,10.0,191735.0,10.0,0.0,9.138219,0.016608935,9815.988,163.03311,568043.581836,5933344.18404,02000
02000,2021,191735.0,10.0,191735.0,10.0,0.0,9.260091,0.061561022,11088.229,682.60266,568043.581836,5933344.18404,02000
02000,2022,191735.0,10.0,191735.0,10.0,0.0,9.244901,0.0059307595,10921.071,64.77025,568043.581836,5933344.18404,02000
02000,2023,191735.0,10.0,191735.0,10.0,0.0,9.148716,0.04765674,9919.568,472.73434,568043.581836,5933344.18404,02000
02000,2024,191735.0,10.0,191735.0,10.0,0.0,9.196859,0.03569323,10408.819,371.52435,568043.581836,5933344.18404,02000
02000,2025,191735.0,10.0,191735.0,10.0,0.0,9.251874,0.015779885,10997.494,173.53918,568043.581836,5933344.18404,02000
03101,2007,68634.0,10.0,68634.0,10.0,0.0,7.223236,0.030068636,1448.2526,43.54698,603989.810994,5792750.02725,03101
03101,2008,68634.0,10.0,68634.0,10.0,0.0,7.2111287,0.028823884,1430.8243,41.241917,603989.810994,5792750.02725,03101
03101,2009,68634.0,10.0,68634.0,10.0,0.0,7.1945634,0.0110735735,1407.3173,15.58403,603989.810994,5792750.02725,03101
03101,2010,68634.0,10.0,68634.0,10.0,0.0,7.2201114,0.015403601,1443.7346,22.238712,603989.810994,5792750.02725,03101
03101,2011,68634.0,10.0,68634.0,10.0,0.0,7.269393,0.030710485,1516.6665,46.577564,603989.810994,5792750.02725,03101
03101,2012,68634.0,10.0,68634.0,10.0,0.0,7.352527,0.00045441047,1648.143,0.74893343,603989.810994,5792750.02725,03101
03101,2013,68634.0,10.0,68634.0,10.0,0.0,7.612989,0.005505197,2138.5137,11.772939,603989.810994,5792750.02725,03101
03101,2014,68634.0,10.0,68634.0,10.0,0.0,7.6458755,0.015189779,2210.0103,33.569565,603989.810994,5792750.02725,03101
03101,2015,68634.0,10.0,68634.0,10.0,0.0,7.7149005,0.019492332,2367.9446,46.156765,603989.810994,5792750.02725,03101
03101,2016,68634.0,10.0,68634.0,10.0,0.0,7.8468575,0.0339654,2701.9653,91.773346,603989.810994,5792750.02725,03101
03101,2017,68634.0,10.0,68634.0,10.0,0.0,7.8814173,0.03153262,2796.9775,88.19603,603989.810994,5792750.02725,03101
03101,2018,68634.0,10.0,68634.0,10.0,0.0,7.954391,0.006894783,3008.7146,20.744434,603989.810994,5792750.02725,03101
03101,2019,68634.0,10.0,68634.0,10.0,0.0,8.14572,0.0067268023,3643.1235,24.506573,603989.810994,5792750.02725,03101
03101,2020,68634.0,10.0,68634.0,10.0,0.0,8.174155,0.013824648,3748.2068,51.81764,603989.810994,5792750.02725,03101
03101,2021,68634.0,10.0,68634.0,10.0,0.0,8.262363,0.0010153312,4093.8494,4.156613,603989.810994,5792750.02725,03101
03101,2022,68634.0,10.0,68634.0,10.0,0.0,8.270014,0.016479626,4125.2866,67.983185,603989.810994,5792750.02725,03101
03101,2023,68634.0,10.0,68634.0,10.0,0.0,8.14304,0.018035525,3633.3738,65.52981,603989.810994,5792750.02725,03101
03101,2024,68634.0,10.0,68634.0,10.0,0.0,8.172001,0.020320995,3740.1377,76.00332,603989.810994,5792750.02725,03101
03101,2025,68634.0,10.0,68634.0,10.0,0.0,8.187134,0.000846485,3797.17,3.2142475,603989.810994,5792750.02725,03101
03102,2007,36853.0,10.0,36853.0,10.0,0.0,6.996836,0.031035315,1172.8572,36.399994,593840.075535,5775760.83914,03102
03102,2008,36853.0,10.0,36853.0,10.0,0.0,7.0209036,0.023908159,1201.4274,28.723915,593840.075535,5775760.83914,03102
03102,2009,36853.0,10.0,36853.0,10.0,0.0,6.8668513,0.013745743,1029.8965,14.1566925,593840.075535,5775760.83914,03102
03102,2010,36853.0,10.0,36853.0,10.0,0.0,6.808153,0.051854912,971.1832,50.360622,593840.075535,5775760.83914,03102
03102,2011,36853.0,10.0,36853.0,10.0,0.0,6.87309,0.07282533,1036.3414,75.4719,593840.075535,5775760.83914,03102
03102,2012,36853.0,10.0,36853.0,10.0,0.0,6.7711267,0.022635166,935.88165,21.183836,593840.075535,5775760.83914,03102
03102,2013,36853.0,10.0,36853.0,10.0,0.0,6.8851767,0.06957536,1048.9434,72.98061,593840.075535,5775760.83914,03102
03102,2014,36853.0,10.0,36853.0,10.0,0.0,6.7928586,0.06608675,956.4427,63.208183,593840.075535,5775760.83914,03102
03102,2015,36853.0,10.0,36853.0,10.0,0.0,6.8644586,0.029882653,1027.435,30.702486,593840.075535,5775760.83914,03102
03102,2016,36853.0,10.0,36853.0,10.0,0.0,6.886141,0.09545992,1049.9553,100.22866,593840.075535,5775760.83914,03102
03102,2017,36853.0,10.0,36853.0,10.0,0.0,6.9907513,0.001830894,1165.7426,2.134351,593840.075535,5775760.83914,03102
03102,2018,36853.0,10.0,36853.0,10.0,0.0,7.0425777,0.08250952,1227.7517,101.3012,593840.075535,5775760.83914,03102
03102,2019,36853.0,10.0,36853.0,10.0,0.0,7.0927415,0.06781945,1290.9113,87.54888,593840.075535,5775760.83914,03102
03102,2020,36853.0,10.0,36853.0,10.0,0.0,7.008873,0.030861147,1187.0603,36.634045,593840.075535,5775760.83914,03102
03102,2021,36853.0,10.0,36853.0,10.0,0.0,7.3499303,0.176642,1669.5216,294.90765,593840.075535,5775760.83914,03102
03102,2022,36853.0,10.0,36853.0,10.0,0.0,7.4275813,0.020609343,1804.3274,37.186005,593840.075535,5775760.83914,03102
03102,2023,36853.0,10.0,36853.0,10.0,0.0,7.5569205,0.056189142,2053.463,115.38232,593840.075535,5775760.83914,03102
03102,2024,36853.0,10.0,36853.0,10.0,0.0,7.3576584,0.012687723,1682.4738,21.346762,593840.075535,5775760.83914,03102
03102,2025,36853.0,10.0,36853.0,10.0,0.0,7.408628,0.043059904,1770.4518,76.23548,593840.075535,5775760.83914,03102
03103,2007,39184.0,10.0,39184.0,10.0,0.0,7.1753635,0.020559618,1371.5083,28.197687,621411.292939,5808220.68519,03103
03103,2008,39184.0,10.0,39184.0,10.0,0.0,7.0996504,0.04567244,1271.501,58.07255,621411.292939,5808220.68519,03103
03103,2009,39184.0,10.0,39184.0,10.0,0.0,7.0595093,0.04774843,1221.4727,58.323402,621411.292939,5808220.68519,03103
03103,2010,39184.0,10.0,39184.0,10.0,0.0,7.120191,0.07352849,1297.8884,95.43178,621411.292939,5808220.68519,03103
03103,2011,39184.0,10.0,39184.0,10.0,0.0,7.1532407,0.04997303,1341.5002,67.03883,621411.292939,5808220.68519,03103
03103,2012,39184.0,10.0,39184.0,10.0,0.0,7.1770983,0.077641845,1373.8896,106.671326,621411.292939,5808220.68519,03103
03103,2013,39184.0,10.0,39184.0,10.0,0.0,7.4411387,0.08980837,1789.0532,160.67194,621411.292939,5808220.68519,03103
03103,2014,39184.0,10.0,39184.0,10.0,0.0,7.557872,0.047731947,2010.5728,95.96855,621411.292939,5808220.68519,03103
03103,2015,39184.0,10.0,39184.0,10.0,0.0,7.6091566,0.07687308,2116.3745,162.69221,621411.292939,5808220.68519,03103
03103,2016,39184.0,10.0,39184.0,10.0,0.0,7.6658416,0.02149199,2239.806,48.137882,621411.292939,5808220.68519,03103
03103,2017,39184.0,10.0,39184.0,10.0,0.0,7.756319,0.032767408,2451.908,80.34267,621411.292939,5808220.68519,03103
03103,2018,39184.0,10.0,39184.0,10.0,0.0,7.9269476,0.09051852,2908.0867,263.23572,621411.292939,5808220.68519,03103
03103,2019,39184.0,10.0,39184.0,10.0,0.0,8.015318,0.12029665,3176.773,382.15515,621411.292939,5808220.68519,03103
03103,2020,39184.0,10.0,39184.0,10.0,0.0,8.0875,0.06292802,3414.5542,214.87114,621411.292939,5808220.68519,03103
03103,2021,39184.0,10.0,39184.0,10.0,0.0,8.11456,0.027756153,3508.2153,97.374565,621411.292939,5808220.68519,03103
03103,2022,39184.0,10.0,39184.0,10.0,0.0,8.144308,0.081809625,3614.148,295.6721,621411.292939,5808220.68519,03103
03103,2023,39184.0,10.0,39184.0,10.0,0.0,8.056806,0.05118873,3311.3396,169.50328,621411.292939,5808220.68519,03103
03103,2024,39184.0,10.0,39184.0,10.0,0.0,7.976497,0.046964794,3055.8103,143.5155,621411.292939,5808220.68519,03103
03103,2025,39184.0,10.0,39184.0,10.0,0.0,7.882386,0.040040787,2781.343,111.36717,621411.292939,5808220.68519,03103
03151,2007,21349.0,10.0,21349.0,10.0,0.0,7.2417636,0.033002667,1461.5177,48.233986,603414.452118,5818430.01106,03151
03151,2008,21349.0,10.0,21349.0,10.0,0.0,7.127226,0.042025108,1303.3497,54.773415,603414.452118,5818430.01106,03151
03151,2009,21349.0,10.0,21349.0,10.0,0.0,7.0355296,0.042755403,1189.153,50.842712,603414.452118,5818430.01106,03151
03151,2010,21349.0,10.0,21349.0,10.0,0.0,7.1023326,0.003694537,1271.3057,4.696886,603414.452118,5818430.01106,03151
03151,2011,21349.0,10.0,21349.0,10.0,0.0,7.1032186,0.038734928,1272.4326,49.287582,603414.452118,5818430.01106,03151
03151,2012,21349.0,10.0,21349.0,10.0,0.0,7.148332,0.024891332,1331.151,33.13412,603414.452118,5818430.01106,03151
03151,2013,21349.0,10.0,21349.0,10.0,0.0,7.3273525,0.015844272,1592.1167,25.22593,603414.452118,5818430.01106,03151
03151,2014,21349.0,10.0,21349.0,10.0,0.0,7.355228,0.063439034,1637.122,103.85744,603414.452118,5818430.01106,03151
03151,2015,21349.0,10.0,21349.0,10.0,0.0,7.5129685,0.0023605928,1916.8441,4.5248885,603414.452118,5818430.01106,03151
03151,2016,21349.0,10.0,21349.0,10.0,0.0,7.604851,0.022180261,2101.3135,46.607677,603414.452118,5818430.01106,03151
03151,2017,21349.0,10.0,21349.0,10.0,0.0,7.6544385,0.02004575,2208.139,44.263798,603414.452118,5818430.01106,03151
03151,2018,21349.0,10.0,21349.0,10.0,0.0,7.6728354,0.018493608,2249.1384,41.59468,603414.452118,5818430.01106,03151
03151,2019,21349.0,10.0,21349.0,10.0,0.0,7.6151175,0.012109289,2122.998,25.707998,603414.452118,5818430.01106,03151
03151,2020,21349.0,10.0,21349.0,10.0,0.0,7.8107524,0.0044703325,2581.7417,11.541244,603414.452118,5818430.01106,03151
03151,2021,21349.0,10.0,21349.0,10.0,0.0,8.003962,0.084851496,3132.0042,265.75525,603414.452118,5818430.01106,03151
03151,2022,21349.0,10.0,21349.0,10.0,0.0,7.8609247,0.025538897,2714.578,69.327324,603414.452118,5818430.01106,03151
03151,2023,21349.0,10.0,21349.0,10.0,0.0,7.787566,0.0046157273,2522.5688,11.64349,603414.452118,5818430.01106,03151
03151,2024,21349.0,10.0,21349.0,10.0,0.0,7.893327,0.036837064,2803.9778,103.290306,603414.452118,5818430.01106,03151
03151,2025,21349.0,10.0,21349.0,10.0,0.0,7.899512,0.04391524,2821.3723,123.90124,603414.452118,5818430.01106,03151
03153,2007,22624.0,10.0,22624.0,10.0,0.0,6.971333,0.07264853,1174.6545,85.33693,607904.754034,5749997.05682,03153
03153,2008,22624.0,10.0,22624.0,10.0,0.0,6.915004,0.021322,1110.3163,23.674164,607904.754034,5749997.05682,03153
03153,2009,22624.0,10.0,22624.0,10.0,0.0,6.8395333,0.0068585253,1029.6044,7.0615673,607904.754034,5749997.05682,03153
03153,2010,22624.0,10.0,22624.0,10.0,0.0,6.7987647,0.025454344,988.47284,25.160927,607904.754034,5749997.05682,03153
03153,2011,22624.0,10.0,22624.0,10.0,0.0,6.6952424,0.022105824,891.26245,19.702091,607904.754034,5749997.05682,03153
03153,2012,22624.0,10.0,22624.0,10.0,0.0,6.6499906,0.01655536,851.8302,14.102355,607904.754034,5749997.05682,03153
03153,2013,22624.0,10.0,22624.0,10.0,0.0,6.6561756,0.029395206,857.11487,25.195066,607904.754034,5749997.05682,03153
03153,2014,22624.0,10.0,22624.0,10.0,0.0,6.6111436,0.031399008,819.37335,25.72751,607904.754034,5749997.05682,03153
03153,2015,22624.0,10.0,22624.0,10.0,0.0,6.7907567,0.04053044,980.58875,39.743694,607904.754034,5749997.05682,03153
03153,2016,22624.0,10.0,22624.0,10.0,0.0,6.8557515,0.058747504,1046.4388,61.47567,607904.754034,5749997.05682,03153
03153,2017,22624.0,10.0,22624.0,10.0,0.0,7.0036836,0.04169162,1213.2766,50.583466,607904.754034,5749997.05682,03153
03153,2018,22624.0,10.0,22624.0,10.0,0.0,7.1556673,0.07813695,1412.4257,110.36264,607904.754034,5749997.05682,03153
03153,2019,22624.0,10.0,22624.0,10.0,0.0,7.1303687,0.067454666,1377.1411,92.89459,607904.754034,5749997.05682,03153
03153,2020,22624.0,10.0,22624.0,10.0,0.0,7.155955,0.06401447,1412.8317,90.441666,607904.754034,5749997.05682,03153
03153,2021,22624.0,10.0,22624.0,10.0,0.0,7.336077,0.007176399,1691.6733,12.140123,607904.754034,5749997.05682,03153
03153,2022,22624.0,10.0,22624.0,10.0,0.0,7.5540457,0.023672005,2103.6775,49.798264,607904.754034,5749997.05682,03153
03153,2023,22624.0,10.0,22624.0,10.0,0.0,7.296321,0.020803671,1625.738,33.821323,607904.754034,5749997.05682,03153
03153,2024,22624.0,10.0,22624.0,10.0,0.0,7.453461,0.01236048,1902.3735,23.51425,607904.754034,5749997.05682,03153
03153,2025,22624.0,10.0,22624.0,10.0,0.0,7.465197,0.014746148,1924.831,28.383844,607904.754034,5749997.05682,03153
03154,2007,13690.0,10.0,13690.0,10.0,0.0,7.107762,0.09013308,1308.7367,117.960464,623759.460327,5793611.9708,03154
03154,2008,13690.0,10.0,13690.0,10.0,0.0,7.057465,0.03122978,1244.5397,38.866695,623759.460327,5793611.9708,03154
03154,2009,13690.0,10.0,13690.0,10.0,0.0,7.0035458,0.0027574934,1179.2118,3.2516687,623759.460327,5793611.9708,03154
03154,2010,13690.0,10.0,13690.0,10.0,0.0,6.935088,0.06154402,1101.1871,67.771484,623759.460327,5793611.9708,03154
03154,2011,13690.0,10.0,13690.0,10.0,0.0,6.8958173,0.051943127,1058.7803,54.996357,623759.460327,5793611.9708,03154
03154,2012,13690.0,10.0,13690.0,10.0,0.0,6.896019,0.048098065,1058.9941,50.935566,623759.460327,5793611.9708,03154
03154,2013,13690.0,10.0,13690.0,10.0,0.0,6.9943824,0.04710823,1168.4553,55.04386,623759.460327,5793611.9708,03154
03154,2014,13690.0,10.0,13690.0,10.0,0.0,7.174659,0.04554881,1399.2817,63.735615,623759.460327,5793611.9708,03154
03154,2015,13690.0,10.0,13690.0,10.0,0.0,7.0484743,0.09287665,1233.4001,114.55408,623759.460327,5793611.9708,03154
03154,2016,13690.0,10.0,13690.0,10.0,0.0,7.024734,0.020850398,1204.4637,25.113546,623759.460327,5793611.9708,03154
03154,2017,13690.0,10.0,13690.0,10.0,0.0,7.0570483,0.08120972,1244.0206,101.026566,623759.460327,5793611.9708,03154
03154,2018,13690.0,10.0,13690.0,10.0,0.0,7.1659985,0.05486949,1387.2158,76.11582,623759.460327,5793611.9708,03154
03154,2019,13690.0,10.0,13690.0,10.0,0.0,7.09837,0.040023,1296.5032,51.889942,623759.460327,5793611.9708,03154
03154,2020,13690.0,10.0,13690.0,10.0,0.0,7.2671475,0.05908916,1534.8737,90.6944,623759.460327,5793611.9708,03154
03154,2021,13690.0,10.0,13690.0,10.0,0.0,7.351234,0.044371,1669.5168,74.07813,623759.460327,5793611.9708,03154
03154,2022,13690.0,10.0,13690.0,10.0,0.0,7.4091935,0.06847829,1769.1405,121.14772,623759.460327,5793611.9708,03154
03154,2023,13690.0,10.0,13690.0,10.0,0.0,7.559059,0.011180874,2055.1724,22.978622,623759.460327,5793611.9708,03154
03154,2024,13690.0,10.0,13690.0,10.0,0.0,7.5467706,0.034975186,2030.0718,71.002144,623759.460327,5793611.9708,03154
03154,2025,13690.0,10.0,13690.0,10.0,0.0,7.6115327,0.018782929,2165.8938,40.68183,623759.460327,5793611.9708,03154
03155,2007,10256.0,10.0,10256.0,10.0,0.0,6.9220133,0.0547706,1141.595,62.52584,571647.204261,5748591.76964,03155
03155,2008,10256.0,10.0,10256.0,10.0,0.0,6.7318044,0.027403668,943.8553,25.865097,571647.204261,5748591.76964,03155
03155,2009,10256.0,10.0,10256.0,10.0,0.0,6.6761093,0.058471996,892.7244,52.19938,571647.204261,5748591.76964,03155
03155,2010,10256.0,10.0,10256.0,10.0,0.0,6.805057,0.32081816,1015.5904,325.81982,571647.204261,5748591.76964,03155
03155,2011,10256.0,10.0,10256.0,10.0,0.0,6.8159084,0.19979955,1026.671,205.12842,571647.204261,5748591.76964,03155
03155,2012,10256.0,10.0,10256.0,10.0,0.0,6.5186834,0.04894168,762.69025,37.327343,571647.204261,5748591.76964,03155
03155,2013,10256.0,10.0,10256.0,10.0,0.0,6.624286,0.005669212,847.639,4.8054447,571647.204261,5748591.76964,03155
03155,2014,10256.0,10.0,10256.0,10.0,0.0,6.6303067,0.0019761948,852.7575,1.6852149,571647.204261,5748591.76964,03155
03155,2015,10256.0,10.0,10256.0,10.0,0.0,6.684049,0.02748857,899.84076,24.735336,571647.204261,5748591.76964,03155
03155,2016,10256.0,10.0,10256.0,10.0,0.0,6.9799366,0.17011784,1209.6725,205.78687,571647.204261,5748591.76964,03155
03155,2017,10256.0,10.0,10256.0,10.0,0.0,6.824023,0.060710423,1035.0356,62.837452,571647.204261,5748591.76964,03155
03155,2018,10256.0,10.0,10256.0,10.0,0.0,6.917984,0.1935596,1137.0044,220.07811,571647.204261,5748591.76964,03155
03155,2019,10256.0,10.0,10256.0,10.0,0.0,6.7963076,0.12077063,1006.7434,121.58504,571647.204261,5748591.76964,03155
03155,2020,10256.0,10.0,10256.0,10.0,0.0,6.9383845,0.059937257,1160.4382,69.55348,571647.204261,5748591.76964,03155
03155,2021,10256.0,10.0,10256.0,10.0,0.0,6.7544823,0.10406972,965.5044,100.47977,571647.204261,5748591.76964,03155
03155,2022,10256.0,10.0,10256.0,10.0,0.0,6.797993,0.116694435,1008.442,117.679565,571647.204261,5748591.76964,03155
03155,2023,10256.0,10.0,10256.0,10.0,0.0,7.2718773,0.30223674,1619.7803,489.5571,571647.204261,5748591.76964,03155
03155,2024,10256.0,10.0,10256.0,10.0,0.0,7.1477175,0.004108882,1430.6522,5.8783813,571647.204261,5748591.76964,03155
03155,2025,10256.0,10.0,10256.0,10.0,0.0,6.9964924,0.09787095,1229.8662,120.36817,571647.204261,5748591.76964,03155
03157,2007,23957.0,10.0,23957.0,10.0,0.0,7.0917573,0.14888115,1275.3523,189.87592,586556.930583,5806026.5342,03157
03157,2008,23957.0,10.0,23957.0,10.0,0.0,7.003696,0.100009926,1167.846,116.79619,586556.930583,5806026.5342,03157
03157,2009,23957.0,10.0,23957.0,10.0,0.0,6.952742,0.016500352,1109.8304,18.312593,586556.930583,5806026.5342,03157
03157,2010,23957.0,10.0,23957.0,10.0,0.0,6.911607,0.06860196,1065.1034,73.06818,586556.930583,5806026.5342,03157
03157,2011,23957.0,10.0,23957.0,10.0,0.0,6.9171925,0.020023476,1071.0698,21.44654,586556.930583,5806026.5342,03157
03157,2012,23957.0,10.0,23957.0,10.0,0.0,6.734663,0.03739428,892.3726,33.369633,586556.930583,5806026.5342,03157
03157,2013,23957.0,10.0,23957.0,10.0,0.0,6.846784,0.0039423327,998.25104,3.935438,586556.930583,5806026.5342,03157
03157,2014,23957.0,10.0,23957.0,10.0,0.0,7.043211,0.037545845,1214.9176,45.615112,586556.930583,5806026.5342,03157
03157,2015,23957.0,10.0,23957.0,10.0,0.0,7.1744757,0.08492979,1385.3336,117.65608,586556.930583,5806026.5342,03157
03157,2016,23957.0,10.0,23957.0,10.0,0.0,7.2789664,0.14241001,1537.9213,219.01537,586556.930583,5806026.5342,03157
03157,2017,23957.0,10.0,23957.0,10.0,0.0,7.355675,0.08424687,1660.5363,139.89497,586556.930583,5806026.5342,03157
03157,2018,23957.0,10.0,23957.0,10.0,0.0,7.3212657,0.122887924,1604.3699,197.15767,586556.930583,5806026.5342,03157
03157,2019,23957.0,10.0,23957.0,10.0,0.0,7.3328543,0.19798626,1623.0702,321.3456,586556.930583,5806026.5342,03157
03157,2020,23957.0,10.0,23957.0,10.0,0.0,7.699606,0.047785487,2342.1548,111.921005,586556.930583,5806026.5342,03157
03157,2021,23957.0,10.0,23957.0,10.0,0.0,7.5160403,0.21552284,1949.3691,420.13358,586556.930583,5806026.5342,03157
03157,2022,23957.0,10.0,23957.0,10.0,0.0,7.5737386,0.07627642,2065.1523,157.52243,586556.930583,5806026.5342,03157
03157,2023,23957.0,10.0,23957.0,10.0,0.0,7.6686864,0.017324837,2270.844,39.342003,586556.930583,5806026.5342,03157
03157,2024,23957.0,10.0,23957.0,10.0,0.0,7.7938123,0.0046255803,2573.5278,11.90406,586556.930583,5806026.5342,03157
03157,2025,23957.0,10.0,23957.0,10.0,0.0,7.6576624,0.12603737,2245.9478,283.07333,586556.930583,5806026.5342,03157
03158,2007,31816.0,10.0,31816.0,10.0,0.0,7.366146,0.057593722,1682.2898,96.88933,614770.070318,5791605.91494,03158
03158,2008,31816.0,10.0,31816.0,10.0,0.0,7.1394587,0.10511607,1341.0709,140.9681,614770.070318,5791605.91494,03158
03158,2009,31816.0,10.0,31816.0,10.0,0.0,7.0155196,0.06494076,1184.7474,76.93839,614770.070318,5791605.91494,03158
03158,2010,31816.0,10.0,31816.0,10.0,0.0,7.0876493,0.058303285,1273.3604,74.24109,614770.070318,5791605.91494,03158
03158,2011,31816.0,10.0,31816.0,10.0,0.0,7.1194563,0.106794,1314.5127,140.38208,614770.070318,5791605.91494,03158
03158,2012,31816.0,10.0,31816.0,10.0,0.0,7.098071,0.09348085,1286.7004,120.28185,614770.070318,5791605.91494,03158
03158,2013,31816.0,10.0,31816.0,10.0,0.0,7.02806,0.066088945,1199.6982,79.28679,614770.070318,5791605.91494,03158
03158,2014,31816.0,10.0,31816.0,10.0,0.0,7.2527723,0.11708125,1501.9769,175.85333,614770.070318,5791605.91494,03158
03158,2015,31816.0,10.0,31816.0,10.0,0.0,7.3385673,0.006525379,1636.5286,10.678969,614770.070318,5791605.91494,03158
03158,2016,31816.0,10.0,31816.0,10.0,0.0,7.1909165,0.07512249,1411.886,106.06439,614770.070318,5791605.91494,03158
03158,2017,31816.0,10.0,31816.0,10.0,0.0,7.5746956,0.080428846,2072.3965,166.68045,614770.070318,5791605.91494,03158
03158,2018,31816.0,10.0,31816.0,10.0,0.0,7.524777,0.09556345,1971.4843,188.40184,614770.070318,5791605.91494,03158
03158,2019,31816.0,10.0,31816.0,10.0,0.0,7.236159,0.11654514,1477.2303,172.16402,614770.070318,5791605.91494,03158
03158,2020,31816.0,10.0,31816.0,10.0,0.0,7.490177,0.06071672,1904.4381,115.63123,614770.070318,5791605.91494,03158
03158,2021,31816.0,10.0,31816.0,10.0,0.0,7.7180896,0.08246407,2391.9275,197.24806,614770.070318,5791605.91494,03158
03158,2022,31816.0,10.0,31816.0,10.0,0.0,7.8667526,0.15211451,2775.3096,422.1649,614770.070318,5791605.91494,03158
03158,2023,31816.0,10.0,31816.0,10.0,0.0,7.699935,0.042443313,2348.8943,99.69486,614770.070318,5791605.91494,03158
03158,2024,31816.0,10.0,31816.0,10.0,0.0,7.476339,0.09644688,1878.2651,181.15282,614770.070318,5791605.91494,03158
03158,2025,31816.0,10.0,31816.0,10.0,0.0,7.491243,0.07458902,1906.4692,142.20168,614770.070318,5791605.91494,03158
03159,2007,75480.0,25.0,9677.0,10.0,0.13893178,7.08869,0.018769758,1323.8405,24.848164,551929.280519,5713300.88591,03159
03159,2008,75480.0,25.0,9677.0,10.0,0.13893178,7.040469,0.020719178,1261.5187,26.13763,551929.280519,5713300.88591,03159
03159,2009,75480.0,25.0,9677.0,10.0,0.13893178,6.972053,0.020259188,1178.0966,23.867281,551929.280519,5713300.88591,03159
03159,2010,75480.0,25.0,9677.0,10.0,0.13893178,7.092494,0.018091261,1328.8866,24.041237,551929.280519,5713300.88591,03159
03159,2011,75480.0,25.0,9677.0,10.0,0.13893178,7.05043,0.04388254,1274.1475,55.91283,551929.280519,5713300.88591,03159
03159,2012,75480.0,25.0,9677.0,10.0,0.13893178,6.998503,0.014949157,1209.6737,18.083603,551929.280519,5713300.88591,03159
03159,2013,75480.0,25.0,9677.0,10.0,0.13893178,7.0509477,0.15501375,1274.8069,197.6126,551929.280519,5713300.88591,03159
03159,2014,75480.0,25.0,9677.0,10.0,0.13893178,7.1590524,0.09740853,1420.3448,138.35371,551929.280519,5713300.88591,03159
03159,2015,75480.0,25.0,9677.0,10.0,0.13893178,7.1672106,0.03908914,1431.9795,55.974846,551929.280519,5713300.88591,03159
03159,2016,75480.0,25.0,9677.0,10.0,0.13893178,7.313112,0.074357726,1656.9177,123.204636,551929.280519,5713300.88591,03159
03159,2017,75480.0,25.0,9677.0,10.0,0.13893178,7.291812,0.12458961,1621.9987,202.08418,551929.280519,5713300.88591,03159
03159,2018,75480.0,25.0,9677.0,10.0,0.13893178,7.4778523,0.05871255,1953.6503,114.70379,551929.280519,5713300.88591,03159
03159,2019,75480.0,25.0,9677.0,10.0,0.13893178,7.4607596,0.14866674,1920.5406,285.52054,551929.280519,5713300.88591,03159
03159,2020,75480.0,25.0,9677.0,10.0,0.13893178,7.501961,0.13955736,2001.3229,279.29935,551929.280519,5713300.88591,03159
03159,2021,75480.0,25.0,9677.0,10.0,0.13893178,7.551316,0.010559594,2102.576,22.202349,551929.280519,5713300.88591,03159
03159,2022,75480.0,25.0,9677.0,10.0,0.13893178,7.669234,0.038201835,2365.7173,90.37474,551929.280519,5713300.88591,03159
03159,2023,75480.0,25.0,9677.0,10.0,0.13893178,7.5751395,0.06985761,2153.2678,150.42213,551929.280519,5713300.88591,03159
03159,2024,75480.0,25.0,9677.0,10.0,0.13893178,7.6346507,0.00040363325,2285.3013,0.92242354,551929.280519,5713300.88591,03159
03159,2025,75480.0,25.0,9677.0,10.0,0.13893178,7.6947155,0.015680827,2426.7734,38.053814,551929.280519,5713300.88591,03159
03241,2007,164646.0,10.0,164646.0,10.0,0.0,7.5485625,0.0027490365,1995.3574,5.4853106,552389.524666,5803527.42434,03241
03241,2008,164646.0,10.0,164646.0,10.0,0.0,7.527653,0.016470404,1954.0687,32.184303,552389.524666,5803527.42434,03241
03241,2009,164646.0,10.0,164646.0,10.0,0.0,7.455056,0.03469474,1817.2361,63.048527,552389.524666,5803527.42434,03241
03241,2010,164646.0,10.0,164646.0,10.0,0.0,7.540985,0.0013506968,1980.2942,2.674777,552389.524666,5803527.42434,03241
03241,2011,164646.0,10.0,164646.0,10.0,0.0,7.5958376,0.022966184,2091.9534,48.04419,552389.524666,5803527.42434,03241
03241,2012,164646.0,10.0,164646.0,10.0,0.0,7.6599092,0.036806572,2230.3748,82.09245,552389.524666,5803527.42434,03241
03241,2013,164646.0,10.0,164646.0,10.0,0.0,7.7732806,0.037949238,2498.127,94.80202,552389.524666,5803527.42434,03241
03241,2014,164646.0,10.0,164646.0,10.0,0.0,7.873396,0.031503215,2761.1753,86.9859,552389.524666,5803527.42434,03241
03241,2015,164646.0,10.0,164646.0,10.0,0.0,7.986698,0.0009663236,3092.4348,2.9882927,552389.524666,5803527.42434,03241
03241,2016,164646.0,10.0,164646.0,10.0,0.0,8.118505,0.025251959,3528.1208,89.091965,552389.524666,5803527.42434,03241
03241,2017,164646.0,10.0,164646.0,10.0,0.0,8.21104,0.019832803,3870.1748,76.75641,552389.524666,5803527.42434,03241
03241,2018,164646.0,10.0,164646.0,10.0,0.0,8.271582,0.039594285,4111.725,162.80081,552389.524666,5803527.42434,03241
03241,2019,164646.0,10.0,164646.0,10.0,0.0,8.410047,0.018945558,4722.352,89.4676,552389.524666,5803527.42434,03241
03241,2020,164646.0,10.0,164646.0,10.0,0.0,8.507063,0.047822166,5203.4604,248.84074,552389.524666,5803527.42434,03241
03241,2021,164646.0,10.0,164646.0,10.0,0.0,8.630727,0.006050306,5888.4155,35.626717,552389.524666,5803527.42434,03241
03241,2022,164646.0,10.0,164646.0,10.0,0.0,8.596204,0.00950084,5688.602,54.046497,552389.524666,5803527.42434,03241
03241,2023,164646.0,10.0,164646.0,10.0,0.0,8.477802,0.014978058,5053.4053,75.69019,552389.524666,5803527.42434,03241
03241,2024,164646.0,10.0,164646.0,10.0,0.0,8.421868,0.0046578064,4778.509,22.25737,552389.524666,5803527.42434,03241
03241,2025,164646.0,10.0,164646.0,10.0,0.0,8.450644,0.010093129,4918.011,49.638123,552389.524666,5803527.42434,03241
03251,2007,96879.0,25.0,8568.0,10.0,0.049298096,7.1810355,0.120155245,1400.0472,168.22302,482286.456345,5856123.80222,03251
03251,2008,96879.0,25.0,8568.0,10.0,0.049298096,7.105937,0.02045309,1298.7565,26.563581,482286.456345,5856123.80222,03251
03251,2009,96879.0,25.0,8568.0,10.0,0.049298096,7.0396147,0.061285127,1215.4144,74.486824,482286.456345,5856123.80222,03251
03251,2010,96879.0,25.0,8568.0,10.0,0.049298096,7.101345,0.08444164,1292.8064,109.16669,482286.456345,5856123.80222,03251
03251,2011,96879.0,25.0,8568.0,10.0,0.049298096,7.051047,0.024721403,1229.3888,30.392216,482286.456345,5856123.80222,03251
03251,2012,96879.0,25.0,8568.0,10.0,0.049298096,7.0764456,0.04062037,1261.0138,51.22285,482286.456345,5856123.80222,03251
03251,2013,96879.0,25.0,8568.0,10.0,0.049298096,7.0278244,0.008953341,1201.1687,10.754473,482286.456345,5856123.80222,03251
03251,2014,96879.0,25.0,8568.0,10.0,0.049298096,7.0337057,0.031940036,1208.2535,38.591663,482286.456345,5856123.80222,03251
03251,2015,96879.0,25.0,8568.0,10.0,0.049298096,7.088828,0.04831375,1276.7251,61.68338,482286.456345,5856123.80222,03251
03251,2016,96879.0,25.0,8568.0,10.0,0.049298096,7.2035913,0.094790235,1431.9847,135.73817,482286.456345,5856123.80222,03251
03251,2017,96879.0,25.0,8568.0,10.0,0.049298096,7.183157,0.10081622,1403.0201,141.44719,482286.456345,5856123.80222,03251
03251,2018,96879.0,25.0,8568.0,10.0,0.049298096,7.230265,0.06470213,1470.6957,95.15715,482286.456345,5856123.80222,03251
03251,2019,96879.0,25.0,8568.0,10.0,0.049298096,7.3563223,0.05589244,1668.2794,93.24421,482286.456345,5856123.80222,03251
03251,2020,96879.0,25.0,8568.0,10.0,0.049298096,7.306436,0.19576834,1587.097,310.70337,482286.456345,5856123.80222,03251
03251,2021,96879.0,25.0,8568.0,10.0,0.049298096,7.622329,0.07605218,2176.677,165.54105,482286.456345,5856123.80222,03251
03251,2022,96879.0,25.0,8568.0,10.0,0.049298096,7.731463,0.0075786915,2427.6733,18.398586,482286.456345,5856123.80222,03251
03251,2023,96879.0,25.0,8568.0,10.0,0.049298096,7.678717,0.08087596,2302.942,186.25266,482286.456345,5856123.80222,03251
03251,2024,96879.0,25.0,8568.0,10.0,0.049298096,7.783778,0.04591028,2558.0586,117.441185,482286.456345,5856123.80222,03251
03251,2025,96879.0,25.0,8568.0,10.0,0.049298096,7.8359604,0.0144143365,2695.088,38.847904,482286.456345,5856123.80222,03251
03252,2007,26533.0,10.0,26533.0,10.0,0.0,6.888546,0.207079,1080.3851,223.72507,516766.044961,5767350.79847,03252
03252,2008,26533.0,10.0,26533.0,10.0,0.0,7.027459,0.28067783,1241.3888,348.43033,516766.044961,5767350.79847,03252
03252,2009,26533.0,10.0,26533.0,10.0,0.0,6.799128,0.12986836,987.9729,128.30641,516766.044961,5767350.79847,03252
03252,2010,26533.0,10.0,26533.0,10.0,0.0,6.7946744,0.16316311,983.5824,160.48438,516766.044961,5767350.79847,03252
03252,2011,26533.0,10.0,26533.0,10.0,0.0,6.916147,0.23948626,1110.6206,265.97836,516766.044961,5767350.79847,03252
03252,2012,26533.0,10.0,26533.0,10.0,0.0,6.607768,0.3858119,815.9027,314.78497,516766.044961,5767350.79847,03252
03252,2013,26533.0,10.0,26533.0,10.0,0.0,6.713391,0.21534036,906.79614,195.2698,516766.044961,5767350.79847,03252
03252,2014,26533.0,10.0,26533.0,10.0,0.0,6.7257853,0.15649143,918.10547,143.67563,516766.044961,5767350.79847,03252
03252,2015,26533.0,10.0,26533.0,10.0,0.0,6.9759493,0.0728029,1179.0642,85.839294,516766.044961,5767350.79847,03252
03252,2016,26533.0,10.0,26533.0,10.0,0.0,6.9645677,0.097840294,1165.7206,114.05445,516766.044961,5767350.79847,03252
03252,2017,26533.0,10.0,26533.0,10.0,0.0,7.2212653,0.15487038,1506.874,233.37013,516766.044961,5767350.79847,03252
03252,2018,26533.0,10.0,26533.0,10.0,0.0,7.2734203,0.24722777,1587.5502,392.4865,516766.044961,5767350.79847,03252
03252,2019,26533.0,10.0,26533.0,10.0,0.0,7.3299656,0.17209908,1679.905,289.1101,516766.044961,5767350.79847,03252
03252,2020,26533.0,10.0,26533.0,10.0,0.0,6.7059526,0.043231428,900.0764,38.911587,516766.044961,5767350.79847,03252
03252,2021,26533.0,10.0,26533.0,10.0,0.0,6.813195,0.12092615,1001.9688,121.16424,516766.044961,5767350.79847,03252
03252,2022,26533.0,10.0,26533.0,10.0,0.0,6.874311,0.12734795,1065.115,135.64021,516766.044961,5767350.79847,03252
03252,2023,26533.0,10.0,26533.0,10.0,0.0,7.3123527,0.092495166,1650.5762,152.6703,516766.044961,5767350.79847,03252
03252,2024,26533.0,10.0,26533.0,10.0,0.0,7.191795,0.13543779,1463.1138,198.16087,516766.044961,5767350.79847,03252
03252,2025,26533.0,10.0,26533.0,10.0,0.0,7.2667565,0.020233573,1577.0065,31.908476,516766.044961,5767350.79847,03252
03254,2007,14053.0,10.0,14053.0,10.0,0.0,6.971919,0.022593303,1172.0233,26.479877,556666.71437,5759793.2582,03254
03254,2008,14053.0,10.0,14053.0,10.0,0.0,7.0359297,0.017342875,1249.4978,21.669884,556666.71437,5759793.2582,03254
03254,2009,14053.0,10.0,14053.0,10.0,0.0,6.867526,0.030952891,1055.8416,32.68135,556666.71437,5759793.2582,03254
03254,2010,14053.0,10.0,14053.0,10.0,0.0,6.842192,0.04038957,1029.4293,41.57821,556666.71437,5759793.2582,03254
03254,2011,14053.0,10.0,14053.0,10.0,0.0,6.8175874,0.0077224066,1004.40955,7.7564588,556666.71437,5759793.2582,03254
03254,2012,14053.0,10.0,14053.0,10.0,0.0,6.8166866,0.099048525,1003.5052,99.395706,556666.71437,5759793.2582,03254
03254,2013,14053.0,10.0,14053.0,10.0,0.0,6.78343,0.088347316,970.68097,85.75706,556666.71437,5759793.2582,03254
03254,2014,14053.0,10.0,14053.0,10.0,0.0,6.830392,0.10418627,1017.3528,105.99419,556666.71437,5759793.2582,03254
03254,2015,14053.0,10.0,14053.0,10.0,0.0,6.8730216,0.08181461,1061.6603,86.85932,556666.71437,5759793.2582,03254
03254,2016,14053.0,10.0,14053.0,10.0,0.0,6.921156,0.11353557,1114.0125,126.48004,556666.71437,5759793.2582,03254
03254,2017,14053.0,10.0,14053.0,10.0,0.0,7.0094204,0.12752785,1216.8098,155.17714,556666.71437,5759793.2582,03254
03254,2018,14053.0,10.0,14053.0,10.0,0.0,6.987438,0.13626336,1190.3536,162.2016,556666.71437,5759793.2582,03254
03254,2019,14053.0,10.0,14053.0,10.0,0.0,7.056868,0.078485124,1275.9366,100.142044,556666.71437,5759793.2582,03254
03254,2020,14053.0,10.0,14053.0,10.0,0.0,7.1166415,0.1410773,1354.5287,191.09325,556666.71437,5759793.2582,03254
03254,2021,14053.0,10.0,14053.0,10.0,0.0,7.287227,0.069581516,1606.4703,111.78064,556666.71437,5759793.2582,03254
03254,2022,14053.0,10.0,14053.0,10.0,0.0,7.5403814,0.07301521,2069.2659,151.08789,556666.71437,5759793.2582,03254
03254,2023,14053.0,10.0,14053.0,10.0,0.0,7.3475456,0.031136278,1706.3519,53.12945,556666.71437,5759793.2582,03254
03254,2024,14053.0,10.0,14053.0,10.0,0.0,7.5754747,0.07687719,2143.1719,164.76103,556666.71437,5759793.2582,03254
03254,2025,14053.0,10.0,14053.0,10.0,0.0,7.384997,0.13698848,1771.4691,242.67087,556666.71437,5759793.2582,03254
03255,2007,11253.0,10.0,11253.0,10.0,0.0,6.667958,0.025798807,867.8137,22.388557,554635.265859,5754092.76262,03255
03255,2008,11253.0,10.0,11253.0,10.0,0.0,6.668924,0.023998057,868.6523,20.845968,554635.265859,5754092.76262,03255
03255,2009,11253.0,10.0,11253.0,10.0,0.0,6.729012,0.11925949,922.4479,110.010666,554635.265859,5754092.76262,03255
03255,2010,11253.0,10.0,11253.0,10.0,0.0,6.6461234,0.05376077,849.0705,45.646687,554635.265859,5754092.76262,03255
03255,2011,11253.0,10.0,11253.0,10.0,0.0,6.700839,0.07639213,896.8227,68.51019,554635.265859,5754092.76262,03255
03255,2012,11253.0,10.0,11253.0,10.0,0.0,6.5247054,0.06421493,751.9911,48.289055,554635.265859,5754092.76262,03255
03255,2013,11253.0,10.0,11253.0,10.0,0.0,6.510063,0.06631724,741.0605,49.145084,554635.265859,5754092.76262,03255
03255,2014,11253.0,10.0,11253.0,10.0,0.0,6.474182,0.01836819,714.94196,13.13219,554635.265859,5754092.76262,03255
03255,2015,11253.0,10.0,11253.0,10.0,0.0,6.4073305,0.09327209,668.7092,62.37191,554635.265859,5754092.76262,03255
03255,2016,11253.0,10.0,11253.0,10.0,0.0,6.5691814,0.0169782,786.19165,13.34812,554635.265859,5754092.76262,03255
03255,2017,11253.0,10.0,11253.0,10.0,0.0,6.484212,0.09485636,722.1488,68.500404,554635.265859,5754092.76262,03255
03255,2018,11253.0,10.0,11253.0,10.0,0.0,6.6358256,0.026768863,840.372,22.495804,554635.265859,5754092.76262,03255
03255,2019,11253.0,10.0,11253.0,10.0,0.0,6.8019943,0.20721611,992.28784,205.61803,554635.265859,5754092.76262,03255
03255,2020,11253.0,10.0,11253.0,10.0,0.0,6.7603297,0.1931767,951.7942,183.86446,554635.265859,5754092.76262,03255
03255,2021,11253.0,10.0,11253.0,10.0,0.0,7.1005335,0.00566436,1337.4933,7.576043,554635.265859,5754092.76262,03255
03255,2022,11253.0,10.0,11253.0,10.0,0.0,7.3613086,0.32867068,1735.9805,570.56586,554635.265859,5754092.76262,03255
03255,2023,11253.0,10.0,11253.0,10.0,0.0,7.267864,0.106412314,1581.1116,168.24974,554635.265859,5754092.76262,03255
03255,2024,11253.0,10.0,11253.0,10.0,0.0,7.496298,0.3357656,1986.8717,667.12317,554635.265859,5754092.76262,03255
03255,2025,11253.0,10.0,11253.0,10.0,0.0,7.2436647,0.26486,1543.3088,408.7608,554635.265859,5754092.76262,03255
03256,2007,49736.0,25.0,8157.0,10.0,-0.14020865,6.992333,0.043262698,1181.3447,51.108162,515725.44403,5832155.46718,03256
03256,2008,49736.0,25.0,8157.0,10.0,-0.14020865,6.916378,0.0064756335,1094.939,7.0904236,515725.44403,5832155.46718,03256
03256,2009,49736.0,25.0,8157.0,10.0,-0.14020865,6.7567844,0.014544192,933.4246,13.575907,515725.44403,5832155.46718,03256
03256,2010,49736.0,25.0,8157.0,10.0,-0.14020865,6.838003,0.0653834,1012.4001,66.19416,515725.44403,5832155.46718,03256
03256,2011,49736.0,25.0,8157.0,10.0,-0.14020865,6.792424,0.033018254,967.2913,31.93827,515725.44403,5832155.46718,03256
03256,2012,49736.0,25.0,8157.0,10.0,-0.14020865,6.9157724,0.058993198,1094.2758,64.55483,515725.44403,5832155.46718,03256
03256,2013,49736.0,25.0,8157.0,10.0,-0.14020865,6.8965826,0.00401063,1073.477,4.305319,515725.44403,5832155.46718,03256
03256,2014,49736.0,25.0,8157.0,10.0,-0.14020865,6.7911425,0.005724398,966.0523,5.530068,515725.44403,5832155.46718,03256
03256,2015,49736.0,25.0,8157.0,10.0,-0.14020865,6.9846077,0.060571287,1172.2538,71.00492,515725.44403,5832155.46718,03256
03256,2016,49736.0,25.0,8157.0,10.0,-0.14020865,7.0899644,0.012857388,1302.4991,16.746737,515725.44403,5832155.46718,03256
03256,2017,49736.0,25.0,8157.0,10.0,-0.14020865,7.0320654,0.014607831,1229.2277,17.956348,515725.44403,5832155.46718,03256
03256,2018,49736.0,25.0,8157.0,10.0,-0.14020865,7.1159654,0.072629884,1336.8098,97.09234,515725.44403,5832155.46718,03256
03256,2019,49736.0,25.0,8157.0,10.0,-0.14020865,7.1147456,0.03329863,1335.1798,44.459656,515725.44403,5832155.46718,03256
03256,2020,49736.0,25.0,8157.0,10.0,-0.14020865,7.331297,0.08500047,1658.0087,140.93152,515725.44403,5832155.46718,03256
03256,2021,49736.0,25.0,8157.0,10.0,-0.14020865,7.4153743,0.18174276,1803.4377,327.76175,515725.44403,5832155.46718,03256
03256,2022,49736.0,25.0,8157.0,10.0,-0.14020865,7.5777116,0.13900182,2121.306,294.8654,515725.44403,5832155.46718,03256
03256,2023,49736.0,25.0,8157.0,10.0,-0.14020865,7.64508,0.00471945,2269.1387,10.709087,515725.44403,5832155.46718,03256
03256,2024,49736.0,25.0,8157.0,10.0,-0.14020865,7.6241946,0.039505072,2222.238,87.78967,515725.44403,5832155.46718,03256
03256,2025,49736.0,25.0,8157.0,10.0,-0.14020865,7.683944,0.0641387,2359.0637,151.3073,515725.44403,5832155.46718,03256
03257,2007,28804.0,10.0,28804.0,10.0,0.0,7.0164638,0.081851855,1209.3501,98.98755,516553.04998,5787653.05679,03257
03257,2008,28804.0,10.0,28804.0,10.0,0.0,6.906657,0.013486838,1083.587,14.614162,516553.04998,5787653.05679,03257
03257,2009,28804.0,10.0,28804.0,10.0,0.0,6.8804755,0.017557075,1055.5848,18.532982,516553.04998,5787653.05679,03257
03257,2010,28804.0,10.0,28804.0,10.0,0.0,6.772982,0.023614788,948.00214,22.38687,516553.04998,5787653.05679,03257
03257,2011,28804.0,10.0,28804.0,10.0,0.0,6.919276,0.056532014,1097.3474,62.035255,516553.04998,5787653.05679,03257
03257,2012,28804.0,10.0,28804.0,10.0,0.0,6.6906195,0.020838616,873.0512,18.193178,516553.04998,5787653.05679,03257
03257,2013,28804.0,10.0,28804.0,10.0,0.0,6.592624,0.030513847,791.5545,24.153374,516553.04998,5787653.05679,03257
03257,2014,28804.0,10.0,28804.0,10.0,0.0,6.60333,0.007759148,800.0746,6.207897,516553.04998,5787653.05679,03257
03257,2015,28804.0,10.0,28804.0,10.0,0.0,6.7205424,0.05688696,899.57043,51.17383,516553.04998,5787653.05679,03257
03257,2016,28804.0,10.0,28804.0,10.0,0.0,6.6361976,0.080787875,826.80774,66.796036,516553.04998,5787653.05679,03257
03257,2017,28804.0,10.0,28804.0,10.0,0.0,6.8726196,0.076593526,1047.3246,80.218285,516553.04998,5787653.05679,03257
03257,2018,28804.0,10.0,28804.0,10.0,0.0,7.020202,0.11337971,1213.8795,137.6293,516553.04998,5787653.05679,03257
03257,2019,28804.0,10.0,28804.0,10.0,0.0,7.015265,0.1997879,1207.9014,241.32408,516553.04998,5787653.05679,03257
03257,2020,28804.0,10.0,28804.0,10.0,0.0,7.077181,0.10232824,1285.0536,131.49727,516553.04998,5787653.05679,03257
03257,2021,28804.0,10.0,28804.0,10.0,0.0,7.3647623,0.018439587,1713.2322,31.591293,516553.04998,5787653.05679,03257
03257,2022,28804.0,10.0,28804.0,10.0,0.0,7.634957,0.035008177,2244.71,78.58321,516553.04998,5787653.05679,03257
03257,2023,28804.0,10.0,28804.0,10.0,0.0,7.6859355,0.15029359,2362.109,355.00983,516553.04998,5787653.05679,03257
03257,2024,28804.0,10.0,28804.0,10.0,0.0,7.5487676,0.13593085,2059.3433,279.92828,516553.04998,5787653.05679,03257
03257,2025,28804.0,10.0,28804.0,10.0,0.0,7.4499784,0.066705294,1865.6285,124.447296,516553.04998,5787653.05679,03257
03351,2007,60586.0,25.0,7594.0,10.0,0.06263354,6.837401,0.0047481074,999.8578,4.747432,567357.000464,5849125.89278,03351
03351,2008,60586.0,25.0,7594.0,10.0,0.06263354,6.777227,0.00048745068,941.46704,0.45891875,567357.000464,5849125.89278,03351
03351,2009,60586.0,25.0,7594.0,10.0,0.06263354,6.80286,0.054754525,965.9113,52.888016,567357.000464,5849125.89278,03351
03351,2010,60586.0,25.0,7594.0,10.0,0.06263354,6.6598425,0.010312172,837.19293,8.633278,567357.000464,5849125.89278,03351
03351,2011,60586.0,25.0,7594.0,10.0,0.06263354,6.734692,0.052753445,902.2615,47.5974,567357.000464,5849125.89278,03351
03351,2012,60586.0,25.0,7594.0,10.0,0.06263354,6.737751,0.09493413,905.0256,85.917816,567357.000464,5849125.89278,03351
03351,2013,60586.0,25.0,7594.0,10.0,0.06263354,6.7283773,0.12689714,896.58185,113.773674,567357.000464,5849125.89278,03351
03351,2014,60586.0,25.0,7594.0,10.0,0.06263354,6.7035084,0.16428451,874.5596,143.6766,567357.000464,5849125.89278,03351
03351,2015,60586.0,25.0,7594.0,10.0,0.06263354,6.7995577,0.06119902,962.7272,58.91796,567357.000464,5849125.89278,03351
03351,2016,60586.0,25.0,7594.0,10.0,0.06263354,6.8813972,0.16152099,1044.83,168.76198,567357.000464,5849125.89278,03351
03351,2017,60586.0,25.0,7594.0,10.0,0.06263354,6.9683113,0.19413763,1139.7035,221.25934,567357.000464,5849125.89278,03351
03351,2018,60586.0,25.0,7594.0,10.0,0.06263354,7.119379,0.12399262,1325.5615,164.35983,567357.000464,5849125.89278,03351
03351,2019,60586.0,25.0,7594.0,10.0,0.06263354,7.1911907,0.12672365,1424.253,180.48654,567357.000464,5849125.89278,03351
03351,2020,60586.0,25.0,7594.0,10.0,0.06263354,7.3848224,0.07452791,1728.5435,128.82474,567357.000464,5849125.89278,03351
03351,2021,60586.0,25.0,7594.0,10.0,0.06263354,7.2224665,0.051882297,1469.5016,76.24112,567357.000464,5849125.89278,03351
03351,2022,60586.0,25.0,7594.0,10.0,0.06263354,7.374041,0.022478612,1710.0078,38.438602,567357.000464,5849125.89278,03351
03351,2023,60586.0,25.0,7594.0,10.0,0.06263354,7.4378314,0.0041330857,1822.6443,7.5331454,567357.000464,5849125.89278,03351
03351,2024,60586.0,25.0,7594.0,10.0,0.06263354,7.596291,0.039414003,2135.601,84.17259,567357.000464,5849125.89278,03351
03351,2025,60586.0,25.0,7594.0,10.0,0.06263354,7.359172,0.05538814,1684.7698,93.31626,567357.000464,5849125.89278,03351
03352,2007,18853.0,10.0,18853.0,10.0,0.0,6.8767667,0.14860924,1047.5432,155.67459,479959.257845,5963834.84983,03352
03352,2008,18853.0,10.0,18853.0,10.0,0.0,7.080397,0.08852374,1284.1256,113.67559,479959.257845,5963834.84983,03352
03352,2009,18853.0,10.0,18853.0,10.0,0.0,6.962013,0.018515917,1140.7589,21.122198,479959.257845,5963834.84983,03352
03352,2010,18853.0,10.0,18853.0,10.0,0.0,6.871117,0.08378277,1041.6416,87.27162,479959.257845,5963834.84983,03352
03352,2011,18853.0,10.0,18853.0,10.0,0.0,6.684324,0.28526682,864.16174,246.51668,479959.257845,5963834.84983,03352
03352,2012,18853.0,10.0,18853.0,10.0,0.0,6.7987995,0.03773863,968.97186,36.567673,479959.257845,5963834.84983,03352
03352,2013,18853.0,10.0,18853.0,10.0,0.0,6.796054,0.16463108,966.3152,159.08551,479959.257845,5963834.84983,03352
03352,2014,18853.0,10.0,18853.0,10.0,0.0,6.6865125,0.11913654,866.05524,103.17883,479959.257845,5963834.84983,03352
03352,2015,18853.0,10.0,18853.0,10.0,0.0,6.835919,0.039956048,1005.6155,40.18042,479959.257845,5963834.84983,03352
03352,2016,18853.0,10.0,18853.0,10.0,0.0,6.914441,0.017878992,1087.7617,19.448086,479959.257845,5963834.84983,03352
03352,2017,18853.0,10.0,18853.0,10.0,0.0,7.2485642,0.049711082,1519.2933,75.52571,479959.257845,5963834.84983,03352
03352,2018,18853.0,10.0,18853.0,10.0,0.0,7.1953244,0.0073358915,1440.5217,10.567511,479959.257845,5963834.84983,03352
03352,2019,18853.0,10.0,18853.0,10.0,0.0,7.3919396,0.104577966,1753.5115,183.37866,479959.257845,5963834.84983,03352
03352,2020,18853.0,10.0,18853.0,10.0,0.0,7.2563334,0.000116721414,1531.1426,0.17871712,479959.257845,5963834.84983,03352
03352,2021,18853.0,10.0,18853.0,10.0,0.0,7.4619923,0.0004336097,1880.7543,0.8155133,479959.257845,5963834.84983,03352
03352,2022,18853.0,10.0,18853.0,10.0,0.0,7.673514,0.040754855,2323.779,94.70528,479959.257845,5963834.84983,03352
03352,2023,18853.0,10.0,18853.0,10.0,0.0,7.444446,0.056659028,1848.0421,104.708275,479959.257845,5963834.84983,03352
03352,2024,18853.0,10.0,18853.0,10.0,0.0,7.544993,0.08632355,2043.5195,176.40385,479959.257845,5963834.84983,03352
03352,2025,18853.0,10.0,18853.0,10.0,0.0,7.474998,0.035096414,1905.3746,66.87182,479959.257845,5963834.84983,03352
03353,2007,28298.0,10.0,28298.0,10.0,0.0,7.413651,0.00047903092,1731.6843,0.82953036,557187.25662,5908259.38421,03353
03353,2008,28298.0,10.0,28298.0,10.0,0.0,7.423756,0.0058064437,1749.272,10.157049,557187.25662,5908259.38421,03353
03353,2009,28298.0,10.0,28298.0,10.0,0.0,7.45723,0.00502013,1808.8181,9.080502,557187.25662,5908259.38421,03353
03353,2010,28298.0,10.0,28298.0,10.0,0.0,7.465965,0.022369748,1824.6868,40.817783,557187.25662,5908259.38421,03353
03353,2011,28298.0,10.0,28298.0,10.0,0.0,7.4793825,0.007222577,1849.3353,13.356967,557187.25662,5908259.38421,03353
03353,2012,28298.0,10.0,28298.0,10.0,0.0,7.503448,0.014393782,1894.3799,27.26729,557187.25662,5908259.38421,03353
03353,2013,28298.0,10.0,28298.0,10.0,0.0,7.5942163,0.008928111,2074.3748,18.520248,557187.25662,5908259.38421,03353
03353,2014,28298.0,10.0,28298.0,10.0,0.0,7.682079,0.004746452,2264.8816,10.750152,557187.25662,5908259.38421,03353
03353,2015,28298.0,10.0,28298.0,10.0,0.0,7.7254634,0.016160788,2365.3054,38.2252,557187.25662,5908259.38421,03353
03353,2016,28298.0,10.0,28298.0,10.0,0.0,7.781996,0.012463924,2502.873,31.195618,557187.25662,5908259.38421,03353
03353,2017,28298.0,10.0,28298.0,10.0,0.0,7.8609557,0.012682394,2708.5122,34.350418,557187.25662,5908259.38421,03353
03353,2018,28298.0,10.0,28298.0,10.0,0.0,7.8922987,0.016729513,2794.7488,46.754784,557187.25662,5908259.38421,03353
03353,2019,28298.0,10.0,28298.0,10.0,0.0,7.9686794,0.0517728,3016.5776,156.17667,557187.25662,5908259.38421,03353
03353,2020,28298.0,10.0,28298.0,10.0,0.0,7.991581,0.0027488482,3086.4592,8.484208,557187.25662,5908259.38421,03353
03353,2021,28298.0,10.0,28298.0,10.0,0.0,8.27247,0.0017323368,4087.4207,7.080789,557187.25662,5908259.38421,03353
03353,2022,28298.0,10.0,28298.0,10.0,0.0,8.292151,0.01057181,4168.66,44.070282,557187.25662,5908259.38421,03353
03353,2023,28298.0,10.0,28298.0,10.0,0.0,8.308271,0.0108435815,4236.4043,45.937798,557187.25662,5908259.38421,03353
03353,2024,28298.0,10.0,28298.0,10.0,0.0,8.164021,0.008582847,3667.331,31.476143,557187.25662,5908259.38421,03353
03353,2025,28298.0,10.0,28298.0,10.0,0.0,8.281581,0.0003130755,4124.829,1.2913829,557187.25662,5908259.38421,03353
03354,2007,20031.0,25.0,3899.0,10.0,0.05908305,6.7336383,0.06875397,933.01434,64.14844,665973.816767,5877463.43772,03354
03354,2008,20031.0,25.0,3899.0,10.0,0.05908305,6.810544,0.0675546,1007.59955,68.067986,665973.816767,5877463.43772,03354
03354,2009,20031.0,25.0,3899.0,10.0,0.05908305,6.5999327,0.017406562,816.245,14.20802,665973.816767,5877463.43772,03354
03354,2010,20031.0,25.0,3899.0,10.0,0.05908305,6.654913,0.105735205,862.379,91.18382,665973.816767,5877463.43772,03354
03354,2011,20031.0,25.0,3899.0,10.0,0.05908305,6.6509247,0.094348505,858.94666,81.04033,665973.816767,5877463.43772,03354
03354,2012,20031.0,25.0,3899.0,10.0,0.05908305,6.4498715,0.07852493,702.5056,55.164207,665973.816767,5877463.43772,03354
03354,2013,20031.0,25.0,3899.0,10.0,0.05908305,6.495091,0.16608025,735.0017,122.06927,665973.816767,5877463.43772,03354
03354,2014,20031.0,25.0,3899.0,10.0,0.05908305,6.6388702,0.07102657,848.6547,60.277035,665973.816767,5877463.43772,03354
03354,2015,20031.0,25.0,3899.0,10.0,0.05908305,6.722514,0.1651001,922.6925,152.33662,665973.816767,5877463.43772,03354
03354,2016,20031.0,25.0,3899.0,10.0,0.05908305,6.740052,0.10442105,939.01746,98.05319,665973.816767,5877463.43772,03354
03354,2017,20031.0,25.0,3899.0,10.0,0.05908305,6.6830916,0.029942065,887.02545,26.559376,665973.816767,5877463.43772,03354
03354,2018,20031.0,25.0,3899.0,10.0,0.05908305,6.633239,0.11598754,843.8889,97.88061,665973.816767,5877463.43772,03354
03354,2019,20031.0,25.0,3899.0,10.0,0.05908305,6.8135905,0.03062579,1010.6741,30.95269,665973.816767,5877463.43772,03354
03354,2020,20031.0,25.0,3899.0,10.0,0.05908305,6.94541,0.20375203,1153.0798,234.94235,665973.816767,5877463.43772,03354
03354,2021,20031.0,25.0,3899.0,10.0,0.05908305,6.932166,0.066322505,1137.9095,75.46901,665973.816767,5877463.43772,03354
03354,2022,20031.0,25.0,3899.0,10.0,0.05908305,7.3600764,0.0327528,1745.6082,57.173553,665973.816767,5877463.43772,03354
03354,2023,20031.0,25.0,3899.0,10.0,0.05908305,7.240227,0.08050079,1548.4495,124.6514,665973.816767,5877463.43772,03354
03354,2024,20031.0,25.0,3899.0,10.0,0.05908305,7.323252,0.01598263,1682.4972,26.89073,665973.816767,5877463.43772,03354
03354,2025,20031.0,25.0,3899.0,10.0,0.05908305,7.5869203,0.088486746,2190.0996,193.7948,665973.816767,5877463.43772,03354
03355,2007,32959.0,10.0,32959.0,10.0,0.0,7.3881683,0.011684608,1701.0814,19.87647,596977.930109,5905153.89458,03355
03355,2008,32959.0,10.0,32959.0,10.0,0.0,7.365745,0.0077113477,1663.3622,12.826764,596977.930109,5905153.89458,03355
03355,2009,32959.0,10.0,32959.0,10.0,0.0,7.3028326,0.009820218,1561.9396,15.338589,596977.930109,5905153.89458,03355
03355,2010,32959.0,10.0,32959.0,10.0,0.0,7.3923397,0.027473334,1708.1917,46.92972,596977.930109,5905153.89458,03355
03355,2011,32959.0,10.0,32959.0,10.0,0.0,7.444554,0.04625958,1799.7534,83.25584,596977.930109,5905153.89458,03355
03355,2012,32959.0,10.0,32959.0,10.0,0.0,7.3740807,0.010296206,1677.2849,17.26967,596977.930109,5905153.89458,03355
03355,2013,32959.0,10.0,32959.0,10.0,0.0,7.440605,0.042300474,1792.6603,75.83038,596977.930109,5905153.89458,03355
03355,2014,32959.0,10.0,32959.0,10.0,0.0,7.609711,0.0064992695,2122.951,13.797629,596977.930109,5905153.89458,03355
03355,2015,32959.0,10.0,32959.0,10.0,0.0,7.7718463,0.014742318,2496.6301,36.806114,596977.930109,5905153.89458,03355
03355,2016,32959.0,10.0,32959.0,10.0,0.0,7.810315,0.06670023,2594.544,173.05667,596977.930109,5905153.89458,03355
03355,2017,32959.0,10.0,32959.0,10.0,0.0,7.8436995,0.018603452,2682.6228,49.906048,596977.930109,5905153.89458,03355
03355,2018,32959.0,10.0,32959.0,10.0,0.0,7.89588,0.0050525414,2826.3208,14.280103,596977.930109,5905153.89458,03355
03355,2019,32959.0,10.0,32959.0,10.0,0.0,7.912576,0.07441817,2873.905,213.87076,596977.930109,5905153.89458,03355
03355,2020,32959.0,10.0,32959.0,10.0,0.0,8.063415,0.025247043,3341.8035,84.37065,596977.930109,5905153.89458,03355
03355,2021,32959.0,10.0,32959.0,10.0,0.0,8.286871,0.012645411,4178.562,52.839634,596977.930109,5905153.89458,03355
03355,2022,32959.0,10.0,32959.0,10.0,0.0,8.265915,0.04162863,4091.9053,170.34041,596977.930109,5905153.89458,03355
03355,2023,32959.0,10.0,32959.0,10.0,0.0,8.175002,0.016182391,3736.3071,60.462383,596977.930109,5905153.89458,03355
03355,2024,32959.0,10.0,32959.0,10.0,0.0,8.156719,0.053747393,3668.6165,197.17857,596977.930109,5905153.89458,03355
03355,2025,32959.0,10.0,32959.0,10.0,0.0,8.129004,0.042570192,3568.3372,151.9048,596977.930109,5905153.89458,03355
03356,2007,16430.0,10.0,16430.0,10.0,0.0,7.107259,0.00246725,1291.694,3.1869318,500708.33985,5892399.87167,03356
03356,2008,16430.0,10.0,16430.0,10.0,0.0,6.9978943,0.031049667,1157.8793,35.951767,500708.33985,5892399.87167,03356
03356,2009,16430.0,10.0,16430.0,10.0,0.0,6.9583235,0.013301902,1112.9558,14.804431,500708.33985,5892399.87167,03356
03356,2010,16430.0,10.0,16430.0,10.0,0.0,7.047491,0.05642563,1216.7545,68.65614,500708.33985,5892399.87167,03356
03356,2011,16430.0,10.0,16430.0,10.0,0.0,7.110593,0.047438543,1296.0078,61.480724,500708.33985,5892399.87167,03356
03356,2012,16430.0,10.0,16430.0,10.0,0.0,7.0230303,0.0058286963,1187.3529,6.9207196,500708.33985,5892399.87167,03356
03356,2013,16430.0,10.0,16430.0,10.0,0.0,7.08986,0.027112456,1269.4148,34.416954,500708.33985,5892399.87167,03356
03356,2014,16430.0,10.0,16430.0,10.0,0.0,7.0039563,0.03431461,1164.9199,39.97377,500708.33985,5892399.87167,03356
03356,2015,16430.0,10.0,16430.0,10.0,0.0,7.158983,0.0056672376,1360.2644,7.708942,500708.33985,5892399.87167,03356
03356,2016,16430.0,10.0,16430.0,10.0,0.0,7.2497883,0.077006765,1489.5653,114.70661,500708.33985,5892399.87167,03356
03356,2017,16430.0,10.0,16430.0,10.0,0.0,7.2252097,0.06584911,1453.4001,95.70511,500708.33985,5892399.87167,03356
03356,2018,16430.0,10.0,16430.0,10.0,0.0,7.423725,0.060258847,1772.5532,106.81201,500708.33985,5892399.87167,03356
03356,2019,16430.0,10.0,16430.0,10.0,0.0,7.363116,0.103547804,1668.3112,172.74997,500708.33985,5892399.87167,03356
03356,2020,16430.0,10.0,16430.0,10.0,0.0,7.455312,0.1946939,1829.436,356.18002,500708.33985,5892399.87167,03356
03356,2021,16430.0,10.0,16430.0,10.0,0.0,7.885497,0.102160506,2812.836,287.36075,500708.33985,5892399.87167,03356
03356,2022,16430.0,10.0,16430.0,10.0,0.0,7.9031816,0.13284342,2863.0208,380.33344,500708.33985,5892399.87167,03356
03356,2023,16430.0,10.0,16430.0,10.0,0.0,7.8402023,0.03260438,2688.2715,87.64943,500708.33985,5892399.87167,03356
03356,2024,16430.0,10.0,16430.0,10.0,0.0,7.907211,0.091481365,2874.58,262.97052,500708.33985,5892399.87167,03356
03356,2025,16430.0,10.0,16430.0,10.0,0.0,7.7025313,0.013715596,2342.5203,32.12906,500708.33985,5892399.87167,03356
03357,2007,39959.0,25.0,5265.0,10.0,0.026251126,6.950547,0.02723991,1120.7257,30.528467,511149.600442,5926928.0796,03357
03357,2008,39959.0,25.0,5265.0,10.0,0.026251126,6.9099813,0.054286733,1076.1721,58.421867,511149.600442,5926928.0796,03357
03357,2009,39959.0,25.0,5265.0,10.0,0.026251126,6.7576494,0.06901587,924.11255,63.778427,511149.600442,5926928.0796,03357
03357,2010,39959.0,25.0,5265.0,10.0,0.026251126,6.809239,0.022504156,973.0378,21.897394,511149.600442,5926928.0796,03357
03357,2011,39959.0,25.0,5265.0,10.0,0.026251126,6.9136596,0.011377936,1080.1378,12.289739,511149.600442,5926928.0796,03357
03357,2012,39959.0,25.0,5265.0,10.0,0.026251126,6.773002,0.037767295,938.4096,35.441193,511149.600442,5926928.0796,03357
03357,2013,39959.0,25.0,5265.0,10.0,0.026251126,6.732084,0.037178695,900.7864,33.490063,511149.600442,5926928.0796,03357
03357,2014,39959.0,25.0,5265.0,10.0,0.026251126,6.7800784,0.05968563,945.07336,56.4073,511149.600442,5926928.0796,03357
03357,2015,39959.0,25.0,5265.0,10.0,0.026251126,6.6900005,0.105289325,863.66473,90.934685,511149.600442,5926928.0796,03357
03357,2016,39959.0,25.0,5265.0,10.0,0.026251126,6.748704,0.15812863,915.88245,144.82722,511149.600442,5926928.0796,03357
03357,2017,39959.0,25.0,5265.0,10.0,0.026251126,6.909477,0.09962827,1075.6294,107.1631,511149.600442,5926928.0796,03357
03357,2018,39959.0,25.0,5265.0,10.0,0.026251126,7.052597,0.088987105,1241.1345,110.44497,511149.600442,5926928.0796,03357
03357,2019,39959.0,25.0,5265.0,10.0,0.026251126,7.0031853,0.084805965,1181.2983,100.181145,511149.600442,5926928.0796,03357
03357,2020,39959.0,25.0,5265.0,10.0,0.026251126,7.1788087,0.0062714545,1408.0946,8.830801,511149.600442,5926928.0796,03357
03357,2021,39959.0,25.0,5265.0,10.0,0.026251126,7.5152082,0.009862524,1971.1895,19.440903,511149.600442,5926928.0796,03357
03357,2022,39959.0,25.0,5265.0,10.0,0.026251126,7.5670495,0.034419265,2076.0737,71.45693,511149.600442,5926928.0796,03357
03357,2023,39959.0,25.0,5265.0,10.0,0.026251126,7.517177,0.023483746,1975.0741,46.382137,511149.600442,5926928.0796,03357
03357,2024,39959.0,25.0,5265.0,10.0,0.026251126,7.535047,0.03134349,2010.6858,63.021908,511149.600442,5926928.0796,03357
03357,2025,39959.0,25.0,5265.0,10.0,0.026251126,7.6171174,0.041058183,2182.6643,89.61623,511149.600442,5926928.0796,03357
03358,2007,46473.0,25.0,2799.0,10.0,-0.010743207,7.293546,0.011517419,1560.909,17.977642,566534.917666,5885749.91396,03358
03358,2008,46473.0,25.0,2799.0,10.0,-0.010743207,7.2240105,0.041242097,1456.0576,60.050865,566534.917666,5885749.91396,03358
03358,2009,46473.0,25.0,2799.0,10.0,-0.010743207,7.207701,0.004520915,1432.503,6.4762244,566534.917666,5885749.91396,03358
03358,2010,46473.0,25.0,2799.0,10.0,-0.010743207,7.1030664,0.03452452,1290.1884,44.543133,566534.917666,5885749.91396,03358
03358,2011,46473.0,25.0,2799.0,10.0,-0.010743207,7.101929,0.022187913,1288.7219,28.59405,566534.917666,5885749.91396,03358
03358,2012,46473.0,25.0,2799.0,10.0,-0.010743207,7.0871067,0.08350617,1269.7611,106.032875,566534.917666,5885749.91396,03358
03358,2013,46473.0,25.0,2799.0,10.0,-0.010743207,7.113647,0.031350847,1303.9122,40.878754,566534.917666,5885749.91396,03358
03358,2014,46473.0,25.0,2799.0,10.0,-0.010743207,7.040115,0.10868107,1211.4729,131.66417,566534.917666,5885749.91396,03358
03358,2015,46473.0,25.0,2799.0,10.0,-0.010743207,7.2853937,0.024148962,1548.2355,37.38828,566534.917666,5885749.91396,03358
03358,2016,46473.0,25.0,2799.0,10.0,-0.010743207,7.380458,0.003165491,1702.6396,5.3896904,566534.917666,5885749.91396,03358
03358,2017,46473.0,25.0,2799.0,10.0,-0.010743207,7.3223743,0.04182256,1606.5616,67.19052,566534.917666,5885749.91396,03358
03358,2018,46473.0,25.0,2799.0,10.0,-0.010743207,7.4336104,0.0063415817,1795.5876,11.386867,566534.917666,5885749.91396,03358
03358,2019,46473.0,25.0,2799.0,10.0,-0.010743207,7.48303,0.12682433,1886.5543,239.261,566534.917666,5885749.91396,03358
03358,2020,46473.0,25.0,2799.0,10.0,-0.010743207,7.767404,0.030918138,2507.0984,77.51481,566534.917666,5885749.91396,03358
03358,2021,46473.0,25.0,2799.0,10.0,-0.010743207,7.613261,0.016036054,2148.9578,34.460808,566534.917666,5885749.91396,03358
03358,2022,46473.0,25.0,2799.0,10.0,-0.010743207,7.7545443,0.08091005,2475.0645,200.2576,566534.917666,5885749.91396,03358
03358,2023,46473.0,25.0,2799.0,10.0,-0.010743207,7.875486,0.09125319,2793.2559,254.89351,566534.917666,5885749.91396,03358
03358,2024,46473.0,25.0,2799.0,10.0,-0.010743207,8.020045,0.037966635,3227.6926,122.54463,566534.917666,5885749.91396,03358
03358,2025,46473.0,25.0,2799.0,10.0,-0.010743207,7.9657254,0.058598563,3057.0413,179.13823,566534.917666,5885749.91396,03358
03359,2007,24689.0,10.0,24689.0,10.0,0.0,7.302416,0.036123138,1550.8422,56.021282,545936.671178,5923987.50954,03359
03359,2008,24689.0,10.0,24689.0,10.0,0.0,7.29077,0.029422276,1532.886,45.100994,545936.671178,5923987.50954,03359
03359,2009,24689.0,10.0,24689.0,10.0,0.0,7.2791305,0.0051443405,1515.1472,7.794433,545936.671178,5923987.50954,03359
03359,2010,24689.0,10.0,24689.0,10.0,0.0,7.2589808,0.027612787,1484.9229,41.00286,545936.671178,5923987.50954,03359
03359,2011,24689.0,10.0,24689.0,10.0,0.0,7.25151,0.0039762496,1473.8706,5.8604774,545936.671178,5923987.50954,03359
03359,2012,24689.0,10.0,24689.0,10.0,0.0,7.4015636,0.034298282,1712.4855,58.73531,545936.671178,5923987.50954,03359
03359,2013,24689.0,10.0,24689.0,10.0,0.0,7.511772,0.03948509,1912.0087,75.49583,545936.671178,5923987.50954,03359
03359,2014,24689.0,10.0,24689.0,10.0,0.0,7.499464,0.063709915,1888.6196,120.32379,545936.671178,5923987.50954,03359
03359,2015,24689.0,10.0,24689.0,10.0,0.0,7.4584517,0.08645068,1812.7299,156.71173,545936.671178,5923987.50954,03359
03359,2016,24689.0,10.0,24689.0,10.0,0.0,7.609639,0.078170285,2108.5933,164.82933,545936.671178,5923987.50954,03359
03359,2017,24689.0,10.0,24689.0,10.0,0.0,7.7216563,0.035098564,2358.5293,82.78098,545936.671178,5923987.50954,03359
03359,2018,24689.0,10.0,24689.0,10.0,0.0,7.7599397,0.0131629305,2450.5732,32.256725,545936.671178,5923987.50954,03359
03359,2019,24689.0,10.0,24689.0,10.0,0.0,8.00477,0.060998555,3130.3726,190.94821,545936.671178,5923987.50954,03359
03359,2020,24689.0,10.0,24689.0,10.0,0.0,7.9785247,0.06487174,3049.284,197.81236,545936.671178,5923987.50954,03359
03359,2021,24689.0,10.0,24689.0,10.0,0.0,8.036223,0.045158852,3230.3984,145.88109,545936.671178,5923987.50954,03359
03359,2022,24689.0,10.0,24689.0,10.0,0.0,8.050596,0.047721293,3277.1633,156.39047,545936.671178,5923987.50954,03359
03359,2023,24689.0,10.0,24689.0,10.0,0.0,8.039216,0.020529097,3240.0806,66.51593,545936.671178,5923987.50954,03359
03359,2024,24689.0,10.0,24689.0,10.0,0.0,8.066121,0.004755739,3328.4385,15.829185,545936.671178,5923987.50954,03359
03359,2025,24689.0,10.0,24689.0,10.0,0.0,8.131329,0.009335572,3552.7087,33.16657,545936.671178,5923987.50954,03359
03360,2007,66617.0,25.0,9123.0,10.0,0.112711266,7.190307,0.078499176,1416.7517,111.213844,599275.464071,5888812.82028,03360
03360,2008,66617.0,25.0,9123.0,10.0,0.112711266,7.189853,0.08570946,1416.1089,121.37393,599275.464071,5888812.82028,03360
03360,2009,66617.0,25.0,9123.0,10.0,0.112711266,7.064234,0.060201515,1248.9377,75.18794,599275.464071,5888812.82028,03360
03360,2010,66617.0,25.0,9123.0,10.0,0.112711266,7.108412,0.051482946,1305.35,67.20326,599275.464071,5888812.82028,03360
03360,2011,66617.0,25.0,9123.0,10.0,0.112711266,7.1287446,0.07533857,1332.1635,100.36329,599275.464071,5888812.82028,03360
03360,2012,66617.0,25.0,9123.0,10.0,0.112711266,7.2178574,0.10732068,1456.3262,156.29391,599275.464071,5888812.82028,03360
03360,2013,66617.0,25.0,9123.0,10.0,0.112711266,7.2735877,0.10365403,1539.792,159.60564,599275.464071,5888812.82028,03360
03360,2014,66617.0,25.0,9123.0,10.0,0.112711266,7.4567146,0.16613074,1849.2393,307.21548,599275.464071,5888812.82028,03360
03360,2015,66617.0,25.0,9123.0,10.0,0.112711266,7.536976,0.12685558,2003.78,254.19069,599275.464071,5888812.82028,03360
03360,2016,66617.0,25.0,9123.0,10.0,0.112711266,7.5444303,0.0262137,2018.7728,52.919506,599275.464071,5888812.82028,03360
03360,2017,66617.0,25.0,9123.0,10.0,0.112711266,7.582049,0.059653856,2096.163,125.04421,599275.464071,5888812.82028,03360
03360,2018,66617.0,25.0,9123.0,10.0,0.112711266,7.72377,0.019716965,2415.3147,47.622673,599275.464071,5888812.82028,03360
03360,2019,66617.0,25.0,9123.0,10.0,0.112711266,7.7957983,0.06371814,2595.7048,165.3935,599275.464071,5888812.82028,03360
03360,2020,66617.0,25.0,9123.0,10.0,0.112711266,7.907898,0.017196815,2903.6187,49.932995,599275.464071,5888812.82028,03360
03360,2021,66617.0,25.0,9123.0,10.0,0.112711266,8.048227,0.069543384,3341.0574,232.34843,599275.464071,5888812.82028,03360
03360,2022,66617.0,25.0,9123.0,10.0,0.112711266,8.145697,0.06681572,3683.107,246.08943,599275.464071,5888812.82028,03360
03360,2023,66617.0,25.0,9123.0,10.0,0.112711266,8.025843,0.0094514545,3267.0989,30.878836,599275.464071,5888812.82028,03360
03360,2024,66617.0,25.0,9123.0,10.0,0.112711266,8.067174,0.06896077,3404.9622,234.8088,599275.464071,5888812.82028,03360
03360,2025,66617.0,25.0,9123.0,10.0,0.112711266,8.134897,0.052707158,3643.5454,192.04091,599275.464071,5888812.82028,03360
03361,2007,32100.0,10.0,32100.0,10.0,0.0,7.268103,0.006316348,1506.9369,9.518337,502671.230357,5874552.07123,03361
03361,2008,32100.0,10.0,32100.0,10.0,0.0,7.1989107,0.0068534827,1406.1936,9.637323,502671.230357,5874552.07123,03361
03361,2009,32100.0,10.0,32100.0,10.0,0.0,7.056467,0.023099257,1219.5023,28.169598,502671.230357,5874552.07123,03361
03361,2010,32100.0,10.0,32100.0,10.0,0.0,7.157069,0.0061000567,1348.5706,8.2263565,502671.230357,5874552.07123,03361
03361,2011,32100.0,10.0,32100.0,10.0,0.0,7.2473173,0.010407862,1475.9374,15.361353,502671.230357,5874552.07123,03361
03361,2012,32100.0,10.0,32100.0,10.0,0.0,7.227138,0.0089864675,1446.4524,12.998499,502671.230357,5874552.07123,03361
03361,2013,32100.0,10.0,32100.0,10.0,0.0,7.301757,0.034868233,1558.5139,54.342625,502671.230357,5874552.07123,03361
03361,2014,32100.0,10.0,32100.0,10.0,0.0,7.264921,0.00053215545,1502.1493,0.79937696,502671.230357,5874552.07123,03361
03361,2015,32100.0,10.0,32100.0,10.0,0.0,7.460649,0.05539657,1826.9077,101.20442,502671.230357,5874552.07123,03361
03361,2016,32100.0,10.0,32100.0,10.0,0.0,7.484978,0.039418012,1871.9006,73.786606,502671.230357,5874552.07123,03361
03361,2017,32100.0,10.0,32100.0,10.0,0.0,7.5559816,0.023349982,2009.6433,46.925137,502671.230357,5874552.07123,03361
03361,2018,32100.0,10.0,32100.0,10.0,0.0,7.6621957,0.0032418568,2234.8445,7.2450457,502671.230357,5874552.07123,03361
03361,2019,32100.0,10.0,32100.0,10.0,0.0,7.700783,0.017478723,2322.7659,40.59898,502671.230357,5874552.07123,03361
03361,2020,32100.0,10.0,32100.0,10.0,0.0,7.869209,0.037758548,2748.8555,103.792786,502671.230357,5874552.07123,03361
03361,2021,32100.0,10.0,32100.0,10.0,0.0,8.016697,0.0026938803,3185.7031,8.581903,502671.230357,5874552.07123,03361
03361,2022,32100.0,10.0,32100.0,10.0,0.0,8.022243,0.015953422,3203.4194,51.105503,502671.230357,5874552.07123,03361
03361,2023,32100.0,10.0,32100.0,10.0,0.0,7.8638835,0.02952606,2734.2556,80.7318,502671.230357,5874552.07123,03361
03361,2024,32100.0,10.0,32100.0,10.0,0.0,8.062427,0.03418609,3334.7664,114.002625,502671.230357,5874552.07123,03361
03361,2025,32100.0,10.0,32100.0,10.0,0.0,8.009226,0.038306616,3161.9902,121.12514,502671.230357,5874552.07123,03361
03401,2007,43625.0,10.0,43625.0,10.0,0.0,6.963384,0.013323358,1112.8357,14.826709,476242.090396,5877821.44968,03401
03401,2008,43625.0,10.0,43625.0,10.0,0.0,6.990004,0.015918188,1142.857,18.192213,476242.090396,5877821.44968,03401
03401,2009,43625.0,10.0,43625.0,10.0,0.0,6.8285155,0.0006607867,972.4301,0.6425688,476242.090396,5877821.44968,03401
03401,2010,43625.0,10.0,43625.0,10.0,0.0,6.8499994,0.016806712,993.5476,16.698269,476242.090396,5877821.44968,03401
03401,2011,43625.0,10.0,43625.0,10.0,0.0,6.9438367,0.018072395,1091.2941,19.722298,476242.090396,5877821.44968,03401
03401,2012,43625.0,10.0,43625.0,10.0,0.0,6.9193983,0.010339655,1064.9479,11.011194,476242.090396,5877821.44968,03401
03401,2013,43625.0,10.0,43625.0,10.0,0.0,6.9705286,0.0010357813,1120.8148,1.1609191,476242.090396,5877821.44968,03401
03401,2014,43625.0,10.0,43625.0,10.0,0.0,6.9320235,0.012771297,1078.478,13.773564,476242.090396,5877821.44968,03401
03401,2015,43625.0,10.0,43625.0,10.0,0.0,6.981981,0.021247923,1133.7241,24.089285,476242.090396,5877821.44968,03401
03401,2016,43625.0,10.0,43625.0,10.0,0.0,7.13177,0.041255016,1316.9222,54.329643,476242.090396,5877821.44968,03401
03401,2017,43625.0,10.0,43625.0,10.0,0.0,7.3030996,0.06355831,1563.031,99.3436,476242.090396,5877821.44968,03401
03401,2018,43625.0,10.0,43625.0,10.0,0.0,7.3566227,0.05031589,1648.9684,82.969315,476242.090396,5877821.44968,03401
03401,2019,43625.0,10.0,43625.0,10.0,0.0,7.3855295,0.0027798482,1697.3309,4.7183223,476242.090396,5877821.44968,03401
03401,2020,43625.0,10.0,43625.0,10.0,0.0,7.5964417,0.010475447,2095.8708,21.955183,476242.090396,5877821.44968,03401
03401,2021,43625.0,10.0,43625.0,10.0,0.0,7.657638,0.03744232,2228.1365,83.4266,476242.090396,5877821.44968,03401
03401,2022,43625.0,10.0,43625.0,10.0,0.0,7.753433,0.0136381695,2452.1382,33.442677,476242.090396,5877821.44968,03401
03401,2023,43625.0,10.0,43625.0,10.0,0.0,7.617488,0.04666259,2140.4478,99.87883,476242.090396,5877821.44968,03401
03401,2024,43625.0,10.0,43625.0,10.0,0.0,7.6679487,0.0026872666,2251.2285,6.049651,476242.090396,5877821.44968,03401
03401,2025,43625.0,10.0,43625.0,10.0,0.0,7.695756,0.016692072,2314.7075,38.637264,476242.090396,5877821.44968,03401
03402,2007,20328.0,10.0,20328.0,10.0,0.0,6.8822355,0.052507367,1074.0577,56.39594,378925.119423,5913981.30793,03402
03402,2008,20328.0,10.0,20328.0,10.0,0.0,6.970116,0.03379419,1172.7183,39.63106,378925.119423,5913981.30793,03402
03402,2009,20328.0,10.0,20328.0,10.0,0.0,6.9019465,0.059810415,1095.4386,65.51864,378925.119423,5913981.30793,03402
03402,2010,20328.0,10.0,20328.0,10.0,0.0,6.931752,0.0074769296,1128.58,8.4383135,378925.119423,5913981.30793,03402
03402,2011,20328.0,10.0,20328.0,10.0,0.0,6.9726157,0.04685338,1175.6531,55.083317,378925.119423,5913981.30793,03402
03402,2012,20328.0,10.0,20328.0,10.0,0.0,6.891873,0.09049385,1084.4587,98.13685,378925.119423,5913981.30793,03402
03402,2013,20328.0,10.0,20328.0,10.0,0.0,7.146398,0.093159296,1398.7883,130.31013,378925.119423,5913981.30793,03402
03402,2014,20328.0,10.0,20328.0,10.0,0.0,7.1243296,0.11545226,1368.2572,157.9684,378925.119423,5913981.30793,03402
03402,2015,20328.0,10.0,20328.0,10.0,0.0,6.9915056,0.09833471,1198.0725,117.81211,378925.119423,5913981.30793,03402
03402,2016,20328.0,10.0,20328.0,10.0,0.0,7.0809436,0.048348773,1310.1632,63.344784,378925.119423,5913981.30793,03402
03402,2017,20328.0,10.0,20328.0,10.0,0.0,7.063854,0.08589742,1287.9637,110.632774,378925.119423,5913981.30793,03402
03402,2018,20328.0,10.0,20328.0,10.0,0.0,7.248524,0.045204636,1549.1902,70.03058,378925.119423,5913981.30793,03402
03402,2019,20328.0,10.0,20328.0,10.0,0.0,7.3145075,0.009010707,1654.8584,14.911444,378925.119423,5913981.30793,03402
03402,2020,20328.0,10.0,20328.0,10.0,0.0,7.5164614,0.118363775,2025.2021,239.71059,378925.119423,5913981.30793,03402
03402,2021,20328.0,10.0,20328.0,10.0,0.0,7.6751623,0.08811377,2373.5115,209.13905,378925.119423,5913981.30793,03402
03402,2022,20328.0,10.0,20328.0,10.0,0.0,7.6501184,0.0059533045,2314.8074,13.780753,378925.119423,5913981.30793,03402
03402,2023,20328.0,10.0,20328.0,10.0,0.0,7.554035,0.048708934,2102.7441,102.422424,378925.119423,5913981.30793,03402
03402,2024,20328.0,10.0,20328.0,10.0,0.0,7.6531157,0.036779266,2321.7566,85.3925,378925.119423,5913981.30793,03402
03402,2025,20328.0,10.0,20328.0,10.0,0.0,7.618176,0.073103696,2242.0356,163.9011,378925.119423,5913981.30793,03402
03403,2007,60102.0,10.0,60102.0,10.0,0.0,7.2545285,0.011167685,1482.667,16.557959,448119.438732,5888633.08552,03403
03403,2008,60102.0,10.0,60102.0,10.0,0.0,7.284697,0.0063352003,1528.0781,9.680681,448119.438732,5888633.08552,03403
03403,2009,60102.0,10.0,60102.0,10.0,0.0,7.229298,0.0053771134,1445.7267,7.7738366,448119.438732,5888633.08552,03403
03403,2010,60102.0,10.0,60102.0,10.0,0.0,7.3294773,0.0068386984,1598.0612,10.9286585,448119.438732,5888633.08552,03403
03403,2011,60102.0,10.0,60102.0,10.0,0.0,7.3702583,0.029598733,1664.579,49.26943,448119.438732,5888633.08552,03403
03403,2012,60102.0,10.0,60102.0,10.0,0.0,7.545268,0.046656907,1982.9425,92.51797,448119.438732,5888633.08552,03403
03403,2013,60102.0,10.0,60102.0,10.0,0.0,7.686398,0.040276933,2283.5054,91.972595,448119.438732,5888633.08552,03403
03403,2014,60102.0,10.0,60102.0,10.0,0.0,7.63426,0.0717545,2167.4993,155.52782,448119.438732,5888633.08552,03403
03403,2015,60102.0,10.0,60102.0,10.0,0.0,7.8252563,0.030732116,2623.6592,80.6306,448119.438732,5888633.08552,03403
03403,2016,60102.0,10.0,60102.0,10.0,0.0,7.896772,0.031130284,2818.1646,87.73027,448119.438732,5888633.08552,03403
03403,2017,60102.0,10.0,60102.0,10.0,0.0,8.018279,0.030853575,3182.265,98.18424,448119.438732,5888633.08552,03403
03403,2018,60102.0,10.0,60102.0,10.0,0.0,7.9865212,0.015210467,3082.7908,46.89069,448119.438732,5888633.08552,03403
03403,2019,60102.0,10.0,60102.0,10.0,0.0,8.09984,0.030173542,3452.6926,104.17996,448119.438732,5888633.08552,03403
03403,2020,60102.0,10.0,60102.0,10.0,0.0,8.199717,0.018388096,3815.3428,70.15689,448119.438732,5888633.08552,03403
03403,2021,60102.0,10.0,60102.0,10.0,0.0,8.306789,0.016086858,4246.5337,68.31338,448119.438732,5888633.08552,03403
03403,2022,60102.0,10.0,60102.0,10.0,0.0,8.282182,0.004795346,4143.313,19.86862,448119.438732,5888633.08552,03403
03403,2023,60102.0,10.0,60102.0,10.0,0.0,8.18255,0.034337692,3750.4072,128.78033,448119.438732,5888633.08552,03403
03403,2024,60102.0,10.0,60102.0,10.0,0.0,8.244393,0.053731855,3989.6653,214.37213,448119.438732,5888633.08552,03403
03403,2025,60102.0,10.0,60102.0,10.0,0.0,8.211357,0.010763208,3860.0132,41.546127,448119.438732,5888633.08552,03403
03404,2007,45119.0,10.0,45119.0,10.0,0.0,7.2597866,0.017377844,1516.3412,26.350742,434980.424558,5792349.89903,03404
03404,2008,45119.0,10.0,45119.0,10.0,0.0,7.26387,0.018991021,1522.5453,28.914692,434980.424558,5792349.89903,03404
03404,2009,45119.0,10.0,45119.0,10.0,0.0,7.187428,0.008125711,1410.4965,11.461287,434980.424558,5792349.89903,03404
03404,2010,45119.0,10.0,45119.0,10.0,0.0,7.1729064,0.034177817,1390.1617,47.512695,434980.424558,5792349.89903,03404
03404,2011,45119.0,10.0,45119.0,10.0,0.0,7.241824,0.022637086,1489.3477,33.714493,434980.424558,5792349.89903,03404
03404,2012,45119.0,10.0,45119.0,10.0,0.0,7.2856565,0.0039578653,1556.081,6.158759,434980.424558,5792349.89903,03404
03404,2013,45119.0,10.0,45119.0,10.0,0.0,7.389628,0.052784655,1726.5791,91.13688,434980.424558,5792349.89903,03404
03404,2014,45119.0,10.0,45119.0,10.0,0.0,7.5067472,0.06333731,1941.112,122.94481,434980.424558,5792349.89903,03404
03404,2015,45119.0,10.0,45119.0,10.0,0.0,7.5746193,0.077156894,2077.4333,160.28831,434980.424558,5792349.89903,03404
03404,2016,45119.0,10.0,45119.0,10.0,0.0,7.6565824,0.03750493,2254.8784,84.56905,434980.424558,5792349.89903,03404
03404,2017,45119.0,10.0,45119.0,10.0,0.0,7.7928314,0.065263584,2584.017,168.64221,434980.424558,5792349.89903,03404
03404,2018,45119.0,10.0,45119.0,10.0,0.0,7.810719,0.072057806,2630.6545,189.5592,434980.424558,5792349.89903,03404
03404,2019,45119.0,10.0,45119.0,10.0,0.0,7.9049144,0.032503113,2890.496,93.95013,434980.424558,5792349.89903,03404
03404,2020,45119.0,10.0,45119.0,10.0,0.0,8.032111,0.052152544,3282.5632,171.19403,434980.424558,5792349.89903,03404
03404,2021,45119.0,10.0,45119.0,10.0,0.0,8.125961,0.08707437,3605.5527,313.95123,434980.424558,5792349.89903,03404
03404,2022,45119.0,10.0,45119.0,10.0,0.0,8.1581545,0.0063682743,3723.517,23.71238,434980.424558,5792349.89903,03404
03404,2023,45119.0,10.0,45119.0,10.0,0.0,7.988578,0.007455381,3142.7302,23.430252,434980.424558,5792349.89903,03404
03404,2024,45119.0,10.0,45119.0,10.0,0.0,8.051097,0.0020640322,3345.4836,6.9051857,434980.424558,5792349.89903,03404
03404,2025,45119.0,10.0,45119.0,10.0,0.0,8.063021,0.014070588,3385.61,47.637527,434980.424558,5792349.89903,03404
03405,2007,26911.0,10.0,26911.0,10.0,0.0,6.9164925,0.14789969,1104.9163,163.41678,439571.219382,5935716.80654,03405
03405,2008,26911.0,10.0,26911.0,10.0,0.0,6.9248233,0.040612657,1114.1598,45.248985,439571.219382,5935716.80654,03405
03405,2009,26911.0,10.0,26911.0,10.0,0.0,6.7776604,0.015021692,961.6907,14.446221,439571.219382,5935716.80654,03405
03405,2010,26911.0,10.0,26911.0,10.0,0.0,6.9266987,0.059813734,1116.251,66.76714,439571.219382,5935716.80654,03405
03405,2011,26911.0,10.0,26911.0,10.0,0.0,6.8725166,0.012889436,1057.3795,13.629027,439571.219382,5935716.80654,03405
03405,2012,26911.0,10.0,26911.0,10.0,0.0,6.8507915,0.026768789,1034.6553,27.696468,439571.219382,5935716.80654,03405
03405,2013,26911.0,10.0,26911.0,10.0,0.0,7.022247,0.07068762,1228.1685,86.81631,439571.219382,5935716.80654,03405
03405,2014,26911.0,10.0,26911.0,10.0,0.0,7.1707587,0.05116167,1424.8059,72.89545,439571.219382,5935716.80654,03405
03405,2015,26911.0,10.0,26911.0,10.0,0.0,7.089932,0.08091378,1314.1749,106.33487,439571.219382,5935716.80654,03405
03405,2016,26911.0,10.0,26911.0,10.0,0.0,6.82876,0.06410005,1012.10974,64.87629,439571.219382,5935716.80654,03405
03405,2017,26911.0,10.0,26911.0,10.0,0.0,6.9891067,0.14288701,1188.1333,169.76881,439571.219382,5935716.80654,03405
03405,2018,26911.0,10.0,26911.0,10.0,0.0,6.955279,0.1262114,1148.6138,144.96815,439571.219382,5935716.80654,03405
03405,2019,26911.0,10.0,26911.0,10.0,0.0,7.085031,0.010034553,1307.7502,13.122688,439571.219382,5935716.80654,03405
03405,2020,26911.0,10.0,26911.0,10.0,0.0,7.300175,0.06349552,1621.6631,102.96834,439571.219382,5935716.80654,03405
03405,2021,26911.0,10.0,26911.0,10.0,0.0,7.2802234,0.23714623,1589.6285,376.9744,439571.219382,5935716.80654,03405
03405,2022,26911.0,10.0,26911.0,10.0,0.0,7.543671,0.017881189,2068.7578,36.99185,439571.219382,5935716.80654,03405
03405,2023,26911.0,10.0,26911.0,10.0,0.0,7.439064,0.054374337,1863.2853,101.3149,439571.219382,5935716.80654,03405
03405,2024,26911.0,10.0,26911.0,10.0,0.0,7.521836,0.06465205,2024.0747,130.86057,439571.219382,5935716.80654,03405
03405,2025,26911.0,10.0,26911.0,10.0,0.0,7.3921003,0.0051133535,1777.8014,9.090527,439571.219382,5935716.80654,03405
03451,2007,12752.0,10.0,12752.0,10.0,0.0,6.9938564,0.04645896,1157.8589,53.792923,418910.945919,5896156.92839,03451
03451,2008,12752.0,10.0,12752.0,10.0,0.0,7.053612,0.021746695,1229.1565,26.730093,418910.945919,5896156.92839,03451
03451,2009,12752.0,10.0,12752.0,10.0,0.0,6.9602532,0.035108868,1119.5975,39.3078,418910.945919,5896156.92839,03451
03451,2010,12752.0,10.0,12752.0,10.0,0.0,7.0047035,0.010089577,1170.4866,11.809715,418910.945919,5896156.92839,03451
03451,2011,12752.0,10.0,12752.0,10.0,0.0,6.900347,0.09230302,1054.4965,97.33321,418910.945919,5896156.92839,03451
03451,2012,12752.0,10.0,12752.0,10.0,0.0,6.866873,0.060566004,1019.78204,61.764126,418910.945919,5896156.92839,03451
03451,2013,12752.0,10.0,12752.0,10.0,0.0,6.857263,0.056890063,1010.0289,57.460606,418910.945919,5896156.92839,03451
03451,2014,12752.0,10.0,12752.0,10.0,0.0,7.021615,0.13037525,1190.4495,155.20515,418910.945919,5896156.92839,03451
03451,2015,12752.0,10.0,12752.0,10.0,0.0,7.1134324,0.04705399,1304.9288,61.40211,418910.945919,5896156.92839,03451
03451,2016,12752.0,10.0,12752.0,10.0,0.0,7.2965226,0.23258653,1567.1184,364.49063,418910.945919,5896156.92839,03451
03451,2017,12752.0,10.0,12752.0,10.0,0.0,7.5353427,0.29874107,1989.8488,594.4496,418910.945919,5896156.92839,03451
03451,2018,12752.0,10.0,12752.0,10.0,0.0,7.458263,0.09125917,1842.2339,168.12073,418910.945919,5896156.92839,03451
03451,2019,12752.0,10.0,12752.0,10.0,0.0,7.403689,0.06455658,1744.3898,112.61183,418910.945919,5896156.92839,03451
03451,2020,12752.0,10.0,12752.0,10.0,0.0,7.4889617,0.09982993,1899.6654,189.64348,418910.945919,5896156.92839,03451
03451,2021,12752.0,10.0,12752.0,10.0,0.0,7.546546,0.06227596,2012.2667,125.31585,418910.945919,5896156.92839,03451
03451,2022,12752.0,10.0,12752.0,10.0,0.0,7.7189946,0.14931355,2390.998,357.00842,418910.945919,5896156.92839,03451
03451,2023,12752.0,10.0,12752.0,10.0,0.0,7.719446,0.038018126,2392.0771,90.94229,418910.945919,5896156.92839,03451
03451,2024,12752.0,10.0,12752.0,10.0,0.0,7.634128,0.07814307,2196.4536,171.63763,418910.945919,5896156.92839,03451
03451,2025,12752.0,10.0,12752.0,10.0,0.0,7.8293095,0.0068413606,2669.859,18.265469,418910.945919,5896156.92839,03451
03452,2007,18348.0,10.0,18348.0,10.0,0.0,7.0308743,0.00561175,1195.857,6.7108507,403251.721859,5928273.82419,03452
03452,2008,18348.0,10.0,18348.0,10.0,0.0,6.985609,0.007433282,1142.9332,8.495745,403251.721859,5928273.82419,03452
03452,2009,18348.0,10.0,18348.0,10.0,0.0,7.0066667,0.024449404,1167.2557,28.53871,403251.721859,5928273.82419,03452
03452,2010,18348.0,10.0,18348.0,10.0,0.0,7.154345,0.018145557,1353.0132,24.551178,403251.721859,5928273.82419,03452
03452,2011,18348.0,10.0,18348.0,10.0,0.0,7.0607996,0.0311693,1232.1843,38.406326,403251.721859,5928273.82419,03452
03452,2012,18348.0,10.0,18348.0,10.0,0.0,7.1320033,0.07306934,1323.1196,96.67948,403251.721859,5928273.82419,03452
03452,2013,18348.0,10.0,18348.0,10.0,0.0,7.299606,0.12992461,1564.5449,203.27289,403251.721859,5928273.82419,03452
03452,2014,18348.0,10.0,18348.0,10.0,0.0,7.437134,0.09718056,1795.2112,174.45963,403251.721859,5928273.82419,03452
03452,2015,18348.0,10.0,18348.0,10.0,0.0,7.4904656,0.13346225,1893.5527,252.71782,403251.721859,5928273.82419,03452
03452,2016,18348.0,10.0,18348.0,10.0,0.0,7.609529,0.118780635,2132.9756,253.35619,403251.721859,5928273.82419,03452
03452,2017,18348.0,10.0,18348.0,10.0,0.0,7.628061,0.012088921,2172.8718,26.267675,403251.721859,5928273.82419,03452
03452,2018,18348.0,10.0,18348.0,10.0,0.0,7.630015,0.035490286,2177.1226,77.26671,403251.721859,5928273.82419,03452
03452,2019,18348.0,10.0,18348.0,10.0,0.0,7.5140452,0.06829422,1938.7323,132.40422,403251.721859,5928273.82419,03452
03452,2020,18348.0,10.0,18348.0,10.0,0.0,7.5511684,0.05797795,2012.0565,116.65491,403251.721859,5928273.82419,03452
03452,2021,18348.0,10.0,18348.0,10.0,0.0,7.8070216,0.13453238,2598.6987,349.6091,403251.721859,5928273.82419,03452
03452,2022,18348.0,10.0,18348.0,10.0,0.0,7.966825,0.12923768,3049.0012,394.04587,403251.721859,5928273.82419,03452
03452,2023,18348.0,10.0,18348.0,10.0,0.0,7.8910704,0.06394271,2826.5566,180.73769,403251.721859,5928273.82419,03452
03452,2024,18348.0,10.0,18348.0,10.0,0.0,7.888249,0.10371548,2818.594,292.33182,403251.721859,5928273.82419,03452
03452,2025,18348.0,10.0,18348.0,10.0,0.0,7.732417,0.09479093,2411.8787,228.62422,403251.721859,5928273.82419,03452
03453,2007,14797.0,10.0,14797.0,10.0,0.0,7.0319877,0.06903516,1185.6606,81.85228,418606.775068,5888324.096,03453
03453,2008,14797.0,10.0,14797.0,10.0,0.0,7.0418935,0.024996288,1197.4635,29.932142,418606.775068,5888324.096,03453
03453,2009,14797.0,10.0,14797.0,10.0,0.0,6.9068637,0.041386597,1046.2122,43.299156,418606.775068,5888324.096,03453
03453,2010,14797.0,10.0,14797.0,10.0,0.0,6.8165407,0.03340781,955.85706,31.933092,418606.775068,5888324.096,03453
03453,2011,14797.0,10.0,14797.0,10.0,0.0,6.728965,0.041624956,875.7078,36.4513,418606.775068,5888324.096,03453
03453,2012,14797.0,10.0,14797.0,10.0,0.0,7.0521536,0.013626379,1209.8132,16.485374,418606.775068,5888324.096,03453
03453,2013,14797.0,10.0,14797.0,10.0,0.0,6.964596,0.034751706,1108.3894,38.51842,418606.775068,5888324.096,03453
03453,2014,14797.0,10.0,14797.0,10.0,0.0,6.8786483,0.05859456,1017.10547,59.596844,418606.775068,5888324.096,03453
03453,2015,14797.0,10.0,14797.0,10.0,0.0,7.159838,0.039927896,1347.3647,53.79744,418606.775068,5888324.096,03453
03453,2016,14797.0,10.0,14797.0,10.0,0.0,7.2587457,0.014473997,1487.4421,21.529234,418606.775068,5888324.096,03453
03453,2017,14797.0,10.0,14797.0,10.0,0.0,7.318549,0.091449864,1579.1097,144.40938,418606.775068,5888324.096,03453
03453,2018,14797.0,10.0,14797.0,10.0,0.0,7.346253,0.028901676,1623.4688,46.920963,418606.775068,5888324.096,03453
03453,2019,14797.0,10.0,14797.0,10.0,0.0,7.2629194,0.023382595,1493.6635,34.925728,418606.775068,5888324.096,03453
03453,2020,14797.0,10.0,14797.0,10.0,0.0,7.4613557,0.07512856,1821.5135,136.8477,418606.775068,5888324.096,03453
03453,2021,14797.0,10.0,14797.0,10.0,0.0,7.7222037,0.14627892,2364.381,345.8591,418606.775068,5888324.096,03453
03453,2022,14797.0,10.0,14797.0,10.0,0.0,7.7024326,0.15080905,2318.093,349.58942,418606.775068,5888324.096,03453
03453,2023,14797.0,10.0,14797.0,10.0,0.0,7.720323,0.041965827,2359.9375,99.03673,418606.775068,5888324.096,03453
03453,2024,14797.0,10.0,14797.0,10.0,0.0,7.710296,0.09755134,2336.3933,227.91829,418606.775068,5888324.096,03453
03453,2025,14797.0,10.0,14797.0,10.0,0.0,7.743252,0.016119255,2414.674,38.922745,418606.775068,5888324.096,03453
03454,2007,64707.0,25.0,5431.0,10.0,0.095755525,7.0076656,0.09944522,1177.2965,117.07651,385132.878164,5806907.05588,03454
03454,2008,64707.0,25.0,5431.0,10.0,0.095755525,7.052239,0.025898606,1230.9601,31.880148,385132.878164,5806907.05588,03454
03454,2009,64707.0,25.0,5431.0,10.0,0.095755525,6.930781,0.14623466,1090.1725,159.421,385132.878164,5806907.05588,03454
03454,2010,64707.0,25.0,5431.0,10.0,0.095755525,7.1433325,0.009345954,1348.3585,12.601697,385132.878164,5806907.05588,03454
03454,2011,64707.0,25.0,5431.0,10.0,0.095755525,7.217114,0.16509503,1451.6044,239.65268,385132.878164,5806907.05588,03454
03454,2012,64707.0,25.0,5431.0,10.0,0.095755525,7.092546,0.092907414,1281.5896,119.069176,385132.878164,5806907.05588,03454
03454,2013,64707.0,25.0,5431.0,10.0,0.095755525,7.12163,0.22536781,1319.4113,297.3528,385132.878164,5806907.05588,03454
03454,2014,64707.0,25.0,5431.0,10.0,0.095755525,7.103816,0.21978071,1296.115,284.86108,385132.878164,5806907.05588,03454
03454,2015,64707.0,25.0,5431.0,10.0,0.095755525,7.055218,0.042812336,1234.6324,52.8575,385132.878164,5806907.05588,03454
03454,2016,64707.0,25.0,5431.0,10.0,0.095755525,7.2039204,0.0044790185,1432.5781,6.4165435,385132.878164,5806907.05588,03454
03454,2017,64707.0,25.0,5431.0,10.0,0.095755525,7.167692,0.045703165,1381.6074,63.143833,385132.878164,5806907.05588,03454
03454,2018,64707.0,25.0,5431.0,10.0,0.095755525,7.1792817,0.19056237,1397.7129,266.35147,385132.878164,5806907.05588,03454
03454,2019,64707.0,25.0,5431.0,10.0,0.095755525,7.226307,0.14016719,1465.0103,205.34637,385132.878164,5806907.05588,03454
03454,2020,64707.0,25.0,5431.0,10.0,0.095755525,7.283615,0.05746641,1551.4199,89.15453,385132.878164,5806907.05588,03454
03454,2021,64707.0,25.0,5431.0,10.0,0.095755525,7.436072,0.01012704,1806.9259,18.298811,385132.878164,5806907.05588,03454
03454,2022,64707.0,25.0,5431.0,10.0,0.095755525,7.643636,0.021038713,2223.7422,46.784676,385132.878164,5806907.05588,03454
03454,2023,64707.0,25.0,5431.0,10.0,0.095755525,7.6508822,0.014052685,2239.9146,31.476816,385132.878164,5806907.05588,03454
03454,2024,64707.0,25.0,5431.0,10.0,0.095755525,7.6965036,0.040028553,2344.4688,93.845695,385132.878164,5806907.05588,03454
03454,2025,64707.0,25.0,5431.0,10.0,0.095755525,7.639333,0.009555483,2214.1926,21.15768,385132.878164,5806907.05588,03454
03455,2007,17666.0,10.0,17666.0,10.0,0.0,7.112378,0.020672366,1318.4491,27.255463,425826.549868,5934813.55607,03455
03455,2008,17666.0,10.0,17666.0,10.0,0.0,7.049391,0.0052636135,1237.9645,6.516166,425826.549868,5934813.55607,03455
03455,2009,17666.0,10.0,17666.0,10.0,0.0,6.9960127,0.009636601,1173.6173,11.309683,425826.549868,5934813.55607,03455
03455,2010,17666.0,10.0,17666.0,10.0,0.0,7.131638,0.00052142306,1344.0884,0.7008387,425826.549868,5934813.55607,03455
03455,2011,17666.0,10.0,17666.0,10.0,0.0,7.127313,0.006541005,1338.2878,8.753747,425826.549868,5934813.55607,03455
03455,2012,17666.0,10.0,17666.0,10.0,0.0,7.1344657,0.0064724428,1347.8944,8.724169,425826.549868,5934813.55607,03455
03455,2013,17666.0,10.0,17666.0,10.0,0.0,7.0258794,0.018215867,1209.198,22.026588,425826.549868,5934813.55607,03455
03455,2014,17666.0,10.0,17666.0,10.0,0.0,7.0020394,0.020863414,1180.7117,24.633677,425826.549868,5934813.55607,03455
03455,2015,17666.0,10.0,17666.0,10.0,0.0,7.035596,0.0208553,1221.0045,25.464418,425826.549868,5934813.55607,03455
03455,2016,17666.0,10.0,17666.0,10.0,0.0,7.272119,0.05490968,1546.8131,84.93501,425826.549868,5934813.55607,03455
03455,2017,17666.0,10.0,17666.0,10.0,0.0,7.569079,0.06147885,2081.6416,127.97694,425826.549868,5934813.55607,03455
03455,2018,17666.0,10.0,17666.0,10.0,0.0,7.4093366,0.016236855,1774.315,28.809292,425826.549868,5934813.55607,03455
03455,2019,17666.0,10.0,17666.0,10.0,0.0,7.5092835,0.16924462,1960.8177,331.85785,425826.549868,5934813.55607,03455
03455,2020,17666.0,10.0,17666.0,10.0,0.0,7.5452857,0.11491427,2032.6975,233.58595,425826.549868,5934813.55607,03455
03455,2021,17666.0,10.0,17666.0,10.0,0.0,7.753197,0.15838525,2502.4617,396.353,425826.549868,5934813.55607,03455
03455,2022,17666.0,10.0,17666.0,10.0,0.0,7.868203,0.014712143,2807.4622,41.303783,425826.549868,5934813.55607,03455
03455,2023,17666.0,10.0,17666.0,10.0,0.0,7.8085146,0.040044438,2644.7915,105.909195,425826.549868,5934813.55607,03455
03455,2024,17666.0,10.0,17666.0,10.0,0.0,7.8158674,0.016695097,2664.3108,44.480927,425826.549868,5934813.55607,03455
03455,2025,17666.0,10.0,17666.0,10.0,0.0,7.8626676,0.0347235,2791.9646,96.946785,425826.549868,5934813.55607,03455
03456,2007,58823.0,25.0,9134.0,10.0,0.03735263,7.2124543,0.020614166,1449.2986,29.876083,371018.696051,5795642.89583,03456
03456,2008,58823.0,25.0,9134.0,10.0,0.03735263,7.1655073,0.049840398,1382.8308,68.92084,371018.696051,5795642.89583,03456
03456,2009,58823.0,25.0,9134.0,10.0,0.03735263,7.0828853,0.057412107,1273.171,73.09543,371018.696051,5795642.89583,03456
03456,2010,58823.0,25.0,9134.0,10.0,0.03735263,7.1907916,0.031743363,1418.2407,45.01973,371018.696051,5795642.89583,03456
03456,2011,58823.0,25.0,9134.0,10.0,0.03735263,7.1519923,0.035540674,1364.2677,48.486996,371018.696051,5795642.89583,03456
03456,2012,58823.0,25.0,9134.0,10.0,0.03735263,7.160996,0.00461594,1376.6066,6.354334,371018.696051,5795642.89583,03456
03456,2013,58823.0,25.0,9134.0,10.0,0.03735263,7.248462,0.046199918,1502.4358,69.41241,371018.696051,5795642.89583,03456
03456,2014,58823.0,25.0,9134.0,10.0,0.03735263,7.170072,0.04532549,1389.1575,62.964245,371018.696051,5795642.89583,03456
03456,2015,58823.0,25.0,9134.0,10.0,0.03735263,7.1442666,0.0038333752,1353.7681,5.189501,371018.696051,5795642.89583,03456
03456,2016,58823.0,25.0,9134.0,10.0,0.03735263,7.2090774,0.03433116,1444.4126,49.58836,371018.696051,5795642.89583,03456
03456,2017,58823.0,25.0,9134.0,10.0,0.03735263,7.218956,0.11787117,1458.7521,171.94482,371018.696051,5795642.89583,03456
03456,2018,58823.0,25.0,9134.0,10.0,0.03735263,7.363271,0.07121306,1685.2206,120.00971,371018.696051,5795642.89583,03456
03456,2019,58823.0,25.0,9134.0,10.0,0.03735263,7.3770456,0.030070918,1708.594,51.37899,371018.696051,5795642.89583,03456
03456,2020,58823.0,25.0,9134.0,10.0,0.03735263,7.459939,0.061382882,1856.2616,113.942696,371018.696051,5795642.89583,03456
03456,2021,58823.0,25.0,9134.0,10.0,0.03735263,7.562755,0.045633134,2057.2717,93.87975,371018.696051,5795642.89583,03456
03456,2022,58823.0,25.0,9134.0,10.0,0.03735263,7.743703,0.07686328,2465.3362,189.49382,371018.696051,5795642.89583,03456
03456,2023,58823.0,25.0,9134.0,10.0,0.03735263,7.660546,0.04744557,2268.6184,107.63589,371018.696051,5795642.89583,03456
03456,2024,58823.0,25.0,9134.0,10.0,0.03735263,7.647391,0.0022992878,2238.971,5.148039,371018.696051,5795642.89583,03456
03456,2025,58823.0,25.0,9134.0,10.0,0.03735263,7.5631166,0.024475552,2058.0146,50.371044,371018.696051,5795642.89583,03456
03457,2007,11851.0,10.0,11851.0,10.0,0.0,6.845112,0.37722573,1015.11224,382.92642,388494.073254,5904204.62806,03457
03457,2008,11851.0,10.0,11851.0,10.0,0.0,7.0189586,0.07862378,1207.8545,94.96609,388494.073254,5904204.62806,03457
03457,2009,11851.0,10.0,11851.0,10.0,0.0,6.78825,0.19214703,959.0012,184.26924,388494.073254,5904204.62806,03457
03457,2010,11851.0,10.0,11851.0,10.0,0.0,6.943281,0.073979534,1119.8204,82.843796,388494.073254,5904204.62806,03457
03457,2011,11851.0,10.0,11851.0,10.0,0.0,6.528262,0.051007498,739.4485,37.71742,388494.073254,5904204.62806,03457
03457,2012,11851.0,10.0,11851.0,10.0,0.0,6.4842997,0.036500588,707.64484,25.829453,388494.073254,5904204.62806,03457
03457,2013,11851.0,10.0,11851.0,10.0,0.0,6.8948255,0.033058252,1066.8523,35.26827,388494.073254,5904204.62806,03457
03457,2014,11851.0,10.0,11851.0,10.0,0.0,6.871107,0.06449287,1041.846,67.191635,388494.073254,5904204.62806,03457
03457,2015,11851.0,10.0,11851.0,10.0,0.0,6.7115808,0.087706715,888.22314,77.90313,388494.073254,5904204.62806,03457
03457,2016,11851.0,10.0,11851.0,10.0,0.0,6.545797,0.082490765,752.529,62.07669,388494.073254,5904204.62806,03457
03457,2017,11851.0,10.0,11851.0,10.0,0.0,6.726183,0.18612352,901.2884,167.75096,388494.073254,5904204.62806,03457
03457,2018,11851.0,10.0,11851.0,10.0,0.0,7.0119143,0.065662056,1199.3757,78.75349,388494.073254,5904204.62806,03457
03457,2019,11851.0,10.0,11851.0,10.0,0.0,6.989859,0.058437563,1173.2131,68.55972,388494.073254,5904204.62806,03457
03457,2020,11851.0,10.0,11851.0,10.0,0.0,7.390894,0.0045771203,1752.0405,8.0193,388494.073254,5904204.62806,03457
03457,2021,11851.0,10.0,11851.0,10.0,0.0,7.1145005,0.03402029,1328.9478,45.21119,388494.073254,5904204.62806,03457
03457,2022,11851.0,10.0,11851.0,10.0,0.0,7.432691,0.10487835,1826.823,191.59418,388494.073254,5904204.62806,03457
03457,2023,11851.0,10.0,11851.0,10.0,0.0,7.4211106,0.18396606,1805.7893,332.20395,388494.073254,5904204.62806,03457
03457,2024,11851.0,10.0,11851.0,10.0,0.0,7.558492,0.19078562,2071.7207,395.25452,388494.073254,5904204.62806,03457
03457,2025,11851.0,10.0,11851.0,10.0,0.0,7.529921,0.16035636,2013.3668,322.85617,388494.073254,5904204.62806,03457
03458,2007,97617.0,25.0,6540.0,10.0,-0.2629983,7.2395716,0.036157962,1481.1365,53.554874,461013.031398,5868600.88158,03458
03458,2008,97617.0,25.0,6540.0,10.0,-0.2629983,7.1956205,0.07814731,1417.4485,110.76978,461013.031398,5868600.88158,03458
03458,2009,97617.0,25.0,6540.0,10.0,-0.2629983,7.1192536,0.0493768,1313.2325,64.84322,461013.031398,5868600.88158,03458
03458,2010,97617.0,25.0,6540.0,10.0,-0.2629983,7.0873804,0.069330804,1272.0356,88.191246,461013.031398,5868600.88158,03458
03458,2011,97617.0,25.0,6540.0,10.0,-0.2629983,7.0502305,0.12221429,1225.6469,149.79156,461013.031398,5868600.88158,03458
03458,2012,97617.0,25.0,6540.0,10.0,-0.2629983,7.0177965,0.049641404,1186.532,58.90111,461013.031398,5868600.88158,03458
03458,2013,97617.0,25.0,6540.0,10.0,-0.2629983,6.9904237,0.096922204,1154.4934,111.89605,461013.031398,5868600.88158,03458
03458,2014,97617.0,25.0,6540.0,10.0,-0.2629983,7.049855,0.24507658,1225.1865,300.26453,461013.031398,5868600.88158,03458
03458,2015,97617.0,25.0,6540.0,10.0,-0.2629983,7.3808384,0.27463543,1705.8716,468.4928,461013.031398,5868600.88158,03458
03458,2016,97617.0,25.0,6540.0,10.0,-0.2629983,7.145813,0.054166142,1348.5784,73.04728,461013.031398,5868600.88158,03458
03458,2017,97617.0,25.0,6540.0,10.0,-0.2629983,7.1707373,0.14237458,1382.6134,196.849,461013.031398,5868600.88158,03458
03458,2018,97617.0,25.0,6540.0,10.0,-0.2629983,7.3447247,0.10036475,1645.3656,165.13672,461013.031398,5868600.88158,03458
03458,2019,97617.0,25.0,6540.0,10.0,-0.2629983,7.3973255,0.108432576,1734.23,188.04703,461013.031398,5868600.88158,03458
03458,2020,97617.0,25.0,6540.0,10.0,-0.2629983,7.533272,0.06690063,1986.7694,132.91614,461013.031398,5868600.88158,03458
03458,2021,97617.0,25.0,6540.0,10.0,-0.2629983,7.694125,0.1172333,2333.486,273.5623,461013.031398,5868600.88158,03458
03458,2022,97617.0,25.0,6540.0,10.0,-0.2629983,7.7750063,0.05454825,2530.063,138.01051,461013.031398,5868600.88158,03458
03458,2023,97617.0,25.0,6540.0,10.0,-0.2629983,7.8055096,0.035185058,2608.428,91.777695,461013.031398,5868600.88158,03458
03458,2024,97617.0,25.0,6540.0,10.0,-0.2629983,7.744865,0.019026337,2454.942,46.708553,461013.031398,5868600.88158,03458
03458,2025,97617.0,25.0,6540.0,10.0,-0.2629983,7.840012,0.12247937,2699.996,330.6938,461013.031398,5868600.88158,03458
03459,2007,112928.0,25.0,9792.0,10.0,-0.035978332,6.99673,0.0071316697,1174.7922,8.37823,457866.252567,5796923.56257,03459
03459,2008,112928.0,25.0,9792.0,10.0,-0.035978332,6.954347,0.009489994,1126.0419,10.686131,457866.252567,5796923.56257,03459
03459,2009,112928.0,25.0,9792.0,10.0,-0.035978332,6.8836336,0.030429473,1049.1655,31.925554,457866.252567,5796923.56257,03459
03459,2010,112928.0,25.0,9792.0,10.0,-0.035978332,6.931231,0.07011057,1100.3105,77.143394,457866.252567,5796923.56257,03459
03459,2011,112928.0,25.0,9792.0,10.0,-0.035978332,6.953848,0.08993727,1125.4794,101.22254,457866.252567,5796923.56257,03459
03459,2012,112928.0,25.0,9792.0,10.0,-0.035978332,6.9445186,0.024835143,1115.0283,27.691889,457866.252567,5796923.56257,03459
03459,2013,112928.0,25.0,9792.0,10.0,-0.035978332,6.922349,0.094179966,1090.5809,102.71087,457866.252567,5796923.56257,03459
03459,2014,112928.0,25.0,9792.0,10.0,-0.035978332,6.9802403,0.041140214,1155.5793,47.54078,457866.252567,5796923.56257,03459
03459,2015,112928.0,25.0,9792.0,10.0,-0.035978332,6.970486,0.03541848,1144.362,40.531567,457866.252567,5796923.56257,03459
03459,2016,112928.0,25.0,9792.0,10.0,-0.035978332,7.1112566,0.027658507,1317.3445,36.435783,457866.252567,5796923.56257,03459
03459,2017,112928.0,25.0,9792.0,10.0,-0.035978332,7.101048,0.02876587,1303.965,37.50969,457866.252567,5796923.56257,03459
03459,2018,112928.0,25.0,9792.0,10.0,-0.035978332,7.191649,0.051183674,1427.6222,73.07095,457866.252567,5796923.56257,03459
03459,2019,112928.0,25.0,9792.0,10.0,-0.035978332,7.4008574,0.07639302,1759.8328,134.43895,457866.252567,5796923.56257,03459
03459,2020,112928.0,25.0,9792.0,10.0,-0.035978332,7.4146376,0.09090936,1784.2512,162.20514,457866.252567,5796923.56257,03459
03459,2021,112928.0,25.0,9792.0,10.0,-0.035978332,7.4313765,0.14638978,1814.369,265.6051,457866.252567,5796923.56257,03459
03459,2022,112928.0,25.0,9792.0,10.0,-0.035978332,7.505617,0.0800202,1954.1958,156.37514,457866.252567,5796923.56257,03459
03459,2023,112928.0,25.0,9792.0,10.0,-0.035978332,7.575284,0.018837694,2095.1924,39.468594,457866.252567,5796923.56257,03459
03459,2024,112928.0,25.0,9792.0,10.0,-0.035978332,7.6828103,0.028322333,2333.039,66.07711,457866.252567,5796923.56257,03459
03459,2025,112928.0,25.0,9792.0,10.0,-0.035978332,7.751545,0.02058842,2499.0393,51.451275,457866.252567,5796923.56257,03459
03460,2007,31334.0,25.0,5632.0,10.0,-0.06452223,7.111853,0.034645434,1301.2705,45.08308,442281.166189,5843035.70551,03460
03460,2008,31334.0,25.0,5632.0,10.0,-0.06452223,7.0708213,0.06275212,1248.9576,78.37474,442281.166189,5843035.70551,03460
03460,2009,31334.0,25.0,5632.0,10.0,-0.06452223,7.07375,0.061126072,1252.6206,76.56778,442281.166189,5843035.70551,03460
03460,2010,31334.0,25.0,5632.0,10.0,-0.06452223,7.1841483,0.02103009,1398.8298,29.417517,442281.166189,5843035.70551,03460
03460,2011,31334.0,25.0,5632.0,10.0,-0.06452223,7.1692934,0.11569482,1378.204,159.45105,442281.166189,5843035.70551,03460
03460,2012,31334.0,25.0,5632.0,10.0,-0.06452223,7.189093,0.07645324,1405.7638,107.4752,442281.166189,5843035.70551,03460
03460,2013,31334.0,25.0,5632.0,10.0,-0.06452223,7.264679,0.025418459,1516.1389,38.537914,442281.166189,5843035.70551,03460
03460,2014,31334.0,25.0,5632.0,10.0,-0.06452223,7.3998094,0.17172676,1735.5029,298.0323,442281.166189,5843035.70551,03460
03460,2015,31334.0,25.0,5632.0,10.0,-0.06452223,7.526533,0.032194324,1969.9751,63.422016,442281.166189,5843035.70551,03460
03460,2016,31334.0,25.0,5632.0,10.0,-0.06452223,7.5562296,0.14763482,2029.3535,299.60324,442281.166189,5843035.70551,03460
03460,2017,31334.0,25.0,5632.0,10.0,-0.06452223,7.686603,0.053874448,2311.949,124.55497,442281.166189,5843035.70551,03460
03460,2018,31334.0,25.0,5632.0,10.0,-0.06452223,7.8251305,0.0316708,2655.461,84.10058,442281.166189,5843035.70551,03460
03460,2019,31334.0,25.0,5632.0,10.0,-0.06452223,7.9284177,0.10008171,2944.4014,294.68073,442281.166189,5843035.70551,03460
03460,2020,31334.0,25.0,5632.0,10.0,-0.06452223,8.019306,0.090927094,3224.5508,293.19904,442281.166189,5843035.70551,03460
03460,2021,31334.0,25.0,5632.0,10.0,-0.06452223,7.851017,0.030123495,2725.0996,82.08952,442281.166189,5843035.70551,03460
03460,2022,31334.0,25.0,5632.0,10.0,-0.06452223,7.9855356,0.08279427,3117.4744,258.10904,442281.166189,5843035.70551,03460
03460,2023,31334.0,25.0,5632.0,10.0,-0.06452223,7.939037,0.021468323,2975.8345,63.886177,442281.166189,5843035.70551,03460
03460,2024,31334.0,25.0,5632.0,10.0,-0.06452223,7.85801,0.033641607,2744.2222,92.32004,442281.166189,5843035.70551,03460
03460,2025,31334.0,25.0,5632.0,10.0,-0.06452223,7.977979,0.1416848,3094.0066,438.37372,442281.166189,5843035.70551,03460
03461,2007,24781.0,10.0,24781.0,10.0,0.0,6.868559,0.040701482,1026.6919,41.78788,465035.138834,5890897.8149,03461
03461,2008,24781.0,10.0,24781.0,10.0,0.0,6.885632,0.004068999,1044.3715,4.2495465,465035.138834,5890897.8149,03461
03461,2009,24781.0,10.0,24781.0,10.0,0.0,6.6634445,0.061912183,836.2962,51.776924,465035.138834,5890897.8149,03461
03461,2010,24781.0,10.0,24781.0,10.0,0.0,6.6838756,0.07163625,853.5582,61.145714,465035.138834,5890897.8149,03461
03461,2011,24781.0,10.0,24781.0,10.0,0.0,6.743994,0.004192355,906.4469,3.800147,465035.138834,5890897.8149,03461
03461,2012,24781.0,10.0,24781.0,10.0,0.0,6.7800093,0.021549929,939.68787,20.250208,465035.138834,5890897.8149,03461
03461,2013,24781.0,10.0,24781.0,10.0,0.0,6.7046323,0.076086015,871.46063,66.30597,465035.138834,5890897.8149,03461
03461,2014,24781.0,10.0,24781.0,10.0,0.0,6.87998,0.32990327,1038.4855,342.59976,465035.138834,5890897.8149,03461
03461,2015,24781.0,10.0,24781.0,10.0,0.0,6.714366,0.12483692,879.9846,109.85457,465035.138834,5890897.8149,03461
03461,2016,24781.0,10.0,24781.0,10.0,0.0,6.7783937,0.18153337,938.1711,170.30936,465035.138834,5890897.8149,03461
03461,2017,24781.0,10.0,24781.0,10.0,0.0,7.1844907,0.077619895,1408.1458,109.30013,465035.138834,5890897.8149,03461
03461,2018,24781.0,10.0,24781.0,10.0,0.0,7.123901,0.15108877,1325.36,200.24702,465035.138834,5890897.8149,03461
03461,2019,24781.0,10.0,24781.0,10.0,0.0,7.1550984,0.005488503,1367.3596,7.504757,465035.138834,5890897.8149,03461
03461,2020,24781.0,10.0,24781.0,10.0,0.0,7.2114005,0.45153388,1446.5535,653.1679,465035.138834,5890897.8149,03461
03461,2021,24781.0,10.0,24781.0,10.0,0.0,7.5309777,0.018584203,1991.2462,37.005726,465035.138834,5890897.8149,03461
03461,2022,24781.0,10.0,24781.0,10.0,0.0,7.6549163,0.078777805,2253.9841,177.56392,465035.138834,5890897.8149,03461
03461,2023,24781.0,10.0,24781.0,10.0,0.0,7.689101,0.08156267,2332.369,190.23422,465035.138834,5890897.8149,03461
03461,2024,24781.0,10.0,24781.0,10.0,0.0,7.7100606,0.12732156,2381.769,303.25052,465035.138834,5890897.8149,03461
03461,2025,24781.0,10.0,24781.0,10.0,0.0,7.676311,0.062743165,2302.727,144.48038,465035.138834,5890897.8149,03461
03462,2007,99172.0,25.0,9557.0,10.0,-0.0424699,6.9676685,0.0107892575,1152.028,12.429525,422957.411498,5923554.65451,03462
03462,2008,99172.0,25.0,9557.0,10.0,-0.0424699,6.98132,0.010426507,1167.8623,12.176725,422957.411498,5923554.65451,03462
03462,2009,99172.0,25.0,9557.0,10.0,-0.0424699,6.8877172,0.012830468,1063.5078,13.645302,422957.411498,5923554.65451,03462
03462,2010,99172.0,25.0,9557.0,10.0,-0.0424699,6.923535,0.0036261769,1102.2903,3.9970996,422957.411498,5923554.65451,03462
03462,2011,99172.0,25.0,9557.0,10.0,-0.0424699,6.8638196,0.041748255,1038.3934,43.351116,422957.411498,5923554.65451,03462
03462,2012,99172.0,25.0,9557.0,10.0,-0.0424699,6.886741,0.015746748,1062.4698,16.730446,422957.411498,5923554.65451,03462
03462,2013,99172.0,25.0,9557.0,10.0,-0.0424699,6.8833833,0.08601111,1058.9082,91.077866,422957.411498,5923554.65451,03462
03462,2014,99172.0,25.0,9557.0,10.0,-0.0424699,6.9409575,0.008785772,1121.6632,9.854678,422957.411498,5923554.65451,03462
03462,2015,99172.0,25.0,9557.0,10.0,-0.0424699,6.9506845,0.046487473,1132.6268,52.65296,422957.411498,5923554.65451,03462
03462,2016,99172.0,25.0,9557.0,10.0,-0.0424699,6.999684,0.07729555,1189.507,91.943596,422957.411498,5923554.65451,03462
03462,2017,99172.0,25.0,9557.0,10.0,-0.0424699,7.1002464,0.05874293,1315.3483,77.26741,422957.411498,5923554.65451,03462
03462,2018,99172.0,25.0,9557.0,10.0,-0.0424699,7.0271344,0.045209453,1222.6119,55.273617,422957.411498,5923554.65451,03462
03462,2019,99172.0,25.0,9557.0,10.0,-0.0424699,7.266741,0.061359175,1553.633,95.32964,422957.411498,5923554.65451,03462
03462,2020,99172.0,25.0,9557.0,10.0,-0.0424699,7.411207,0.06585473,1795.1029,118.21603,422957.411498,5923554.65451,03462
03462,2021,99172.0,25.0,9557.0,10.0,-0.0424699,7.420148,0.0022836693,1811.2244,4.1362376,422957.411498,5923554.65451,03462
03462,2022,99172.0,25.0,9557.0,10.0,-0.0424699,7.6076984,0.058991846,2184.8638,128.88913,422957.411498,5923554.65451,03462
03462,2023,99172.0,25.0,9557.0,10.0,-0.0424699,7.7598777,0.048082683,2543.9883,122.321785,422957.411498,5923554.65451,03462
03462,2024,99172.0,25.0,9557.0,10.0,-0.0424699,7.60049,0.08903567,2169.1719,193.13367,422957.411498,5923554.65451,03462
03462,2025,99172.0,25.0,9557.0,10.0,-0.0424699,7.6202526,0.03370209,2212.4668,74.56475,422957.411498,5923554.65451,03462
04011,2007,96496.0,10.0,96496.0,10.0,0.0,7.102565,0.16915397,1289.8877,218.18964,485347.452388,5885530.93733,04011
04011,2008,96496.0,10.0,96496.0,10.0,0.0,7.0891547,0.17146355,1272.706,218.2227,485347.452388,5885530.93733,04011
04011,2009,96496.0,10.0,96496.0,10.0,0.0,7.077555,0.20586772,1258.0286,258.9875,485347.452388,5885530.93733,04011
04011,2010,96496.0,10.0,96496.0,10.0,0.0,7.1155386,0.12644629,1306.732,165.23143,485347.452388,5885530.93733,04011
04011,2011,96496.0,10.0,96496.0,10.0,0.0,7.156147,0.18540965,1360.8881,252.32176,485347.452388,5885530.93733,04011
04011,2012,96496.0,10.0,96496.0,10.0,0.0,7.2292423,0.2785133,1464.0883,407.7681,485347.452388,5885530.93733,04011
04011,2013,96496.0,10.0,96496.0,10.0,0.0,7.328891,0.24980924,1617.4993,404.06622,485347.452388,5885530.93733,04011
04011,2014,96496.0,10.0,96496.0,10.0,0.0,7.354757,0.28041306,1659.8834,465.453,485347.452388,5885530.93733,04011
04011,2015,96496.0,10.0,96496.0,10.0,0.0,7.5024796,0.26464707,1924.1226,509.21338,485347.452388,5885530.93733,04011
04011,2016,96496.0,10.0,96496.0,10.0,0.0,7.727304,0.24450381,2409.1997,589.05853,485347.452388,5885530.93733,04011
04011,2017,96496.0,10.0,96496.0,10.0,0.0,7.749682,0.23225155,2463.7207,572.203,485347.452388,5885530.93733,04011
04011,2018,96496.0,10.0,96496.0,10.0,0.0,7.777487,0.15286201,2533.185,387.22778,485347.452388,5885530.93733,04011
04011,2019,96496.0,10.0,96496.0,10.0,0.0,7.8604083,0.20432188,2752.195,562.3336,485347.452388,5885530.93733,04011
04011,2020,96496.0,10.0,96496.0,10.0,0.0,7.9960947,0.20574728,3152.1516,648.5466,485347.452388,5885530.93733,04011
04011,2021,96496.0,10.0,96496.0,10.0,0.0,8.1154375,0.13296703,3551.7058,472.25974,485347.452388,5885530.93733,04011
04011,2022,96496.0,10.0,96496.0,10.0,0.0,8.081382,0.16015525,3432.787,549.77893,485347.452388,5885530.93733,04011
04011,2023,96496.0,10.0,96496.0,10.0,0.0,7.9823737,0.1525321,3109.1958,474.2522,485347.452388,5885530.93733,04011
04011,2024,96496.0,10.0,96496.0,10.0,0.0,7.9291997,0.1421587,2948.1868,419.1104,485347.452388,5885530.93733,04011
04011,2025,96496.0,10.0,96496.0,10.0,0.0,7.8808856,0.1235881,2809.1343,347.17554,485347.452388,5885530.93733,04011
04012,2007,32732.0,10.0,32732.0,10.0,0.0,6.76984,0.06673733,972.078,64.87389,472591.462416,5932215.35203,04012
04012,2008,32732.0,10.0,32732.0,10.0,0.0,6.8517103,0.048847184,1055.0112,51.534325,472591.462416,5932215.35203,04012
04012,2009,32732.0,10.0,32732.0,10.0,0.0,6.434056,0.02706192,694.8194,18.803148,472591.462416,5932215.35203,04012
04012,2010,32732.0,10.0,32732.0,10.0,0.0,6.5523343,0.0022247597,782.0593,1.739894,472591.462416,5932215.35203,04012
04012,2011,32732.0,10.0,32732.0,10.0,0.0,6.5825357,0.022898,806.039,18.456682,472591.462416,5932215.35203,04012
04012,2012,32732.0,10.0,32732.0,10.0,0.0,6.687635,0.001898125,895.3648,1.6995144,472591.462416,5932215.35203,04012
04012,2013,32732.0,10.0,32732.0,10.0,0.0,6.795249,0.06333689,997.0944,63.15286,472591.462416,5932215.35203,04012
04012,2014,32732.0,10.0,32732.0,10.0,0.0,6.8519692,0.07383588,1055.2844,77.917854,472591.462416,5932215.35203,04012
04012,2015,32732.0,10.0,32732.0,10.0,0.0,6.968528,0.11000808,1185.742,130.44121,472591.462416,5932215.35203,04012
04012,2016,32732.0,10.0,32732.0,10.0,0.0,7.089836,0.06817446,1338.6704,91.26313,472591.462416,5932215.35203,04012
04012,2017,32732.0,10.0,32732.0,10.0,0.0,7.099964,0.045964934,1352.2979,62.158276,472591.462416,5932215.35203,04012
04012,2018,32732.0,10.0,32732.0,10.0,0.0,7.1943107,0.054428697,1486.0945,80.886185,472591.462416,5932215.35203,04012
04012,2019,32732.0,10.0,32732.0,10.0,0.0,7.3412867,0.09160393,1721.3827,157.68541,472591.462416,5932215.35203,04012
04012,2020,32732.0,10.0,32732.0,10.0,0.0,7.4052205,0.013397654,1835.031,24.58511,472591.462416,5932215.35203,04012
04012,2021,32732.0,10.0,32732.0,10.0,0.0,7.396628,0.0023118167,1819.3308,4.2059593,472591.462416,5932215.35203,04012
04012,2022,32732.0,10.0,32732.0,10.0,0.0,7.5490627,0.029408786,2118.9138,62.314686,472591.462416,5932215.35203,04012
04012,2023,32732.0,10.0,32732.0,10.0,0.0,7.3965645,0.02082307,1819.2158,37.88166,472591.462416,5932215.35203,04012
04012,2024,32732.0,10.0,32732.0,10.0,0.0,7.4352283,0.009396768,1890.9307,17.768637,472591.462416,5932215.35203,04012
04012,2025,32732.0,10.0,32732.0,10.0,0.0,7.540338,0.029109308,2100.5076,61.144325,472591.462416,5932215.35203,04012
05111,2007,236302.0,10.0,236302.0,10.0,0.0,7.742433,0.058448486,2457.7346,143.65086,347126.753174,5678284.63734,05111
05111,2008,236302.0,10.0,236302.0,10.0,0.0,7.6921797,0.057403523,2337.2773,134.16795,347126.753174,5678284.63734,05111
05111,2009,236302.0,10.0,236302.0,10.0,0.0,7.6754665,0.042753767,2298.5393,98.27122,347126.753174,5678284.63734,05111
05111,2010,236302.0,10.0,236302.0,10.0,0.0,7.750574,0.049859017,2477.8252,123.54193,347126.753174,5678284.63734,05111
05111,2011,236302.0,10.0,236302.0,10.0,0.0,7.8120294,0.066759065,2634.8767,175.90192,347126.753174,5678284.63734,05111
05111,2012,236302.0,10.0,236302.0,10.0,0.0,7.938108,0.079470985,2988.9292,237.53316,347126.753174,5678284.63734,05111
05111,2013,236302.0,10.0,236302.0,10.0,0.0,8.102762,0.082235,3523.9023,289.78812,347126.753174,5678284.63734,05111
05111,2014,236302.0,10.0,236302.0,10.0,0.0,8.131104,0.0759037,3625.2063,275.16656,347126.753174,5678284.63734,05111
05111,2015,236302.0,10.0,236302.0,10.0,0.0,8.165659,0.10247643,3752.6636,384.55957,347126.753174,5678284.63734,05111
05111,2016,236302.0,10.0,236302.0,10.0,0.0,8.273418,0.11855976,4179.643,495.53748,347126.753174,5678284.63734,05111
05111,2017,236302.0,10.0,236302.0,10.0,0.0,8.386454,0.071457565,4679.824,334.40884,347126.753174,5678284.63734,05111
05111,2018,236302.0,10.0,236302.0,10.0,0.0,8.470051,0.06275297,5087.861,319.27838,347126.753174,5678284.63734,05111
05111,2019,236302.0,10.0,236302.0,10.0,0.0,8.503763,0.03376746,5262.311,177.69489,347126.753174,5678284.63734,05111
05111,2020,236302.0,10.0,236302.0,10.0,0.0,8.684351,0.07295563,6303.8315,459.90002,347126.753174,5678284.63734,05111
05111,2021,236302.0,10.0,236302.0,10.0,0.0,8.777942,0.06604066,6922.305,457.15356,347126.753174,5678284.63734,05111
05111,2022,236302.0,10.0,236302.0,10.0,0.0,8.791358,0.06437864,7015.8057,451.66806,347126.753174,5678284.63734,05111
05111,2023,236302.0,10.0,236302.0,10.0,0.0,8.682252,0.066646576,6290.615,419.24796,347126.753174,5678284.63734,05111
05111,2024,236302.0,10.0,236302.0,10.0,0.0,8.6957655,0.074782014,6376.202,476.82526,347126.753174,5678284.63734,05111
05111,2025,236302.0,10.0,236302.0,10.0,0.0,8.675378,0.06271841,6247.525,391.8348,347126.753174,5678284.63734,05111
05112,2007,178619.0,10.0,178619.0,10.0,0.0,7.0571938,0.03280082,1291.3964,42.35886,342559.156655,5701141.63687,05112
05112,2008,178619.0,10.0,178619.0,10.0,0.0,7.01892,0.052401267,1242.9037,65.12973,342559.156655,5701141.63687,05112
05112,2009,178619.0,10.0,178619.0,10.0,0.0,6.8556676,0.07136718,1055.6935,75.34187,342559.156655,5701141.63687,05112
05112,2010,178619.0,10.0,178619.0,10.0,0.0,6.8673205,0.035847332,1068.0675,38.28737,342559.156655,5701141.63687,05112
05112,2011,178619.0,10.0,178619.0,10.0,0.0,6.890569,0.0026152374,1093.1896,2.8589504,342559.156655,5701141.63687,05112
05112,2012,178619.0,10.0,178619.0,10.0,0.0,6.833884,0.02886523,1032.9453,29.816202,342559.156655,5701141.63687,05112
05112,2013,178619.0,10.0,178619.0,10.0,0.0,6.6458216,0.015911115,855.86017,13.61769,342559.156655,5701141.63687,05112
05112,2014,178619.0,10.0,178619.0,10.0,0.0,6.681362,0.058567923,886.8248,51.939487,342559.156655,5701141.63687,05112
05112,2015,178619.0,10.0,178619.0,10.0,0.0,6.8534555,0.017352488,1053.361,18.278433,342559.156655,5701141.63687,05112
05112,2016,178619.0,10.0,178619.0,10.0,0.0,6.8325276,0.026213303,1031.5453,27.040209,342559.156655,5701141.63687,05112
05112,2017,178619.0,10.0,178619.0,10.0,0.0,6.887059,0.058702134,1089.3588,63.947685,342559.156655,5701141.63687,05112
05112,2018,178619.0,10.0,178619.0,10.0,0.0,6.9233403,0.01870365,1129.6077,21.127787,342559.156655,5701141.63687,05112
05112,2019,178619.0,10.0,178619.0,10.0,0.0,7.050387,0.04062918,1282.636,52.112446,342559.156655,5701141.63687,05112
05112,2020,178619.0,10.0,178619.0,10.0,0.0,7.1297245,0.09141206,1388.5424,126.92952,342559.156655,5701141.63687,05112
05112,2021,178619.0,10.0,178619.0,10.0,0.0,7.3438883,0.013779135,1720.1624,23.70235,342559.156655,5701141.63687,05112
05112,2022,178619.0,10.0,178619.0,10.0,0.0,7.317139,0.00445011,1674.7595,7.4528637,342559.156655,5701141.63687,05112
05112,2023,178619.0,10.0,178619.0,10.0,0.0,7.4055033,0.019548213,1829.4829,35.76312,342559.156655,5701141.63687,05112
05112,2024,178619.0,10.0,178619.0,10.0,0.0,7.4207177,0.053843457,1857.5305,100.01586,342559.156655,5701141.63687,05112
05112,2025,178619.0,10.0,178619.0,10.0,0.0,7.2339563,0.012280321,1541.085,18.925016,342559.156655,5701141.63687,05112
05113,2007,189795.0,10.0,189795.0,10.0,0.0,7.496459,0.004944072,1952.5668,9.653631,362169.927434,5699933.58845,05113
05113,2008,189795.0,10.0,189795.0,10.0,0.0,7.472583,0.01953029,1906.499,37.23448,362169.927434,5699933.58845,05113
05113,2009,189795.0,10.0,189795.0,10.0,0.0,7.3423557,0.06076268,1673.7074,101.69895,362169.927434,5699933.58845,05113
05113,2010,189795.0,10.0,189795.0,10.0,0.0,7.400539,0.03564065,1773.9785,63.225746,362169.927434,5699933.58845,05113
05113,2011,189795.0,10.0,189795.0,10.0,0.0,7.4006486,0.032440547,1774.1722,57.55512,362169.927434,5699933.58845,05113
05113,2012,189795.0,10.0,189795.0,10.0,0.0,7.394913,0.012723013,1764.0259,22.443724,362169.927434,5699933.58845,05113
05113,2013,189795.0,10.0,189795.0,10.0,0.0,7.4338846,0.023695488,1834.1304,43.460613,362169.927434,5699933.58845,05113
05113,2014,189795.0,10.0,189795.0,10.0,0.0,7.3730664,0.0025319047,1725.9062,4.36983,362169.927434,5699933.58845,05113
05113,2015,189795.0,10.0,189795.0,10.0,0.0,7.488783,0.018442325,1937.6354,35.7345,362169.927434,5699933.58845,05113
05113,2016,189795.0,10.0,189795.0,10.0,0.0,7.504926,0.014427323,1969.1697,28.409845,362169.927434,5699933.58845,05113
05113,2017,189795.0,10.0,189795.0,10.0,0.0,7.654152,0.018417621,2286.0771,42.104103,362169.927434,5699933.58845,05113
05113,2018,189795.0,10.0,189795.0,10.0,0.0,7.750417,0.021303104,2517.0881,53.62179,362169.927434,5699933.58845,05113
05113,2019,189795.0,10.0,189795.0,10.0,0.0,7.8931093,0.013091706,2903.1465,38.00714,362169.927434,5699933.58845,05113
05113,2020,189795.0,10.0,189795.0,10.0,0.0,8.015034,0.015309735,3279.5916,50.20968,362169.927434,5699933.58845,05113
05113,2021,189795.0,10.0,189795.0,10.0,0.0,8.165725,0.03499489,3812.9775,133.43472,362169.927434,5699933.58845,05113
05113,2022,189795.0,10.0,189795.0,10.0,0.0,8.153816,0.0005801617,3767.84,2.1859565,362169.927434,5699933.58845,05113
05113,2023,189795.0,10.0,189795.0,10.0,0.0,8.096033,0.012670938,3556.2932,45.06157,362169.927434,5699933.58845,05113
05113,2024,189795.0,10.0,189795.0,10.0,0.0,8.117302,0.015488947,3632.7415,56.267338,362169.927434,5699933.58845,05113
05113,2025,189795.0,10.0,189795.0,10.0,0.0,8.126244,0.027000677,3665.37,98.96747,362169.927434,5699933.58845,05113
05114,2007,131765.0,10.0,131765.0,10.0,0.0,7.4038463,0.030606326,1780.2299,54.486294,331440.479852,5690996.87852,05114
05114,2008,131765.0,10.0,131765.0,10.0,0.0,7.36195,0.02959621,1707.1852,50.526207,331440.479852,5690996.87852,05114
05114,2009,131765.0,10.0,131765.0,10.0,0.0,7.2379527,0.026308509,1508.0977,39.6758,331440.479852,5690996.87852,05114
05114,2010,131765.0,10.0,131765.0,10.0,0.0,7.272281,0.0068127224,1560.7671,10.633073,331440.479852,5690996.87852,05114
05114,2011,131765.0,10.0,131765.0,10.0,0.0,7.193817,0.020418726,1442.9838,29.46389,331440.479852,5690996.87852,05114
05114,2012,131765.0,10.0,131765.0,10.0,0.0,7.2189517,0.04390283,1479.7128,64.96358,331440.479852,5690996.87852,05114
05114,2013,131765.0,10.0,131765.0,10.0,0.0,7.1527276,0.024961771,1384.8944,34.56942,331440.479852,5690996.87852,05114
05114,2014,131765.0,10.0,131765.0,10.0,0.0,7.179904,0.019089494,1423.0463,27.165234,331440.479852,5690996.87852,05114
05114,2015,131765.0,10.0,131765.0,10.0,0.0,7.286596,0.026403332,1583.2693,41.803585,331440.479852,5690996.87852,05114
05114,2016,131765.0,10.0,131765.0,10.0,0.0,7.3861184,0.0369696,1748.948,64.657906,331440.479852,5690996.87852,05114
05114,2017,131765.0,10.0,131765.0,10.0,0.0,7.438273,0.01869435,1842.5845,34.44592,331440.479852,5690996.87852,05114
05114,2018,131765.0,10.0,131765.0,10.0,0.0,7.43092,0.014833193,1829.0853,27.131178,331440.479852,5690996.87852,05114
05114,2019,131765.0,10.0,131765.0,10.0,0.0,7.4897857,0.013298185,1939.9883,25.798323,331440.479852,5690996.87852,05114
05114,2020,131765.0,10.0,131765.0,10.0,0.0,7.694489,0.022425165,2380.6777,53.387093,331440.479852,5690996.87852,05114
05114,2021,131765.0,10.0,131765.0,10.0,0.0,7.850259,0.014759108,2781.9583,41.059223,331440.479852,5690996.87852,05114
05114,2022,131765.0,10.0,131765.0,10.0,0.0,7.8862624,0.008025427,2883.9438,23.144882,331440.479852,5690996.87852,05114
05114,2023,131765.0,10.0,131765.0,10.0,0.0,7.8690567,0.0133693805,2834.7476,37.89882,331440.479852,5690996.87852,05114
05114,2024,131765.0,10.0,131765.0,10.0,0.0,7.846685,0.013933297,2772.0337,38.62357,331440.479852,5690996.87852,05114
05114,2025,131765.0,10.0,131765.0,10.0,0.0,7.8657374,0.010378728,2825.353,29.32357,331440.479852,5690996.87852,05114
05116,2007,135838.0,10.0,135838.0,10.0,0.0,7.177246,0.020608421,1414.0753,29.14186,319068.161405,5671600.51571,05116
05116,2008,135838.0,10.0,135838.0,10.0,0.0,7.10067,0.0021411206,1309.8334,2.804511,319068.161405,5671600.51571,05116
05116,2009,135838.0,10.0,135838.0,10.0,0.0,7.0229874,0.0070618433,1211.9338,8.558487,319068.161405,5671600.51571,05116
05116,2010,135838.0,10.0,135838.0,10.0,0.0,6.98485,0.006817037,1166.5842,7.9526467,319068.161405,5671600.51571,05116
05116,2011,135838.0,10.0,135838.0,10.0,0.0,7.048383,0.0073460727,1243.106,9.131947,319068.161405,5671600.51571,05116
05116,2012,135838.0,10.0,135838.0,10.0,0.0,7.074105,0.007334572,1275.4956,9.355214,319068.161405,5671600.51571,05116
05116,2013,135838.0,10.0,135838.0,10.0,0.0,7.039895,0.006850517,1232.5991,8.443941,319068.161405,5671600.51571,05116
05116,2014,135838.0,10.0,135838.0,10.0,0.0,7.077414,0.006676815,1279.7231,8.544475,319068.161405,5671600.51571,05116
05116,2015,135838.0,10.0,135838.0,10.0,0.0,7.197329,0.011285953,1442.7614,16.282938,319068.161405,5671600.51571,05116
05116,2016,135838.0,10.0,135838.0,10.0,0.0,7.207009,0.011950848,1456.795,17.409935,319068.161405,5671600.51571,05116
05116,2017,135838.0,10.0,135838.0,10.0,0.0,7.1998787,0.066416375,1446.4445,96.0676,319068.161405,5671600.51571,05116
05116,2018,135838.0,10.0,135838.0,10.0,0.0,7.2189956,0.016122209,1474.3619,23.769972,319068.161405,5671600.51571,05116
05116,2019,135838.0,10.0,135838.0,10.0,0.0,7.3779387,0.05104542,1728.3523,88.22447,319068.161405,5671600.51571,05116
05116,2020,135838.0,10.0,135838.0,10.0,0.0,7.5931787,0.06094217,2143.433,130.62547,319068.161405,5671600.51571,05116
05116,2021,135838.0,10.0,135838.0,10.0,0.0,7.600301,0.029254673,2158.7524,63.153595,319068.161405,5671600.51571,05116
05116,2022,135838.0,10.0,135838.0,10.0,0.0,7.7748218,0.003844992,2570.3748,9.883071,319068.161405,5671600.51571,05116
05116,2023,135838.0,10.0,135838.0,10.0,0.0,7.7179675,0.0026465943,2428.314,6.4267616,319068.161405,5671600.51571,05116
05116,2024,135838.0,10.0,135838.0,10.0,0.0,7.7174153,0.0062159854,2426.9734,15.086031,319068.161405,5671600.51571,05116
05116,2025,135838.0,10.0,135838.0,10.0,0.0,7.7517247,0.0032572548,2511.6868,8.181204,319068.161405,5671600.51571,05116
05117,2007,189236.0,10.0,189236.0,10.0,0.0,7.662361,0.023547284,2312.2512,54.447235,352466.794874,5697973.26289,05117
05117,2008,189236.0,10.0,189236.0,10.0,0.0,7.605564,0.017644038,2184.5818,38.544846,352466.794874,5697973.26289,05117
05117,2009,189236.0,10.0,189236.0,10.0,0.0,7.5685105,0.012106161,2105.1174,25.48489,352466.794874,5697973.26289,05117
05117,2010,189236.0,10.0,189236.0,10.0,0.0,7.5823927,0.05547726,2134.5447,118.418686,352466.794874,5697973.26289,05117
05117,2011,189236.0,10.0,189236.0,10.0,0.0,7.5963287,0.031551763,2164.5,68.293785,352466.794874,5697973.26289,05117
05117,2012,189236.0,10.0,189236.0,10.0,0.0,7.7489543,0.0027154472,2521.4016,6.8467326,352466.794874,5697973.26289,05117
05117,2013,189236.0,10.0,189236.0,10.0,0.0,7.6419773,0.032307602,2265.5957,73.19596,352466.794874,5697973.26289,05117
05117,2014,189236.0,10.0,189236.0,10.0,0.0,7.749848,0.0290961,2523.6553,73.42853,352466.794874,5697973.26289,05117
05117,2015,189236.0,10.0,189236.0,10.0,0.0,7.758935,0.032828152,2546.6924,83.6032,352466.794874,5697973.26289,05117
05117,2016,189236.0,10.0,189236.0,10.0,0.0,7.7272086,0.037193954,2467.164,91.76359,352466.794874,5697973.26289,05117
05117,2017,189236.0,10.0,189236.0,10.0,0.0,7.7999516,0.045340925,2653.3208,120.304016,352466.794874,5697973.26289,05117
05117,2018,189236.0,10.0,189236.0,10.0,0.0,7.801883,0.0035200878,2658.452,9.357984,352466.794874,5697973.26289,05117
05117,2019,189236.0,10.0,189236.0,10.0,0.0,7.88417,0.02535124,2886.46,73.17534,352466.794874,5697973.26289,05117
05117,2020,189236.0,10.0,189236.0,10.0,0.0,7.977941,0.006839837,3170.2217,21.683798,352466.794874,5697973.26289,05117
05117,2021,189236.0,10.0,189236.0,10.0,0.0,8.034479,0.039621346,3354.624,132.91472,352466.794874,5697973.26289,05117
05117,2022,189236.0,10.0,189236.0,10.0,0.0,8.105637,0.0027270047,3602.0288,9.822749,352466.794874,5697973.26289,05117
05117,2023,189236.0,10.0,189236.0,10.0,0.0,8.0372,0.039050616,3363.7634,131.35704,352466.794874,5697973.26289,05117
05117,2024,189236.0,10.0,189236.0,10.0,0.0,8.049736,0.0035872823,3406.1982,12.218994,352466.794874,5697973.26289,05117
05117,2025,189236.0,10.0,189236.0,10.0,0.0,8.037249,0.03283511,3363.9275,110.45493,352466.794874,5697973.26289,05117
05119,2007,163370.0,10.0,163370.0,10.0,0.0,7.294931,0.104042724,1612.5736,167.77654,350613.789585,5709087.23495,05119
05119,2008,163370.0,10.0,163370.0,10.0,0.0,7.156979,0.09529758,1404.7783,133.87198,350613.789585,5709087.23495,05119
05119,2009,163370.0,10.0,163370.0,10.0,0.0,7.0272293,0.085933864,1233.8379,106.02846,350613.789585,5709087.23495,05119
05119,2010,163370.0,10.0,163370.0,10.0,0.0,7.0562024,0.08545879,1270.1086,108.54195,350613.789585,5709087.23495,05119
05119,2011,163370.0,10.0,163370.0,10.0,0.0,7.0563107,0.07348198,1270.2465,93.34022,350613.789585,5709087.23495,05119
05119,2012,163370.0,10.0,163370.0,10.0,0.0,7.0769405,0.06213209,1296.7236,80.568146,350613.789585,5709087.23495,05119
05119,2013,163370.0,10.0,163370.0,10.0,0.0,6.9855857,0.067737214,1183.5118,80.16779,350613.789585,5709087.23495,05119
05119,2014,163370.0,10.0,163370.0,10.0,0.0,6.9769263,0.13944288,1173.3073,163.60933,350613.789585,5709087.23495,05119
05119,2015,163370.0,10.0,163370.0,10.0,0.0,7.167899,0.12204812,1420.2023,173.33301,350613.789585,5709087.23495,05119
05119,2016,163370.0,10.0,163370.0,10.0,0.0,7.1464868,0.17140381,1390.1158,238.27113,350613.789585,5709087.23495,05119
05119,2017,163370.0,10.0,163370.0,10.0,0.0,7.1706505,0.16811946,1424.1154,239.42151,350613.789585,5709087.23495,05119
05119,2018,163370.0,10.0,163370.0,10.0,0.0,7.1438165,0.16277157,1386.4087,225.66792,350613.789585,5709087.23495,05119
05119,2019,163370.0,10.0,163370.0,10.0,0.0,7.347899,0.101076506,1700.2904,171.8594,350613.789585,5709087.23495,05119
05119,2020,163370.0,10.0,163370.0,10.0,0.0,7.417566,0.052978758,1822.9684,96.578606,350613.789585,5709087.23495,05119
05119,2021,163370.0,10.0,163370.0,10.0,0.0,7.5190177,0.14547203,2017.6187,293.5071,350613.789585,5709087.23495,05119
05119,2022,163370.0,10.0,163370.0,10.0,0.0,7.6619387,0.12499594,2327.603,290.94092,350613.789585,5709087.23495,05119
05119,2023,163370.0,10.0,163370.0,10.0,0.0,7.5877256,0.16602069,2161.119,358.79044,350613.789585,5709087.23495,05119
05119,2024,163370.0,10.0,163370.0,10.0,0.0,7.713695,0.18554114,2451.2434,454.80646,350613.789585,5709087.23495,05119
05119,2025,163370.0,10.0,163370.0,10.0,0.0,7.647335,0.18763393,2293.8582,430.4056,350613.789585,5709087.23495,05119
05120,2007,127723.0,10.0,127723.0,10.0,0.0,7.3807817,0.12170674,1715.1669,208.74738,375875.140406,5671641.33474,05120
05120,2008,127723.0,10.0,127723.0,10.0,0.0,7.3548484,0.1274948,1671.2588,213.0768,375875.140406,5671641.33474,05120
05120,2009,127723.0,10.0,127723.0,10.0,0.0,7.292231,0.107662074,1569.818,169.00986,375875.140406,5671641.33474,05120
05120,2010,127723.0,10.0,127723.0,10.0,0.0,7.2474804,0.08623515,1501.1162,129.44897,375875.140406,5671641.33474,05120
05120,2011,127723.0,10.0,127723.0,10.0,0.0,7.239492,0.091691904,1489.1724,136.54504,375875.140406,5671641.33474,05120
05120,2012,127723.0,10.0,127723.0,10.0,0.0,7.193276,0.085592955,1421.9152,121.70592,375875.140406,5671641.33474,05120
05120,2013,127723.0,10.0,127723.0,10.0,0.0,7.2187066,0.08998692,1458.5387,131.2494,375875.140406,5671641.33474,05120
05120,2014,127723.0,10.0,127723.0,10.0,0.0,7.2352357,0.07042824,1482.8477,104.43435,375875.140406,5671641.33474,05120
05120,2015,127723.0,10.0,127723.0,10.0,0.0,7.131921,0.034936205,1337.2957,46.720036,375875.140406,5671641.33474,05120
05120,2016,127723.0,10.0,127723.0,10.0,0.0,7.2184367,0.09984518,1458.1455,145.58879,375875.140406,5671641.33474,05120
05120,2017,127723.0,10.0,127723.0,10.0,0.0,7.2407217,0.11144314,1491.0049,166.16226,375875.140406,5671641.33474,05120
05120,2018,127723.0,10.0,127723.0,10.0,0.0,7.2353826,0.13528514,1483.0651,200.63667,375875.140406,5671641.33474,05120
05120,2019,127723.0,10.0,127723.0,10.0,0.0,7.4120793,0.12936442,1769.6962,228.93571,375875.140406,5671641.33474,05120
05120,2020,127723.0,10.0,127723.0,10.0,0.0,7.5596943,0.07530162,2051.1956,154.45834,375875.140406,5671641.33474,05120
05120,2021,127723.0,10.0,127723.0,10.0,0.0,7.7007084,0.00029191584,2361.83,0.68945557,375875.140406,5671641.33474,05120
05120,2022,127723.0,10.0,127723.0,10.0,0.0,7.853381,0.052187797,2751.4,143.5895,375875.140406,5671641.33474,05120
05120,2023,127723.0,10.0,127723.0,10.0,0.0,7.814012,0.045470223,2645.1836,120.27708,375875.140406,5671641.33474,05120
05120,2024,127723.0,10.0,127723.0,10.0,0.0,7.7590904,0.019205071,2503.8235,48.08611,375875.140406,5671641.33474,05120
05120,2025,127723.0,10.0,127723.0,10.0,0.0,7.720942,0.054306936,2410.1055,130.88544,375875.140406,5671641.33474,05120
05122,2007,176589.0,10.0,176589.0,10.0,0.0,7.433819,0.05069756,1796.085,91.05713,364778.775808,5669668.78934,05122
05122,2008,176589.0,10.0,176589.0,10.0,0.0,7.408976,0.04113111,1752.0146,72.06231,364778.775808,5669668.78934,05122
05122,2009,176589.0,10.0,176589.0,10.0,0.0,7.345258,0.038788516,1643.8624,63.762985,364778.775808,5669668.78934,05122
05122,2010,176589.0,10.0,176589.0,10.0,0.0,7.267474,0.05436737,1520.8429,82.68423,364778.775808,5669668.78934,05122
05122,2011,176589.0,10.0,176589.0,10.0,0.0,7.2688384,0.05011673,1522.9185,76.32369,364778.775808,5669668.78934,05122
05122,2012,176589.0,10.0,176589.0,10.0,0.0,7.3062468,0.0499398,1580.9677,78.95321,364778.775808,5669668.78934,05122
05122,2013,176589.0,10.0,176589.0,10.0,0.0,7.2962613,0.02925069,1565.2596,45.784927,364778.775808,5669668.78934,05122
05122,2014,176589.0,10.0,176589.0,10.0,0.0,7.3891296,0.072293825,1717.5864,124.17088,364778.775808,5669668.78934,05122
05122,2015,176589.0,10.0,176589.0,10.0,0.0,7.3931684,0.034871534,1724.5374,60.13726,364778.775808,5669668.78934,05122
05122,2016,176589.0,10.0,176589.0,10.0,0.0,7.4870872,0.060184598,1894.3536,114.01091,364778.775808,5669668.78934,05122
05122,2017,176589.0,10.0,176589.0,10.0,0.0,7.591075,0.08434255,2101.9492,177.28374,364778.775808,5669668.78934,05122
05122,2018,176589.0,10.0,176589.0,10.0,0.0,7.639355,0.046375226,2205.9224,102.30015,364778.775808,5669668.78934,05122
05122,2019,176589.0,10.0,176589.0,10.0,0.0,7.730194,0.07766186,2415.6887,187.60686,364778.775808,5669668.78934,05122
05122,2020,176589.0,10.0,176589.0,10.0,0.0,7.859586,0.07390801,2749.3816,203.20132,364778.775808,5669668.78934,05122
05122,2021,176589.0,10.0,176589.0,10.0,0.0,7.969463,0.0756946,3068.6973,232.28381,364778.775808,5669668.78934,05122
05122,2022,176589.0,10.0,176589.0,10.0,0.0,8.033433,0.013583683,3271.416,44.43788,364778.775808,5669668.78934,05122
05122,2023,176589.0,10.0,176589.0,10.0,0.0,7.90289,0.019321581,2871.0574,55.47337,364778.775808,5669668.78934,05122
05122,2024,176589.0,10.0,176589.0,10.0,0.0,7.8283653,0.004661095,2664.8713,12.421217,364778.775808,5669668.78934,05122
05122,2025,176589.0,10.0,176589.0,10.0,0.0,7.8394566,0.0038514067,2694.5916,10.377968,364778.775808,5669668.78934,05122
05124,2007,187656.0,10.0,187656.0,10.0,0.0,7.2801013,0.026200345,1565.2644,41.010468,372210.663401,5679292.28697,05124
05124,2008,187656.0,10.0,187656.0,10.0,0.0,7.273671,0.043563914,1555.2316,67.75197,372210.663401,5679292.28697,05124
05124,2009,187656.0,10.0,187656.0,10.0,0.0,7.0514264,0.052418794,1245.3038,65.27733,372210.663401,5679292.28697,05124
05124,2010,187656.0,10.0,187656.0,10.0,0.0,7.1214476,0.062070515,1335.627,82.90305,372210.663401,5679292.28697,05124
05124,2011,187656.0,10.0,187656.0,10.0,0.0,7.1035314,0.04049793,1311.9105,53.12966,372210.663401,5679292.28697,05124
05124,2012,187656.0,10.0,187656.0,10.0,0.0,7.1184874,0.041314956,1331.6791,55.018265,372210.663401,5679292.28697,05124
05124,2013,187656.0,10.0,187656.0,10.0,0.0,7.079074,0.028746635,1280.2139,36.801838,372210.663401,5679292.28697,05124
05124,2014,187656.0,10.0,187656.0,10.0,0.0,7.0964484,0.046174813,1302.6516,60.149696,372210.663401,5679292.28697,05124
05124,2015,187656.0,10.0,187656.0,10.0,0.0,7.1275816,0.05437385,1343.8451,73.07003,372210.663401,5679292.28697,05124
05124,2016,187656.0,10.0,187656.0,10.0,0.0,7.187551,0.06260757,1426.9004,89.33476,372210.663401,5679292.28697,05124
05124,2017,187656.0,10.0,187656.0,10.0,0.0,7.2721114,0.044892333,1552.8079,69.70917,372210.663401,5679292.28697,05124
05124,2018,187656.0,10.0,187656.0,10.0,0.0,7.374155,0.041841853,1719.629,71.95246,372210.663401,5679292.28697,05124
05124,2019,187656.0,10.0,187656.0,10.0,0.0,7.412156,0.072025456,1786.2343,128.65433,372210.663401,5679292.28697,05124
05124,2020,187656.0,10.0,187656.0,10.0,0.0,7.5906563,0.054801505,2135.3054,117.017944,372210.663401,5679292.28697,05124
05124,2021,187656.0,10.0,187656.0,10.0,0.0,7.7258344,0.057046965,2444.3706,139.44392,372210.663401,5679292.28697,05124
05124,2022,187656.0,10.0,187656.0,10.0,0.0,7.805047,0.050169334,2645.8716,132.74161,372210.663401,5679292.28697,05124
05124,2023,187656.0,10.0,187656.0,10.0,0.0,7.7251806,0.07801863,2442.7737,190.58185,372210.663401,5679292.28697,05124
05124,2024,187656.0,10.0,187656.0,10.0,0.0,7.7417555,0.050794594,2483.5999,126.15344,372210.663401,5679292.28697,05124
05124,2025,187656.0,10.0,187656.0,10.0,0.0,7.791923,0.06607906,2611.3738,172.55711,372210.663401,5679292.28697,05124
05154,2007,38752.0,10.0,38752.0,10.0,0.0,7.2474527,0.046526328,1490.2041,69.333725,307259.251512,5737840.96723,05154
05154,2008,38752.0,10.0,38752.0,10.0,0.0,7.1825666,0.12952778,1396.5809,180.89603,307259.251512,5737840.96723,05154
05154,2009,38752.0,10.0,38752.0,10.0,0.0,7.1901207,0.07717159,1407.171,108.59362,307259.251512,5737840.96723,05154
05154,2010,38752.0,10.0,38752.0,10.0,0.0,7.239411,0.010651283,1478.2681,15.745452,307259.251512,5737840.96723,05154
05154,2011,38752.0,10.0,38752.0,10.0,0.0,7.1547112,0.081725016,1358.2156,111.00018,307259.251512,5737840.96723,05154
05154,2012,38752.0,10.0,38752.0,10.0,0.0,7.3103385,0.02682028,1586.9266,42.561813,307259.251512,5737840.96723,05154
05154,2013,38752.0,10.0,38752.0,10.0,0.0,7.3537374,0.094954066,1657.3131,157.36862,307259.251512,5737840.96723,05154
05154,2014,38752.0,10.0,38752.0,10.0,0.0,7.3131323,0.12837885,1591.3657,204.29771,307259.251512,5737840.96723,05154
05154,2015,38752.0,10.0,38752.0,10.0,0.0,7.3420887,0.09276615,1638.12,151.96208,307259.251512,5737840.96723,05154
05154,2016,38752.0,10.0,38752.0,10.0,0.0,7.5210238,0.21303612,1959.098,417.3586,307259.251512,5737840.96723,05154
05154,2017,38752.0,10.0,38752.0,10.0,0.0,7.6523595,0.1762661,2234.058,393.78873,307259.251512,5737840.96723,05154
05154,2018,38752.0,10.0,38752.0,10.0,0.0,7.364726,0.22677642,1675.6259,379.99243,307259.251512,5737840.96723,05154
05154,2019,38752.0,10.0,38752.0,10.0,0.0,7.5754604,0.17594485,2068.7012,363.97733,307259.251512,5737840.96723,05154
05154,2020,38752.0,10.0,38752.0,10.0,0.0,7.7488074,0.04641397,2460.2622,114.19054,307259.251512,5737840.96723,05154
05154,2021,38752.0,10.0,38752.0,10.0,0.0,7.886215,0.111377165,2822.6484,314.37857,307259.251512,5737840.96723,05154
05154,2022,38752.0,10.0,38752.0,10.0,0.0,7.8101373,0.09409355,2615.8723,246.13673,307259.251512,5737840.96723,05154
05154,2023,38752.0,10.0,38752.0,10.0,0.0,7.7668185,0.04189392,2504.976,104.943275,307259.251512,5737840.96723,05154
05154,2024,38752.0,10.0,38752.0,10.0,0.0,7.771043,0.00662985,2515.5803,16.67792,307259.251512,5737840.96723,05154
05154,2025,38752.0,10.0,38752.0,10.0,0.0,7.909271,0.04031571,2888.4832,116.45125,307259.251512,5737840.96723,05154
05158,2007,210797.0,10.0,210797.0,10.0,0.0,7.666172,0.0604727,2254.2695,136.32176,355218.222228,5676080.49296,05158
05158,2008,210797.0,10.0,210797.0,10.0,0.0,7.651333,0.09035913,2221.0652,200.69351,355218.222228,5676080.49296,05158
05158,2009,210797.0,10.0,210797.0,10.0,0.0,7.5380716,0.064782076,1983.228,128.47763,355218.222228,5676080.49296,05158
05158,2010,210797.0,10.0,210797.0,10.0,0.0,7.5132556,0.087883145,1934.6174,170.02026,355218.222228,5676080.49296,05158
05158,2011,210797.0,10.0,210797.0,10.0,0.0,7.577601,0.07808421,2063.194,161.10287,355218.222228,5676080.49296,05158
05158,2012,210797.0,10.0,210797.0,10.0,0.0,7.602245,0.0012522672,2114.6704,2.6481323,355218.222228,5676080.49296,05158
05158,2013,210797.0,10.0,210797.0,10.0,0.0,7.5902805,0.042494267,2089.521,88.79266,355218.222228,5676080.49296,05158
05158,2014,210797.0,10.0,210797.0,10.0,0.0,7.6581764,0.11909893,2236.3174,266.34302,355218.222228,5676080.49296,05158
05158,2015,210797.0,10.0,210797.0,10.0,0.0,7.682897,0.09804974,2292.2896,224.7584,355218.222228,5676080.49296,05158
05158,2016,210797.0,10.0,210797.0,10.0,0.0,7.71271,0.019562881,2361.6587,46.200848,355218.222228,5676080.49296,05158
05158,2017,210797.0,10.0,210797.0,10.0,0.0,7.8231583,0.108959,2637.4497,287.3739,355218.222228,5676080.49296,05158
05158,2018,210797.0,10.0,210797.0,10.0,0.0,8.008088,0.036666993,3173.2058,116.35191,355218.222228,5676080.49296,05158
05158,2019,210797.0,10.0,210797.0,10.0,0.0,7.951349,0.069104426,2998.1724,207.18698,355218.222228,5676080.49296,05158
05158,2020,210797.0,10.0,210797.0,10.0,0.0,8.025761,0.038548987,3229.7825,124.504845,355218.222228,5676080.49296,05158
05158,2021,210797.0,10.0,210797.0,10.0,0.0,8.204894,0.02289815,3863.4028,88.46478,355218.222228,5676080.49296,05158
05158,2022,210797.0,10.0,210797.0,10.0,0.0,8.256043,0.0014224898,4066.1538,5.784062,355218.222228,5676080.49296,05158
05158,2023,210797.0,10.0,210797.0,10.0,0.0,8.241682,0.025281666,4008.1765,101.333374,355218.222228,5676080.49296,05158
05158,2024,210797.0,10.0,210797.0,10.0,0.0,8.250367,0.027799606,4043.1375,112.39763,355218.222228,5676080.49296,05158
05158,2025,210797.0,10.0,210797.0,10.0,0.0,8.256295,0.050356574,4067.1755,204.80902,355218.222228,5676080.49296,05158
05162,2007,90998.0,10.0,90998.0,10.0,0.0,7.518134,0.049784385,1941.807,96.67167,345651.038382,5663774.03219,05162
05162,2008,90998.0,10.0,90998.0,10.0,0.0,7.500059,0.03287654,1907.0233,62.696327,345651.038382,5663774.03219,05162
05162,2009,90998.0,10.0,90998.0,10.0,0.0,7.4198456,0.04053825,1760.029,71.3485,345651.038382,5663774.03219,05162
05162,2010,90998.0,10.0,90998.0,10.0,0.0,7.380889,0.059489496,1692.7823,100.70277,345651.038382,5663774.03219,05162
05162,2011,90998.0,10.0,90998.0,10.0,0.0,7.396301,0.052762963,1719.0732,90.7034,345651.038382,5663774.03219,05162
05162,2012,90998.0,10.0,90998.0,10.0,0.0,7.5197487,0.19402112,1944.9442,377.36026,345651.038382,5663774.03219,05162
05162,2013,90998.0,10.0,90998.0,10.0,0.0,7.49082,0.092103034,1889.486,174.02739,345651.038382,5663774.03219,05162
05162,2014,90998.0,10.0,90998.0,10.0,0.0,7.494385,0.008921977,1896.2334,16.918152,345651.038382,5663774.03219,05162
05162,2015,90998.0,10.0,90998.0,10.0,0.0,7.5583043,0.02298944,2021.3972,46.470795,345651.038382,5663774.03219,05162
05162,2016,90998.0,10.0,90998.0,10.0,0.0,7.571368,0.055757526,2047.9774,114.190155,345651.038382,5663774.03219,05162
05162,2017,90998.0,10.0,90998.0,10.0,0.0,7.583648,0.0151774725,2073.2825,31.467186,345651.038382,5663774.03219,05162
05162,2018,90998.0,10.0,90998.0,10.0,0.0,7.7844806,0.058011208,2534.4204,147.02478,345651.038382,5663774.03219,05162
05162,2019,90998.0,10.0,90998.0,10.0,0.0,7.639828,0.0041759093,2193.0925,9.158155,345651.038382,5663774.03219,05162
05162,2020,90998.0,10.0,90998.0,10.0,0.0,7.8542824,0.05088259,2717.6492,138.28102,345651.038382,5663774.03219,05162
05162,2021,90998.0,10.0,90998.0,10.0,0.0,8.171106,0.06836975,3730.6816,255.0658,345651.038382,5663774.03219,05162
05162,2022,90998.0,10.0,90998.0,10.0,0.0,8.149426,0.022232074,3650.6711,81.161995,345651.038382,5663774.03219,05162
05162,2023,90998.0,10.0,90998.0,10.0,0.0,8.089301,0.044632528,3437.6404,153.43059,345651.038382,5663774.03219,05162
05162,2024,90998.0,10.0,90998.0,10.0,0.0,8.087535,0.014882042,3431.5771,51.068874,345651.038382,5663774.03219,05162
05162,2025,90998.0,10.0,90998.0,10.0,0.0,7.9853053,0.10481955,3098.1033,324.74176,345651.038382,5663774.03219,05162
05166,2007,46190.0,10.0,46190.0,10.0,0.0,7.3649774,0.06370793,1661.3619,105.841934,302159.009149,5682919.3837,05166
05166,2008,46190.0,10.0,46190.0,10.0,0.0,7.3142247,0.024220359,1579.1472,38.24751,302159.009149,5682919.3837,05166
05166,2009,46190.0,10.0,46190.0,10.0,0.0,7.254793,0.03759369,1488.0302,55.94054,302159.009149,5682919.3837,05166
05166,2010,46190.0,10.0,46190.0,10.0,0.0,7.3322477,0.107650355,1607.8666,173.0874,302159.009149,5682919.3837,05166
05166,2011,46190.0,10.0,46190.0,10.0,0.0,7.2146745,0.027275208,1429.514,38.990295,302159.009149,5682919.3837,05166
05166,2012,46190.0,10.0,46190.0,10.0,0.0,7.298315,0.06846611,1554.2225,106.411575,302159.009149,5682919.3837,05166
05166,2013,46190.0,10.0,46190.0,10.0,0.0,7.3134933,0.0573938,1577.9927,90.567,302159.009149,5682919.3837,05166
05166,2014,46190.0,10.0,46190.0,10.0,0.0,7.2171097,0.12904315,1433.0,184.91884,302159.009149,5682919.3837,05166
05166,2015,46190.0,10.0,46190.0,10.0,0.0,7.241713,0.06451346,1468.6938,94.75053,302159.009149,5682919.3837,05166
05166,2016,46190.0,10.0,46190.0,10.0,0.0,7.386326,0.11285981,1697.2103,191.54683,302159.009149,5682919.3837,05166
05166,2017,46190.0,10.0,46190.0,10.0,0.0,7.3088856,0.049651254,1570.7386,77.98914,302159.009149,5682919.3837,05166
05166,2018,46190.0,10.0,46190.0,10.0,0.0,7.412876,0.034689557,1742.8759,60.459595,302159.009149,5682919.3837,05166
05166,2019,46190.0,10.0,46190.0,10.0,0.0,7.386916,0.15921247,1698.213,270.37668,302159.009149,5682919.3837,05166
05166,2020,46190.0,10.0,46190.0,10.0,0.0,7.594617,0.016826916,2090.2358,35.172222,302159.009149,5682919.3837,05166
05166,2021,46190.0,10.0,46190.0,10.0,0.0,7.6193748,0.113252774,2142.6318,242.65898,302159.009149,5682919.3837,05166
05166,2022,46190.0,10.0,46190.0,10.0,0.0,8.025985,0.0337535,3217.6292,108.60624,302159.009149,5682919.3837,05166
05166,2023,46190.0,10.0,46190.0,10.0,0.0,7.8662353,0.08052636,2742.57,220.84918,302159.009149,5682919.3837,05166
05166,2024,46190.0,10.0,46190.0,10.0,0.0,7.848067,0.06344574,2693.1921,170.87157,302159.009149,5682919.3837,05166
05166,2025,46190.0,10.0,46190.0,10.0,0.0,7.8835006,0.0031807846,2790.333,8.875449,302159.009149,5682919.3837,05166
05170,2007,27406.0,10.0,27406.0,10.0,0.0,7.34681,0.05453575,1631.3857,88.96884,326077.754176,5719152.61847,05170
05170,2008,27406.0,10.0,27406.0,10.0,0.0,7.3657117,0.003339839,1662.5154,5.5525336,326077.754176,5719152.61847,05170
05170,2009,27406.0,10.0,27406.0,10.0,0.0,7.2527137,0.04817952,1484.88,71.5408,326077.754176,5719152.61847,05170
05170,2010,27406.0,10.0,27406.0,10.0,0.0,7.238159,0.07157493,1463.4247,104.744514,326077.754176,5719152.61847,05170
05170,2011,27406.0,10.0,27406.0,10.0,0.0,7.2501388,0.02389653,1481.0609,35.392216,326077.754176,5719152.61847,05170
05170,2012,27406.0,10.0,27406.0,10.0,0.0,7.3904443,0.090791754,1704.1466,154.72246,326077.754176,5719152.61847,05170
05170,2013,27406.0,10.0,27406.0,10.0,0.0,7.34448,0.08636389,1627.5897,140.56497,326077.754176,5719152.61847,05170
05170,2014,27406.0,10.0,27406.0,10.0,0.0,7.300952,0.0034456658,1558.2637,5.3692555,326077.754176,5719152.61847,05170
05170,2015,27406.0,10.0,27406.0,10.0,0.0,7.3268857,0.020411158,1599.2034,32.641594,326077.754176,5719152.61847,05170
05170,2016,27406.0,10.0,27406.0,10.0,0.0,7.4719257,0.033271126,1848.8167,61.51221,326077.754176,5719152.61847,05170
05170,2017,27406.0,10.0,27406.0,10.0,0.0,7.258033,0.04344681,1492.799,64.85735,326077.754176,5719152.61847,05170
05170,2018,27406.0,10.0,27406.0,10.0,0.0,7.5044575,0.027561469,1909.9512,52.64106,326077.754176,5719152.61847,05170
05170,2019,27406.0,10.0,27406.0,10.0,0.0,7.589912,0.009138243,2080.3413,19.010666,326077.754176,5719152.61847,05170
05170,2020,27406.0,10.0,27406.0,10.0,0.0,7.6765957,0.0038657216,2268.7195,8.770238,326077.754176,5719152.61847,05170
05170,2021,27406.0,10.0,27406.0,10.0,0.0,7.7559056,0.14273196,2455.9795,350.54678,326077.754176,5719152.61847,05170
05170,2022,27406.0,10.0,27406.0,10.0,0.0,7.810005,0.040391218,2592.5068,104.71451,326077.754176,5719152.61847,05170
05170,2023,27406.0,10.0,27406.0,10.0,0.0,7.8273106,0.05701208,2637.7615,150.38428,326077.754176,5719152.61847,05170
05170,2024,27406.0,10.0,27406.0,10.0,0.0,7.8309026,0.0332678,2647.253,88.06829,326077.754176,5719152.61847,05170
05170,2025,27406.0,10.0,27406.0,10.0,0.0,7.9539304,0.07143736,2993.8213,213.87067,326077.754176,5719152.61847,05170
05314,2007,134950.0,10.0,134950.0,10.0,0.0,7.730858,0.0011871747,2398.1765,2.8470547,366535.122828,5618810.13108,05314
05314,2008,134950.0,10.0,134950.0,10.0,0.0,7.719348,0.009519998,2370.732,22.569363,366535.122828,5618810.13108,05314
05314,2009,134950.0,10.0,134950.0,10.0,0.0,7.726183,0.00037538967,2386.9922,0.8960522,366535.122828,5618810.13108,05314
05314,2010,134950.0,10.0,134950.0,10.0,0.0,7.7326107,0.028299,2402.384,67.98506,366535.122828,5618810.13108,05314
05314,2011,134950.0,10.0,134950.0,10.0,0.0,7.744418,0.028024787,2430.918,68.12596,366535.122828,5618810.13108,05314
05314,2012,134950.0,10.0,134950.0,10.0,0.0,7.8366733,0.0490159,2665.853,130.66917,366535.122828,5618810.13108,05314
05314,2013,134950.0,10.0,134950.0,10.0,0.0,7.935613,0.002532166,2943.102,7.4524226,366535.122828,5618810.13108,05314
05314,2014,134950.0,10.0,134950.0,10.0,0.0,7.9943156,0.024289278,3121.0408,75.80783,366535.122828,5618810.13108,05314
05314,2015,134950.0,10.0,134950.0,10.0,0.0,8.028586,0.0029304146,3229.8557,9.464817,366535.122828,5618810.13108,05314
05314,2016,134950.0,10.0,134950.0,10.0,0.0,8.093521,0.019662693,3446.5442,67.76834,366535.122828,5618810.13108,05314
05314,2017,134950.0,10.0,134950.0,10.0,0.0,8.147293,0.022600781,3636.9463,82.19783,366535.122828,5618810.13108,05314
05314,2018,134950.0,10.0,134950.0,10.0,0.0,8.266276,0.0116379,4096.4756,47.674374,366535.122828,5618810.13108,05314
05314,2019,134950.0,10.0,134950.0,10.0,0.0,8.349149,0.024417793,4450.424,108.669525,366535.122828,5618810.13108,05314
05314,2020,134950.0,10.0,134950.0,10.0,0.0,8.458621,0.030244201,4965.289,150.17122,366535.122828,5618810.13108,05314
05314,2021,134950.0,10.0,134950.0,10.0,0.0,8.564101,0.03788759,5517.6514,209.0505,366535.122828,5618810.13108,05314
05314,2022,134950.0,10.0,134950.0,10.0,0.0,8.624459,0.017052969,5860.9385,99.9464,366535.122828,5618810.13108,05314
05314,2023,134950.0,10.0,134950.0,10.0,0.0,8.521513,0.011770163,5287.5957,62.235867,366535.122828,5618810.13108,05314
05314,2024,134950.0,10.0,134950.0,10.0,0.0,8.5155525,0.006934397,5256.173,36.44839,366535.122828,5618810.13108,05314
05314,2025,134950.0,10.0,134950.0,10.0,0.0,8.576853,0.0153733445,5588.4604,85.91332,366535.122828,5618810.13108,05314
05315,2007,240793.0,10.0,240793.0,10.0,0.0,7.795753,0.08688149,2570.1118,223.29514,357636.998732,5645730.82125,05315
05315,2008,240793.0,10.0,240793.0,10.0,0.0,7.7619963,0.08900449,2484.8015,221.15848,357636.998732,5645730.82125,05315
05315,2009,240793.0,10.0,240793.0,10.0,0.0,7.7243686,0.09366502,2393.0405,224.1442,357636.998732,5645730.82125,05315
05315,2010,240793.0,10.0,240793.0,10.0,0.0,7.770692,0.091938645,2506.5015,230.44435,357636.998732,5645730.82125,05315
05315,2011,240793.0,10.0,240793.0,10.0,0.0,7.8444023,0.091598675,2698.2375,247.15498,357636.998732,5645730.82125,05315
05315,2012,240793.0,10.0,240793.0,10.0,0.0,7.982257,0.09046768,3097.0593,280.18375,357636.998732,5645730.82125,05315
05315,2013,240793.0,10.0,240793.0,10.0,0.0,8.10645,0.08109094,3506.5967,284.35324,357636.998732,5645730.82125,05315
05315,2014,240793.0,10.0,240793.0,10.0,0.0,8.129316,0.07458401,3587.7031,267.5853,357636.998732,5645730.82125,05315
05315,2015,240793.0,10.0,240793.0,10.0,0.0,8.246915,0.06983489,4035.4229,281.8133,357636.998732,5645730.82125,05315
05315,2016,240793.0,10.0,240793.0,10.0,0.0,8.30928,0.07017062,4295.107,301.3903,357636.998732,5645730.82125,05315
05315,2017,240793.0,10.0,240793.0,10.0,0.0,8.426714,0.09504278,4830.31,459.0861,357636.998732,5645730.82125,05315
05315,2018,240793.0,10.0,240793.0,10.0,0.0,8.495594,0.09384155,5174.748,485.60638,357636.998732,5645730.82125,05315
05315,2019,240793.0,10.0,240793.0,10.0,0.0,8.553028,0.091713734,5480.652,502.65106,357636.998732,5645730.82125,05315
05315,2020,240793.0,10.0,240793.0,10.0,0.0,8.670177,0.08195757,6161.83,505.0086,357636.998732,5645730.82125,05315
05315,2021,240793.0,10.0,240793.0,10.0,0.0,8.789419,0.06587729,6942.1772,457.3318,357636.998732,5645730.82125,05315
05315,2022,240793.0,10.0,240793.0,10.0,0.0,8.803783,0.06456742,7042.6143,454.72345,357636.998732,5645730.82125,05315
05315,2023,240793.0,10.0,240793.0,10.0,0.0,8.7459755,0.07809143,6647.0386,519.0768,357636.998732,5645730.82125,05315
05315,2024,240793.0,10.0,240793.0,10.0,0.0,8.791424,0.0751754,6956.1045,522.9279,357636.998732,5645730.82125,05315
05315,2025,240793.0,10.0,240793.0,10.0,0.0,8.80343,0.08132364,7040.1226,572.5284,357636.998732,5645730.82125,05315
05316,2007,139265.0,10.0,139265.0,10.0,0.0,7.49132,0.07197866,1882.9186,135.52995,360907.084071,5657601.65019,05316
05316,2008,139265.0,10.0,139265.0,10.0,0.0,7.4849253,0.04669834,1870.916,87.368675,360907.084071,5657601.65019,05316
05316,2009,139265.0,10.0,139265.0,10.0,0.0,7.42189,0.07621756,1756.622,133.88544,360907.084071,5657601.65019,05316
05316,2010,139265.0,10.0,139265.0,10.0,0.0,7.4263253,0.0675911,1764.4309,119.25983,360907.084071,5657601.65019,05316
05316,2011,139265.0,10.0,139265.0,10.0,0.0,7.3985186,0.082528785,1716.0441,141.62303,360907.084071,5657601.65019,05316
05316,2012,139265.0,10.0,139265.0,10.0,0.0,7.4545207,0.04057831,1814.8877,73.64507,360907.084071,5657601.65019,05316
05316,2013,139265.0,10.0,139265.0,10.0,0.0,7.5081325,0.041553408,1914.8423,79.56823,360907.084071,5657601.65019,05316
05316,2014,139265.0,10.0,139265.0,10.0,0.0,7.5442123,0.0033646282,1985.1909,6.6794295,360907.084071,5657601.65019,05316
05316,2015,139265.0,10.0,139265.0,10.0,0.0,7.5951476,0.017630016,2088.9268,36.827812,360907.084071,5657601.65019,05316
05316,2016,139265.0,10.0,139265.0,10.0,0.0,7.6784782,0.0024074535,2270.4565,5.466018,360907.084071,5657601.65019,05316
05316,2017,139265.0,10.0,139265.0,10.0,0.0,7.7045856,0.00706865,2330.5132,16.473581,360907.084071,5657601.65019,05316
05316,2018,139265.0,10.0,139265.0,10.0,0.0,7.7284737,0.0028298926,2386.8547,6.7545424,360907.084071,5657601.65019,05316
05316,2019,139265.0,10.0,139265.0,10.0,0.0,7.801896,0.00792878,2568.6975,20.366638,360907.084071,5657601.65019,05316
05316,2020,139265.0,10.0,139265.0,10.0,0.0,7.9375653,0.025147976,2941.9375,73.98378,360907.084071,5657601.65019,05316
05316,2021,139265.0,10.0,139265.0,10.0,0.0,8.127047,0.026001234,3555.6897,92.45232,360907.084071,5657601.65019,05316
05316,2022,139265.0,10.0,139265.0,10.0,0.0,8.165439,0.037960455,3694.8545,140.25836,360907.084071,5657601.65019,05316
05316,2023,139265.0,10.0,139265.0,10.0,0.0,8.059839,0.019006768,3324.5754,63.189434,360907.084071,5657601.65019,05316
05316,2024,139265.0,10.0,139265.0,10.0,0.0,8.06356,0.003069308,3336.968,10.242182,360907.084071,5657601.65019,05316
05316,2025,139265.0,10.0,139265.0,10.0,0.0,8.01237,0.011381784,3170.4475,36.08535,360907.084071,5657601.65019,05316
05334,2007,77521.0,10.0,77521.0,10.0,0.0,7.49873,0.05798664,1917.4204,111.18476,296161.224185,5627068.69594,05334
05334,2008,77521.0,10.0,77521.0,10.0,0.0,7.422146,0.06407828,1776.0582,113.806755,296161.224185,5627068.69594,05334
05334,2009,77521.0,10.0,77521.0,10.0,0.0,7.359632,0.036030777,1668.4287,60.114784,296161.224185,5627068.69594,05334
05334,2010,77521.0,10.0,77521.0,10.0,0.0,7.4451027,0.039440047,1817.3024,71.67449,296161.224185,5627068.69594,05334
05334,2011,77521.0,10.0,77521.0,10.0,0.0,7.5359054,0.049607273,1990.042,98.72056,296161.224185,5627068.69594,05334
05334,2012,77521.0,10.0,77521.0,10.0,0.0,7.6193805,0.0812196,2163.2915,175.70168,296161.224185,5627068.69594,05334
05334,2013,77521.0,10.0,77521.0,10.0,0.0,7.728694,0.063101426,2413.1772,152.27492,296161.224185,5627068.69594,05334
05334,2014,77521.0,10.0,77521.0,10.0,0.0,7.801294,0.043678135,2594.8896,113.339935,296161.224185,5627068.69594,05334
05334,2015,77521.0,10.0,77521.0,10.0,0.0,7.8259983,0.02757886,2659.7942,73.354095,296161.224185,5627068.69594,05334
05334,2016,77521.0,10.0,77521.0,10.0,0.0,7.9992604,0.033115618,3162.968,104.74364,296161.224185,5627068.69594,05334
05334,2017,77521.0,10.0,77521.0,10.0,0.0,7.995554,0.048121355,3151.2656,151.64317,296161.224185,5627068.69594,05334
05334,2018,77521.0,10.0,77521.0,10.0,0.0,8.040147,0.06002624,3294.972,197.78477,296161.224185,5627068.69594,05334
05334,2019,77521.0,10.0,77521.0,10.0,0.0,8.254472,0.087167665,4082.5522,355.86655,296161.224185,5627068.69594,05334
05334,2020,77521.0,10.0,77521.0,10.0,0.0,8.193969,0.08559932,3842.8691,328.947,296161.224185,5627068.69594,05334
05334,2021,77521.0,10.0,77521.0,10.0,0.0,8.254231,0.03137993,4081.5698,128.07938,296161.224185,5627068.69594,05334
05334,2022,77521.0,10.0,77521.0,10.0,0.0,8.334894,0.021047328,4424.445,93.122734,296161.224185,5627068.69594,05334
05334,2023,77521.0,10.0,77521.0,10.0,0.0,8.3308935,0.02245986,4406.7803,98.97567,296161.224185,5627068.69594,05334
05334,2024,77521.0,10.0,77521.0,10.0,0.0,8.3062725,0.02468393,4299.605,106.13115,296161.224185,5627068.69594,05334
05334,2025,77521.0,10.0,77521.0,10.0,0.0,8.244574,0.015860667,4042.3428,64.11425,296161.224185,5627068.69594,05334
05358,2007,65153.0,10.0,65153.0,10.0,0.0,7.28191,0.08927764,1551.3721,138.50284,307453.153802,5642080.90353,05358
05358,2008,65153.0,10.0,65153.0,10.0,0.0,7.186531,0.052021388,1410.2411,73.3627,307453.153802,5642080.90353,05358
05358,2009,65153.0,10.0,65153.0,10.0,0.0,7.1736636,0.0575374,1392.2117,80.10424,307453.153802,5642080.90353,05358
05358,2010,65153.0,10.0,65153.0,10.0,0.0,7.2019477,0.07057497,1432.151,101.07401,307453.153802,5642080.90353,05358
05358,2011,65153.0,10.0,65153.0,10.0,0.0,7.2215443,0.0897748,1460.4928,131.11545,307453.153802,5642080.90353,05358
05358,2012,65153.0,10.0,65153.0,10.0,0.0,7.1548057,0.081493534,1366.2032,111.33673,307453.153802,5642080.90353,05358
05358,2013,65153.0,10.0,65153.0,10.0,0.0,7.138214,0.09827849,1343.7228,132.05905,307453.153802,5642080.90353,05358
05358,2014,65153.0,10.0,65153.0,10.0,0.0,7.0309725,0.092234105,1207.0776,111.33372,307453.153802,5642080.90353,05358
05358,2015,65153.0,10.0,65153.0,10.0,0.0,7.2081227,0.092677616,1441.022,133.55048,307453.153802,5642080.90353,05358
05358,2016,65153.0,10.0,65153.0,10.0,0.0,7.279457,0.13881253,1547.5718,214.82234,307453.153802,5642080.90353,05358
05358,2017,65153.0,10.0,65153.0,10.0,0.0,7.318559,0.068933606,1609.2836,110.93372,307453.153802,5642080.90353,05358
05358,2018,65153.0,10.0,65153.0,10.0,0.0,7.407999,0.10725572,1759.8508,188.75406,307453.153802,5642080.90353,05358
05358,2019,65153.0,10.0,65153.0,10.0,0.0,7.452309,0.1075723,1839.5829,197.88817,307453.153802,5642080.90353,05358
05358,2020,65153.0,10.0,65153.0,10.0,0.0,7.5337114,0.06595006,1995.5934,131.6095,307453.153802,5642080.90353,05358
05358,2021,65153.0,10.0,65153.0,10.0,0.0,7.718599,0.010562999,2400.864,25.360325,307453.153802,5642080.90353,05358
05358,2022,65153.0,10.0,65153.0,10.0,0.0,7.8604007,0.0053952057,2766.6309,14.926541,307453.153802,5642080.90353,05358
05358,2023,65153.0,10.0,65153.0,10.0,0.0,7.694163,0.023922518,2342.9077,56.048252,307453.153802,5642080.90353,05358
05358,2024,65153.0,10.0,65153.0,10.0,0.0,7.6441865,0.063968144,2228.6953,142.5655,307453.153802,5642080.90353,05358
05358,2025,65153.0,10.0,65153.0,10.0,0.0,7.763716,0.03363435,2511.665,84.47822,307453.153802,5642080.90353,05358
05362,2007,51802.0,10.0,51802.0,10.0,0.0,7.207767,0.01642622,1432.0367,23.522951,327788.118092,5653774.60667,05362
05362,2008,51802.0,10.0,51802.0,10.0,0.0,7.2176657,0.02324703,1446.282,33.62176,327788.118092,5653774.60667,05362
05362,2009,51802.0,10.0,51802.0,10.0,0.0,7.1507916,0.017328408,1352.7266,23.4406,327788.118092,5653774.60667,05362
05362,2010,51802.0,10.0,51802.0,10.0,0.0,7.147398,0.051295247,1348.1437,69.153366,327788.118092,5653774.60667,05362
05362,2011,51802.0,10.0,51802.0,10.0,0.0,7.11633,0.03429456,1306.9037,44.819683,327788.118092,5653774.60667,05362
05362,2012,51802.0,10.0,51802.0,10.0,0.0,7.102087,0.05023478,1288.421,64.72355,327788.118092,5653774.60667,05362
05362,2013,51802.0,10.0,51802.0,10.0,0.0,7.1350913,0.07281075,1331.6538,96.95871,327788.118092,5653774.60667,05362
05362,2014,51802.0,10.0,51802.0,10.0,0.0,7.173136,0.016068956,1383.2927,22.22807,327788.118092,5653774.60667,05362
05362,2015,51802.0,10.0,51802.0,10.0,0.0,7.156841,0.0079806475,1360.9341,10.861135,327788.118092,5653774.60667,05362
05362,2016,51802.0,10.0,51802.0,10.0,0.0,7.187342,0.06507748,1403.0839,91.30917,327788.118092,5653774.60667,05362
05362,2017,51802.0,10.0,51802.0,10.0,0.0,7.3014174,0.09865353,1572.6274,155.14525,327788.118092,5653774.60667,05362
05362,2018,51802.0,10.0,51802.0,10.0,0.0,7.5002117,0.10706668,1918.4974,205.40715,327788.118092,5653774.60667,05362
05362,2019,51802.0,10.0,51802.0,10.0,0.0,7.6781597,0.046001382,2292.1501,105.44207,327788.118092,5653774.60667,05362
05362,2020,51802.0,10.0,51802.0,10.0,0.0,7.6908793,0.011967999,2321.492,27.783613,327788.118092,5653774.60667,05362
05362,2021,51802.0,10.0,51802.0,10.0,0.0,7.822583,0.091050096,2648.2886,241.12692,327788.118092,5653774.60667,05362
05362,2022,51802.0,10.0,51802.0,10.0,0.0,7.9574127,0.008861921,3030.547,26.856468,327788.118092,5653774.60667,05362
05362,2023,51802.0,10.0,51802.0,10.0,0.0,7.8279147,0.044634193,2662.4458,118.83612,327788.118092,5653774.60667,05362
05362,2024,51802.0,10.0,51802.0,10.0,0.0,7.824673,0.11478513,2653.8296,304.62018,327788.118092,5653774.60667,05362
05362,2025,51802.0,10.0,51802.0,10.0,0.0,7.8531117,0.0577735,2730.3845,157.74387,327788.118092,5653774.60667,05362
05366,2007,17292.0,10.0,17292.0,10.0,0.0,7.1621375,0.007861199,1374.1776,10.802684,345211.639772,5600066.53936,05366
05366,2008,17292.0,10.0,17292.0,10.0,0.0,7.2333493,0.033013366,1475.6036,48.714645,345211.639772,5600066.53936,05366
05366,2009,17292.0,10.0,17292.0,10.0,0.0,7.151884,0.069723174,1360.1595,94.83464,345211.639772,5600066.53936,05366
05366,2010,17292.0,10.0,17292.0,10.0,0.0,7.065469,0.10379878,1247.5562,129.4948,345211.639772,5600066.53936,05366
05366,2011,17292.0,10.0,17292.0,10.0,0.0,7.181575,0.106991954,1401.1493,149.9117,345211.639772,5600066.53936,05366
05366,2012,17292.0,10.0,17292.0,10.0,0.0,7.207799,0.12549216,1438.3792,180.5053,345211.639772,5600066.53936,05366
05366,2013,17292.0,10.0,17292.0,10.0,0.0,7.1130943,0.12829116,1308.4093,167.85735,345211.639772,5600066.53936,05366
05366,2014,17292.0,10.0,17292.0,10.0,0.0,7.297776,0.11661456,1573.802,183.52823,345211.639772,5600066.53936,05366
05366,2015,17292.0,10.0,17292.0,10.0,0.0,7.0415154,0.005364033,1218.0282,6.5335436,345211.639772,5600066.53936,05366
05366,2016,17292.0,10.0,17292.0,10.0,0.0,7.162835,0.09375789,1375.1366,128.9299,345211.639772,5600066.53936,05366
05366,2017,17292.0,10.0,17292.0,10.0,0.0,7.204849,0.008579653,1434.1418,12.30444,345211.639772,5600066.53936,05366
05366,2018,17292.0,10.0,17292.0,10.0,0.0,7.563893,0.038029157,2053.634,78.09797,345211.639772,5600066.53936,05366
05366,2019,17292.0,10.0,17292.0,10.0,0.0,7.5385184,0.047270123,2002.1797,94.64327,345211.639772,5600066.53936,05366
05366,2020,17292.0,10.0,17292.0,10.0,0.0,7.380819,0.099859335,1710.0741,170.76686,345211.639772,5600066.53936,05366
05366,2021,17292.0,10.0,17292.0,10.0,0.0,7.6872663,0.0826749,2323.2896,192.07773,345211.639772,5600066.53936,05366
05366,2022,17292.0,10.0,17292.0,10.0,0.0,7.8177257,0.13888924,2647.0447,367.64603,345211.639772,5600066.53936,05366
05366,2023,17292.0,10.0,17292.0,10.0,0.0,7.8861203,0.11504274,2834.4226,326.07974,345211.639772,5600066.53936,05366
05366,2024,17292.0,10.0,17292.0,10.0,0.0,8.038807,0.065657124,3301.9878,216.79901,345211.639772,5600066.53936,05366
05366,2025,17292.0,10.0,17292.0,10.0,0.0,7.8248067,0.027234217,2665.854,72.60245,345211.639772,5600066.53936,05366
05370,2007,59632.0,10.0,59632.0,10.0,0.0,7.2218537,0.0045575947,1458.8547,6.648869,313544.652848,5660741.60796,05370
05370,2008,59632.0,10.0,59632.0,10.0,0.0,7.224485,0.026609551,1462.6987,38.921757,313544.652848,5660741.60796,05370
05370,2009,59632.0,10.0,59632.0,10.0,0.0,7.183237,0.03746162,1403.5931,52.580868,313544.652848,5660741.60796,05370
05370,2010,59632.0,10.0,59632.0,10.0,0.0,7.1477084,0.10212999,1354.6006,138.34534,313544.652848,5660741.60796,05370
05370,2011,59632.0,10.0,59632.0,10.0,0.0,7.2557287,0.10283974,1509.1201,155.19751,313544.652848,5660741.60796,05370
05370,2012,59632.0,10.0,59632.0,10.0,0.0,7.2123694,0.09009569,1445.0839,130.19583,313544.652848,5660741.60796,05370
05370,2013,59632.0,10.0,59632.0,10.0,0.0,7.189168,0.057393767,1411.9419,81.03667,313544.652848,5660741.60796,05370
05370,2014,59632.0,10.0,59632.0,10.0,0.0,7.216741,0.073991776,1451.415,107.39278,313544.652848,5660741.60796,05370
05370,2015,59632.0,10.0,59632.0,10.0,0.0,7.2897058,0.0611615,1561.2771,95.49005,313544.652848,5660741.60796,05370
05370,2016,59632.0,10.0,59632.0,10.0,0.0,7.3617573,0.057975203,1677.9208,97.277794,313544.652848,5660741.60796,05370
05370,2017,59632.0,10.0,59632.0,10.0,0.0,7.3975224,0.14934382,1739.0177,259.71155,313544.652848,5660741.60796,05370
05370,2018,59632.0,10.0,59632.0,10.0,0.0,7.5088325,0.14134088,1943.7726,274.73453,313544.652848,5660741.60796,05370
05370,2019,59632.0,10.0,59632.0,10.0,0.0,7.443958,0.13192648,1821.6742,240.32706,313544.652848,5660741.60796,05370
05370,2020,59632.0,10.0,59632.0,10.0,0.0,7.7192388,0.10125074,2398.9634,242.89679,313544.652848,5660741.60796,05370
05370,2021,59632.0,10.0,59632.0,10.0,0.0,7.653726,0.050854832,2246.8386,114.262596,313544.652848,5660741.60796,05370
05370,2022,59632.0,10.0,59632.0,10.0,0.0,7.7606907,0.06595394,2500.4954,164.91751,313544.652848,5660741.60796,05370
05370,2023,59632.0,10.0,59632.0,10.0,0.0,7.8369055,0.002487212,2698.5198,6.711791,313544.652848,5660741.60796,05370
05370,2024,59632.0,10.0,59632.0,10.0,0.0,7.799456,0.027595816,2599.3315,71.730675,313544.652848,5660741.60796,05370
05370,2025,59632.0,10.0,59632.0,10.0,0.0,7.8415513,0.02644775,2711.0867,71.70214,313544.652848,5660741.60796,05370
05374,2007,27570.0,10.0,27570.0,10.0,0.0,6.9766526,0.05137463,1145.9314,58.8718,407434.77091,5653838.0263,05374
05374,2008,27570.0,10.0,27570.0,10.0,0.0,7.030884,0.0364333,1209.7921,44.076717,407434.77091,5653838.0263,05374
05374,2009,27570.0,10.0,27570.0,10.0,0.0,6.957868,0.04731761,1124.6062,53.213676,407434.77091,5653838.0263,05374
05374,2010,27570.0,10.0,27570.0,10.0,0.0,6.8634267,0.035667606,1023.2578,36.497154,407434.77091,5653838.0263,05374
05374,2011,27570.0,10.0,27570.0,10.0,0.0,6.9649277,0.01837797,1132.5736,20.814405,407434.77091,5653838.0263,05374
05374,2012,27570.0,10.0,27570.0,10.0,0.0,6.890808,0.110272914,1051.6632,115.96997,407434.77091,5653838.0263,05374
05374,2013,27570.0,10.0,27570.0,10.0,0.0,6.857369,0.063076764,1017.0779,64.15398,407434.77091,5653838.0263,05374
05374,2014,27570.0,10.0,27570.0,10.0,0.0,6.999226,0.015819473,1172.0931,18.541895,407434.77091,5653838.0263,05374
05374,2015,27570.0,10.0,27570.0,10.0,0.0,6.864518,0.04824667,1024.3756,49.42271,407434.77091,5653838.0263,05374
05374,2016,27570.0,10.0,27570.0,10.0,0.0,7.019248,0.03319687,1195.797,39.696716,407434.77091,5653838.0263,05374
05374,2017,27570.0,10.0,27570.0,10.0,0.0,7.0298176,0.0117486995,1208.503,14.198339,407434.77091,5653838.0263,05374
05374,2018,27570.0,10.0,27570.0,10.0,0.0,7.0631056,0.039480235,1249.4086,49.326946,407434.77091,5653838.0263,05374
05374,2019,27570.0,10.0,27570.0,10.0,0.0,7.0927243,0.1011338,1286.9684,130.156,407434.77091,5653838.0263,05374
05374,2020,27570.0,10.0,27570.0,10.0,0.0,7.343523,0.08628206,1653.8203,142.69502,407434.77091,5653838.0263,05374
05374,2021,27570.0,10.0,27570.0,10.0,0.0,7.4386396,0.07088586,1818.8499,128.93073,407434.77091,5653838.0263,05374
05374,2022,27570.0,10.0,27570.0,10.0,0.0,7.6116776,0.03737681,2162.4517,80.82555,407434.77091,5653838.0263,05374
05374,2023,27570.0,10.0,27570.0,10.0,0.0,7.7271047,0.054154906,2427.0334,131.43578,407434.77091,5653838.0263,05374
05374,2024,27570.0,10.0,27570.0,10.0,0.0,7.575336,0.08570016,2085.276,178.70847,407434.77091,5653838.0263,05374
05374,2025,27570.0,10.0,27570.0,10.0,0.0,7.4597445,0.07225748,1857.6443,134.2287,407434.77091,5653838.0263,05374
05378,2007,119324.0,10.0,119324.0,10.0,0.0,7.6041226,0.026275901,2108.8535,55.412025,370443.658441,5649122.17252,05378
05378,2008,119324.0,10.0,119324.0,10.0,0.0,7.605884,0.062410913,2112.5718,131.84753,370443.658441,5649122.17252,05378
05378,2009,119324.0,10.0,119324.0,10.0,0.0,7.5280414,0.035249148,1954.3608,68.88956,370443.658441,5649122.17252,05378
05378,2010,119324.0,10.0,119324.0,10.0,0.0,7.5455704,0.061295073,1988.9213,121.91108,370443.658441,5649122.17252,05378
05378,2011,119324.0,10.0,119324.0,10.0,0.0,7.573923,0.06642682,2046.1196,135.91722,370443.658441,5649122.17252,05378
05378,2012,119324.0,10.0,119324.0,10.0,0.0,7.552888,0.048123777,2003.5287,96.417366,370443.658441,5649122.17252,05378
05378,2013,119324.0,10.0,119324.0,10.0,0.0,7.6061745,0.045396067,2113.1853,95.930305,370443.658441,5649122.17252,05378
05378,2014,119324.0,10.0,119324.0,10.0,0.0,7.712699,0.034832887,2350.7175,81.88228,370443.658441,5649122.17252,05378
05378,2015,119324.0,10.0,119324.0,10.0,0.0,7.7013745,0.018612994,2324.2483,43.261215,370443.658441,5649122.17252,05378
05378,2016,119324.0,10.0,119324.0,10.0,0.0,7.796994,0.00989359,2557.464,25.302502,370443.658441,5649122.17252,05378
05378,2017,119324.0,10.0,119324.0,10.0,0.0,7.8608804,0.014410063,2726.1824,39.28446,370443.658441,5649122.17252,05378
05378,2018,119324.0,10.0,119324.0,10.0,0.0,7.9547,0.019417066,2994.334,58.141182,370443.658441,5649122.17252,05378
05378,2019,119324.0,10.0,119324.0,10.0,0.0,8.014609,0.025972553,3179.2039,82.572044,370443.658441,5649122.17252,05378
05378,2020,119324.0,10.0,119324.0,10.0,0.0,8.059214,0.02518076,3324.223,83.70647,370443.658441,5649122.17252,05378
05378,2021,119324.0,10.0,119324.0,10.0,0.0,8.258379,0.009871547,4056.8245,40.047134,370443.658441,5649122.17252,05378
05378,2022,119324.0,10.0,119324.0,10.0,0.0,8.32122,0.0046012355,4319.945,19.877085,370443.658441,5649122.17252,05378
05378,2023,119324.0,10.0,119324.0,10.0,0.0,8.212277,0.04151086,3874.0461,160.815,370443.658441,5649122.17252,05378
05378,2024,119324.0,10.0,119324.0,10.0,0.0,8.248625,0.044350702,4017.4456,178.17653,370443.658441,5649122.17252,05378
05378,2025,119324.0,10.0,119324.0,10.0,0.0,8.230426,0.008314619,3944.9956,32.801132,370443.658441,5649122.17252,05378
05382,2007,89818.0,10.0,89818.0,10.0,0.0,7.429244,0.073459476,1769.3328,129.97426,359256.807482,5619448.84268,05382
05382,2008,89818.0,10.0,89818.0,10.0,0.0,7.450766,0.064100005,1807.8254,115.88163,359256.807482,5619448.84268,05382
05382,2009,89818.0,10.0,89818.0,10.0,0.0,7.381914,0.070463195,1687.542,118.90961,359256.807482,5619448.84268,05382
05382,2010,89818.0,10.0,89818.0,10.0,0.0,7.3125916,0.033184934,1574.5194,52.25032,359256.807482,5619448.84268,05382
05382,2011,89818.0,10.0,89818.0,10.0,0.0,7.327355,0.090244606,1597.9374,144.20523,359256.807482,5619448.84268,05382
05382,2012,89818.0,10.0,89818.0,10.0,0.0,7.3955116,0.05201883,1710.645,88.98575,359256.807482,5619448.84268,05382
05382,2013,89818.0,10.0,89818.0,10.0,0.0,7.4182444,0.039948534,1749.9774,69.909035,359256.807482,5619448.84268,05382
05382,2014,89818.0,10.0,89818.0,10.0,0.0,7.567951,0.10894723,2032.588,221.44484,359256.807482,5619448.84268,05382
05382,2015,89818.0,10.0,89818.0,10.0,0.0,7.5855923,0.117525205,2068.7634,243.13184,359256.807482,5619448.84268,05382
05382,2016,89818.0,10.0,89818.0,10.0,0.0,7.6874175,0.10729148,2290.514,245.75264,359256.807482,5619448.84268,05382
05382,2017,89818.0,10.0,89818.0,10.0,0.0,7.739169,0.09365248,2412.1724,225.90593,359256.807482,5619448.84268,05382
05382,2018,89818.0,10.0,89818.0,10.0,0.0,7.842312,0.022083228,2674.254,59.056156,359256.807482,5619448.84268,05382
05382,2019,89818.0,10.0,89818.0,10.0,0.0,7.978985,0.12858209,3065.9067,394.2207,359256.807482,5619448.84268,05382
05382,2020,89818.0,10.0,89818.0,10.0,0.0,8.023832,0.1490867,3206.5344,478.0516,359256.807482,5619448.84268,05382
05382,2021,89818.0,10.0,89818.0,10.0,0.0,8.193106,0.08192292,3797.9614,311.1401,359256.807482,5619448.84268,05382
05382,2022,89818.0,10.0,89818.0,10.0,0.0,8.24698,0.033578474,4008.1865,134.58879,359256.807482,5619448.84268,05382
05382,2023,89818.0,10.0,89818.0,10.0,0.0,8.190666,0.045449834,3788.7073,172.19612,359256.807482,5619448.84268,05382
05382,2024,89818.0,10.0,89818.0,10.0,0.0,8.213239,0.03729781,3875.2021,144.53656,359256.807482,5619448.84268,05382
05382,2025,89818.0,10.0,89818.0,10.0,0.0,8.21069,0.071944416,3865.3364,278.0894,359256.807482,5619448.84268,05382
05512,2007,96317.0,10.0,96317.0,10.0,0.0,7.4717555,0.01952624,1893.9513,36.981747,355863.864851,5715450.28023,05512
05512,2008,96317.0,10.0,96317.0,10.0,0.0,7.382428,0.0044945423,1732.1062,7.7850246,355863.864851,5715450.28023,05512
05512,2009,96317.0,10.0,96317.0,10.0,0.0,7.3304143,0.01736633,1644.3152,28.55572,355863.864851,5715450.28023,05512
05512,2010,96317.0,10.0,96317.0,10.0,0.0,7.298573,0.01806804,1592.7826,28.778458,355863.864851,5715450.28023,05512
05512,2011,96317.0,10.0,96317.0,10.0,0.0,7.3418784,0.03995405,1663.274,66.45453,355863.864851,5715450.28023,05512
05512,2012,96317.0,10.0,96317.0,10.0,0.0,7.2897024,0.014691015,1578.7163,23.192945,355863.864851,5715450.28023,05512
05512,2013,96317.0,10.0,96317.0,10.0,0.0,7.228532,0.05328002,1485.0396,79.12293,355863.864851,5715450.28023,05512
05512,2014,96317.0,10.0,96317.0,10.0,0.0,7.279111,0.13531895,1562.084,211.37956,355863.864851,5715450.28023,05512
05512,2015,96317.0,10.0,96317.0,10.0,0.0,7.345017,0.055731773,1668.5026,92.98861,355863.864851,5715450.28023,05512
05512,2016,96317.0,10.0,96317.0,10.0,0.0,7.491081,0.023889646,1930.9093,46.12874,355863.864851,5715450.28023,05512
05512,2017,96317.0,10.0,96317.0,10.0,0.0,7.4225984,0.10728683,1803.1011,193.449,355863.864851,5715450.28023,05512
05512,2018,96317.0,10.0,96317.0,10.0,0.0,7.468756,0.15126914,1888.2793,285.6384,355863.864851,5715450.28023,05512
05512,2019,96317.0,10.0,96317.0,10.0,0.0,7.5963945,0.14614385,2145.3533,313.53018,355863.864851,5715450.28023,05512
05512,2020,96317.0,10.0,96317.0,10.0,0.0,7.9034166,0.13071883,2916.331,381.2194,355863.864851,5715450.28023,05512
05512,2021,96317.0,10.0,96317.0,10.0,0.0,7.895075,0.053324178,2892.1047,154.21912,355863.864851,5715450.28023,05512
05512,2022,96317.0,10.0,96317.0,10.0,0.0,8.109993,0.04118206,3585.5176,147.659,355863.864851,5715450.28023,05512
05512,2023,96317.0,10.0,96317.0,10.0,0.0,7.8430233,0.020165749,2745.4177,55.363403,355863.864851,5715450.28023,05512
05512,2024,96317.0,10.0,96317.0,10.0,0.0,7.894232,0.037919395,2889.6682,109.57447,355863.864851,5715450.28023,05512
05512,2025,96317.0,10.0,96317.0,10.0,0.0,7.9696712,0.02463832,3116.0967,76.77539,355863.864851,5715450.28023,05512
05513,2007,163618.0,10.0,163618.0,10.0,0.0,7.1813,0.063650444,1430.1166,91.02756,366280.465796,5713188.17792,05513
05513,2008,163618.0,10.0,163618.0,10.0,0.0,7.129688,0.07454913,1358.177,101.25091,366280.465796,5713188.17792,05513
05513,2009,163618.0,10.0,163618.0,10.0,0.0,6.954382,0.08610309,1139.7826,98.13881,366280.465796,5713188.17792,05513
05513,2010,163618.0,10.0,163618.0,10.0,0.0,6.980219,0.029040432,1169.6147,33.966118,366280.465796,5713188.17792,05513
05513,2011,163618.0,10.0,163618.0,10.0,0.0,6.929332,0.033520974,1111.5854,37.26143,366280.465796,5713188.17792,05513
05513,2012,163618.0,10.0,163618.0,10.0,0.0,6.9001026,0.058148015,1079.5653,62.774582,366280.465796,5713188.17792,05513
05513,2013,163618.0,10.0,163618.0,10.0,0.0,6.859638,0.071356304,1036.7534,73.97889,366280.465796,5713188.17792,05513
05513,2014,163618.0,10.0,163618.0,10.0,0.0,6.859547,0.09658952,1036.6588,100.13037,366280.465796,5713188.17792,05513
05513,2015,163618.0,10.0,163618.0,10.0,0.0,6.9908247,0.060156178,1182.0859,71.10977,366280.465796,5713188.17792,05513
05513,2016,163618.0,10.0,163618.0,10.0,0.0,6.8427634,0.04905997,1019.405,50.01198,366280.465796,5713188.17792,05513
05513,2017,163618.0,10.0,163618.0,10.0,0.0,6.973751,0.08019044,1162.0743,93.187256,366280.465796,5713188.17792,05513
05513,2018,163618.0,10.0,163618.0,10.0,0.0,6.906406,0.06001183,1086.3915,65.196335,366280.465796,5713188.17792,05513
05513,2019,163618.0,10.0,163618.0,10.0,0.0,6.993432,0.0964136,1185.1715,114.26665,366280.465796,5713188.17792,05513
05513,2020,163618.0,10.0,163618.0,10.0,0.0,7.032216,0.1866269,1232.0402,229.93184,366280.465796,5713188.17792,05513
05513,2021,163618.0,10.0,163618.0,10.0,0.0,7.1501493,0.09586658,1386.2539,132.89542,366280.465796,5713188.17792,05513
05513,2022,163618.0,10.0,163618.0,10.0,0.0,7.0956464,0.05626367,1312.7207,73.85848,366280.465796,5713188.17792,05513
05513,2023,163618.0,10.0,163618.0,10.0,0.0,7.346256,0.08152286,1686.5947,137.49603,366280.465796,5713188.17792,05513
05513,2024,163618.0,10.0,163618.0,10.0,0.0,7.3602533,0.045245618,1710.3688,77.386696,366280.465796,5713188.17792,05513
05513,2025,163618.0,10.0,163618.0,10.0,0.0,7.4060936,0.047213126,1790.5973,84.539696,366280.465796,5713188.17792,05513
05515,2007,57499.0,10.0,57499.0,10.0,0.0,7.822372,0.03529175,2628.907,92.77873,405418.593545,5756848.16559,05515
05515,2008,57499.0,10.0,57499.0,10.0,0.0,7.7385907,0.06622406,2417.629,160.1052,405418.593545,5756848.16559,05515
05515,2009,57499.0,10.0,57499.0,10.0,0.0,7.768254,0.065679744,2490.4175,163.56996,405418.593545,5756848.16559,05515
05515,2010,57499.0,10.0,57499.0,10.0,0.0,7.884677,0.05560337,2797.9119,155.57333,405418.593545,5756848.16559,05515
05515,2011,57499.0,10.0,57499.0,10.0,0.0,7.8868346,0.06896864,2803.9556,193.385,405418.593545,5756848.16559,05515
05515,2012,57499.0,10.0,57499.0,10.0,0.0,8.02527,0.0994745,3220.2751,320.33527,405418.593545,5756848.16559,05515
05515,2013,57499.0,10.0,57499.0,10.0,0.0,8.133867,0.062162682,3589.6833,223.14435,405418.593545,5756848.16559,05515
05515,2014,57499.0,10.0,57499.0,10.0,0.0,8.196317,0.041436568,3821.0037,158.32927,405418.593545,5756848.16559,05515
05515,2015,57499.0,10.0,57499.0,10.0,0.0,8.2530365,0.016038224,4043.9949,64.85849,405418.593545,5756848.16559,05515
05515,2016,57499.0,10.0,57499.0,10.0,0.0,8.2515,0.021659618,4037.7874,87.45693,405418.593545,5756848.16559,05515
05515,2017,57499.0,10.0,57499.0,10.0,0.0,8.394628,0.06071519,4659.1064,282.87854,405418.593545,5756848.16559,05515
05515,2018,57499.0,10.0,57499.0,10.0,0.0,8.413337,0.047942664,4747.0947,227.58836,405418.593545,5756848.16559,05515
05515,2019,57499.0,10.0,57499.0,10.0,0.0,8.515657,0.05703249,5258.5415,299.9077,405418.593545,5756848.16559,05515
05515,2020,57499.0,10.0,57499.0,10.0,0.0,8.630675,0.06825919,5899.522,402.6966,405418.593545,5756848.16559,05515
05515,2021,57499.0,10.0,57499.0,10.0,0.0,8.733761,0.02759542,6540.135,180.47775,405418.593545,5756848.16559,05515
05515,2022,57499.0,10.0,57499.0,10.0,0.0,8.750969,0.029347185,6653.652,195.26595,405418.593545,5756848.16559,05515
05515,2023,57499.0,10.0,57499.0,10.0,0.0,8.721139,0.0123667,6458.101,79.8654,405418.593545,5756848.16559,05515
05515,2024,57499.0,10.0,57499.0,10.0,0.0,8.661118,0.027642416,6081.883,168.11792,405418.593545,5756848.16559,05515
05515,2025,57499.0,10.0,57499.0,10.0,0.0,8.756691,0.017481059,6691.8325,116.98032,405418.593545,5756848.16559,05515
05554,2007,50335.0,25.0,6496.0,10.0,0.0041569653,7.2112546,0.015922062,1432.9308,22.815214,360470.232677,5773875.88632,05554
05554,2008,50335.0,25.0,6496.0,10.0,0.0041569653,7.166823,0.03444805,1370.657,47.216457,360470.232677,5773875.88632,05554
05554,2009,50335.0,25.0,6496.0,10.0,0.0041569653,7.1156845,0.039650366,1302.3259,51.637695,360470.232677,5773875.88632,05554
05554,2010,50335.0,25.0,6496.0,10.0,0.0041569653,7.1814036,0.009021449,1390.7886,12.546928,360470.232677,5773875.88632,05554
05554,2011,50335.0,25.0,6496.0,10.0,0.0041569653,7.1233068,0.0009692749,1312.29,1.2719698,360470.232677,5773875.88632,05554
05554,2012,50335.0,25.0,6496.0,10.0,0.0041569653,7.2641835,0.05227192,1510.8174,78.97333,360470.232677,5773875.88632,05554
05554,2013,50335.0,25.0,6496.0,10.0,0.0041569653,7.3675785,0.02674668,1675.3899,44.811115,360470.232677,5773875.88632,05554
05554,2014,50335.0,25.0,6496.0,10.0,0.0041569653,7.234581,0.01901273,1466.7485,27.886894,360470.232677,5773875.88632,05554
05554,2015,50335.0,25.0,6496.0,10.0,0.0041569653,7.232274,0.0204564,1463.3693,29.935268,360470.232677,5773875.88632,05554
05554,2016,50335.0,25.0,6496.0,10.0,0.0041569653,7.266599,0.054315694,1514.4712,82.25955,360470.232677,5773875.88632,05554
05554,2017,50335.0,25.0,6496.0,10.0,0.0041569653,7.302766,0.09199964,1570.2471,144.46217,360470.232677,5773875.88632,05554
05554,2018,50335.0,25.0,6496.0,10.0,0.0041569653,7.4072556,0.0067239245,1743.2007,11.721149,360470.232677,5773875.88632,05554
05554,2019,50335.0,25.0,6496.0,10.0,0.0041569653,7.550539,0.05668383,2011.7521,114.03381,360470.232677,5773875.88632,05554
05554,2020,50335.0,25.0,6496.0,10.0,0.0041569653,7.6208415,0.12544294,2158.2742,270.74023,360470.232677,5773875.88632,05554
05554,2021,50335.0,25.0,6496.0,10.0,0.0041569653,7.702098,0.14342022,2340.9697,335.7424,360470.232677,5773875.88632,05554
05554,2022,50335.0,25.0,6496.0,10.0,0.0041569653,7.881778,0.122747034,2801.7527,343.90683,360470.232677,5773875.88632,05554
05554,2023,50335.0,25.0,6496.0,10.0,0.0041569653,7.8463078,0.007536735,2704.1152,20.3802,360470.232677,5773875.88632,05554
05554,2024,50335.0,25.0,6496.0,10.0,0.0041569653,7.788619,0.038922932,2552.5327,99.35206,360470.232677,5773875.88632,05554
05554,2025,50335.0,25.0,6496.0,10.0,0.0041569653,7.8876534,0.017291695,2818.2627,48.732536,360470.232677,5773875.88632,05554
05558,2007,11716.0,10.0,11716.0,10.0,0.0,7.1629696,0.0009812057,1345.2367,1.3199539,406153.853976,5736714.5633,05558
05558,2008,11716.0,10.0,11716.0,10.0,0.0,7.0732594,0.0011383698,1229.8104,1.3999791,406153.853976,5736714.5633,05558
05558,2009,11716.0,10.0,11716.0,10.0,0.0,7.0184183,0.00953509,1164.1824,11.100583,406153.853976,5736714.5633,05558
05558,2010,11716.0,10.0,11716.0,10.0,0.0,7.1302056,0.013160315,1301.8761,17.1331,406153.853976,5736714.5633,05558
05558,2011,11716.0,10.0,11716.0,10.0,0.0,7.085,0.0033540174,1244.3345,4.173519,406153.853976,5736714.5633,05558
05558,2012,11716.0,10.0,11716.0,10.0,0.0,7.056507,0.015822196,1209.3798,19.135042,406153.853976,5736714.5633,05558
05558,2013,11716.0,10.0,11716.0,10.0,0.0,7.195128,0.014407122,1389.2008,20.014385,406153.853976,5736714.5633,05558
05558,2014,11716.0,10.0,11716.0,10.0,0.0,7.184331,0.013001856,1374.282,17.868216,406153.853976,5736714.5633,05558
05558,2015,11716.0,10.0,11716.0,10.0,0.0,7.2524447,0.059036586,1471.1514,86.85176,406153.853976,5736714.5633,05558
05558,2016,11716.0,10.0,11716.0,10.0,0.0,7.364266,0.05469233,1645.2076,89.98024,406153.853976,5736714.5633,05558
05558,2017,11716.0,10.0,11716.0,10.0,0.0,7.4797583,0.07933442,1846.6237,146.50081,406153.853976,5736714.5633,05558
05558,2018,11716.0,10.0,11716.0,10.0,0.0,7.447408,0.105085984,1787.8411,187.87703,406153.853976,5736714.5633,05558
05558,2019,11716.0,10.0,11716.0,10.0,0.0,7.5270004,0.16745916,1935.9553,324.19345,406153.853976,5736714.5633,05558
05558,2020,11716.0,10.0,11716.0,10.0,0.0,7.351695,0.026787875,1624.6549,43.521053,406153.853976,5736714.5633,05558
05558,2021,11716.0,10.0,11716.0,10.0,0.0,7.380959,0.09123069,1672.9016,152.61996,406153.853976,5736714.5633,05558
05558,2022,11716.0,10.0,11716.0,10.0,0.0,7.6880865,0.033303574,2274.334,75.74345,406153.853976,5736714.5633,05558
05558,2023,11716.0,10.0,11716.0,10.0,0.0,7.7378044,0.03603911,2390.266,86.14307,406153.853976,5736714.5633,05558
05558,2024,11716.0,10.0,11716.0,10.0,0.0,7.7760534,0.07830973,2483.4636,194.47935,406153.853976,5736714.5633,05558
05558,2025,11716.0,10.0,11716.0,10.0,0.0,7.892803,0.10686935,2791.0107,298.2735,406153.853976,5736714.5633,05558
05562,2007,132142.0,10.0,132142.0,10.0,0.0,7.2454624,0.009514847,1492.2528,14.198557,383184.689117,5714585.34635,05562
05562,2008,132142.0,10.0,132142.0,10.0,0.0,7.2117367,0.027886454,1442.7648,40.233593,383184.689117,5714585.34635,05562
05562,2009,132142.0,10.0,132142.0,10.0,0.0,7.0607557,0.004203016,1240.5813,5.2141833,383184.689117,5714585.34635,05562
05562,2010,132142.0,10.0,132142.0,10.0,0.0,7.131026,0.026755221,1330.893,35.608334,383184.689117,5714585.34635,05562
05562,2011,132142.0,10.0,132142.0,10.0,0.0,7.0916176,0.03405127,1279.4651,43.56741,383184.689117,5714585.34635,05562
05562,2012,132142.0,10.0,132142.0,10.0,0.0,7.101672,0.023179121,1292.3944,29.956566,383184.689117,5714585.34635,05562
05562,2013,132142.0,10.0,132142.0,10.0,0.0,7.204077,0.031216647,1431.7552,44.6946,383184.689117,5714585.34635,05562
05562,2014,132142.0,10.0,132142.0,10.0,0.0,7.155456,0.0074500614,1363.808,10.160454,383184.689117,5714585.34635,05562
05562,2015,132142.0,10.0,132142.0,10.0,0.0,7.189249,0.0015115713,1410.6824,2.132347,383184.689117,5714585.34635,05562
05562,2016,132142.0,10.0,132142.0,10.0,0.0,7.2244534,0.026973285,1461.2295,39.414158,383184.689117,5714585.34635,05562
05562,2017,132142.0,10.0,132142.0,10.0,0.0,7.2131634,0.064627595,1444.8245,93.375534,383184.689117,5714585.34635,05562
05562,2018,132142.0,10.0,132142.0,10.0,0.0,7.2589464,0.05669891,1512.5105,85.75769,383184.689117,5714585.34635,05562
05562,2019,132142.0,10.0,132142.0,10.0,0.0,7.273051,0.12082559,1533.995,185.34586,383184.689117,5714585.34635,05562
05562,2020,132142.0,10.0,132142.0,10.0,0.0,7.4358726,0.011339963,1805.2467,20.471432,383184.689117,5714585.34635,05562
05562,2021,132142.0,10.0,132142.0,10.0,0.0,7.5434284,0.09367231,2010.2372,188.30357,383184.689117,5714585.34635,05562
05562,2022,132142.0,10.0,132142.0,10.0,0.0,7.7883463,0.06207288,2568.1116,159.41008,383184.689117,5714585.34635,05562
05562,2023,132142.0,10.0,132142.0,10.0,0.0,7.7414126,0.017244572,2450.366,42.25551,383184.689117,5714585.34635,05562
05562,2024,132142.0,10.0,132142.0,10.0,0.0,7.571334,0.024664126,2067.1245,50.98382,383184.689117,5714585.34635,05562
05562,2025,132142.0,10.0,132142.0,10.0,0.0,7.6891637,0.07907916,2325.623,183.90831,383184.689117,5714585.34635,05562
05566,2007,16807.0,10.0,16807.0,10.0,0.0,7.3130417,0.0011040318,1573.6476,1.737357,395607.664564,5766436.3171,05566
05566,2008,16807.0,10.0,16807.0,10.0,0.0,7.291528,0.053685945,1540.1547,82.68466,395607.664564,5766436.3171,05566
05566,2009,16807.0,10.0,16807.0,10.0,0.0,7.231622,0.009060967,1450.5989,13.143829,395607.664564,5766436.3171,05566
05566,2010,16807.0,10.0,16807.0,10.0,0.0,7.1727633,0.03178231,1367.683,43.468124,395607.664564,5766436.3171,05566
05566,2011,16807.0,10.0,16807.0,10.0,0.0,7.203809,0.014376626,1410.809,20.282673,395607.664564,5766436.3171,05566
05566,2012,16807.0,10.0,16807.0,10.0,0.0,7.2324004,0.072061285,1451.7285,104.61343,395607.664564,5766436.3171,05566
05566,2013,16807.0,10.0,16807.0,10.0,0.0,7.351019,0.029198844,1634.5596,47.72725,395607.664564,5766436.3171,05566
05566,2014,16807.0,10.0,16807.0,10.0,0.0,7.2835994,0.021541767,1527.9915,32.915634,395607.664564,5766436.3171,05566
05566,2015,16807.0,10.0,16807.0,10.0,0.0,7.2867255,0.055948053,1532.7753,85.75579,395607.664564,5766436.3171,05566
05566,2016,16807.0,10.0,16807.0,10.0,0.0,7.430969,0.021530086,1770.609,38.121365,395607.664564,5766436.3171,05566
05566,2017,16807.0,10.0,16807.0,10.0,0.0,7.4897785,0.021566333,1877.8601,40.498554,395607.664564,5766436.3171,05566
05566,2018,16807.0,10.0,16807.0,10.0,0.0,7.6838846,0.0245724,2280.145,56.028637,395607.664564,5766436.3171,05566
05566,2019,16807.0,10.0,16807.0,10.0,0.0,8.005038,0.014354643,3143.675,45.126335,395607.664564,5766436.3171,05566
05566,2020,16807.0,10.0,16807.0,10.0,0.0,7.978923,0.0110467225,3062.6401,33.832138,395607.664564,5766436.3171,05566
05566,2021,16807.0,10.0,16807.0,10.0,0.0,7.9765997,0.04793739,3055.5332,146.47427,395607.664564,5766436.3171,05566
05566,2022,16807.0,10.0,16807.0,10.0,0.0,8.117837,0.05995426,3519.0522,210.98216,395607.664564,5766436.3171,05566
05566,2023,16807.0,10.0,16807.0,10.0,0.0,7.953606,0.09022608,2986.0771,269.42203,395607.664564,5766436.3171,05566
05566,2024,16807.0,10.0,16807.0,10.0,0.0,8.08961,0.0021815777,3421.1084,7.4634137,395607.664564,5766436.3171,05566
05566,2025,16807.0,10.0,16807.0,10.0,0.0,7.9952345,0.021068843,3113.0068,65.58745,395607.664564,5766436.3171,05566
05570,2007,20214.0,10.0,20214.0,10.0,0.0,7.152297,0.011568591,1360.1617,15.735155,423963.288926,5735824.07107,05570
05570,2008,20214.0,10.0,20214.0,10.0,0.0,7.1542673,0.00038675632,1362.8439,0.52708846,423963.288926,5735824.07107,05570
05570,2009,20214.0,10.0,20214.0,10.0,0.0,7.018165,0.028632624,1189.4268,34.05641,423963.288926,5735824.07107,05570
05570,2010,20214.0,10.0,20214.0,10.0,0.0,7.010001,0.029251538,1179.7559,34.509674,423963.288926,5735824.07107,05570
05570,2011,20214.0,10.0,20214.0,10.0,0.0,7.0489616,0.031943493,1226.6267,39.18274,423963.288926,5735824.07107,05570
05570,2012,20214.0,10.0,20214.0,10.0,0.0,6.9482446,0.003205083,1109.1023,3.5547652,423963.288926,5735824.07107,05570
05570,2013,20214.0,10.0,20214.0,10.0,0.0,6.971195,0.019260697,1134.8512,21.858025,423963.288926,5735824.07107,05570
05570,2014,20214.0,10.0,20214.0,10.0,0.0,7.0142956,0.0240864,1184.8331,28.538364,423963.288926,5735824.07107,05570
05570,2015,20214.0,10.0,20214.0,10.0,0.0,7.073548,0.025206942,1257.159,31.689137,423963.288926,5735824.07107,05570
05570,2016,20214.0,10.0,20214.0,10.0,0.0,7.1558766,0.02281619,1365.0393,31.144997,423963.288926,5735824.07107,05570
05570,2017,20214.0,10.0,20214.0,10.0,0.0,7.227926,0.0056566773,1467.0188,8.298451,423963.288926,5735824.07107,05570
05570,2018,20214.0,10.0,20214.0,10.0,0.0,7.1531396,0.051667485,1361.3079,70.33536,423963.288926,5735824.07107,05570
05570,2019,20214.0,10.0,20214.0,10.0,0.0,7.127024,0.047033336,1326.2174,62.376427,423963.288926,5735824.07107,05570
05570,2020,20214.0,10.0,20214.0,10.0,0.0,7.351301,0.00558003,1659.6519,9.260907,423963.288926,5735824.07107,05570
05570,2021,20214.0,10.0,20214.0,10.0,0.0,7.5539823,0.010213205,2032.5447,20.758795,423963.288926,5735824.07107,05570
05570,2022,20214.0,10.0,20214.0,10.0,0.0,7.553531,0.022334313,2031.6287,45.37503,423963.288926,5735824.07107,05570
05570,2023,20214.0,10.0,20214.0,10.0,0.0,7.472791,0.03480137,1874.0416,65.219215,423963.288926,5735824.07107,05570
05570,2024,20214.0,10.0,20214.0,10.0,0.0,7.4531403,0.005224862,1837.5746,9.601074,423963.288926,5735824.07107,05570
05570,2025,20214.0,10.0,20214.0,10.0,0.0,7.6269813,0.015317145,2186.468,33.490448,423963.288926,5735824.07107,05570
05711,2007,81164.0,10.0,81164.0,10.0,0.0,7.3350587,0.0014060986,1620.3884,2.2784257,468482.682041,5762354.96406,05711
05711,2008,81164.0,10.0,81164.0,10.0,0.0,7.3124156,0.013476021,1584.1102,21.347502,468482.682041,5762354.96406,05711
05711,2009,81164.0,10.0,81164.0,10.0,0.0,7.4092813,0.036662105,1745.2332,63.98392,468482.682041,5762354.96406,05711
05711,2010,81164.0,10.0,81164.0,10.0,0.0,7.3118067,0.054512534,1583.1458,86.30129,468482.682041,5762354.96406,05711
05711,2011,81164.0,10.0,81164.0,10.0,0.0,7.406241,0.026598282,1739.9352,46.27929,468482.682041,5762354.96406,05711
05711,2012,81164.0,10.0,81164.0,10.0,0.0,7.472038,0.049761068,1858.2678,92.46939,468482.682041,5762354.96406,05711
05711,2013,81164.0,10.0,81164.0,10.0,0.0,7.497017,0.04630111,1905.271,88.21617,468482.682041,5762354.96406,05711
05711,2014,81164.0,10.0,81164.0,10.0,0.0,7.5940285,0.03489572,2099.367,73.25893,468482.682041,5762354.96406,05711
05711,2015,81164.0,10.0,81164.0,10.0,0.0,7.596781,0.023786485,2105.1528,50.074184,468482.682041,5762354.96406,05711
05711,2016,81164.0,10.0,81164.0,10.0,0.0,7.703133,0.013682821,2341.38,32.03668,468482.682041,5762354.96406,05711
05711,2017,81164.0,10.0,81164.0,10.0,0.0,7.761504,0.018204248,2482.1162,45.185055,468482.682041,5762354.96406,05711
05711,2018,81164.0,10.0,81164.0,10.0,0.0,7.8166556,0.016212039,2622.8533,42.521793,468482.682041,5762354.96406,05711
05711,2019,81164.0,10.0,81164.0,10.0,0.0,7.8882823,0.018165484,2817.6116,51.183277,468482.682041,5762354.96406,05711
05711,2020,81164.0,10.0,81164.0,10.0,0.0,7.9633994,0.013972249,3037.4138,42.439503,468482.682041,5762354.96406,05711
05711,2021,81164.0,10.0,81164.0,10.0,0.0,8.187751,0.008898632,3801.357,33.826874,468482.682041,5762354.96406,05711
05711,2022,81164.0,10.0,81164.0,10.0,0.0,8.139049,0.016913533,3620.658,61.238113,468482.682041,5762354.96406,05711
05711,2023,81164.0,10.0,81164.0,10.0,0.0,8.006404,0.0011041453,3170.8867,3.5011196,468482.682041,5762354.96406,05711
05711,2024,81164.0,10.0,81164.0,10.0,0.0,8.006749,0.0057319826,3171.9795,18.18173,468482.682041,5762354.96406,05711
05711,2025,81164.0,10.0,81164.0,10.0,0.0,8.041212,0.042738605,3283.202,140.31946,468482.682041,5762354.96406,05711
05754,2007,18498.0,10.0,18498.0,10.0,0.0,7.1266723,0.040715642,1319.5167,53.724968,451101.646107,5771798.18475,05754
05754,2008,18498.0,10.0,18498.0,10.0,0.0,7.0852404,0.019054025,1265.9633,24.121696,451101.646107,5771798.18475,05754
05754,2009,18498.0,10.0,18498.0,10.0,0.0,6.836791,0.2557267,987.4634,252.52075,451101.646107,5771798.18475,05754
05754,2010,18498.0,10.0,18498.0,10.0,0.0,7.092752,0.01300794,1275.5087,16.59174,451101.646107,5771798.18475,05754
05754,2011,18498.0,10.0,18498.0,10.0,0.0,6.998625,0.003958208,1160.9259,4.595186,451101.646107,5771798.18475,05754
05754,2012,18498.0,10.0,18498.0,10.0,0.0,7.0672283,0.031352293,1243.3649,38.982338,451101.646107,5771798.18475,05754
05754,2013,18498.0,10.0,18498.0,10.0,0.0,7.180849,0.16623989,1392.9755,231.56807,451101.646107,5771798.18475,05754
05754,2014,18498.0,10.0,18498.0,10.0,0.0,7.0525928,0.01038779,1225.3004,12.728164,451101.646107,5771798.18475,05754
05754,2015,18498.0,10.0,18498.0,10.0,0.0,7.150843,0.056663394,1351.7991,76.59752,451101.646107,5771798.18475,05754
05754,2016,18498.0,10.0,18498.0,10.0,0.0,7.2436004,0.22966231,1483.1876,340.6323,451101.646107,5771798.18475,05754
05754,2017,18498.0,10.0,18498.0,10.0,0.0,7.4008255,0.1889394,1735.7139,327.9447,451101.646107,5771798.18475,05754
05754,2018,18498.0,10.0,18498.0,10.0,0.0,7.352979,0.09054742,1654.6215,149.8217,451101.646107,5771798.18475,05754
05754,2019,18498.0,10.0,18498.0,10.0,0.0,7.2552276,0.053799015,1500.5338,80.72724,451101.646107,5771798.18475,05754
05754,2020,18498.0,10.0,18498.0,10.0,0.0,7.6038437,0.04112549,2126.4133,87.4498,451101.646107,5771798.18475,05754
05754,2021,18498.0,10.0,18498.0,10.0,0.0,7.456981,0.043542705,1835.9722,79.94319,451101.646107,5771798.18475,05754
05754,2022,18498.0,10.0,18498.0,10.0,0.0,7.5977683,0.13249956,2113.5344,280.0424,451101.646107,5771798.18475,05754
05754,2023,18498.0,10.0,18498.0,10.0,0.0,7.540304,0.12561919,1995.5052,250.67375,451101.646107,5771798.18475,05754
05754,2024,18498.0,10.0,18498.0,10.0,0.0,7.790134,0.041805636,2561.843,107.09948,451101.646107,5771798.18475,05754
05754,2025,18498.0,10.0,18498.0,10.0,0.0,7.775405,0.00037725066,2524.3865,0.9523265,451101.646107,5771798.18475,05754
05758,2007,44513.0,10.0,44513.0,10.0,0.0,7.1017027,0.028291302,1299.7952,36.772896,470236.15447,5784128.5552,05758
05758,2008,44513.0,10.0,44513.0,10.0,0.0,7.052759,0.013960908,1237.7102,17.279558,470236.15447,5784128.5552,05758
05758,2009,44513.0,10.0,44513.0,10.0,0.0,6.9302206,0.02797158,1094.9669,30.627956,470236.15447,5784128.5552,05758
05758,2010,44513.0,10.0,44513.0,10.0,0.0,6.9370875,0.01256029,1102.5122,13.847874,470236.15447,5784128.5552,05758
05758,2011,44513.0,10.0,44513.0,10.0,0.0,6.930949,0.05373658,1095.7651,58.88267,470236.15447,5784128.5552,05758
05758,2012,44513.0,10.0,44513.0,10.0,0.0,6.946888,0.024607565,1113.3702,27.39733,470236.15447,5784128.5552,05758
05758,2013,44513.0,10.0,44513.0,10.0,0.0,7.0448236,0.030396216,1227.9269,37.324333,470236.15447,5784128.5552,05758
05758,2014,44513.0,10.0,44513.0,10.0,0.0,7.027051,0.13728604,1206.2963,165.60764,470236.15447,5784128.5552,05758
05758,2015,44513.0,10.0,44513.0,10.0,0.0,7.1653996,0.061972216,1385.2817,85.84898,470236.15447,5784128.5552,05758
05758,2016,44513.0,10.0,44513.0,10.0,0.0,7.13258,0.03139174,1340.5549,42.08235,470236.15447,5784128.5552,05758
05758,2017,44513.0,10.0,44513.0,10.0,0.0,7.1963844,0.026291547,1428.8761,37.567364,470236.15447,5784128.5552,05758
05758,2018,44513.0,10.0,44513.0,10.0,0.0,7.2623596,0.07514442,1526.3257,114.69486,470236.15447,5784128.5552,05758
05758,2019,44513.0,10.0,44513.0,10.0,0.0,7.302977,0.06868766,1589.5979,109.18576,470236.15447,5784128.5552,05758
05758,2020,44513.0,10.0,44513.0,10.0,0.0,7.4162965,0.04670856,1780.3329,83.15679,470236.15447,5784128.5552,05758
05758,2021,44513.0,10.0,44513.0,10.0,0.0,7.712176,0.03745021,2393.3154,89.630165,470236.15447,5784128.5552,05758
05758,2022,44513.0,10.0,44513.0,10.0,0.0,7.640559,0.0099851675,2227.9077,22.24603,470236.15447,5784128.5552,05758
05758,2023,44513.0,10.0,44513.0,10.0,0.0,7.720123,0.004074166,2412.4111,9.828564,470236.15447,5784128.5552,05758
05758,2024,44513.0,10.0,44513.0,10.0,0.0,7.617734,0.0102881715,2177.6316,22.403847,470236.15447,5784128.5552,05758
05758,2025,44513.0,10.0,44513.0,10.0,0.0,7.6457124,0.01404656,2239.4187,31.45613,470236.15447,5784128.5552,05758
05762,2007,11827.0,10.0,11827.0,10.0,0.0,6.965006,0.013643739,1141.6755,15.576723,502643.137691,5730102.21389,05762
05762,2008,11827.0,10.0,11827.0,10.0,0.0,6.8905573,3.0443949e-05,1059.7665,0.032263476,502643.137691,5730102.21389,05762
05762,2009,11827.0,10.0,11827.0,10.0,0.0,6.6895857,0.044976536,866.8207,38.986595,502643.137691,5730102.21389,05762
05762,2010,11827.0,10.0,11827.0,10.0,0.0,6.6516423,0.016175179,834.54675,13.498942,502643.137691,5730102.21389,05762
05762,2011,11827.0,10.0,11827.0,10.0,0.0,6.7556624,0.04274058,926.0321,39.57915,502643.137691,5730102.21389,05762
05762,2012,11827.0,10.0,11827.0,10.0,0.0,6.7050104,0.042106677,880.2947,37.066284,502643.137691,5730102.21389,05762
05762,2013,11827.0,10.0,11827.0,10.0,0.0,6.806427,0.016190205,974.2557,15.773399,502643.137691,5730102.21389,05762
05762,2014,11827.0,10.0,11827.0,10.0,0.0,6.791107,0.015921587,959.44366,15.2758665,502643.137691,5730102.21389,05762
05762,2015,11827.0,10.0,11827.0,10.0,0.0,6.9881554,0.011327232,1168.4133,13.234889,502643.137691,5730102.21389,05762
05762,2016,11827.0,10.0,11827.0,10.0,0.0,6.9146748,0.0254077,1085.6364,27.58352,502643.137691,5730102.21389,05762
05762,2017,11827.0,10.0,11827.0,10.0,0.0,6.984066,4.581888e-05,1163.6449,0.053316906,502643.137691,5730102.21389,05762
05762,2018,11827.0,10.0,11827.0,10.0,0.0,6.818235,0.0762577,985.8276,75.17695,502643.137691,5730102.21389,05762
05762,2019,11827.0,10.0,11827.0,10.0,0.0,7.0010014,0.05735681,1183.5192,67.88288,502643.137691,5730102.21389,05762
05762,2020,11827.0,10.0,11827.0,10.0,0.0,7.195177,0.04477016,1437.1593,64.34185,502643.137691,5730102.21389,05762
05762,2021,11827.0,10.0,11827.0,10.0,0.0,7.13145,0.025569705,1348.4305,34.47897,502643.137691,5730102.21389,05762
05762,2022,11827.0,10.0,11827.0,10.0,0.0,7.4675183,0.008999953,1887.0403,16.983274,502643.137691,5730102.21389,05762
05762,2023,11827.0,10.0,11827.0,10.0,0.0,7.5452814,0.0046268827,2039.639,9.43717,502643.137691,5730102.21389,05762
05762,2024,11827.0,10.0,11827.0,10.0,0.0,7.458167,0.026423225,1869.4767,49.397602,502643.137691,5730102.21389,05762
05762,2025,11827.0,10.0,11827.0,10.0,0.0,7.4128036,0.03151592,1786.5651,56.30524,502643.137691,5730102.21389,05762
05766,2007,35744.0,10.0,35744.0,10.0,0.0,7.069719,0.14810626,1260.2056,186.64435,483211.238516,5750085.85895,05766
05766,2008,35744.0,10.0,35744.0,10.0,0.0,7.168235,0.23008354,1390.6775,319.972,483211.238516,5750085.85895,05766
05766,2009,35744.0,10.0,35744.0,10.0,0.0,6.8828,0.39569998,1045.3547,413.64685,483211.238516,5750085.85895,05766
05766,2010,35744.0,10.0,35744.0,10.0,0.0,7.054115,0.22809038,1240.6945,282.99048,483211.238516,5750085.85895,05766
05766,2011,35744.0,10.0,35744.0,10.0,0.0,7.170375,0.24015984,1393.6567,334.70038,483211.238516,5750085.85895,05766
05766,2012,35744.0,10.0,35744.0,10.0,0.0,7.1435404,0.25098005,1356.7561,340.5187,483211.238516,5750085.85895,05766
05766,2013,35744.0,10.0,35744.0,10.0,0.0,7.170726,0.07827201,1394.146,109.122604,483211.238516,5750085.85895,05766
05766,2014,35744.0,10.0,35744.0,10.0,0.0,7.073606,0.20578794,1265.1139,260.34518,483211.238516,5750085.85895,05766
05766,2015,35744.0,10.0,35744.0,10.0,0.0,7.156304,0.13778178,1374.184,189.33751,483211.238516,5750085.85895,05766
05766,2016,35744.0,10.0,35744.0,10.0,0.0,7.129369,0.0031331677,1337.6642,4.1911263,483211.238516,5750085.85895,05766
05766,2017,35744.0,10.0,35744.0,10.0,0.0,7.143962,0.100958586,1357.3281,137.03392,483211.238516,5750085.85895,05766
05766,2018,35744.0,10.0,35744.0,10.0,0.0,7.2560654,0.08250535,1518.3461,125.27168,483211.238516,5750085.85895,05766
05766,2019,35744.0,10.0,35744.0,10.0,0.0,7.1792855,0.029847879,1406.1309,41.970024,483211.238516,5750085.85895,05766
05766,2020,35744.0,10.0,35744.0,10.0,0.0,7.479191,0.061491422,1897.8983,116.70447,483211.238516,5750085.85895,05766
05766,2021,35744.0,10.0,35744.0,10.0,0.0,7.54601,0.047718804,2029.0476,96.82372,483211.238516,5750085.85895,05766
05766,2022,35744.0,10.0,35744.0,10.0,0.0,7.609733,0.15792899,2162.5525,341.52972,483211.238516,5750085.85895,05766
05766,2023,35744.0,10.0,35744.0,10.0,0.0,7.79937,0.010940998,2614.116,28.601038,483211.238516,5750085.85895,05766
05766,2024,35744.0,10.0,35744.0,10.0,0.0,7.857388,0.0594908,2770.2686,164.8055,483211.238516,5750085.85895,05766
05766,2025,35744.0,10.0,35744.0,10.0,0.0,7.7359,0.07961472,2453.3547,195.32314,483211.238516,5750085.85895,05766
05770,2007,55295.0,10.0,55295.0,10.0,0.0,7.1082444,0.004184047,1313.1871,5.494437,486284.965987,5785894.76557,05770
05770,2008,55295.0,10.0,55295.0,10.0,0.0,7.1740866,0.021814456,1402.5604,30.596092,486284.965987,5785894.76557,05770
05770,2009,55295.0,10.0,55295.0,10.0,0.0,7.069156,0.03793511,1262.8473,47.906258,486284.965987,5785894.76557,05770
05770,2010,55295.0,10.0,55295.0,10.0,0.0,6.983725,0.014516607,1159.4408,16.831146,486284.965987,5785894.76557,05770
05770,2011,55295.0,10.0,55295.0,10.0,0.0,7.0034533,0.030065095,1182.5417,35.55323,486284.965987,5785894.76557,05770
05770,2012,55295.0,10.0,55295.0,10.0,0.0,7.062493,0.057830013,1254.4609,72.545494,486284.965987,5785894.76557,05770
05770,2013,55295.0,10.0,55295.0,10.0,0.0,7.15793,0.030900244,1380.082,42.64487,486284.965987,5785894.76557,05770
05770,2014,55295.0,10.0,55295.0,10.0,0.0,7.215741,0.06158158,1462.2177,90.04567,486284.965987,5785894.76557,05770
05770,2015,55295.0,10.0,55295.0,10.0,0.0,7.3129187,0.0026554228,1611.4451,4.279068,486284.965987,5785894.76557,05770
05770,2016,55295.0,10.0,55295.0,10.0,0.0,7.2835684,0.016643932,1564.8364,26.04503,486284.965987,5785894.76557,05770
05770,2017,55295.0,10.0,55295.0,10.0,0.0,7.4353094,0.008657033,1821.2485,15.766607,486284.965987,5785894.76557,05770
05770,2018,55295.0,10.0,55295.0,10.0,0.0,7.477692,0.0070758443,1900.0975,13.444795,486284.965987,5785894.76557,05770
05770,2019,55295.0,10.0,55295.0,10.0,0.0,7.461362,0.013154955,1869.3198,24.590816,486284.965987,5785894.76557,05770
05770,2020,55295.0,10.0,55295.0,10.0,0.0,7.5616865,0.053702325,2066.589,110.980644,486284.965987,5785894.76557,05770
05770,2021,55295.0,10.0,55295.0,10.0,0.0,7.710264,0.054828852,2397.6216,131.45885,486284.965987,5785894.76557,05770
05770,2022,55295.0,10.0,55295.0,10.0,0.0,7.877415,0.019921303,2833.8267,56.453518,486284.965987,5785894.76557,05770
05770,2023,55295.0,10.0,55295.0,10.0,0.0,7.7201743,0.007916404,2421.4998,19.169569,486284.965987,5785894.76557,05770
05770,2024,55295.0,10.0,55295.0,10.0,0.0,7.7162814,0.0044712736,2412.0923,10.785125,486284.965987,5785894.76557,05770
05770,2025,55295.0,10.0,55295.0,10.0,0.0,7.79977,0.016122475,2622.119,42.275047,486284.965987,5785894.76557,05770
05774,2007,15575.0,10.0,15575.0,10.0,0.0,7.2338257,0.2208533,1482.1241,327.33203,495681.946598,5731958.78957,05774
05774,2008,15575.0,10.0,15575.0,10.0,0.0,7.1248517,0.13960515,1329.1005,185.54927,495681.946598,5731958.78957,05774
05774,2009,15575.0,10.0,15575.0,10.0,0.0,6.9377747,0.09296113,1102.3289,102.47374,495681.946598,5731958.78957,05774
05774,2010,15575.0,10.0,15575.0,10.0,0.0,6.9860635,0.056426838,1156.8654,65.27826,495681.946598,5731958.78957,05774
05774,2011,15575.0,10.0,15575.0,10.0,0.0,7.1099195,0.05192356,1309.4011,67.98877,495681.946598,5731958.78957,05774
05774,2012,15575.0,10.0,15575.0,10.0,0.0,7.014478,0.0054337555,1190.2086,6.4673023,495681.946598,5731958.78957,05774
05774,2013,15575.0,10.0,15575.0,10.0,0.0,7.138446,0.0160012,1347.2913,21.558277,495681.946598,5731958.78957,05774
05774,2014,15575.0,10.0,15575.0,10.0,0.0,7.141991,0.011749351,1352.0765,15.8860235,495681.946598,5731958.78957,05774
05774,2015,15575.0,10.0,15575.0,10.0,0.0,6.9931335,0.07461265,1165.0732,86.92919,495681.946598,5731958.78957,05774
05774,2016,15575.0,10.0,15575.0,10.0,0.0,7.2438717,0.039004896,1497.0887,58.39379,495681.946598,5731958.78957,05774
05774,2017,15575.0,10.0,15575.0,10.0,0.0,7.2160373,0.19352771,1455.9927,281.77493,495681.946598,5731958.78957,05774
05774,2018,15575.0,10.0,15575.0,10.0,0.0,7.3543715,0.09603292,1672.0026,160.56728,495681.946598,5731958.78957,05774
05774,2019,15575.0,10.0,15575.0,10.0,0.0,7.2871237,0.08461083,1563.261,132.26881,495681.946598,5731958.78957,05774
05774,2020,15575.0,10.0,15575.0,10.0,0.0,7.3740788,0.20655198,1705.2799,352.22894,495681.946598,5731958.78957,05774
05774,2021,15575.0,10.0,15575.0,10.0,0.0,7.5520687,0.018414402,2037.4907,37.519176,495681.946598,5731958.78957,05774
05774,2022,15575.0,10.0,15575.0,10.0,0.0,7.7833676,0.3190138,2567.7197,819.138,495681.946598,5731958.78957,05774
05774,2023,15575.0,10.0,15575.0,10.0,0.0,7.997762,0.022611253,3181.6902,71.942,495681.946598,5731958.78957,05774
05774,2024,15575.0,10.0,15575.0,10.0,0.0,7.522028,0.0003161366,1977.1938,0.62506336,495681.946598,5731958.78957,05774
05774,2025,15575.0,10.0,15575.0,10.0,0.0,7.6881557,0.021096068,2334.5193,49.24918,495681.946598,5731958.78957,05774
05911,2007,160536.0,10.0,160536.0,10.0,0.0,7.5105906,0.020626726,1967.2802,40.57855,376712.802069,5703575.52671,05911
05911,2008,160536.0,10.0,160536.0,10.0,0.0,7.4324265,0.008266041,1819.3656,15.03895,376712.802069,5703575.52671,05911
05911,2009,160536.0,10.0,160536.0,10.0,0.0,7.340214,0.033938672,1659.0996,56.307636,376712.802069,5703575.52671,05911
05911,2010,160536.0,10.0,160536.0,10.0,0.0,7.3259377,0.0058535757,1635.5826,9.574006,376712.802069,5703575.52671,05911
05911,2011,160536.0,10.0,160536.0,10.0,0.0,7.3933916,0.0012445007,1749.7152,2.177522,376712.802069,5703575.52671,05911
05911,2012,160536.0,10.0,160536.0,10.0,0.0,7.4212503,0.023661142,1799.1459,42.569847,376712.802069,5703575.52671,05911
05911,2013,160536.0,10.0,160536.0,10.0,0.0,7.3552465,0.08215616,1684.2291,138.3698,376712.802069,5703575.52671,05911
05911,2014,160536.0,10.0,160536.0,10.0,0.0,7.372976,0.031225173,1714.3556,53.531048,376712.802069,5703575.52671,05911
05911,2015,160536.0,10.0,160536.0,10.0,0.0,7.517693,0.05022182,1981.3022,99.50461,376712.802069,5703575.52671,05911
05911,2016,160536.0,10.0,160536.0,10.0,0.0,7.503771,0.0022645162,1953.91,4.424661,376712.802069,5703575.52671,05911
05911,2017,160536.0,10.0,160536.0,10.0,0.0,7.6037664,0.096541665,2159.3948,208.47157,376712.802069,5703575.52671,05911
05911,2018,160536.0,10.0,160536.0,10.0,0.0,7.693537,0.049053654,2362.2131,115.87518,376712.802069,5703575.52671,05911
05911,2019,160536.0,10.0,160536.0,10.0,0.0,7.7777314,0.013818497,2569.71,35.50953,376712.802069,5703575.52671,05911
05911,2020,160536.0,10.0,160536.0,10.0,0.0,7.9740734,0.047073755,3127.1904,147.20859,376712.802069,5703575.52671,05911
05911,2021,160536.0,10.0,160536.0,10.0,0.0,7.9078226,0.012392944,2926.7244,36.270733,376712.802069,5703575.52671,05911
05911,2022,160536.0,10.0,160536.0,10.0,0.0,8.17604,0.035386577,3827.0757,135.42711,376712.802069,5703575.52671,05911
05911,2023,160536.0,10.0,160536.0,10.0,0.0,8.033676,0.0020150065,3319.245,6.6883,376712.802069,5703575.52671,05911
05911,2024,160536.0,10.0,160536.0,10.0,0.0,7.968684,0.023414506,3110.383,72.82808,376712.802069,5703575.52671,05911
05911,2025,160536.0,10.0,160536.0,10.0,0.0,7.971775,0.022613706,3120.0117,70.55502,376712.802069,5703575.52671,05911
05913,2007,153072.0,10.0,153072.0,10.0,0.0,7.3149414,0.05437488,1598.9769,86.944176,394177.597348,5708317.95659,05913
05913,2008,153072.0,10.0,153072.0,10.0,0.0,7.3288765,0.06924152,1621.4144,112.26919,394177.597348,5708317.95659,05913
05913,2009,153072.0,10.0,153072.0,10.0,0.0,7.108938,0.10968814,1301.2963,142.73677,394177.597348,5708317.95659,05913
05913,2010,153072.0,10.0,153072.0,10.0,0.0,7.127607,0.12793183,1325.8181,169.61433,394177.597348,5708317.95659,05913
05913,2011,153072.0,10.0,153072.0,10.0,0.0,7.1925316,0.08636135,1414.7516,122.179855,394177.597348,5708317.95659,05913
05913,2012,153072.0,10.0,153072.0,10.0,0.0,7.157593,0.04635482,1366.1758,63.32883,394177.597348,5708317.95659,05913
05913,2013,153072.0,10.0,153072.0,10.0,0.0,7.2155747,0.036719806,1447.731,53.1604,394177.597348,5708317.95659,05913
05913,2014,153072.0,10.0,153072.0,10.0,0.0,7.2552953,0.07616616,1506.3927,114.73615,394177.597348,5708317.95659,05913
05913,2015,153072.0,10.0,153072.0,10.0,0.0,7.370482,0.08811463,1690.2975,148.93993,394177.597348,5708317.95659,05913
05913,2016,153072.0,10.0,153072.0,10.0,0.0,7.420206,0.06160884,1776.4708,109.446304,394177.597348,5708317.95659,05913
05913,2017,153072.0,10.0,153072.0,10.0,0.0,7.377254,0.090629905,1701.7836,154.23248,394177.597348,5708317.95659,05913
05913,2018,153072.0,10.0,153072.0,10.0,0.0,7.471015,0.095664196,1869.0638,178.80249,394177.597348,5708317.95659,05913
05913,2019,153072.0,10.0,153072.0,10.0,0.0,7.6329927,0.09859608,2197.7085,216.68542,394177.597348,5708317.95659,05913
05913,2020,153072.0,10.0,153072.0,10.0,0.0,7.551635,0.13211232,2025.9882,267.658,394177.597348,5708317.95659,05913
05913,2021,153072.0,10.0,153072.0,10.0,0.0,7.934034,0.09202905,2969.6865,273.29742,394177.597348,5708317.95659,05913
05913,2022,153072.0,10.0,153072.0,10.0,0.0,8.051256,0.038766194,3339.0247,129.44128,394177.597348,5708317.95659,05913
05913,2023,153072.0,10.0,153072.0,10.0,0.0,8.021511,0.014696766,3241.1675,47.634678,394177.597348,5708317.95659,05913
05913,2024,153072.0,10.0,153072.0,10.0,0.0,7.8895764,0.06671376,2840.5535,189.504,394177.597348,5708317.95659,05913
05913,2025,153072.0,10.0,153072.0,10.0,0.0,7.884981,0.0701311,2827.531,198.29787,394177.597348,5708317.95659,05913
05914,2007,70198.0,10.0,70198.0,10.0,0.0,7.3060355,0.0150822,1603.8192,24.189123,395367.468551,5689599.6688,05914
05914,2008,70198.0,10.0,70198.0,10.0,0.0,7.2264237,0.041227262,1481.086,61.061127,395367.468551,5689599.6688,05914
05914,2009,70198.0,10.0,70198.0,10.0,0.0,7.1190295,0.0026334827,1330.2693,3.5032413,395367.468551,5689599.6688,05914
05914,2010,70198.0,10.0,70198.0,10.0,0.0,7.1184173,0.014777455,1329.4553,19.645966,395367.468551,5689599.6688,05914
05914,2011,70198.0,10.0,70198.0,10.0,0.0,7.113591,0.008084035,1323.0548,10.695621,395367.468551,5689599.6688,05914
05914,2012,70198.0,10.0,70198.0,10.0,0.0,7.073158,0.024662826,1270.6262,31.337233,395367.468551,5689599.6688,05914
05914,2013,70198.0,10.0,70198.0,10.0,0.0,7.0921073,0.04532664,1294.9336,58.69499,395367.468551,5689599.6688,05914
05914,2014,70198.0,10.0,70198.0,10.0,0.0,6.998377,0.01840481,1179.0735,21.700624,395367.468551,5689599.6688,05914
05914,2015,70198.0,10.0,70198.0,10.0,0.0,7.1061444,0.0015898693,1313.2391,2.0878785,395367.468551,5689599.6688,05914
05914,2016,70198.0,10.0,70198.0,10.0,0.0,7.1011925,0.022669597,1306.7517,29.623533,395367.468551,5689599.6688,05914
05914,2017,70198.0,10.0,70198.0,10.0,0.0,7.100799,0.0105696535,1306.2379,13.806483,395367.468551,5689599.6688,05914
05914,2018,70198.0,10.0,70198.0,10.0,0.0,7.1456375,0.056396432,1366.1406,77.04546,395367.468551,5689599.6688,05914
05914,2019,70198.0,10.0,70198.0,10.0,0.0,7.22133,0.07291751,1473.5612,107.44842,395367.468551,5689599.6688,05914
05914,2020,70198.0,10.0,70198.0,10.0,0.0,7.267069,0.007161398,1542.5254,11.046638,395367.468551,5689599.6688,05914
05914,2021,70198.0,10.0,70198.0,10.0,0.0,7.319765,0.02376041,1625.9907,38.634205,395367.468551,5689599.6688,05914
05914,2022,70198.0,10.0,70198.0,10.0,0.0,7.510353,0.066455334,1967.385,130.74323,395367.468551,5689599.6688,05914
05914,2023,70198.0,10.0,70198.0,10.0,0.0,7.538749,0.07464996,2024.0521,151.09541,395367.468551,5689599.6688,05914
05914,2024,70198.0,10.0,70198.0,10.0,0.0,7.6282616,0.015669964,2213.5852,34.6868,395367.468551,5689599.6688,05914
05914,2025,70198.0,10.0,70198.0,10.0,0.0,7.597226,0.046901852,2145.9417,100.648636,395367.468551,5689599.6688,05914
05915,2007,34060.0,10.0,34060.0,10.0,0.0,7.086224,0.00872105,1275.216,11.1212225,418637.857014,5724458.21556,05915
05915,2008,34060.0,10.0,34060.0,10.0,0.0,7.1195126,0.03299601,1318.3805,43.501293,418637.857014,5724458.21556,05915
05915,2009,34060.0,10.0,34060.0,10.0,0.0,7.08719,0.028068896,1276.4486,35.828503,418637.857014,5724458.21556,05915
05915,2010,34060.0,10.0,34060.0,10.0,0.0,7.0962443,0.010247149,1288.0582,13.198923,418637.857014,5724458.21556,05915
05915,2011,34060.0,10.0,34060.0,10.0,0.0,7.0042167,0.006136714,1174.8116,7.2094836,418637.857014,5724458.21556,05915
05915,2012,34060.0,10.0,34060.0,10.0,0.0,6.9980106,0.016424319,1167.5433,19.176104,418637.857014,5724458.21556,05915
05915,2013,34060.0,10.0,34060.0,10.0,0.0,7.1377625,0.00042709365,1342.6613,0.5734421,418637.857014,5724458.21556,05915
05915,2014,34060.0,10.0,34060.0,10.0,0.0,7.132696,0.029754343,1335.8763,39.748123,418637.857014,5724458.21556,05915
05915,2015,34060.0,10.0,34060.0,10.0,0.0,7.145001,0.015417626,1352.4158,20.851042,418637.857014,5724458.21556,05915
05915,2016,34060.0,10.0,34060.0,10.0,0.0,7.161033,0.04125536,1374.2725,56.696102,418637.857014,5724458.21556,05915
05915,2017,34060.0,10.0,34060.0,10.0,0.0,7.2741637,0.056956645,1538.8802,87.64946,418637.857014,5724458.21556,05915
05915,2018,34060.0,10.0,34060.0,10.0,0.0,7.342863,0.03770992,1648.3167,62.15789,418637.857014,5724458.21556,05915
05915,2019,34060.0,10.0,34060.0,10.0,0.0,7.3059883,0.045444023,1588.6421,72.19429,418637.857014,5724458.21556,05915
05915,2020,34060.0,10.0,34060.0,10.0,0.0,7.550466,0.0395138,2028.6229,80.1586,418637.857014,5724458.21556,05915
05915,2021,34060.0,10.0,34060.0,10.0,0.0,7.68202,0.051907986,2313.8477,120.10717,418637.857014,5724458.21556,05915
05915,2022,34060.0,10.0,34060.0,10.0,0.0,7.969824,0.023864647,3085.5051,73.63448,418637.857014,5724458.21556,05915
05915,2023,34060.0,10.0,34060.0,10.0,0.0,7.8554087,0.07100916,2751.9236,195.41177,418637.857014,5724458.21556,05915
05915,2024,34060.0,10.0,34060.0,10.0,0.0,7.7851768,0.0505036,2565.281,129.55594,418637.857014,5724458.21556,05915
05915,2025,34060.0,10.0,34060.0,10.0,0.0,7.7943053,0.040040605,2588.806,103.65736,418637.857014,5724458.21556,05915
05916,2007,169735.0,10.0,169735.0,10.0,0.0,7.1979218,0.013000858,1454.8496,18.914293,375756.160624,5711124.02315,05916
05916,2008,169735.0,10.0,169735.0,10.0,0.0,7.1149745,0.012688211,1339.0432,16.990063,375756.160624,5711124.02315,05916
05916,2009,169735.0,10.0,169735.0,10.0,0.0,6.957671,0.010461778,1144.1387,11.969726,375756.160624,5711124.02315,05916
05916,2010,169735.0,10.0,169735.0,10.0,0.0,7.000353,0.0061762035,1194.0295,7.3745694,375756.160624,5711124.02315,05916
05916,2011,169735.0,10.0,169735.0,10.0,0.0,7.0703855,0.0057825623,1280.6483,7.405429,375756.160624,5711124.02315,05916
05916,2012,169735.0,10.0,169735.0,10.0,0.0,7.018963,0.04261018,1216.4587,51.833523,375756.160624,5711124.02315,05916
05916,2013,169735.0,10.0,169735.0,10.0,0.0,6.6900153,0.009966514,875.4618,8.725302,375756.160624,5711124.02315,05916
05916,2014,169735.0,10.0,169735.0,10.0,0.0,6.9034204,0.013824777,1083.7218,14.982212,375756.160624,5711124.02315,05916
05916,2015,169735.0,10.0,169735.0,10.0,0.0,7.012647,0.04604526,1208.7998,55.659496,375756.160624,5711124.02315,05916
05916,2016,169735.0,10.0,169735.0,10.0,0.0,6.9798384,0.036870964,1169.7842,43.13107,375756.160624,5711124.02315,05916
05916,2017,169735.0,10.0,169735.0,10.0,0.0,7.027092,0.039898034,1226.3876,48.930454,375756.160624,5711124.02315,05916
05916,2018,169735.0,10.0,169735.0,10.0,0.0,7.148538,0.0605059,1384.7495,83.785515,375756.160624,5711124.02315,05916
05916,2019,169735.0,10.0,169735.0,10.0,0.0,7.116167,0.06360258,1340.641,85.26823,375756.160624,5711124.02315,05916
05916,2020,169735.0,10.0,169735.0,10.0,0.0,7.224124,0.0055038547,1493.4742,8.219865,375756.160624,5711124.02315,05916
05916,2021,169735.0,10.0,169735.0,10.0,0.0,7.509866,0.032574985,1987.4391,64.7408,375756.160624,5711124.02315,05916
05916,2022,169735.0,10.0,169735.0,10.0,0.0,7.5730553,0.04863864,2117.0764,102.971725,375756.160624,5711124.02315,05916
05916,2023,169735.0,10.0,169735.0,10.0,0.0,7.595,0.039752457,2164.0486,86.02625,375756.160624,5711124.02315,05916
05916,2024,169735.0,10.0,169735.0,10.0,0.0,7.5866356,0.009221857,2146.0232,19.79032,375756.160624,5711124.02315,05916
05916,2025,169735.0,10.0,169735.0,10.0,0.0,7.564938,0.022435766,2099.962,47.11425,375756.160624,5711124.02315,05916
05954,2007,42893.0,10.0,42893.0,10.0,0.0,7.2922063,0.08382997,1565.8511,131.26524,392072.189835,5680633.55899,05954
05954,2008,42893.0,10.0,42893.0,10.0,0.0,7.2563515,0.059787367,1510.7021,90.32091,392072.189835,5680633.55899,05954
05954,2009,42893.0,10.0,42893.0,10.0,0.0,7.304841,0.031332336,1585.7611,49.685596,392072.189835,5680633.55899,05954
05954,2010,42893.0,10.0,42893.0,10.0,0.0,7.3014154,0.011260895,1580.3381,17.79602,392072.189835,5680633.55899,05954
05954,2011,42893.0,10.0,42893.0,10.0,0.0,7.296766,0.017158175,1573.0066,26.989922,392072.189835,5680633.55899,05954
05954,2012,42893.0,10.0,42893.0,10.0,0.0,7.161409,0.014744644,1373.8706,20.257233,392072.189835,5680633.55899,05954
05954,2013,42893.0,10.0,42893.0,10.0,0.0,7.099023,0.039515115,1290.7794,51.005295,392072.189835,5680633.55899,05954
05954,2014,42893.0,10.0,42893.0,10.0,0.0,7.153955,0.062102713,1363.6681,84.687485,392072.189835,5680633.55899,05954
05954,2015,42893.0,10.0,42893.0,10.0,0.0,7.200281,0.030053101,1428.3278,42.92568,392072.189835,5680633.55899,05954
05954,2016,42893.0,10.0,42893.0,10.0,0.0,7.3018084,0.054343514,1580.9589,85.91486,392072.189835,5680633.55899,05954
05954,2017,42893.0,10.0,42893.0,10.0,0.0,7.323728,0.14534844,1615.996,234.88249,392072.189835,5680633.55899,05954
05954,2018,42893.0,10.0,42893.0,10.0,0.0,7.345756,0.08546306,1651.9878,141.18393,392072.189835,5680633.55899,05954
05954,2019,42893.0,10.0,42893.0,10.0,0.0,7.2466774,0.043755855,1496.1583,65.46569,392072.189835,5680633.55899,05954
05954,2020,42893.0,10.0,42893.0,10.0,0.0,7.392144,0.122393735,1730.4252,211.79321,392072.189835,5680633.55899,05954
05954,2021,42893.0,10.0,42893.0,10.0,0.0,7.615522,0.024846438,2163.538,53.756214,392072.189835,5680633.55899,05954
05954,2022,42893.0,10.0,42893.0,10.0,0.0,7.852266,0.08361807,2741.4558,229.23523,392072.189835,5680633.55899,05954
05954,2023,42893.0,10.0,42893.0,10.0,0.0,7.747271,0.0015843593,2468.2122,3.910535,392072.189835,5680633.55899,05954
05954,2024,42893.0,10.0,42893.0,10.0,0.0,7.515357,0.01787575,1957.3279,34.988705,392072.189835,5680633.55899,05954
05954,2025,42893.0,10.0,42893.0,10.0,0.0,7.6517086,0.06262539,2243.264,140.48529,392072.189835,5680633.55899,05954
05958,2007,23307.0,10.0,23307.0,10.0,0.0,7.0480003,0.022128087,1234.3748,27.31435,432008.619741,5696794.42538,05958
05958,2008,23307.0,10.0,23307.0,10.0,0.0,7.085272,0.035657,1281.2499,45.685528,432008.619741,5696794.42538,05958
05958,2009,23307.0,10.0,23307.0,10.0,0.0,6.943578,0.067602165,1111.9797,75.17223,432008.619741,5696794.42538,05958
05958,2010,23307.0,10.0,23307.0,10.0,0.0,6.7618,0.010159787,927.15356,9.4196825,432008.619741,5696794.42538,05958
05958,2011,23307.0,10.0,23307.0,10.0,0.0,6.9023204,0.0062854313,1067.0358,6.7067795,432008.619741,5696794.42538,05958
05958,2012,23307.0,10.0,23307.0,10.0,0.0,6.7323728,0.046544377,900.2678,41.902405,432008.619741,5696794.42538,05958
05958,2013,23307.0,10.0,23307.0,10.0,0.0,6.8150573,0.005748009,977.8699,5.620805,432008.619741,5696794.42538,05958
05958,2014,23307.0,10.0,23307.0,10.0,0.0,6.8262815,0.04161795,988.9078,41.15631,432008.619741,5696794.42538,05958
05958,2015,23307.0,10.0,23307.0,10.0,0.0,7.0744305,0.050762463,1267.434,64.33807,432008.619741,5696794.42538,05958
05958,2016,23307.0,10.0,23307.0,10.0,0.0,7.130124,0.029943166,1340.0247,40.12458,432008.619741,5696794.42538,05958
05958,2017,23307.0,10.0,23307.0,10.0,0.0,7.2533092,0.092149794,1515.6937,139.67087,432008.619741,5696794.42538,05958
05958,2018,23307.0,10.0,23307.0,10.0,0.0,7.1414933,0.0484068,1355.3466,65.607994,432008.619741,5696794.42538,05958
05958,2019,23307.0,10.0,23307.0,10.0,0.0,7.1421967,0.29229766,1356.3005,396.44348,432008.619741,5696794.42538,05958
05958,2020,23307.0,10.0,23307.0,10.0,0.0,7.378553,0.0020744987,1717.9249,3.563833,432008.619741,5696794.42538,05958
05958,2021,23307.0,10.0,23307.0,10.0,0.0,7.4132423,0.012850781,1778.5638,22.855934,432008.619741,5696794.42538,05958
05958,2022,23307.0,10.0,23307.0,10.0,0.0,7.673383,0.025372313,2306.9988,58.533894,432008.619741,5696794.42538,05958
05958,2023,23307.0,10.0,23307.0,10.0,0.0,7.578958,0.04593917,2099.1282,96.432205,432008.619741,5696794.42538,05958
05958,2024,23307.0,10.0,23307.0,10.0,0.0,7.545579,0.035465848,2030.2175,72.00338,432008.619741,5696794.42538,05958
05958,2025,23307.0,10.0,23307.0,10.0,0.0,7.5341377,0.09791837,2007.1217,196.53407,432008.619741,5696794.42538,05958
05962,2007,41103.0,10.0,41103.0,10.0,0.0,6.87736,0.018933104,1042.834,19.744083,408522.573442,5682298.4644,05962
05962,2008,41103.0,10.0,41103.0,10.0,0.0,6.7130675,0.110392876,884.83826,97.67984,408522.573442,5682298.4644,05962
05962,2009,41103.0,10.0,41103.0,10.0,0.0,6.638561,0.10224293,821.30817,83.97295,408522.573442,5682298.4644,05962
05962,2010,41103.0,10.0,41103.0,10.0,0.0,6.728235,0.057278324,898.3615,51.456646,408522.573442,5682298.4644,05962
05962,2011,41103.0,10.0,41103.0,10.0,0.0,6.701608,0.04020234,874.75684,35.16727,408522.573442,5682298.4644,05962
05962,2012,41103.0,10.0,41103.0,10.0,0.0,6.659252,0.07906403,838.479,66.293526,408522.573442,5682298.4644,05962
05962,2013,41103.0,10.0,41103.0,10.0,0.0,6.6331925,0.044602692,816.91077,36.43642,408522.573442,5682298.4644,05962
05962,2014,41103.0,10.0,41103.0,10.0,0.0,6.5532165,0.10470133,754.12177,78.95755,408522.573442,5682298.4644,05962
05962,2015,41103.0,10.0,41103.0,10.0,0.0,6.625638,0.019062506,810.7628,15.455171,408522.573442,5682298.4644,05962
05962,2016,41103.0,10.0,41103.0,10.0,0.0,6.4637957,0.0037032755,689.6149,2.5538342,408522.573442,5682298.4644,05962
05962,2017,41103.0,10.0,41103.0,10.0,0.0,6.6218266,0.0057063336,807.6786,4.6088834,408522.573442,5682298.4644,05962
05962,2018,41103.0,10.0,41103.0,10.0,0.0,6.7635627,0.05150472,930.66565,47.933674,408522.573442,5682298.4644,05962
05962,2019,41103.0,10.0,41103.0,10.0,0.0,6.727586,0.017618066,897.77856,15.817122,408522.573442,5682298.4644,05962
05962,2020,41103.0,10.0,41103.0,10.0,0.0,6.807916,0.04529168,972.8733,44.063065,408522.573442,5682298.4644,05962
05962,2021,41103.0,10.0,41103.0,10.0,0.0,6.933241,0.04825072,1102.7678,53.209343,408522.573442,5682298.4644,05962
05962,2022,41103.0,10.0,41103.0,10.0,0.0,6.9707446,0.0033344396,1144.911,3.8176365,408522.573442,5682298.4644,05962
05962,2023,41103.0,10.0,41103.0,10.0,0.0,6.9516563,0.11695081,1123.2639,131.36662,408522.573442,5682298.4644,05962
05962,2024,41103.0,10.0,41103.0,10.0,0.0,7.138333,0.14790088,1353.7996,200.22813,408522.573442,5682298.4644,05962
05962,2025,41103.0,10.0,41103.0,10.0,0.0,7.0141206,0.05299358,1195.6655,63.3626,408522.573442,5682298.4644,05962
05966,2007,12626.0,10.0,12626.0,10.0,0.0,7.2932715,0.0126290545,1583.7529,20.001303,422858.950807,5663858.67025,05966
05966,2008,12626.0,10.0,12626.0,10.0,0.0,7.3220377,0.012010061,1629.9731,19.576078,422858.950807,5663858.67025,05966
05966,2009,12626.0,10.0,12626.0,10.0,0.0,7.2803493,0.007208072,1563.4192,11.2692375,422858.950807,5663858.67025,05966
05966,2010,12626.0,10.0,12626.0,10.0,0.0,7.241355,0.06024842,1503.6282,90.59122,422858.950807,5663858.67025,05966
05966,2011,12626.0,10.0,12626.0,10.0,0.0,7.1679044,0.008567232,1397.1443,11.969659,422858.950807,5663858.67025,05966
05966,2012,12626.0,10.0,12626.0,10.0,0.0,7.275279,0.05762416,1555.5125,89.6351,422858.950807,5663858.67025,05966
05966,2013,12626.0,10.0,12626.0,10.0,0.0,7.282907,0.15451114,1567.4227,242.18428,422858.950807,5663858.67025,05966
05966,2014,12626.0,10.0,12626.0,10.0,0.0,7.2282596,0.1210944,1484.0657,179.71204,422858.950807,5663858.67025,05966
05966,2015,12626.0,10.0,12626.0,10.0,0.0,7.2911563,0.13666992,1580.4065,215.99402,422858.950807,5663858.67025,05966
05966,2016,12626.0,10.0,12626.0,10.0,0.0,7.294354,0.11834727,1585.4681,187.63582,422858.950807,5663858.67025,05966
05966,2017,12626.0,10.0,12626.0,10.0,0.0,7.3943744,0.070223294,1752.249,123.0487,422858.950807,5663858.67025,05966
05966,2018,12626.0,10.0,12626.0,10.0,0.0,7.4356794,0.07979,1826.1416,145.70786,422858.950807,5663858.67025,05966
05966,2019,12626.0,10.0,12626.0,10.0,0.0,7.39907,0.08446724,1760.4957,148.70421,422858.950807,5663858.67025,05966
05966,2020,12626.0,10.0,12626.0,10.0,0.0,7.62791,0.19511479,2213.1924,431.82654,422858.950807,5663858.67025,05966
05966,2021,12626.0,10.0,12626.0,10.0,0.0,7.8383994,0.10123356,2731.7036,276.54007,422858.950807,5663858.67025,05966
05966,2022,12626.0,10.0,12626.0,10.0,0.0,8.11497,0.00982613,3602.0256,35.393974,422858.950807,5663858.67025,05966
05966,2023,12626.0,10.0,12626.0,10.0,0.0,8.074174,0.11557239,3458.032,399.653,422858.950807,5663858.67025,05966
05966,2024,12626.0,10.0,12626.0,10.0,0.0,7.718621,0.06659074,2423.34,161.37201,422858.950807,5663858.67025,05966
05966,2025,12626.0,10.0,12626.0,10.0,0.0,7.7647223,0.044633366,2537.6743,113.26494,422858.950807,5663858.67025,05966
05970,2007,45334.0,25.0,4159.0,10.0,-0.059444275,7.1233163,0.026032243,1355.7576,35.29341,458248.799716,5656110.85476,05970
05970,2008,45334.0,25.0,4159.0,10.0,-0.059444275,7.126909,0.03565187,1360.6366,48.50924,458248.799716,5656110.85476,05970
05970,2009,45334.0,25.0,4159.0,10.0,-0.059444275,7.0644965,0.02040594,1278.3121,26.085161,458248.799716,5656110.85476,05970
05970,2010,45334.0,25.0,4159.0,10.0,-0.059444275,6.902977,0.007046042,1087.6517,7.66364,458248.799716,5656110.85476,05970
05970,2011,45334.0,25.0,4159.0,10.0,-0.059444275,7.08779,0.01571319,1308.4377,20.559732,458248.799716,5656110.85476,05970
05970,2012,45334.0,25.0,4159.0,10.0,-0.059444275,6.9413567,0.0760255,1130.2065,85.924515,458248.799716,5656110.85476,05970
05970,2013,45334.0,25.0,4159.0,10.0,-0.059444275,6.878839,0.0281254,1061.7124,29.861084,458248.799716,5656110.85476,05970
05970,2014,45334.0,25.0,4159.0,10.0,-0.059444275,6.844803,0.05540881,1026.1836,56.85961,458248.799716,5656110.85476,05970
05970,2015,45334.0,25.0,4159.0,10.0,-0.059444275,6.9709506,0.048160877,1164.1537,56.06666,458248.799716,5656110.85476,05970
05970,2016,45334.0,25.0,4159.0,10.0,-0.059444275,6.929664,0.031179734,1117.0687,34.829906,458248.799716,5656110.85476,05970
05970,2017,45334.0,25.0,4159.0,10.0,-0.059444275,6.932343,0.014348056,1120.0652,16.070759,458248.799716,5656110.85476,05970
05970,2018,45334.0,25.0,4159.0,10.0,-0.059444275,6.95348,0.119970694,1143.992,137.2455,458248.799716,5656110.85476,05970
05970,2019,45334.0,25.0,4159.0,10.0,-0.059444275,6.9897704,0.27735564,1186.2703,329.01874,458248.799716,5656110.85476,05970
05970,2020,45334.0,25.0,4159.0,10.0,-0.059444275,7.121512,0.02481397,1353.3129,33.581066,458248.799716,5656110.85476,05970
05970,2021,45334.0,25.0,4159.0,10.0,-0.059444275,7.2973485,0.0575032,1613.4785,92.78018,458248.799716,5656110.85476,05970
05970,2022,45334.0,25.0,4159.0,10.0,-0.059444275,7.487975,0.06865104,1952.3207,134.02885,458248.799716,5656110.85476,05970
05970,2023,45334.0,25.0,4159.0,10.0,-0.059444275,7.534369,0.009852059,2045.0303,20.14776,458248.799716,5656110.85476,05970
05970,2024,45334.0,25.0,4159.0,10.0,-0.059444275,7.441508,0.021226982,1863.6772,39.56024,458248.799716,5656110.85476,05970
05970,2025,45334.0,25.0,4159.0,10.0,-0.059444275,7.4933887,0.080505505,1962.9186,158.02576,458248.799716,5656110.85476,05970
05974,2007,90583.0,25.0,9292.0,10.0,0.18983658,7.1219115,0.029289534,1338.1993,39.195236,452096.753432,5711114.96976,05974
05974,2008,90583.0,25.0,9292.0,10.0,0.18983658,7.033819,0.06807783,1225.3573,83.41967,452096.753432,5711114.96976,05974
05974,2009,90583.0,25.0,9292.0,10.0,0.18983658,7.0096493,0.016150152,1196.0953,19.317122,452096.753432,5711114.96976,05974
05974,2010,90583.0,25.0,9292.0,10.0,0.18983658,6.923379,0.030620089,1097.2338,33.597397,452096.753432,5711114.96976,05974
05974,2011,90583.0,25.0,9292.0,10.0,0.18983658,6.937892,0.019526215,1113.2743,21.738033,452096.753432,5711114.96976,05974
05974,2012,90583.0,25.0,9292.0,10.0,0.18983658,7.074274,0.089577235,1275.9452,114.29564,452096.753432,5711114.96976,05974
05974,2013,90583.0,25.0,9292.0,10.0,0.18983658,7.0829606,0.12667759,1287.077,163.04381,452096.753432,5711114.96976,05974
05974,2014,90583.0,25.0,9292.0,10.0,0.18983658,6.9784803,0.055144932,1159.3898,63.934467,452096.753432,5711114.96976,05974
05974,2015,90583.0,25.0,9292.0,10.0,0.18983658,7.1156793,0.032143112,1329.8849,42.746635,452096.753432,5711114.96976,05974
05974,2016,90583.0,25.0,9292.0,10.0,0.18983658,7.045941,0.15164188,1240.301,188.08159,452096.753432,5711114.96976,05974
05974,2017,90583.0,25.0,9292.0,10.0,0.18983658,7.0274706,0.1594314,1217.6024,194.12405,452096.753432,5711114.96976,05974
05974,2018,90583.0,25.0,9292.0,10.0,0.18983658,7.0889654,0.18699999,1294.8287,242.13297,452096.753432,5711114.96976,05974
05974,2019,90583.0,25.0,9292.0,10.0,0.18983658,7.1746855,0.057000197,1410.7177,80.41119,452096.753432,5711114.96976,05974
05974,2020,90583.0,25.0,9292.0,10.0,0.18983658,7.420506,0.023061473,1803.8428,41.599274,452096.753432,5711114.96976,05974
05974,2021,90583.0,25.0,9292.0,10.0,0.18983658,7.478953,0.11411659,1912.4135,218.23811,452096.753432,5711114.96976,05974
05974,2022,90583.0,25.0,9292.0,10.0,0.18983658,7.4656167,0.011089672,1887.0786,20.927084,452096.753432,5711114.96976,05974
05974,2023,90583.0,25.0,9292.0,10.0,0.18983658,7.5352483,0.128459,2023.162,259.8934,452096.753432,5711114.96976,05974
05974,2024,90583.0,25.0,9292.0,10.0,0.18983658,7.40603,0.04041004,1777.9187,71.84577,452096.753432,5711114.96976,05974
05974,2025,90583.0,25.0,9292.0,10.0,0.18983658,7.3546047,0.06603395,1688.7998,111.51813,452096.753432,5711114.96976,05974
05978,2007,68578.0,10.0,68578.0,10.0,0.0,7.180847,0.05310173,1389.9379,73.808105,405136.931834,5719990.53731,05978
05978,2008,68578.0,10.0,68578.0,10.0,0.0,7.244593,0.087556355,1481.426,129.70825,405136.931834,5719990.53731,05978
05978,2009,68578.0,10.0,68578.0,10.0,0.0,7.152587,0.0689899,1351.208,93.21971,405136.931834,5719990.53731,05978
05978,2010,68578.0,10.0,68578.0,10.0,0.0,7.1095967,0.08072087,1294.35,104.48106,405136.931834,5719990.53731,05978
05978,2011,68578.0,10.0,68578.0,10.0,0.0,7.096475,0.053896364,1277.4772,68.85137,405136.931834,5719990.53731,05978
05978,2012,68578.0,10.0,68578.0,10.0,0.0,7.173698,0.066970766,1380.0363,92.42209,405136.931834,5719990.53731,05978
05978,2013,68578.0,10.0,68578.0,10.0,0.0,7.1804814,0.062756695,1389.43,87.19604,405136.931834,5719990.53731,05978
05978,2014,68578.0,10.0,68578.0,10.0,0.0,7.101094,0.02748223,1283.3907,35.27044,405136.931834,5719990.53731,05978
05978,2015,68578.0,10.0,68578.0,10.0,0.0,7.184321,0.028781505,1394.775,40.143726,405136.931834,5719990.53731,05978
05978,2016,68578.0,10.0,68578.0,10.0,0.0,7.1481495,0.032686688,1345.2255,43.97097,405136.931834,5719990.53731,05978
05978,2017,68578.0,10.0,68578.0,10.0,0.0,7.23347,0.024365662,1465.0392,35.696648,405136.931834,5719990.53731,05978
05978,2018,68578.0,10.0,68578.0,10.0,0.0,7.225235,0.0721255,1453.0243,104.80011,405136.931834,5719990.53731,05978
05978,2019,68578.0,10.0,68578.0,10.0,0.0,7.2885275,0.017326165,1547.9625,26.820253,405136.931834,5719990.53731,05978
05978,2020,68578.0,10.0,68578.0,10.0,0.0,7.43789,0.019433348,1797.3301,34.92814,405136.931834,5719990.53731,05978
05978,2021,68578.0,10.0,68578.0,10.0,0.0,7.5375957,0.026181642,1985.772,51.990772,405136.931834,5719990.53731,05978
05978,2022,68578.0,10.0,68578.0,10.0,0.0,7.774376,0.06351976,2516.2961,159.83453,405136.931834,5719990.53731,05978
05978,2023,68578.0,10.0,68578.0,10.0,0.0,7.669376,0.0060921856,2265.4832,13.8017435,405136.931834,5719990.53731,05978
05978,2024,68578.0,10.0,68578.0,10.0,0.0,7.505055,0.030483684,1922.1937,58.595543,405136.931834,5719990.53731,05978
05978,2025,68578.0,10.0,68578.0,10.0,0.0,7.68271,0.014693494,2295.8933,33.73469,405136.931834,5719990.53731,05978
06411,2007,81132.0,10.0,81132.0,10.0,0.0,7.7327676,0.020139351,2388.9875,48.11266,475918.837672,5525508.64622,06411
06411,2008,81132.0,10.0,81132.0,10.0,0.0,7.722805,0.002384956,2365.305,5.641148,475918.837672,5525508.64622,06411
06411,2009,81132.0,10.0,81132.0,10.0,0.0,7.6782885,0.022318494,2262.319,50.491558,475918.837672,5525508.64622,06411
06411,2010,81132.0,10.0,81132.0,10.0,0.0,7.747167,0.03920607,2423.6367,95.02127,475918.837672,5525508.64622,06411
06411,2011,81132.0,10.0,81132.0,10.0,0.0,7.82607,0.03537425,2622.6143,92.77302,475918.837672,5525508.64622,06411
06411,2012,81132.0,10.0,81132.0,10.0,0.0,7.885952,0.002045212,2784.4607,5.694813,475918.837672,5525508.64622,06411
06411,2013,81132.0,10.0,81132.0,10.0,0.0,7.9695916,0.025054118,3027.3674,75.848015,475918.837672,5525508.64622,06411
06411,2014,81132.0,10.0,81132.0,10.0,0.0,7.9854465,0.018313497,3075.749,56.327724,475918.837672,5525508.64622,06411
06411,2015,81132.0,10.0,81132.0,10.0,0.0,8.032243,0.041161124,3223.1035,132.66656,475918.837672,5525508.64622,06411
06411,2016,81132.0,10.0,81132.0,10.0,0.0,8.160432,0.027719608,3663.922,101.562485,475918.837672,5525508.64622,06411
06411,2017,81132.0,10.0,81132.0,10.0,0.0,8.186804,0.02915358,3761.8325,109.67088,475918.837672,5525508.64622,06411
06411,2018,81132.0,10.0,81132.0,10.0,0.0,8.185198,0.024369236,3755.794,91.52583,475918.837672,5525508.64622,06411
06411,2019,81132.0,10.0,81132.0,10.0,0.0,8.343237,0.035157017,4398.833,154.64984,475918.837672,5525508.64622,06411
06411,2020,81132.0,10.0,81132.0,10.0,0.0,8.457265,0.015177104,4930.136,74.82518,475918.837672,5525508.64622,06411
06411,2021,81132.0,10.0,81132.0,10.0,0.0,8.531012,0.038083985,5307.4614,202.12929,475918.837672,5525508.64622,06411
06411,2022,81132.0,10.0,81132.0,10.0,0.0,8.558497,0.013075107,5455.3657,71.32949,475918.837672,5525508.64622,06411
06411,2023,81132.0,10.0,81132.0,10.0,0.0,8.520312,0.022910949,5250.9785,120.3049,475918.837672,5525508.64622,06411
06411,2024,81132.0,10.0,81132.0,10.0,0.0,8.519636,0.014984412,5247.4297,78.629654,475918.837672,5525508.64622,06411
06411,2025,81132.0,10.0,81132.0,10.0,0.0,8.542599,0.038688462,5369.3154,207.73056,475918.837672,5525508.64622,06411
06412,2007,281738.0,10.0,281738.0,10.0,0.0,8.070853,0.0024896085,3376.546,8.406277,474558.791196,5551803.8675,06412
06412,2008,281738.0,10.0,281738.0,10.0,0.0,8.100775,0.0032203568,3479.1052,11.203959,474558.791196,5551803.8675,06412
06412,2009,281738.0,10.0,281738.0,10.0,0.0,8.092595,0.02870833,3450.762,99.06561,474558.791196,5551803.8675,06412
06412,2010,281738.0,10.0,281738.0,10.0,0.0,8.131699,0.020255513,3588.373,72.68434,474558.791196,5551803.8675,06412
06412,2011,281738.0,10.0,281738.0,10.0,0.0,8.272465,0.021990057,4130.7764,90.836006,474558.791196,5551803.8675,06412
06412,2012,281738.0,10.0,281738.0,10.0,0.0,8.354116,0.034304958,4482.213,153.76213,474558.791196,5551803.8675,06412
06412,2013,281738.0,10.0,281738.0,10.0,0.0,8.441071,0.0015833093,4889.406,7.7414417,474558.791196,5551803.8675,06412
06412,2014,281738.0,10.0,281738.0,10.0,0.0,8.429088,0.021875786,4831.169,105.685616,474558.791196,5551803.8675,06412
06412,2015,281738.0,10.0,281738.0,10.0,0.0,8.489645,0.039063204,5132.7676,200.50235,474558.791196,5551803.8675,06412
06412,2016,281738.0,10.0,281738.0,10.0,0.0,8.58325,0.0059231594,5636.4272,33.385456,474558.791196,5551803.8675,06412
06412,2017,281738.0,10.0,281738.0,10.0,0.0,8.738631,0.015293406,6583.93,100.69072,474558.791196,5551803.8675,06412
06412,2018,281738.0,10.0,281738.0,10.0,0.0,8.855548,0.021897936,7400.502,162.05573,474558.791196,5551803.8675,06412
06412,2019,281738.0,10.0,281738.0,10.0,0.0,8.973492,0.032199353,8326.908,268.12106,474558.791196,5551803.8675,06412
06412,2020,281738.0,10.0,281738.0,10.0,0.0,9.047457,0.0048086634,8966.153,43.115215,474558.791196,5551803.8675,06412
06412,2021,281738.0,10.0,281738.0,10.0,0.0,9.095234,0.0068023195,9404.931,63.97534,474558.791196,5551803.8675,06412
06412,2022,281738.0,10.0,281738.0,10.0,0.0,9.1242895,0.011119093,9682.203,107.65731,474558.791196,5551803.8675,06412
06412,2023,281738.0,10.0,281738.0,10.0,0.0,9.018204,0.0033817028,8707.668,29.446745,474558.791196,5551803.8675,06412
06412,2024,281738.0,10.0,281738.0,10.0,0.0,8.982322,0.004546117,8400.758,38.190826,474558.791196,5551803.8675,06412
06412,2025,281738.0,10.0,281738.0,10.0,0.0,8.96595,0.006448896,8264.342,53.295883,474558.791196,5551803.8675,06412
06413,2007,236865.0,10.0,236865.0,10.0,0.0,7.5463386,0.13997184,2011.6433,281.5734,484329.990309,5548780.74912,06413
06413,2008,236865.0,10.0,236865.0,10.0,0.0,7.482273,0.09406234,1886.8081,177.47758,484329.990309,5548780.74912,06413
06413,2009,236865.0,10.0,236865.0,10.0,0.0,7.377494,0.120429166,1699.1145,204.62294,484329.990309,5548780.74912,06413
06413,2010,236865.0,10.0,236865.0,10.0,0.0,7.4533143,0.08253486,1832.9518,151.28242,484329.990309,5548780.74912,06413
06413,2011,236865.0,10.0,236865.0,10.0,0.0,7.496148,0.057496198,1913.1705,110.00003,484329.990309,5548780.74912,06413
06413,2012,236865.0,10.0,236865.0,10.0,0.0,7.5357466,0.053620845,1990.4486,106.72953,484329.990309,5548780.74912,06413
06413,2013,236865.0,10.0,236865.0,10.0,0.0,7.591028,0.06013968,2103.5823,126.50876,484329.990309,5548780.74912,06413
06413,2014,236865.0,10.0,236865.0,10.0,0.0,7.6242666,0.069032684,2174.677,150.1238,484329.990309,5548780.74912,06413
06413,2015,236865.0,10.0,236865.0,10.0,0.0,7.75769,0.02875692,2485.0764,71.46314,484329.990309,5548780.74912,06413
06413,2016,236865.0,10.0,236865.0,10.0,0.0,7.8143983,0.045661297,2630.0732,120.092545,484329.990309,5548780.74912,06413
06413,2017,236865.0,10.0,236865.0,10.0,0.0,7.9192553,0.047515187,2920.833,138.78394,484329.990309,5548780.74912,06413
06413,2018,236865.0,10.0,236865.0,10.0,0.0,8.034092,0.033451892,3276.2695,109.59742,484329.990309,5548780.74912,06413
06413,2019,236865.0,10.0,236865.0,10.0,0.0,8.110271,0.0055655898,3535.6067,19.677736,484329.990309,5548780.74912,06413
06413,2020,236865.0,10.0,236865.0,10.0,0.0,8.24697,0.03232092,4053.5132,131.01328,484329.990309,5548780.74912,06413
06413,2021,236865.0,10.0,236865.0,10.0,0.0,8.382247,0.049119227,4640.6787,227.94655,484329.990309,5548780.74912,06413
06413,2022,236865.0,10.0,236865.0,10.0,0.0,8.41899,0.05190455,4814.3647,249.88744,484329.990309,5548780.74912,06413
06413,2023,236865.0,10.0,236865.0,10.0,0.0,8.343522,0.060538936,4464.405,270.27032,484329.990309,5548780.74912,06413
06413,2024,236865.0,10.0,236865.0,10.0,0.0,8.3311205,0.077442005,4409.379,341.47113,484329.990309,5548780.74912,06413
06413,2025,236865.0,10.0,236865.0,10.0,0.0,8.326068,0.07668389,4387.156,336.42416,484329.990309,5548780.74912,06413
06414,2007,167008.0,10.0,167008.0,10.0,0.0,7.9351444,0.029277112,2934.442,85.91198,447082.405569,5547697.46433,06414
06414,2008,167008.0,10.0,167008.0,10.0,0.0,7.9282813,0.016998926,2914.3713,49.541183,447082.405569,5547697.46433,06414
06414,2009,167008.0,10.0,167008.0,10.0,0.0,7.858377,0.017373318,2717.602,47.213768,447082.405569,5547697.46433,06414
06414,2010,167008.0,10.0,167008.0,10.0,0.0,7.8604474,0.031893715,2723.2349,86.85407,447082.405569,5547697.46433,06414
06414,2011,167008.0,10.0,167008.0,10.0,0.0,7.8927526,0.032942023,2812.6458,92.654236,447082.405569,5547697.46433,06414
06414,2012,167008.0,10.0,167008.0,10.0,0.0,8.007112,0.008860481,3153.4097,27.940725,447082.405569,5547697.46433,06414
06414,2013,167008.0,10.0,167008.0,10.0,0.0,8.074472,0.009531128,3373.145,32.14988,447082.405569,5547697.46433,06414
06414,2014,167008.0,10.0,167008.0,10.0,0.0,8.158278,0.018845733,3668.019,69.12651,447082.405569,5547697.46433,06414
06414,2015,167008.0,10.0,167008.0,10.0,0.0,8.313506,0.002518956,4283.967,10.791124,447082.405569,5547697.46433,06414
06414,2016,167008.0,10.0,167008.0,10.0,0.0,8.332125,0.0037328373,4364.475,16.291876,447082.405569,5547697.46433,06414
06414,2017,167008.0,10.0,167008.0,10.0,0.0,8.395063,0.010851103,4647.996,50.435883,447082.405569,5547697.46433,06414
06414,2018,167008.0,10.0,167008.0,10.0,0.0,8.4423485,0.0053074067,4873.056,25.86329,447082.405569,5547697.46433,06414
06414,2019,167008.0,10.0,167008.0,10.0,0.0,8.516722,0.0049075214,5249.2983,25.761044,447082.405569,5547697.46433,06414
06414,2020,167008.0,10.0,167008.0,10.0,0.0,8.631655,0.0038509204,5888.658,22.676754,447082.405569,5547697.46433,06414
06414,2021,167008.0,10.0,167008.0,10.0,0.0,8.740652,0.019190839,6566.792,126.02225,447082.405569,5547697.46433,06414
06414,2022,167008.0,10.0,167008.0,10.0,0.0,8.714512,0.019921668,6397.3564,127.44601,447082.405569,5547697.46433,06414
06414,2023,167008.0,10.0,167008.0,10.0,0.0,8.621503,0.010498813,5829.175,61.199417,447082.405569,5547697.46433,06414
06414,2024,167008.0,10.0,167008.0,10.0,0.0,8.583271,0.025949439,5610.5244,145.58995,447082.405569,5547697.46433,06414
06414,2025,167008.0,10.0,167008.0,10.0,0.0,8.6344,0.030105563,5904.848,177.76877,447082.405569,5547697.46433,06414
06431,2007,41259.0,10.0,41259.0,10.0,0.0,7.3628693,0.12315341,1683.5522,207.3352,484600.385476,5487462.08749,06431
06431,2008,41259.0,10.0,41259.0,10.0,0.0,7.1908083,0.043853585,1417.4299,62.15938,484600.385476,5487462.08749,06431
06431,2009,41259.0,10.0,41259.0,10.0,0.0,7.014216,0.04592606,1187.9783,54.559166,484600.385476,5487462.08749,06431
06431,2010,41259.0,10.0,41259.0,10.0,0.0,7.1899753,0.086165115,1416.2495,122.0313,484600.385476,5487462.08749,06431
06431,2011,41259.0,10.0,41259.0,10.0,0.0,7.0897064,0.044489753,1281.1312,56.99721,484600.385476,5487462.08749,06431
06431,2012,41259.0,10.0,41259.0,10.0,0.0,7.1970816,0.04599037,1426.3499,65.59836,484600.385476,5487462.08749,06431
06431,2013,41259.0,10.0,41259.0,10.0,0.0,7.101718,0.03398444,1296.612,44.064636,484600.385476,5487462.08749,06431
06431,2014,41259.0,10.0,41259.0,10.0,0.0,7.0920415,0.083919585,1284.126,107.76332,484600.385476,5487462.08749,06431
06431,2015,41259.0,10.0,41259.0,10.0,0.0,7.1539974,0.16527514,1366.2015,225.79915,484600.385476,5487462.08749,06431
06431,2016,41259.0,10.0,41259.0,10.0,0.0,7.2865796,0.042518083,1559.8921,66.32362,484600.385476,5487462.08749,06431
06431,2017,41259.0,10.0,41259.0,10.0,0.0,7.212837,0.059648138,1449.0006,86.43018,484600.385476,5487462.08749,06431
06431,2018,41259.0,10.0,41259.0,10.0,0.0,7.256871,0.041235797,1514.2318,62.440556,484600.385476,5487462.08749,06431
06431,2019,41259.0,10.0,41259.0,10.0,0.0,7.3637013,0.03163297,1684.9541,53.300102,484600.385476,5487462.08749,06431
06431,2020,41259.0,10.0,41259.0,10.0,0.0,7.3736415,0.19602263,1701.7859,333.58856,484600.385476,5487462.08749,06431
06431,2021,41259.0,10.0,41259.0,10.0,0.0,7.475597,0.021707064,1884.4456,40.90578,484600.385476,5487462.08749,06431
06431,2022,41259.0,10.0,41259.0,10.0,0.0,7.712684,0.077335484,2388.632,184.72603,484600.385476,5487462.08749,06431
06431,2023,41259.0,10.0,41259.0,10.0,0.0,7.7827477,0.19240957,2561.9912,492.95163,484600.385476,5487462.08749,06431
06431,2024,41259.0,10.0,41259.0,10.0,0.0,7.9273963,0.043322586,2960.7222,128.26614,484600.385476,5487462.08749,06431
06431,2025,41259.0,10.0,41259.0,10.0,0.0,7.819,0.18681002,2656.5718,496.27423,484600.385476,5487462.08749,06431
06432,2007,57412.0,10.0,57412.0,10.0,0.0,7.734176,0.06692379,2420.7131,162.0033,470547.957091,5509971.95424,06432
06432,2008,57412.0,10.0,57412.0,10.0,0.0,7.6916904,0.024227612,2320.0217,56.208588,470547.957091,5509971.95424,06432
06432,2009,57412.0,10.0,57412.0,10.0,0.0,7.5751,0.040243186,2064.702,83.09019,470547.957091,5509971.95424,06432
06432,2010,57412.0,10.0,57412.0,10.0,0.0,7.5928655,0.01508778,2101.7107,31.71015,470547.957091,5509971.95424,06432
06432,2011,57412.0,10.0,57412.0,10.0,0.0,7.5871797,0.04134064,2089.794,86.393425,470547.957091,5509971.95424,06432
06432,2012,57412.0,10.0,57412.0,10.0,0.0,7.612474,0.011038888,2143.3289,23.659966,470547.957091,5509971.95424,06432
06432,2013,57412.0,10.0,57412.0,10.0,0.0,7.6432385,0.026346428,2210.2915,58.233288,470547.957091,5509971.95424,06432
06432,2014,57412.0,10.0,57412.0,10.0,0.0,7.6540627,0.00901611,2234.3462,20.145111,470547.957091,5509971.95424,06432
06432,2015,57412.0,10.0,57412.0,10.0,0.0,7.819035,0.037194654,2635.0994,98.01162,470547.957091,5509971.95424,06432
06432,2016,57412.0,10.0,57412.0,10.0,0.0,7.8714066,0.040280674,2776.7815,111.85063,470547.957091,5509971.95424,06432
06432,2017,57412.0,10.0,57412.0,10.0,0.0,7.978113,0.010841019,3089.4688,33.49299,470547.957091,5509971.95424,06432
06432,2018,57412.0,10.0,57412.0,10.0,0.0,8.077274,0.017319357,3411.5283,59.085476,470547.957091,5509971.95424,06432
06432,2019,57412.0,10.0,57412.0,10.0,0.0,8.36234,0.033299927,4536.821,151.0758,470547.957091,5509971.95424,06432
06432,2020,57412.0,10.0,57412.0,10.0,0.0,8.196389,0.022238376,3843.0847,85.46396,470547.957091,5509971.95424,06432
06432,2021,57412.0,10.0,57412.0,10.0,0.0,8.25429,0.019721158,4072.169,80.307884,470547.957091,5509971.95424,06432
06432,2022,57412.0,10.0,57412.0,10.0,0.0,8.32471,0.034399595,4369.272,150.30118,470547.957091,5509971.95424,06432
06432,2023,57412.0,10.0,57412.0,10.0,0.0,8.283768,0.051281616,4193.9946,215.07483,470547.957091,5509971.95424,06432
06432,2024,57412.0,10.0,57412.0,10.0,0.0,8.251395,0.04494185,4060.3994,182.48186,470547.957091,5509971.95424,06432
06432,2025,57412.0,10.0,57412.0,10.0,0.0,8.253532,0.0152583765,4069.0867,62.087654,470547.957091,5509971.95424,06432
06433,2007,31797.0,10.0,31797.0,10.0,0.0,7.3958187,0.03489657,1708.3137,59.614292,460793.321226,5514684.41768,06433
06433,2008,31797.0,10.0,31797.0,10.0,0.0,7.284359,0.058197893,1528.1329,88.93412,460793.321226,5514684.41768,06433
06433,2009,31797.0,10.0,31797.0,10.0,0.0,7.2201447,0.08010189,1433.0894,114.793175,460793.321226,5514684.41768,06433
06433,2010,31797.0,10.0,31797.0,10.0,0.0,7.2675576,0.076611914,1502.6727,115.122635,460793.321226,5514684.41768,06433
06433,2011,31797.0,10.0,31797.0,10.0,0.0,7.3089333,0.12169264,1566.1515,190.58911,460793.321226,5514684.41768,06433
06433,2012,31797.0,10.0,31797.0,10.0,0.0,7.2446556,0.25912055,1468.6497,380.5573,460793.321226,5514684.41768,06433
06433,2013,31797.0,10.0,31797.0,10.0,0.0,7.378235,0.08273946,1678.5371,138.88124,460793.321226,5514684.41768,06433
06433,2014,31797.0,10.0,31797.0,10.0,0.0,7.452219,0.09162822,1807.4321,165.61179,460793.321226,5514684.41768,06433
06433,2015,31797.0,10.0,31797.0,10.0,0.0,7.4530587,0.08207484,1808.9501,148.4693,460793.321226,5514684.41768,06433
06433,2016,31797.0,10.0,31797.0,10.0,0.0,7.386481,0.043590926,1692.4358,73.77484,460793.321226,5514684.41768,06433
06433,2017,31797.0,10.0,31797.0,10.0,0.0,7.3782854,0.15363987,1678.6223,257.90332,460793.321226,5514684.41768,06433
06433,2018,31797.0,10.0,31797.0,10.0,0.0,7.6127105,0.15005915,2122.083,318.438,460793.321226,5514684.41768,06433
06433,2019,31797.0,10.0,31797.0,10.0,0.0,7.6315327,0.11183464,2162.4038,241.83167,460793.321226,5514684.41768,06433
06433,2020,31797.0,10.0,31797.0,10.0,0.0,7.9979663,0.04429773,3119.4426,138.18422,460793.321226,5514684.41768,06433
06433,2021,31797.0,10.0,31797.0,10.0,0.0,8.186709,0.11996783,3767.4473,451.97247,460793.321226,5514684.41768,06433
06433,2022,31797.0,10.0,31797.0,10.0,0.0,8.141195,0.063432075,3599.8171,228.34386,460793.321226,5514684.41768,06433
06433,2023,31797.0,10.0,31797.0,10.0,0.0,8.056732,0.052272916,3308.2517,172.93198,460793.321226,5514684.41768,06433
06433,2024,31797.0,10.0,31797.0,10.0,0.0,8.006339,0.15587536,3145.669,490.33224,460793.321226,5514684.41768,06433
06433,2025,31797.0,10.0,31797.0,10.0,0.0,7.913585,0.049717546,2867.0198,142.54118,460793.321226,5514684.41768,06433
06434,2007,140780.0,10.0,140780.0,10.0,0.0,7.9411526,0.021463154,2948.4097,63.282173,471442.559748,5564927.89432,06434
06434,2008,140780.0,10.0,140780.0,10.0,0.0,7.9430547,0.026940187,2954.0234,79.58194,471442.559748,5564927.89432,06434
06434,2009,140780.0,10.0,140780.0,10.0,0.0,7.8977623,0.030029142,2823.2139,84.778694,471442.559748,5564927.89432,06434
06434,2010,140780.0,10.0,140780.0,10.0,0.0,7.9414654,0.0072165886,2949.333,21.284122,471442.559748,5564927.89432,06434
06434,2011,140780.0,10.0,140780.0,10.0,0.0,7.9812064,0.0045792637,3068.9019,14.05331,471442.559748,5564927.89432,06434
06434,2012,140780.0,10.0,140780.0,10.0,0.0,8.071717,0.0024376693,3359.6301,8.189668,471442.559748,5564927.89432,06434
06434,2013,140780.0,10.0,140780.0,10.0,0.0,8.112103,0.0016430682,3498.091,5.747602,471442.559748,5564927.89432,06434
06434,2014,140780.0,10.0,140780.0,10.0,0.0,8.136729,0.033060748,3585.3015,118.532745,471442.559748,5564927.89432,06434
06434,2015,140780.0,10.0,140780.0,10.0,0.0,8.257443,0.033097938,4045.3052,133.89125,471442.559748,5564927.89432,06434
06434,2016,140780.0,10.0,140780.0,10.0,0.0,8.29888,0.005408545,4216.4473,22.804844,471442.559748,5564927.89432,06434
06434,2017,140780.0,10.0,140780.0,10.0,0.0,8.454283,0.031911086,4925.355,157.17343,471442.559748,5564927.89432,06434
06434,2018,140780.0,10.0,140780.0,10.0,0.0,8.448717,0.0021550683,4898.0166,10.55556,471442.559748,5564927.89432,06434
06434,2019,140780.0,10.0,140780.0,10.0,0.0,8.516935,0.020654377,5243.812,108.30767,471442.559748,5564927.89432,06434
06434,2020,140780.0,10.0,140780.0,10.0,0.0,8.625805,0.010852124,5846.939,63.451706,471442.559748,5564927.89432,06434
06434,2021,140780.0,10.0,140780.0,10.0,0.0,8.747738,0.047600627,6605.1606,314.4098,471442.559748,5564927.89432,06434
06434,2022,140780.0,10.0,140780.0,10.0,0.0,8.7243595,0.0009399118,6452.5337,6.0648127,471442.559748,5564927.89432,06434
06434,2023,140780.0,10.0,140780.0,10.0,0.0,8.663222,0.013424215,6069.863,81.48315,471442.559748,5564927.89432,06434
06434,2024,140780.0,10.0,140780.0,10.0,0.0,8.677954,0.0076047564,6159.943,46.844864,471442.559748,5564927.89432,06434
06434,2025,140780.0,10.0,140780.0,10.0,0.0,8.665421,0.0031622914,6083.221,19.236917,471442.559748,5564927.89432,06434
06435,2007,17191.0,10.0,17191.0,10.0,0.0,7.309488,0.03171809,1584.4907,50.25702,526420.320531,5562429.50849,06435
06435,2008,17191.0,10.0,17191.0,10.0,0.0,7.3223796,0.096949235,1605.0496,155.60832,526420.320531,5562429.50849,06435
06435,2009,17191.0,10.0,17191.0,10.0,0.0,7.252396,0.057885993,1496.5631,86.63004,526420.320531,5562429.50849,06435
06435,2010,17191.0,10.0,17191.0,10.0,0.0,7.143316,0.07099197,1341.9059,95.26454,526420.320531,5562429.50849,06435
06435,2011,17191.0,10.0,17191.0,10.0,0.0,7.223663,0.025446149,1454.1742,37.00313,526420.320531,5562429.50849,06435
06435,2012,17191.0,10.0,17191.0,10.0,0.0,7.2298036,0.013422275,1463.1311,19.638548,526420.320531,5562429.50849,06435
06435,2013,17191.0,10.0,17191.0,10.0,0.0,7.1813674,0.011697678,1393.9515,16.305998,526420.320531,5562429.50849,06435
06435,2014,17191.0,10.0,17191.0,10.0,0.0,7.1216683,0.07044631,1313.1693,92.50794,526420.320531,5562429.50849,06435
06435,2015,17191.0,10.0,17191.0,10.0,0.0,7.237276,0.082267225,1474.1056,121.27057,526420.320531,5562429.50849,06435
06435,2016,17191.0,10.0,17191.0,10.0,0.0,7.268345,0.033056565,1520.6227,50.266563,526420.320531,5562429.50849,06435
06435,2017,17191.0,10.0,17191.0,10.0,0.0,7.4856977,0.08380445,1889.8032,158.37392,526420.320531,5562429.50849,06435
06435,2018,17191.0,10.0,17191.0,10.0,0.0,7.5988564,0.06834048,2116.2205,144.62354,526420.320531,5562429.50849,06435
06435,2019,17191.0,10.0,17191.0,10.0,0.0,7.5485125,0.03691155,2012.3191,74.27782,526420.320531,5562429.50849,06435
06435,2020,17191.0,10.0,17191.0,10.0,0.0,7.6900153,0.041357044,2318.1985,95.87384,526420.320531,5562429.50849,06435
06435,2021,17191.0,10.0,17191.0,10.0,0.0,7.731343,0.011283448,2416.0115,27.26094,526420.320531,5562429.50849,06435
06435,2022,17191.0,10.0,17191.0,10.0,0.0,7.7228465,0.06054035,2395.5718,145.02875,526420.320531,5562429.50849,06435
06435,2023,17191.0,10.0,17191.0,10.0,0.0,7.7694244,0.054712664,2509.7913,137.31738,526420.320531,5562429.50849,06435
06435,2024,17191.0,10.0,17191.0,10.0,0.0,7.8201847,0.020313436,2640.4783,53.637188,526420.320531,5562429.50849,06435
06435,2025,17191.0,10.0,17191.0,10.0,0.0,7.881498,0.05945602,2807.44,166.9192,526420.320531,5562429.50849,06435
06436,2007,194286.0,10.0,194286.0,10.0,0.0,8.025495,0.011790618,3212.8179,37.881107,463291.924573,5555725.72014,06436
06436,2008,194286.0,10.0,194286.0,10.0,0.0,7.993412,0.026048362,3111.3784,81.04631,463291.924573,5555725.72014,06436
06436,2009,194286.0,10.0,194286.0,10.0,0.0,7.8993697,0.0019334052,2832.1155,5.4756265,463291.924573,5555725.72014,06436
06436,2010,194286.0,10.0,194286.0,10.0,0.0,7.874837,0.0116086835,2763.4805,32.08037,463291.924573,5555725.72014,06436
06436,2011,194286.0,10.0,194286.0,10.0,0.0,7.8788223,0.022386853,2774.5164,62.11269,463291.924573,5555725.72014,06436
06436,2012,194286.0,10.0,194286.0,10.0,0.0,7.9512115,0.014140932,2982.8093,42.179703,463291.924573,5555725.72014,06436
06436,2013,194286.0,10.0,194286.0,10.0,0.0,7.9901423,0.029372066,3101.223,91.089325,463291.924573,5555725.72014,06436
06436,2014,194286.0,10.0,194286.0,10.0,0.0,8.074211,0.03975429,3373.2124,134.09967,463291.924573,5555725.72014,06436
06436,2015,194286.0,10.0,194286.0,10.0,0.0,8.176518,0.020094477,3736.5854,75.08473,463291.924573,5555725.72014,06436
06436,2016,194286.0,10.0,194286.0,10.0,0.0,8.228674,0.047627382,3936.6409,187.4919,463291.924573,5555725.72014,06436
06436,2017,194286.0,10.0,194286.0,10.0,0.0,8.303746,0.01661956,4243.5513,70.525955,463291.924573,5555725.72014,06436
06436,2018,194286.0,10.0,194286.0,10.0,0.0,8.354679,0.036894497,4465.286,164.74448,463291.924573,5555725.72014,06436
06436,2019,194286.0,10.0,194286.0,10.0,0.0,8.422792,0.058356002,4780.0273,278.9433,463291.924573,5555725.72014,06436
06436,2020,194286.0,10.0,194286.0,10.0,0.0,8.586685,0.041795325,5631.2935,235.36172,463291.924573,5555725.72014,06436
06436,2021,194286.0,10.0,194286.0,10.0,0.0,8.69421,0.038940612,6270.5493,244.17903,463291.924573,5555725.72014,06436
06436,2022,194286.0,10.0,194286.0,10.0,0.0,8.667071,0.041026685,6102.6665,250.3722,463291.924573,5555725.72014,06436
06436,2023,194286.0,10.0,194286.0,10.0,0.0,8.630279,0.028104601,5882.213,165.31726,463291.924573,5555725.72014,06436
06436,2024,194286.0,10.0,194286.0,10.0,0.0,8.550389,0.013578276,5430.5654,73.73772,463291.924573,5555725.72014,06436
06436,2025,194286.0,10.0,194286.0,10.0,0.0,8.563833,0.041637048,5504.069,229.17319,463291.924573,5555725.72014,06436
06437,2007,24112.0,10.0,24112.0,10.0,0.0,7.2251043,0.041973356,1462.3223,61.37857,500801.847558,5509873.20529,06437
06437,2008,24112.0,10.0,24112.0,10.0,0.0,7.177218,0.0094336355,1393.9474,13.149992,500801.847558,5509873.20529,06437
06437,2009,24112.0,10.0,24112.0,10.0,0.0,7.153997,0.00701115,1361.9515,9.548846,500801.847558,5509873.20529,06437
06437,2010,24112.0,10.0,24112.0,10.0,0.0,7.0763335,0.02663763,1260.1807,33.568226,500801.847558,5509873.20529,06437
06437,2011,24112.0,10.0,24112.0,10.0,0.0,7.1462383,0.021672955,1351.4254,29.289383,500801.847558,5509873.20529,06437
06437,2012,24112.0,10.0,24112.0,10.0,0.0,6.996151,0.0271558,1163.0812,31.584398,500801.847558,5509873.20529,06437
06437,2013,24112.0,10.0,24112.0,10.0,0.0,7.1387563,0.09676155,1341.3518,129.79128,500801.847558,5509873.20529,06437
06437,2014,24112.0,10.0,24112.0,10.0,0.0,7.11466,0.062247727,1309.4163,81.50819,500801.847558,5509873.20529,06437
06437,2015,24112.0,10.0,24112.0,10.0,0.0,7.188581,0.03756385,1409.877,52.96041,500801.847558,5509873.20529,06437
06437,2016,24112.0,10.0,24112.0,10.0,0.0,7.2213097,0.014454048,1456.7838,21.056425,500801.847558,5509873.20529,06437
06437,2017,24112.0,10.0,24112.0,10.0,0.0,7.3660917,0.04048721,1683.7325,68.16963,500801.847558,5509873.20529,06437
06437,2018,24112.0,10.0,24112.0,10.0,0.0,7.306266,0.041963495,1585.9559,66.55225,500801.847558,5509873.20529,06437
06437,2019,24112.0,10.0,24112.0,10.0,0.0,7.5489025,0.03098098,2021.4679,62.627056,500801.847558,5509873.20529,06437
06437,2020,24112.0,10.0,24112.0,10.0,0.0,7.689011,0.086264744,2325.4944,200.60817,500801.847558,5509873.20529,06437
06437,2021,24112.0,10.0,24112.0,10.0,0.0,7.6953173,0.030728815,2340.206,71.911766,500801.847558,5509873.20529,06437
06437,2022,24112.0,10.0,24112.0,10.0,0.0,7.5639896,0.10675553,2052.1975,219.08342,500801.847558,5509873.20529,06437
06437,2023,24112.0,10.0,24112.0,10.0,0.0,7.565374,0.066183284,2055.0398,136.0093,500801.847558,5509873.20529,06437
06437,2024,24112.0,10.0,24112.0,10.0,0.0,7.8809996,0.09385365,2817.701,264.45154,500801.847558,5509873.20529,06437
06437,2025,24112.0,10.0,24112.0,10.0,0.0,8.040746,0.11206481,3305.7637,370.45978,500801.847558,5509873.20529,06437
06438,2007,140886.0,10.0,140886.0,10.0,0.0,7.5451264,0.032976653,1979.8567,65.28905,484539.184551,5539903.05425,06438
06438,2008,140886.0,10.0,140886.0,10.0,0.0,7.546036,0.029852612,1981.6575,59.157654,484539.184551,5539903.05425,06438
06438,2009,140886.0,10.0,140886.0,10.0,0.0,7.420423,0.013383628,1747.7351,23.391037,484539.184551,5539903.05425,06438
06438,2010,140886.0,10.0,140886.0,10.0,0.0,7.484155,0.00988244,1862.7482,18.408497,484539.184551,5539903.05425,06438
06438,2011,140886.0,10.0,140886.0,10.0,0.0,7.426723,0.03514077,1758.7806,61.80491,484539.184551,5539903.05425,06438
06438,2012,140886.0,10.0,140886.0,10.0,0.0,7.433267,0.060791582,1770.3284,107.62106,484539.184551,5539903.05425,06438
06438,2013,140886.0,10.0,140886.0,10.0,0.0,7.5063934,0.033320498,1904.637,63.46345,484539.184551,5539903.05425,06438
06438,2014,140886.0,10.0,140886.0,10.0,0.0,7.5571566,0.026767895,2003.8177,53.63798,484539.184551,5539903.05425,06438
06438,2015,140886.0,10.0,140886.0,10.0,0.0,7.5969205,0.040950038,2085.1035,85.38506,484539.184551,5539903.05425,06438
06438,2016,140886.0,10.0,140886.0,10.0,0.0,7.736041,0.059592307,2396.3315,142.80293,484539.184551,5539903.05425,06438
06438,2017,140886.0,10.0,140886.0,10.0,0.0,7.8543425,0.036315106,2697.2698,97.951645,484539.184551,5539903.05425,06438
06438,2018,140886.0,10.0,140886.0,10.0,0.0,7.9123464,0.04862846,2858.349,138.99712,484539.184551,5539903.05425,06438
06438,2019,140886.0,10.0,140886.0,10.0,0.0,7.919827,0.01931769,2879.812,55.631317,484539.184551,5539903.05425,06438
06438,2020,140886.0,10.0,140886.0,10.0,0.0,8.0626955,0.01800248,3322.0864,59.805798,484539.184551,5539903.05425,06438
06438,2021,140886.0,10.0,140886.0,10.0,0.0,8.146265,0.008846133,3611.6423,31.94907,484539.184551,5539903.05425,06438
06438,2022,140886.0,10.0,140886.0,10.0,0.0,8.197655,0.007276286,3802.0962,27.66514,484539.184551,5539903.05425,06438
06438,2023,140886.0,10.0,140886.0,10.0,0.0,8.135379,0.030312736,3572.5386,108.29342,484539.184551,5539903.05425,06438
06438,2024,140886.0,10.0,140886.0,10.0,0.0,8.181485,0.03863624,3741.1116,144.5425,484539.184551,5539903.05425,06438
06438,2025,140886.0,10.0,140886.0,10.0,0.0,8.164252,0.028971706,3677.1953,106.53462,484539.184551,5539903.05425,06438
06439,2007,30365.0,10.0,30365.0,10.0,0.0,7.0509186,0.06573713,1219.6202,80.174324,434650.923269,5566775.48105,06439
06439,2008,30365.0,10.0,30365.0,10.0,0.0,7.02003,0.054062713,1182.5238,63.930447,434650.923269,5566775.48105,06439
06439,2009,30365.0,10.0,30365.0,10.0,0.0,6.900379,0.06976797,1049.1709,73.19852,434650.923269,5566775.48105,06439
06439,2010,30365.0,10.0,30365.0,10.0,0.0,6.945839,0.06988176,1097.9664,76.72782,434650.923269,5566775.48105,06439
06439,2011,30365.0,10.0,30365.0,10.0,0.0,6.9612527,0.029164819,1115.0216,32.5194,434650.923269,5566775.48105,06439
06439,2012,30365.0,10.0,30365.0,10.0,0.0,6.840706,0.001065854,988.39465,1.0534843,434650.923269,5566775.48105,06439
06439,2013,30365.0,10.0,30365.0,10.0,0.0,6.887505,0.048230823,1035.7504,49.955093,434650.923269,5566775.48105,06439
06439,2014,30365.0,10.0,30365.0,10.0,0.0,6.996112,0.027347503,1154.5754,31.574759,434650.923269,5566775.48105,06439
06439,2015,30365.0,10.0,30365.0,10.0,0.0,7.028156,0.022865316,1192.172,27.25939,434650.923269,5566775.48105,06439
06439,2016,30365.0,10.0,30365.0,10.0,0.0,7.157596,0.033837836,1356.9196,45.915226,434650.923269,5566775.48105,06439
06439,2017,30365.0,10.0,30365.0,10.0,0.0,7.18423,0.009995543,1393.5448,13.929237,434650.923269,5566775.48105,06439
06439,2018,30365.0,10.0,30365.0,10.0,0.0,7.2624097,0.1429795,1506.864,215.45065,434650.923269,5566775.48105,06439
06439,2019,30365.0,10.0,30365.0,10.0,0.0,7.23596,0.2257274,1467.5302,331.26175,434650.923269,5566775.48105,06439
06439,2020,30365.0,10.0,30365.0,10.0,0.0,7.583518,0.07864877,2077.4456,163.38853,434650.923269,5566775.48105,06439
06439,2021,30365.0,10.0,30365.0,10.0,0.0,7.7563663,0.008064167,2469.4292,19.913887,434650.923269,5566775.48105,06439
06439,2022,30365.0,10.0,30365.0,10.0,0.0,7.886928,0.027248792,2813.837,76.67366,434650.923269,5566775.48105,06439
06439,2023,30365.0,10.0,30365.0,10.0,0.0,7.8211555,0.015131542,2634.7192,39.867363,434650.923269,5566775.48105,06439
06439,2024,30365.0,10.0,30365.0,10.0,0.0,7.770717,0.03164406,2505.1238,79.27229,434650.923269,5566775.48105,06439
06439,2025,30365.0,10.0,30365.0,10.0,0.0,7.673794,0.032092754,2273.7139,72.96974,434650.923269,5566775.48105,06439
06440,2007,42182.0,10.0,42182.0,10.0,0.0,7.299897,0.029181257,1565.0251,45.669403,496721.585163,5570695.18039,06440
06440,2008,42182.0,10.0,42182.0,10.0,0.0,7.335412,0.01356293,1621.6062,21.99373,496721.585163,5570695.18039,06440
06440,2009,42182.0,10.0,42182.0,10.0,0.0,7.194907,0.025977813,1409.0449,36.603905,496721.585163,5570695.18039,06440
06440,2010,42182.0,10.0,42182.0,10.0,0.0,7.2193747,0.029242268,1443.9457,42.224247,496721.585163,5570695.18039,06440
06440,2011,42182.0,10.0,42182.0,10.0,0.0,7.2540846,0.010639438,1494.9452,15.905378,496721.585163,5570695.18039,06440
06440,2012,42182.0,10.0,42182.0,10.0,0.0,7.064946,0.0079715215,1237.3243,9.863358,496721.585163,5570695.18039,06440
06440,2013,42182.0,10.0,42182.0,10.0,0.0,7.134769,0.01815532,1326.8052,24.088573,496721.585163,5570695.18039,06440
06440,2014,42182.0,10.0,42182.0,10.0,0.0,7.269812,0.11519132,1518.6431,174.9345,496721.585163,5570695.18039,06440
06440,2015,42182.0,10.0,42182.0,10.0,0.0,7.2714763,0.09210422,1521.1722,140.10638,496721.585163,5570695.18039,06440
06440,2016,42182.0,10.0,42182.0,10.0,0.0,7.53966,0.066020034,1989.0658,131.31819,496721.585163,5570695.18039,06440
06440,2017,42182.0,10.0,42182.0,10.0,0.0,7.5355625,0.014721447,1980.9319,29.162184,496721.585163,5570695.18039,06440
06440,2018,42182.0,10.0,42182.0,10.0,0.0,7.539481,0.013887669,1988.7095,27.618538,496721.585163,5570695.18039,06440
06440,2019,42182.0,10.0,42182.0,10.0,0.0,7.568986,0.05173779,2048.261,105.97249,496721.585163,5570695.18039,06440
06440,2020,42182.0,10.0,42182.0,10.0,0.0,7.679913,0.02461316,2288.5493,56.32843,496721.585163,5570695.18039,06440
06440,2021,42182.0,10.0,42182.0,10.0,0.0,7.8855734,0.0818856,2811.1062,230.18912,496721.585163,5570695.18039,06440
06440,2022,42182.0,10.0,42182.0,10.0,0.0,7.7960725,0.03759123,2570.441,96.62604,496721.585163,5570695.18039,06440
06440,2023,42182.0,10.0,42182.0,10.0,0.0,7.851473,0.046167593,2716.8633,125.43104,496721.585163,5570695.18039,06440
06440,2024,42182.0,10.0,42182.0,10.0,0.0,7.987266,0.0062280116,3112.0168,19.381678,496721.585163,5570695.18039,06440
06440,2025,42182.0,10.0,42182.0,10.0,0.0,8.023745,0.027245278,3227.6357,87.937836,496721.585163,5570695.18039,06440
06531,2007,17893.0,10.0,17893.0,10.0,0.0,7.153491,0.009073782,1374.981,12.476278,487500.048592,5614298.62315,06531
06531,2008,17893.0,10.0,17893.0,10.0,0.0,7.143993,0.019178871,1361.9829,26.121292,487500.048592,5614298.62315,06531
06531,2009,17893.0,10.0,17893.0,10.0,0.0,7.051998,0.07605235,1242.2783,94.47818,487500.048592,5614298.62315,06531
06531,2010,17893.0,10.0,17893.0,10.0,0.0,7.1070895,0.1131288,1312.6371,148.49706,487500.048592,5614298.62315,06531
06531,2011,17893.0,10.0,17893.0,10.0,0.0,6.9700365,0.012237647,1144.5199,14.00623,487500.048592,5614298.62315,06531
06531,2012,17893.0,10.0,17893.0,10.0,0.0,6.842717,0.010377449,1007.69543,10.457308,487500.048592,5614298.62315,06531
06531,2013,17893.0,10.0,17893.0,10.0,0.0,7.0127044,0.03845355,1194.4111,45.929348,487500.048592,5614298.62315,06531
06531,2014,17893.0,10.0,17893.0,10.0,0.0,6.987853,0.036686387,1165.0941,42.743095,487500.048592,5614298.62315,06531
06531,2015,17893.0,10.0,17893.0,10.0,0.0,6.999064,0.011575339,1178.2294,13.638406,487500.048592,5614298.62315,06531
06531,2016,17893.0,10.0,17893.0,10.0,0.0,7.085587,0.00544561,1284.7135,6.996048,487500.048592,5614298.62315,06531
06531,2017,17893.0,10.0,17893.0,10.0,0.0,7.181355,0.04053607,1413.8322,57.3112,487500.048592,5614298.62315,06531
06531,2018,17893.0,10.0,17893.0,10.0,0.0,7.1717324,0.024290008,1400.2925,34.013115,487500.048592,5614298.62315,06531
06531,2019,17893.0,10.0,17893.0,10.0,0.0,7.247504,0.015641594,1510.5189,23.626923,487500.048592,5614298.62315,06531
06531,2020,17893.0,10.0,17893.0,10.0,0.0,7.3610525,0.036103424,1692.1523,61.092495,487500.048592,5614298.62315,06531
06531,2021,17893.0,10.0,17893.0,10.0,0.0,7.239894,0.21011563,1499.0668,314.97736,487500.048592,5614298.62315,06531
06531,2022,17893.0,10.0,17893.0,10.0,0.0,7.483244,0.022599338,1912.0817,43.211777,487500.048592,5614298.62315,06531
06531,2023,17893.0,10.0,17893.0,10.0,0.0,7.472679,0.033258684,1891.9878,62.92503,487500.048592,5614298.62315,06531
06531,2024,17893.0,10.0,17893.0,10.0,0.0,7.5203414,0.17831922,1984.3477,353.84732,487500.048592,5614298.62315,06531
06531,2025,17893.0,10.0,17893.0,10.0,0.0,7.582297,0.11490194,2111.1772,242.57835,487500.048592,5614298.62315,06531
06532,2007,25941.0,10.0,25941.0,10.0,0.0,7.2526193,0.01768761,1527.0139,27.009226,460572.286929,5606977.2703,06532
06532,2008,25941.0,10.0,25941.0,10.0,0.0,7.202815,0.06928344,1452.8243,100.65667,460572.286929,5606977.2703,06532
06532,2009,25941.0,10.0,25941.0,10.0,0.0,7.2238936,0.17474824,1483.7731,259.28674,460572.286929,5606977.2703,06532
06532,2010,25941.0,10.0,25941.0,10.0,0.0,7.1438575,0.08061269,1369.6456,110.41083,460572.286929,5606977.2703,06532
06532,2011,25941.0,10.0,25941.0,10.0,0.0,7.0194755,0.091642015,1209.4553,110.83692,460572.286929,5606977.2703,06532
06532,2012,25941.0,10.0,25941.0,10.0,0.0,6.83418,0.07862694,1004.8862,79.01112,460572.286929,5606977.2703,06532
06532,2013,25941.0,10.0,25941.0,10.0,0.0,6.974769,0.12640749,1156.576,146.19986,460572.286929,5606977.2703,06532
06532,2014,25941.0,10.0,25941.0,10.0,0.0,7.0458345,0.05749563,1241.7592,71.39572,460572.286929,5606977.2703,06532
06532,2015,25941.0,10.0,25941.0,10.0,0.0,7.0709133,0.029516397,1273.2949,37.583076,460572.286929,5606977.2703,06532
06532,2016,25941.0,10.0,25941.0,10.0,0.0,7.0132017,0.011389055,1201.891,13.688403,460572.286929,5606977.2703,06532
06532,2017,25941.0,10.0,25941.0,10.0,0.0,7.1818895,0.013468098,1422.7396,19.161596,460572.286929,5606977.2703,06532
06532,2018,25941.0,10.0,25941.0,10.0,0.0,7.2579136,0.123621725,1535.1191,189.77408,460572.286929,5606977.2703,06532
06532,2019,25941.0,10.0,25941.0,10.0,0.0,7.3272414,0.092837684,1645.3218,152.74786,460572.286929,5606977.2703,06532
06532,2020,25941.0,10.0,25941.0,10.0,0.0,7.5076394,0.06718952,1970.5924,132.40317,460572.286929,5606977.2703,06532
06532,2021,25941.0,10.0,25941.0,10.0,0.0,7.5778904,0.041398283,2114.0063,87.51624,460572.286929,5606977.2703,06532
06532,2022,25941.0,10.0,25941.0,10.0,0.0,7.843174,0.20466836,2756.243,564.1157,460572.286929,5606977.2703,06532
06532,2023,25941.0,10.0,25941.0,10.0,0.0,7.7406316,0.025494674,2487.6199,63.421062,460572.286929,5606977.2703,06532
06532,2024,25941.0,10.0,25941.0,10.0,0.0,7.7906356,0.30804166,2615.1726,805.5821,460572.286929,5606977.2703,06532
06532,2025,25941.0,10.0,25941.0,10.0,0.0,7.6300793,0.016439915,2227.2637,36.616024,460572.286929,5606977.2703,06532
06533,2007,28980.0,10.0,28980.0,10.0,0.0,6.9834003,0.040166434,1157.0804,46.475796,439728.713548,5590147.38406,06533
06533,2008,28980.0,10.0,28980.0,10.0,0.0,7.137867,0.03925302,1350.3542,53.00548,439728.713548,5590147.38406,06533
06533,2009,28980.0,10.0,28980.0,10.0,0.0,7.0416174,0.0020141844,1226.4419,2.47028,439728.713548,5590147.38406,06533
06533,2010,28980.0,10.0,28980.0,10.0,0.0,6.9654393,0.14634405,1136.484,166.31767,439728.713548,5590147.38406,06533
06533,2011,28980.0,10.0,28980.0,10.0,0.0,6.9089723,0.2172708,1074.0883,233.36803,439728.713548,5590147.38406,06533
06533,2012,28980.0,10.0,28980.0,10.0,0.0,6.7409825,0.060672175,907.9939,55.089966,439728.713548,5590147.38406,06533
06533,2013,28980.0,10.0,28980.0,10.0,0.0,6.7913895,0.023498932,954.9363,22.439983,439728.713548,5590147.38406,06533
06533,2014,28980.0,10.0,28980.0,10.0,0.0,6.7548394,0.06191552,920.6633,57.00335,439728.713548,5590147.38406,06533
06533,2015,28980.0,10.0,28980.0,10.0,0.0,6.7683544,0.05488092,933.1905,51.21435,439728.713548,5590147.38406,06533
06533,2016,28980.0,10.0,28980.0,10.0,0.0,7.0299053,0.054338526,1212.1615,65.86707,439728.713548,5590147.38406,06533
06533,2017,28980.0,10.0,28980.0,10.0,0.0,6.881092,0.054937556,1044.556,57.38536,439728.713548,5590147.38406,06533
06533,2018,28980.0,10.0,28980.0,10.0,0.0,6.9568048,0.01230063,1126.7129,13.85928,439728.713548,5590147.38406,06533
06533,2019,28980.0,10.0,28980.0,10.0,0.0,7.104557,0.10957456,1306.1149,143.11696,439728.713548,5590147.38406,06533
06533,2020,28980.0,10.0,28980.0,10.0,0.0,7.1502614,0.13548939,1367.195,185.2404,439728.713548,5590147.38406,06533
06533,2021,28980.0,10.0,28980.0,10.0,0.0,7.211169,0.1918509,1453.0553,278.76996,439728.713548,5590147.38406,06533
06533,2022,28980.0,10.0,28980.0,10.0,0.0,7.4939456,0.105877966,1927.9272,204.12502,439728.713548,5590147.38406,06533
06533,2023,28980.0,10.0,28980.0,10.0,0.0,7.626318,0.04776112,2200.7927,105.11233,439728.713548,5590147.38406,06533
06533,2024,28980.0,10.0,28980.0,10.0,0.0,7.570645,0.032358393,2081.6167,67.35777,439728.713548,5590147.38406,06533
06533,2025,28980.0,10.0,28980.0,10.0,0.0,7.4549184,0.007322904,1854.1345,13.577649,439728.713548,5590147.38406,06533
06534,2007,12543.0,10.0,12543.0,10.0,0.0,7.0234165,0.038249772,1234.3757,47.214592,494729.85226,5624651.91884,06534
06534,2008,12543.0,10.0,12543.0,10.0,0.0,7.1761174,0.087128855,1438.0187,125.29292,494729.85226,5624651.91884,06534
06534,2009,12543.0,10.0,12543.0,10.0,0.0,7.1123214,0.16299173,1349.1434,219.89923,494729.85226,5624651.91884,06534
06534,2010,12543.0,10.0,12543.0,10.0,0.0,7.023736,0.43344244,1234.7703,535.20184,494729.85226,5624651.91884,06534
06534,2011,12543.0,10.0,12543.0,10.0,0.0,7.01695,0.38147655,1226.4192,467.8502,494729.85226,5624651.91884,06534
06534,2012,12543.0,10.0,12543.0,10.0,0.0,6.8616586,0.28317016,1050.0182,297.3338,494729.85226,5624651.91884,06534
06534,2013,12543.0,10.0,12543.0,10.0,0.0,7.0075064,0.1974725,1214.8916,239.90768,494729.85226,5624651.91884,06534
06534,2014,12543.0,10.0,12543.0,10.0,0.0,6.9460588,0.03023597,1142.4867,34.544193,494729.85226,5624651.91884,06534
06534,2015,12543.0,10.0,12543.0,10.0,0.0,7.252047,0.01931109,1551.459,29.960367,494729.85226,5624651.91884,06534
06534,2016,12543.0,10.0,12543.0,10.0,0.0,7.2255344,0.027322672,1510.8662,41.280903,494729.85226,5624651.91884,06534
06534,2017,12543.0,10.0,12543.0,10.0,0.0,7.05296,0.036999226,1271.3872,47.040344,494729.85226,5624651.91884,06534
06534,2018,12543.0,10.0,12543.0,10.0,0.0,7.514472,0.07470728,2017.0187,150.68597,494729.85226,5624651.91884,06534
06534,2019,12543.0,10.0,12543.0,10.0,0.0,7.412344,0.03218351,1821.1945,58.612427,494729.85226,5624651.91884,06534
06534,2020,12543.0,10.0,12543.0,10.0,0.0,7.267285,0.21669051,1575.2811,341.34848,494729.85226,5624651.91884,06534
06534,2021,12543.0,10.0,12543.0,10.0,0.0,7.136876,0.19050029,1382.6813,263.40118,494729.85226,5624651.91884,06534
06534,2022,12543.0,10.0,12543.0,10.0,0.0,7.809804,0.21928363,2710.0115,594.2611,494729.85226,5624651.91884,06534
06534,2023,12543.0,10.0,12543.0,10.0,0.0,7.4356394,0.13051301,1864.1179,243.29166,494729.85226,5624651.91884,06534
06534,2024,12543.0,10.0,12543.0,10.0,0.0,7.8231215,0.28521368,2746.3425,783.2945,494729.85226,5624651.91884,06534
06534,2025,12543.0,10.0,12543.0,10.0,0.0,7.662266,0.24069798,2338.2776,562.81866,494729.85226,5624651.91884,06534
06535,2007,48482.0,25.0,8514.0,10.0,-0.13542311,7.008904,0.035163313,1234.6522,43.414463,521028.826139,5623637.4066,06535
06535,2008,48482.0,25.0,8514.0,10.0,-0.13542311,6.968054,0.018971264,1185.2329,22.485369,521028.826139,5623637.4066,06535
06535,2009,48482.0,25.0,8514.0,10.0,-0.13542311,6.9782968,0.055616334,1197.4355,66.59697,521028.826139,5623637.4066,06535
06535,2010,48482.0,25.0,8514.0,10.0,-0.13542311,6.7466316,0.006676901,949.8198,6.341853,521028.826139,5623637.4066,06535
06535,2011,48482.0,25.0,8514.0,10.0,-0.13542311,6.658141,0.035276145,869.3815,30.668428,521028.826139,5623637.4066,06535
06535,2012,48482.0,25.0,8514.0,10.0,-0.13542311,6.575147,0.08439043,800.1412,67.524254,521028.826139,5623637.4066,06535
06535,2013,48482.0,25.0,8514.0,10.0,-0.13542311,6.6335797,0.03241268,848.2881,27.495293,521028.826139,5623637.4066,06535
06535,2014,48482.0,25.0,8514.0,10.0,-0.13542311,6.65766,0.066664025,868.96326,57.92859,521028.826139,5623637.4066,06535
06535,2015,48482.0,25.0,8514.0,10.0,-0.13542311,6.7633147,0.024790483,965.7986,23.942614,521028.826139,5623637.4066,06535
06535,2016,48482.0,25.0,8514.0,10.0,-0.13542311,6.8077874,0.0053333216,1009.71967,5.38516,521028.826139,5623637.4066,06535
06535,2017,48482.0,25.0,8514.0,10.0,-0.13542311,6.958851,0.08592209,1174.3755,100.9048,521028.826139,5623637.4066,06535
06535,2018,48482.0,25.0,8514.0,10.0,-0.13542311,7.0093575,0.07746756,1235.2122,95.68887,521028.826139,5623637.4066,06535
06535,2019,48482.0,25.0,8514.0,10.0,-0.13542311,6.9983106,0.05064017,1221.6423,61.864174,521028.826139,5623637.4066,06535
06535,2020,48482.0,25.0,8514.0,10.0,-0.13542311,7.2562003,0.16596867,1581.0448,262.4039,521028.826139,5623637.4066,06535
06535,2021,48482.0,25.0,8514.0,10.0,-0.13542311,7.2319536,0.0019873646,1543.1704,3.0668423,521028.826139,5623637.4066,06535
06535,2022,48482.0,25.0,8514.0,10.0,-0.13542311,7.326952,0.06617455,1696.9581,112.29545,521028.826139,5623637.4066,06535
06535,2023,48482.0,25.0,8514.0,10.0,-0.13542311,7.37154,0.09875569,1774.3351,175.22568,521028.826139,5623637.4066,06535
06535,2024,48482.0,25.0,8514.0,10.0,-0.13542311,7.315299,0.025978183,1677.2985,43.57317,521028.826139,5623637.4066,06535
06535,2025,48482.0,25.0,8514.0,10.0,-0.13542311,7.3651695,0.024040945,1763.067,42.385796,521028.826139,5623637.4066,06535
06611,2007,56580.0,10.0,56580.0,10.0,0.0,7.131714,0.055618037,1340.3076,74.54527,532074.47659,5684562.16097,06611
06611,2008,56580.0,10.0,56580.0,10.0,0.0,7.201105,0.03244456,1436.6155,46.610355,532074.47659,5684562.16097,06611
06611,2009,56580.0,10.0,56580.0,10.0,0.0,7.0863833,0.035400342,1280.9069,45.344543,532074.47659,5684562.16097,06611
06611,2010,56580.0,10.0,56580.0,10.0,0.0,7.169831,0.023619484,1392.3817,32.887337,532074.47659,5684562.16097,06611
06611,2011,56580.0,10.0,56580.0,10.0,0.0,7.2138076,0.071910605,1454.981,104.62857,532074.47659,5684562.16097,06611
06611,2012,56580.0,10.0,56580.0,10.0,0.0,7.310481,0.023763513,1602.6625,38.08489,532074.47659,5684562.16097,06611
06611,2013,56580.0,10.0,56580.0,10.0,0.0,7.352633,0.010583291,1671.6613,17.691677,532074.47659,5684562.16097,06611
06611,2014,56580.0,10.0,56580.0,10.0,0.0,7.4808064,0.025824606,1900.261,49.073494,532074.47659,5684562.16097,06611
06611,2015,56580.0,10.0,56580.0,10.0,0.0,7.6682987,0.0038159085,2292.1348,8.746576,532074.47659,5684562.16097,06611
06611,2016,56580.0,10.0,56580.0,10.0,0.0,7.7795005,0.033034265,2561.7366,84.62509,532074.47659,5684562.16097,06611
06611,2017,56580.0,10.0,56580.0,10.0,0.0,7.9256535,0.01162781,2964.8862,34.475132,532074.47659,5684562.16097,06611
06611,2018,56580.0,10.0,56580.0,10.0,0.0,7.904633,0.019275127,2903.2131,55.9598,532074.47659,5684562.16097,06611
06611,2019,56580.0,10.0,56580.0,10.0,0.0,7.8994474,0.05211814,2888.1978,150.5275,532074.47659,5684562.16097,06611
06611,2020,56580.0,10.0,56580.0,10.0,0.0,8.005919,0.01811633,3212.6777,58.20193,532074.47659,5684562.16097,06611
06611,2021,56580.0,10.0,56580.0,10.0,0.0,7.8730893,0.027068937,2813.0647,76.146675,532074.47659,5684562.16097,06611
06611,2022,56580.0,10.0,56580.0,10.0,0.0,8.114632,0.06216527,3581.6248,222.65268,532074.47659,5684562.16097,06611
06611,2023,56580.0,10.0,56580.0,10.0,0.0,8.031464,0.0253482,3295.799,83.54257,532074.47659,5684562.16097,06611
06611,2024,56580.0,10.0,56580.0,10.0,0.0,8.076653,0.07454155,3448.1497,257.03043,532074.47659,5684562.16097,06611
06611,2025,56580.0,10.0,56580.0,10.0,0.0,8.039944,0.09212676,3323.868,306.21716,532074.47659,5684562.16097,06611
06631,2007,60407.0,25.0,8714.0,10.0,0.16936691,6.993656,0.0793177,1196.7816,94.92596,535626.929207,5609018.12901,06631
06631,2008,60407.0,25.0,8714.0,10.0,0.16936691,7.0717635,0.07194367,1294.0068,93.095604,535626.929207,5609018.12901,06631
06631,2009,60407.0,25.0,8714.0,10.0,0.16936691,6.953272,0.030838097,1149.4133,35.445717,535626.929207,5609018.12901,06631
06631,2010,60407.0,25.0,8714.0,10.0,0.16936691,6.917791,0.010119168,1109.3462,11.22566,535626.929207,5609018.12901,06631
06631,2011,60407.0,25.0,8714.0,10.0,0.16936691,6.8299456,0.008677301,1016.05316,8.8166,535626.929207,5609018.12901,06631
06631,2012,60407.0,25.0,8714.0,10.0,0.16936691,6.893113,0.083370194,1082.3048,90.23196,535626.929207,5609018.12901,06631
06631,2013,60407.0,25.0,8714.0,10.0,0.16936691,6.935434,0.15254012,1129.0922,172.23186,535626.929207,5609018.12901,06631
06631,2014,60407.0,25.0,8714.0,10.0,0.16936691,7.012658,0.120536454,1219.7406,147.02321,535626.929207,5609018.12901,06631
06631,2015,60407.0,25.0,8714.0,10.0,0.16936691,7.0024858,0.20090042,1207.3958,242.56631,535626.929207,5609018.12901,06631
06631,2016,60407.0,25.0,8714.0,10.0,0.16936691,6.983615,0.088184334,1184.825,104.482994,535626.929207,5609018.12901,06631
06631,2017,60407.0,25.0,8714.0,10.0,0.16936691,7.014279,0.069666795,1221.7186,85.11323,535626.929207,5609018.12901,06631
06631,2018,60407.0,25.0,8714.0,10.0,0.16936691,7.0512657,0.06913542,1267.7526,87.64661,535626.929207,5609018.12901,06631
06631,2019,60407.0,25.0,8714.0,10.0,0.16936691,7.286591,0.0474147,1604.1132,76.05854,535626.929207,5609018.12901,06631
06631,2020,60407.0,25.0,8714.0,10.0,0.16936691,7.2769356,0.08529105,1588.699,135.5018,535626.929207,5609018.12901,06631
06631,2021,60407.0,25.0,8714.0,10.0,0.16936691,7.1968956,0.11829671,1466.4957,173.48163,535626.929207,5609018.12901,06631
06631,2022,60407.0,25.0,8714.0,10.0,0.16936691,7.518649,0.049715143,2023.0964,100.57853,535626.929207,5609018.12901,06631
06631,2023,60407.0,25.0,8714.0,10.0,0.16936691,7.6476583,0.044027835,2301.6775,101.337875,535626.929207,5609018.12901,06631
06631,2024,60407.0,25.0,8714.0,10.0,0.16936691,7.6527324,0.041871484,2313.3862,96.86492,535626.929207,5609018.12901,06631
06631,2025,60407.0,25.0,8714.0,10.0,0.16936691,7.700373,0.009572381,2426.265,23.225132,535626.929207,5609018.12901,06631
06632,2007,58442.0,25.0,8419.0,10.0,0.08484394,6.8438735,0.08763374,1047.8594,91.82783,546246.629121,5653241.1493,06632
06632,2008,58442.0,25.0,8419.0,10.0,0.08484394,6.9808636,0.097062364,1201.7025,116.64009,546246.629121,5653241.1493,06632
06632,2009,58442.0,25.0,8419.0,10.0,0.08484394,6.8019156,0.047500264,1004.80316,47.728416,546246.629121,5653241.1493,06632
06632,2010,58442.0,25.0,8419.0,10.0,0.08484394,6.8984313,0.031506587,1106.6167,34.86571,546246.629121,5653241.1493,06632
06632,2011,58442.0,25.0,8419.0,10.0,0.08484394,6.955237,0.0887808,1171.2986,103.988815,546246.629121,5653241.1493,06632
06632,2012,58442.0,25.0,8419.0,10.0,0.08484394,6.9988413,0.04807901,1223.5017,58.824753,546246.629121,5653241.1493,06632
06632,2013,58442.0,25.0,8419.0,10.0,0.08484394,6.8280168,0.06288948,1031.3746,64.86261,546246.629121,5653241.1493,06632
06632,2014,58442.0,25.0,8419.0,10.0,0.08484394,6.8441963,0.062429447,1048.1976,65.4384,546246.629121,5653241.1493,06632
06632,2015,58442.0,25.0,8419.0,10.0,0.08484394,6.862512,0.016999943,1067.5731,18.148682,546246.629121,5653241.1493,06632
06632,2016,58442.0,25.0,8419.0,10.0,0.08484394,7.0636525,0.07437326,1305.4248,97.08871,546246.629121,5653241.1493,06632
06632,2017,58442.0,25.0,8419.0,10.0,0.08484394,6.848758,0.099552475,1052.9906,104.82782,546246.629121,5653241.1493,06632
06632,2018,58442.0,25.0,8419.0,10.0,0.08484394,6.8516393,0.05161826,1056.0286,54.510357,546246.629121,5653241.1493,06632
06632,2019,58442.0,25.0,8419.0,10.0,0.08484394,6.9475756,0.080236025,1162.3589,93.26306,546246.629121,5653241.1493,06632
06632,2020,58442.0,25.0,8419.0,10.0,0.08484394,7.3684487,0.019170444,1770.6112,33.943405,546246.629121,5653241.1493,06632
06632,2021,58442.0,25.0,8419.0,10.0,0.08484394,7.324506,0.10035875,1694.4896,170.05685,546246.629121,5653241.1493,06632
06632,2022,58442.0,25.0,8419.0,10.0,0.08484394,7.5180664,0.0035584313,2056.3704,7.3174524,546246.629121,5653241.1493,06632
06632,2023,58442.0,25.0,8419.0,10.0,0.08484394,7.448952,0.11467615,1919.046,220.06879,546246.629121,5653241.1493,06632
06632,2024,58442.0,25.0,8419.0,10.0,0.08484394,7.3223386,0.007858467,1690.8213,13.287264,546246.629121,5653241.1493,06632
06632,2025,58442.0,25.0,8419.0,10.0,0.08484394,7.300586,0.03491132,1654.4388,57.758644,546246.629121,5653241.1493,06632
06633,2007,43764.0,10.0,43764.0,10.0,0.0,7.279032,0.047284514,1566.8665,74.088524,527772.757946,5690471.13319,06633
06633,2008,43764.0,10.0,43764.0,10.0,0.0,7.2704086,0.020485725,1553.4126,31.822783,527772.757946,5690471.13319,06633
06633,2009,43764.0,10.0,43764.0,10.0,0.0,7.138674,0.07603649,1361.68,103.53738,527772.757946,5690471.13319,06633
06633,2010,43764.0,10.0,43764.0,10.0,0.0,7.1934524,0.07338904,1438.3519,105.559265,527772.757946,5690471.13319,06633
06633,2011,43764.0,10.0,43764.0,10.0,0.0,7.0993466,0.07141518,1309.168,93.49448,527772.757946,5690471.13319,06633
06633,2012,43764.0,10.0,43764.0,10.0,0.0,7.217146,0.0082634585,1472.838,12.170735,527772.757946,5690471.13319,06633
06633,2013,43764.0,10.0,43764.0,10.0,0.0,7.2358923,0.039468545,1500.7091,59.230804,527772.757946,5690471.13319,06633
06633,2014,43764.0,10.0,43764.0,10.0,0.0,7.1301503,0.13429509,1350.1227,181.31487,527772.757946,5690471.13319,06633
06633,2015,43764.0,10.0,43764.0,10.0,0.0,7.308758,0.06349384,1614.1412,102.48803,527772.757946,5690471.13319,06633
06633,2016,43764.0,10.0,43764.0,10.0,0.0,7.50189,0.04326322,1958.0231,84.71038,527772.757946,5690471.13319,06633
06633,2017,43764.0,10.0,43764.0,10.0,0.0,7.6642137,0.1428215,2303.1067,328.93314,527772.757946,5690471.13319,06633
06633,2018,43764.0,10.0,43764.0,10.0,0.0,7.584948,0.10930098,2127.598,232.54854,527772.757946,5690471.13319,06633
06633,2019,43764.0,10.0,43764.0,10.0,0.0,7.4948096,0.08055938,1944.2083,156.62422,527772.757946,5690471.13319,06633
06633,2020,43764.0,10.0,43764.0,10.0,0.0,7.613711,0.15144509,2189.682,331.61655,527772.757946,5690471.13319,06633
06633,2021,43764.0,10.0,43764.0,10.0,0.0,7.817094,0.002430466,2683.5461,6.5222673,527772.757946,5690471.13319,06633
06633,2022,43764.0,10.0,43764.0,10.0,0.0,8.094994,0.15182261,3543.2302,537.94244,527772.757946,5690471.13319,06633
06633,2023,43764.0,10.0,43764.0,10.0,0.0,7.7757015,0.085398555,2574.7358,219.87874,527772.757946,5690471.13319,06633
06633,2024,43764.0,10.0,43764.0,10.0,0.0,7.813513,0.014427196,2673.954,38.57766,527772.757946,5690471.13319,06633
06633,2025,43764.0,10.0,43764.0,10.0,0.0,7.781024,0.18214156,2588.4766,471.46915,527772.757946,5690471.13319,06633
06634,2007,12117.0,10.0,12117.0,10.0,0.0,6.811551,0.05691147,1005.52325,57.225803,519397.164457,5655289.11389,06634
06634,2008,12117.0,10.0,12117.0,10.0,0.0,6.830827,0.11995103,1025.0938,122.96105,519397.164457,5655289.11389,06634
06634,2009,12117.0,10.0,12117.0,10.0,0.0,6.570366,0.18601358,790.0358,146.9574,519397.164457,5655289.11389,06634
06634,2010,12117.0,10.0,12117.0,10.0,0.0,6.6984916,0.18983698,898.03015,170.47932,519397.164457,5655289.11389,06634
06634,2011,12117.0,10.0,12117.0,10.0,0.0,6.7397733,0.13187039,935.8783,123.41463,519397.164457,5655289.11389,06634
06634,2012,12117.0,10.0,12117.0,10.0,0.0,6.7732844,0.051881496,967.77185,50.209454,519397.164457,5655289.11389,06634
06634,2013,12117.0,10.0,12117.0,10.0,0.0,6.7517405,0.17674927,947.14557,167.4073,519397.164457,5655289.11389,06634
06634,2014,12117.0,10.0,12117.0,10.0,0.0,6.4638143,0.02940349,710.1857,20.881939,519397.164457,5655289.11389,06634
06634,2015,12117.0,10.0,12117.0,10.0,0.0,6.721482,0.014835633,918.9152,13.632689,519397.164457,5655289.11389,06634
06634,2016,12117.0,10.0,12117.0,10.0,0.0,6.859744,0.08599391,1055.1692,90.73812,519397.164457,5655289.11389,06634
06634,2017,12117.0,10.0,12117.0,10.0,0.0,7.024096,0.009909151,1243.653,12.323544,519397.164457,5655289.11389,06634
06634,2018,12117.0,10.0,12117.0,10.0,0.0,6.8547063,0.10414614,1049.8665,109.33954,519397.164457,5655289.11389,06634
06634,2019,12117.0,10.0,12117.0,10.0,0.0,7.0528026,0.07818236,1279.8712,100.063354,519397.164457,5655289.11389,06634
06634,2020,12117.0,10.0,12117.0,10.0,0.0,7.146144,0.0068481606,1405.0895,9.622279,519397.164457,5655289.11389,06634
06634,2021,12117.0,10.0,12117.0,10.0,0.0,7.0882087,0.115744226,1325.9979,153.47661,519397.164457,5655289.11389,06634
06634,2022,12117.0,10.0,12117.0,10.0,0.0,7.7616615,0.13815954,2600.278,359.25323,519397.164457,5655289.11389,06634
06634,2023,12117.0,10.0,12117.0,10.0,0.0,7.6305256,0.08958667,2280.7,204.3203,519397.164457,5655289.11389,06634
06634,2024,12117.0,10.0,12117.0,10.0,0.0,7.536368,0.04949495,2075.7551,102.739395,519397.164457,5655289.11389,06634
06634,2025,12117.0,10.0,12117.0,10.0,0.0,7.2973766,0.288307,1634.4946,471.23627,519397.164457,5655289.11389,06634
06635,2007,42406.0,25.0,7402.0,10.0,-0.14950426,6.9110327,0.12697707,1111.5786,141.14499,476474.097783,5654607.4588,06635
06635,2008,42406.0,25.0,7402.0,10.0,-0.14950426,6.9120097,0.02036405,1112.6649,22.658365,476474.097783,5654607.4588,06635
06635,2009,42406.0,25.0,7402.0,10.0,-0.14950426,6.7291985,0.01747312,926.767,16.193512,476474.097783,5654607.4588,06635
06635,2010,42406.0,25.0,7402.0,10.0,-0.14950426,6.7730455,0.05866755,968.307,56.8082,476474.097783,5654607.4588,06635
06635,2011,42406.0,25.0,7402.0,10.0,-0.14950426,6.780896,0.084538415,975.93884,82.504326,476474.097783,5654607.4588,06635
06635,2012,42406.0,25.0,7402.0,10.0,-0.14950426,6.577573,0.14520651,796.38007,115.63957,476474.097783,5654607.4588,06635
06635,2013,42406.0,25.0,7402.0,10.0,-0.14950426,6.626642,0.16047677,836.4323,134.22795,476474.097783,5654607.4588,06635
06635,2014,42406.0,25.0,7402.0,10.0,-0.14950426,6.620505,0.1495975,831.31476,124.3626,476474.097783,5654607.4588,06635
06635,2015,42406.0,25.0,7402.0,10.0,-0.14950426,6.829101,0.04283185,1024.1361,43.86564,476474.097783,5654607.4588,06635
06635,2016,42406.0,25.0,7402.0,10.0,-0.14950426,6.8852677,0.0010743486,1083.3046,1.1638466,476474.097783,5654607.4588,06635
06635,2017,42406.0,25.0,7402.0,10.0,-0.14950426,6.722423,0.011078089,920.509,10.19748,476474.097783,5654607.4588,06635
06635,2018,42406.0,25.0,7402.0,10.0,-0.14950426,7.038663,0.112726234,1262.901,142.36206,476474.097783,5654607.4588,06635
06635,2019,42406.0,25.0,7402.0,10.0,-0.14950426,7.041971,0.006798797,1267.0859,8.61466,476474.097783,5654607.4588,06635
06635,2020,42406.0,25.0,7402.0,10.0,-0.14950426,7.3085527,0.27968687,1654.1729,462.65042,476474.097783,5654607.4588,06635
06635,2021,42406.0,25.0,7402.0,10.0,-0.14950426,7.2796125,0.16387479,1606.9865,263.34457,476474.097783,5654607.4588,06635
06635,2022,42406.0,25.0,7402.0,10.0,-0.14950426,7.468737,0.11798314,1941.5481,229.06993,476474.097783,5654607.4588,06635
06635,2023,42406.0,25.0,7402.0,10.0,-0.14950426,7.435901,0.018664815,1878.8307,35.068027,476474.097783,5654607.4588,06635
06635,2024,42406.0,25.0,7402.0,10.0,-0.14950426,7.3700795,0.4429821,1759.1445,779.26953,476474.097783,5654607.4588,06635
06635,2025,42406.0,25.0,7402.0,10.0,-0.14950426,7.2831006,0.08955748,1612.6017,144.42053,476474.097783,5654607.4588,06635
06636,2007,51286.0,25.0,8927.0,10.0,0.054359637,6.816953,0.011944397,1013.72925,12.108386,566279.673833,5680385.72885,06636
06636,2008,51286.0,25.0,8927.0,10.0,0.054359637,6.738441,0.036951583,937.18335,34.630405,566279.673833,5680385.72885,06636
06636,2009,51286.0,25.0,8927.0,10.0,0.054359637,6.678814,0.024284683,882.93536,21.441805,566279.673833,5680385.72885,06636
06636,2010,51286.0,25.0,8927.0,10.0,0.054359637,6.6233115,0.06929726,835.2654,57.881603,566279.673833,5680385.72885,06636
06636,2011,51286.0,25.0,8927.0,10.0,0.054359637,6.743277,0.04675683,941.72644,44.032143,566279.673833,5680385.72885,06636
06636,2012,51286.0,25.0,8927.0,10.0,0.054359637,6.6384354,0.15104163,847.9936,128.08234,566279.673833,5680385.72885,06636
06636,2013,51286.0,25.0,8927.0,10.0,0.054359637,6.710456,0.077808,911.31964,70.90796,566279.673833,5680385.72885,06636
06636,2014,51286.0,25.0,8927.0,10.0,0.054359637,6.662456,0.039851602,868.6099,34.615498,566279.673833,5680385.72885,06636
06636,2015,51286.0,25.0,8927.0,10.0,0.054359637,6.6009097,0.012504897,816.76184,10.213523,566279.673833,5680385.72885,06636
06636,2016,51286.0,25.0,8927.0,10.0,0.054359637,6.580632,0.08886008,800.36694,71.120674,566279.673833,5680385.72885,06636
06636,2017,51286.0,25.0,8927.0,10.0,0.054359637,6.927833,0.023238894,1132.6,26.320372,566279.673833,5680385.72885,06636
06636,2018,51286.0,25.0,8927.0,10.0,0.054359637,6.7815275,0.01010498,978.4458,9.887176,566279.673833,5680385.72885,06636
06636,2019,51286.0,25.0,8927.0,10.0,0.054359637,6.7899966,0.10050622,986.7677,99.176285,566279.673833,5680385.72885,06636
06636,2020,51286.0,25.0,8927.0,10.0,0.054359637,7.0507812,0.190946,1280.7733,244.55852,566279.673833,5680385.72885,06636
06636,2021,51286.0,25.0,8927.0,10.0,0.054359637,7.0395026,0.077830754,1266.4086,98.565544,566279.673833,5680385.72885,06636
06636,2022,51286.0,25.0,8927.0,10.0,0.054359637,7.372008,0.08613511,1765.9525,152.11052,566279.673833,5680385.72885,06636
06636,2023,51286.0,25.0,8927.0,10.0,0.054359637,7.3091455,0.008276504,1658.3582,13.725408,566279.673833,5680385.72885,06636
06636,2024,51286.0,25.0,8927.0,10.0,0.054359637,7.1542177,0.100936115,1420.3457,143.36418,566279.673833,5680385.72885,06636
06636,2025,51286.0,25.0,8927.0,10.0,0.054359637,7.2458982,0.050357196,1556.72,78.39205,566279.673833,5680385.72885,06636
07111,2007,53369.0,10.0,53369.0,10.0,0.0,7.3995657,0.031073907,1744.1843,54.198624,398938.329683,5578347.69075,07111
07111,2008,53369.0,10.0,53369.0,10.0,0.0,7.4248576,0.01566905,1788.8604,28.029743,398938.329683,5578347.69075,07111
07111,2009,53369.0,10.0,53369.0,10.0,0.0,7.470199,0.008249702,1871.8372,15.442099,398938.329683,5578347.69075,07111
07111,2010,53369.0,10.0,53369.0,10.0,0.0,7.422927,0.020003833,1785.4098,35.71504,398938.329683,5578347.69075,07111
07111,2011,53369.0,10.0,53369.0,10.0,0.0,7.368009,0.036275815,1690.0027,61.306225,398938.329683,5578347.69075,07111
07111,2012,53369.0,10.0,53369.0,10.0,0.0,7.437632,0.016155612,1811.8588,29.271687,398938.329683,5578347.69075,07111
07111,2013,53369.0,10.0,53369.0,10.0,0.0,7.499337,0.023927577,1927.1815,46.11278,398938.329683,5578347.69075,07111
07111,2014,53369.0,10.0,53369.0,10.0,0.0,7.673139,0.010715765,2292.998,24.571228,398938.329683,5578347.69075,07111
07111,2015,53369.0,10.0,53369.0,10.0,0.0,7.6922646,0.04684619,2337.2747,109.49241,398938.329683,5578347.69075,07111
07111,2016,53369.0,10.0,53369.0,10.0,0.0,7.727682,0.022882698,2421.5388,55.411343,398938.329683,5578347.69075,07111
07111,2017,53369.0,10.0,53369.0,10.0,0.0,7.89039,0.029302135,2849.4082,83.493744,398938.329683,5578347.69075,07111
07111,2018,53369.0,10.0,53369.0,10.0,0.0,7.9585667,0.03447328,3050.4463,105.15889,398938.329683,5578347.69075,07111
07111,2019,53369.0,10.0,53369.0,10.0,0.0,8.093611,0.05112463,3491.5017,178.50172,398938.329683,5578347.69075,07111
07111,2020,53369.0,10.0,53369.0,10.0,0.0,8.217565,0.015563839,3952.2524,61.51222,398938.329683,5578347.69075,07111
07111,2021,53369.0,10.0,53369.0,10.0,0.0,8.254519,0.008507947,4101.0415,34.891445,398938.329683,5578347.69075,07111
07111,2022,53369.0,10.0,53369.0,10.0,0.0,8.187223,0.020339455,3834.1365,77.984245,398938.329683,5578347.69075,07111
07111,2023,53369.0,10.0,53369.0,10.0,0.0,8.215002,0.015871448,3942.1382,62.56744,398938.329683,5578347.69075,07111
07111,2024,53369.0,10.0,53369.0,10.0,0.0,8.105738,0.014421,3534.1018,50.965282,398938.329683,5578347.69075,07111
07111,2025,53369.0,10.0,53369.0,10.0,0.0,8.058794,0.007302726,3372.0322,24.625029,398938.329683,5578347.69075,07111
07131,2007,34288.0,10.0,34288.0,10.0,0.0,7.5660844,0.025801256,2062.8557,53.22427,367105.491495,5599208.99067,07131
07131,2008,34288.0,10.0,34288.0,10.0,0.0,7.4898815,0.01909804,1911.5007,36.505917,367105.491495,5599208.99067,07131
07131,2009,34288.0,10.0,34288.0,10.0,0.0,7.4533734,0.03730401,1842.9734,68.7503,367105.491495,5599208.99067,07131
07131,2010,34288.0,10.0,34288.0,10.0,0.0,7.5381413,0.0048211077,2006.0109,9.671195,367105.491495,5599208.99067,07131
07131,2011,34288.0,10.0,34288.0,10.0,0.0,7.5602293,0.053245343,2050.8127,109.19623,367105.491495,5599208.99067,07131
07131,2012,34288.0,10.0,34288.0,10.0,0.0,7.611229,0.028177386,2158.1162,60.810078,367105.491495,5599208.99067,07131
07131,2013,34288.0,10.0,34288.0,10.0,0.0,7.5151577,0.073148556,1960.4313,143.40271,367105.491495,5599208.99067,07131
07131,2014,34288.0,10.0,34288.0,10.0,0.0,7.61259,0.0463569,2161.056,100.179855,367105.491495,5599208.99067,07131
07131,2015,34288.0,10.0,34288.0,10.0,0.0,7.596018,0.055870745,2125.538,118.7554,367105.491495,5599208.99067,07131
07131,2016,34288.0,10.0,34288.0,10.0,0.0,7.701137,0.052338827,2361.139,123.57925,367105.491495,5599208.99067,07131
07131,2017,34288.0,10.0,34288.0,10.0,0.0,7.7280526,0.0465758,2425.5535,112.97209,367105.491495,5599208.99067,07131
07131,2018,34288.0,10.0,34288.0,10.0,0.0,7.8170843,0.030512014,2651.4087,80.899826,367105.491495,5599208.99067,07131
07131,2019,34288.0,10.0,34288.0,10.0,0.0,7.936133,0.048745796,2986.6133,145.58484,367105.491495,5599208.99067,07131
07131,2020,34288.0,10.0,34288.0,10.0,0.0,8.150518,0.023388797,3700.7114,86.55519,367105.491495,5599208.99067,07131
07131,2021,34288.0,10.0,34288.0,10.0,0.0,8.212558,0.040877435,3937.5725,160.95786,367105.491495,5599208.99067,07131
07131,2022,34288.0,10.0,34288.0,10.0,0.0,8.138397,0.019251555,3656.1252,70.3861,367105.491495,5599208.99067,07131
07131,2023,34288.0,10.0,34288.0,10.0,0.0,8.110679,0.009778671,3556.1758,34.77467,367105.491495,5599208.99067,07131
07131,2024,34288.0,10.0,34288.0,10.0,0.0,8.145504,0.1694677,3682.2039,624.01465,367105.491495,5599208.99067,07131
07131,2025,34288.0,10.0,34288.0,10.0,0.0,8.209971,0.2425653,3927.403,952.65173,367105.491495,5599208.99067,07131
07132,2007,29769.0,10.0,29769.0,10.0,0.0,6.913398,0.060137447,1087.469,65.397606,402977.563182,5614551.53632,07132
07132,2008,29769.0,10.0,29769.0,10.0,0.0,6.8372955,0.035386745,1007.7808,35.662083,402977.563182,5614551.53632,07132
07132,2009,29769.0,10.0,29769.0,10.0,0.0,6.825122,0.01952151,995.5867,19.435356,402977.563182,5614551.53632,07132
07132,2010,29769.0,10.0,29769.0,10.0,0.0,7.0032125,0.00095132,1189.6599,1.1317472,402977.563182,5614551.53632,07132
07132,2011,29769.0,10.0,29769.0,10.0,0.0,6.885206,0.013315851,1057.2397,14.078046,402977.563182,5614551.53632,07132
07132,2012,29769.0,10.0,29769.0,10.0,0.0,6.8471375,0.06464523,1017.748,65.79255,402977.563182,5614551.53632,07132
07132,2013,29769.0,10.0,29769.0,10.0,0.0,6.8713236,0.043968055,1042.6635,45.843884,402977.563182,5614551.53632,07132
07132,2014,29769.0,10.0,29769.0,10.0,0.0,6.856759,0.032312576,1027.5879,33.204014,402977.563182,5614551.53632,07132
07132,2015,29769.0,10.0,29769.0,10.0,0.0,6.725945,0.025619134,901.5858,23.097849,402977.563182,5614551.53632,07132
07132,2016,29769.0,10.0,29769.0,10.0,0.0,6.9534693,0.06838651,1131.93,77.408745,402977.563182,5614551.53632,07132
07132,2017,29769.0,10.0,29769.0,10.0,0.0,7.045443,0.03634355,1240.9757,45.10146,402977.563182,5614551.53632,07132
07132,2018,29769.0,10.0,29769.0,10.0,0.0,7.181836,0.0931777,1422.3225,132.52875,402977.563182,5614551.53632,07132
07132,2019,29769.0,10.0,29769.0,10.0,0.0,7.2846103,0.053946774,1576.2761,85.03501,402977.563182,5614551.53632,07132
07132,2020,29769.0,10.0,29769.0,10.0,0.0,7.117481,0.084611095,1333.6724,112.843475,402977.563182,5614551.53632,07132
07132,2021,29769.0,10.0,29769.0,10.0,0.0,7.407706,0.06743954,1782.7571,120.22832,402977.563182,5614551.53632,07132
07132,2022,29769.0,10.0,29769.0,10.0,0.0,7.561427,0.23715594,2078.99,493.04486,402977.563182,5614551.53632,07132
07132,2023,29769.0,10.0,29769.0,10.0,0.0,7.7614245,0.09978528,2539.2776,253.38254,402977.563182,5614551.53632,07132
07132,2024,29769.0,10.0,29769.0,10.0,0.0,7.5762725,0.011607367,2110.0833,24.49251,402977.563182,5614551.53632,07132
07132,2025,29769.0,10.0,29769.0,10.0,0.0,7.5541167,0.021341478,2063.847,44.045547,402977.563182,5614551.53632,07132
07133,2007,60012.0,10.0,60012.0,10.0,0.0,7.356515,0.011758121,1669.6455,19.631895,418628.470453,5521165.4268,07133
07133,2008,60012.0,10.0,60012.0,10.0,0.0,7.391838,0.022130119,1729.6772,38.27796,418628.470453,5521165.4268,07133
07133,2009,60012.0,10.0,60012.0,10.0,0.0,7.3623834,0.000874035,1679.4725,1.4679179,418628.470453,5521165.4268,07133
07133,2010,60012.0,10.0,60012.0,10.0,0.0,7.318746,0.017729018,1607.7614,28.504028,418628.470453,5521165.4268,07133
07133,2011,60012.0,10.0,60012.0,10.0,0.0,7.3932657,0.0033723586,1732.1481,5.8414245,418628.470453,5521165.4268,07133
07133,2012,60012.0,10.0,60012.0,10.0,0.0,7.3954935,0.0032177505,1736.0107,5.5860496,418628.470453,5521165.4268,07133
07133,2013,60012.0,10.0,60012.0,10.0,0.0,7.345671,0.019937439,1651.6381,32.929432,418628.470453,5521165.4268,07133
07133,2014,60012.0,10.0,60012.0,10.0,0.0,7.4075003,0.015512751,1756.9802,27.255598,418628.470453,5521165.4268,07133
07133,2015,60012.0,10.0,60012.0,10.0,0.0,7.5012364,0.041695595,1929.6394,80.45746,418628.470453,5521165.4268,07133
07133,2016,60012.0,10.0,60012.0,10.0,0.0,7.588224,0.030045427,2105.0107,63.245945,418628.470453,5521165.4268,07133
07133,2017,60012.0,10.0,60012.0,10.0,0.0,7.737214,0.0015979685,2443.205,3.9041648,418628.470453,5521165.4268,07133
07133,2018,60012.0,10.0,60012.0,10.0,0.0,7.7247524,0.0033280058,2412.947,8.030302,418628.470453,5521165.4268,07133
07133,2019,60012.0,10.0,60012.0,10.0,0.0,7.868604,0.0032399856,2786.2612,9.027446,418628.470453,5521165.4268,07133
07133,2020,60012.0,10.0,60012.0,10.0,0.0,7.9490786,0.008421405,3019.7524,25.43056,418628.470453,5521165.4268,07133
07133,2021,60012.0,10.0,60012.0,10.0,0.0,8.003247,0.010184916,3187.8406,32.467888,418628.470453,5521165.4268,07133
07133,2022,60012.0,10.0,60012.0,10.0,0.0,8.066737,0.015615234,3396.7986,53.041805,418628.470453,5521165.4268,07133
07133,2023,60012.0,10.0,60012.0,10.0,0.0,8.10262,0.014256598,3520.9004,50.196064,418628.470453,5521165.4268,07133
07133,2024,60012.0,10.0,60012.0,10.0,0.0,8.131494,0.0037692443,3624.0417,13.659899,418628.470453,5521165.4268,07133
07133,2025,60012.0,10.0,60012.0,10.0,0.0,8.123837,0.0022416043,3596.4026,8.061711,418628.470453,5521165.4268,07133
07134,2007,16586.0,10.0,16586.0,10.0,0.0,6.8327484,0.03504056,1004.49286,35.197994,381230.922671,5506787.94239,07134
07134,2008,16586.0,10.0,16586.0,10.0,0.0,6.986343,0.081642225,1171.2571,95.62404,381230.922671,5506787.94239,07134
07134,2009,16586.0,10.0,16586.0,10.0,0.0,6.684366,0.089559674,865.97504,77.55644,381230.922671,5506787.94239,07134
07134,2010,16586.0,10.0,16586.0,10.0,0.0,6.4810185,0.137869,706.6308,97.42248,381230.922671,5506787.94239,07134
07134,2011,16586.0,10.0,16586.0,10.0,0.0,6.4301023,0.06764099,671.5523,45.424465,381230.922671,5506787.94239,07134
07134,2012,16586.0,10.0,16586.0,10.0,0.0,6.473587,0.119589224,701.399,83.87976,381230.922671,5506787.94239,07134
07134,2013,16586.0,10.0,16586.0,10.0,0.0,6.7310066,0.07338043,907.3212,66.57962,381230.922671,5506787.94239,07134
07134,2014,16586.0,10.0,16586.0,10.0,0.0,6.612644,0.025118584,806.0406,20.246597,381230.922671,5506787.94239,07134
07134,2015,16586.0,10.0,16586.0,10.0,0.0,6.681216,0.06641042,863.25116,57.328876,381230.922671,5506787.94239,07134
07134,2016,16586.0,10.0,16586.0,10.0,0.0,6.751314,0.052969225,925.93494,49.046055,381230.922671,5506787.94239,07134
07134,2017,16586.0,10.0,16586.0,10.0,0.0,6.616048,0.008511572,808.78864,6.884063,381230.922671,5506787.94239,07134
07134,2018,16586.0,10.0,16586.0,10.0,0.0,6.847896,0.0747886,1019.8247,76.27126,381230.922671,5506787.94239,07134
07134,2019,16586.0,10.0,16586.0,10.0,0.0,6.550856,0.08943603,757.74414,67.76963,381230.922671,5506787.94239,07134
07134,2020,16586.0,10.0,16586.0,10.0,0.0,6.895065,0.009378318,1069.0809,10.026181,381230.922671,5506787.94239,07134
07134,2021,16586.0,10.0,16586.0,10.0,0.0,7.1838226,0.06671961,1426.9757,95.20726,381230.922671,5506787.94239,07134
07134,2022,16586.0,10.0,16586.0,10.0,0.0,7.4292135,0.03733201,1823.8468,68.08786,381230.922671,5506787.94239,07134
07134,2023,16586.0,10.0,16586.0,10.0,0.0,7.281171,0.032159254,1572.8752,50.582493,381230.922671,5506787.94239,07134
07134,2024,16586.0,10.0,16586.0,10.0,0.0,7.2348604,0.012384812,1501.6956,18.598217,381230.922671,5506787.94239,07134
07134,2025,16586.0,10.0,16586.0,10.0,0.0,7.4545946,0.17040603,1870.7306,318.78375,381230.922671,5506787.94239,07134
07135,2007,14029.0,10.0,14029.0,10.0,0.0,7.0668864,0.09077913,1305.339,118.49754,374193.789316,5551206.67263,07135
07135,2008,14029.0,10.0,14029.0,10.0,0.0,6.9412074,0.19358814,1151.176,222.85402,374193.789316,5551206.67263,07135
07135,2009,14029.0,10.0,14029.0,10.0,0.0,6.968194,0.26549283,1182.665,313.9891,374193.789316,5551206.67263,07135
07135,2010,14029.0,10.0,14029.0,10.0,0.0,7.0604186,0.11401375,1296.9236,147.86711,374193.789316,5551206.67263,07135
07135,2011,14029.0,10.0,14029.0,10.0,0.0,6.7569733,0.052122887,957.4804,49.906643,374193.789316,5551206.67263,07135
07135,2012,14029.0,10.0,14029.0,10.0,0.0,6.79783,0.02117664,997.41016,21.121796,374193.789316,5551206.67263,07135
07135,2013,14029.0,10.0,14029.0,10.0,0.0,6.8703713,0.15234573,1072.4523,163.38353,374193.789316,5551206.67263,07135
07135,2014,14029.0,10.0,14029.0,10.0,0.0,6.923409,0.19686213,1130.8683,222.62512,374193.789316,5551206.67263,07135
07135,2015,14029.0,10.0,14029.0,10.0,0.0,7.076938,0.3731813,1318.5261,492.04932,374193.789316,5551206.67263,07135
07135,2016,14029.0,10.0,14029.0,10.0,0.0,7.194501,0.3274972,1483.0154,485.6834,374193.789316,5551206.67263,07135
07135,2017,14029.0,10.0,14029.0,10.0,0.0,7.179317,0.3753301,1460.6674,548.23236,374193.789316,5551206.67263,07135
07135,2018,14029.0,10.0,14029.0,10.0,0.0,7.0949464,0.20936659,1342.486,281.07172,374193.789316,5551206.67263,07135
07135,2019,14029.0,10.0,14029.0,10.0,0.0,7.1412935,0.100314,1406.1703,141.05856,374193.789316,5551206.67263,07135
07135,2020,14029.0,10.0,14029.0,10.0,0.0,7.134809,0.15839857,1397.0815,221.29573,374193.789316,5551206.67263,07135
07135,2021,14029.0,10.0,14029.0,10.0,0.0,7.3320127,0.14974037,1701.634,254.80331,374193.789316,5551206.67263,07135
07135,2022,14029.0,10.0,14029.0,10.0,0.0,7.519714,0.006659335,2052.976,13.671455,374193.789316,5551206.67263,07135
07135,2023,14029.0,10.0,14029.0,10.0,0.0,7.5510664,0.026214782,2118.3618,55.532394,374193.789316,5551206.67263,07135
07135,2024,14029.0,10.0,14029.0,10.0,0.0,7.463808,0.18252268,1941.3519,354.34076,374193.789316,5551206.67263,07135
07135,2025,14029.0,10.0,14029.0,10.0,0.0,7.2539926,0.036474247,1573.9197,57.40753,374193.789316,5551206.67263,07135
07137,2007,46547.0,10.0,46547.0,10.0,0.0,7.1067615,0.05158221,1307.5156,67.44455,384390.938906,5587967.33126,07137
07137,2008,46547.0,10.0,46547.0,10.0,0.0,7.1203747,0.056234594,1325.4368,74.5354,384390.938906,5587967.33126,07137
07137,2009,46547.0,10.0,46547.0,10.0,0.0,7.047173,0.016090754,1231.879,19.821865,384390.938906,5587967.33126,07137
07137,2010,46547.0,10.0,46547.0,10.0,0.0,7.0435014,0.06617322,1227.364,81.21863,384390.938906,5587967.33126,07137
07137,2011,46547.0,10.0,46547.0,10.0,0.0,7.0058694,0.07405422,1182.0342,87.534615,384390.938906,5587967.33126,07137
07137,2012,46547.0,10.0,46547.0,10.0,0.0,7.0841556,0.024414014,1278.2902,31.208193,384390.938906,5587967.33126,07137
07137,2013,46547.0,10.0,46547.0,10.0,0.0,7.1558633,0.091044314,1373.3196,125.032936,384390.938906,5587967.33126,07137
07137,2014,46547.0,10.0,46547.0,10.0,0.0,7.275695,0.094247736,1548.1527,145.90988,384390.938906,5587967.33126,07137
07137,2015,46547.0,10.0,46547.0,10.0,0.0,7.3778286,0.036862087,1714.628,63.20477,384390.938906,5587967.33126,07137
07137,2016,46547.0,10.0,46547.0,10.0,0.0,7.465568,0.018698169,1871.8656,35.000458,384390.938906,5587967.33126,07137
07137,2017,46547.0,10.0,46547.0,10.0,0.0,7.3648267,0.079683445,1692.479,134.86256,384390.938906,5587967.33126,07137
07137,2018,46547.0,10.0,46547.0,10.0,0.0,7.3809347,0.0197557,1719.9618,33.97905,384390.938906,5587967.33126,07137
07137,2019,46547.0,10.0,46547.0,10.0,0.0,7.433245,0.010485961,1812.329,19.004011,384390.938906,5587967.33126,07137
07137,2020,46547.0,10.0,46547.0,10.0,0.0,7.6653695,0.031876653,2285.8486,72.865204,384390.938906,5587967.33126,07137
07137,2021,46547.0,10.0,46547.0,10.0,0.0,7.8332114,0.15127799,2703.5862,408.99307,384390.938906,5587967.33126,07137
07137,2022,46547.0,10.0,46547.0,10.0,0.0,7.983929,0.0503331,3143.3738,158.21574,384390.938906,5587967.33126,07137
07137,2023,46547.0,10.0,46547.0,10.0,0.0,7.91169,0.016110508,2924.3074,47.112076,384390.938906,5587967.33126,07137
07137,2024,46547.0,10.0,46547.0,10.0,0.0,7.7850738,0.06712694,2576.5244,172.95421,384390.938906,5587967.33126,07137
07137,2025,46547.0,10.0,46547.0,10.0,0.0,7.8410335,0.016561372,2724.816,45.12669,384390.938906,5587967.33126,07137
07138,2007,49513.0,10.0,49513.0,10.0,0.0,7.163922,0.023821894,1383.7284,32.96303,392626.444223,5590683.55344,07138
07138,2008,49513.0,10.0,49513.0,10.0,0.0,7.1674223,0.033716314,1388.5803,46.81781,392626.444223,5590683.55344,07138
07138,2009,49513.0,10.0,49513.0,10.0,0.0,7.0415683,0.03170096,1224.3717,38.813763,392626.444223,5590683.55344,07138
07138,2010,49513.0,10.0,49513.0,10.0,0.0,7.0099864,0.016253378,1186.3082,19.281517,392626.444223,5590683.55344,07138
07138,2011,49513.0,10.0,49513.0,10.0,0.0,7.067226,0.02540651,1256.1926,31.91547,392626.444223,5590683.55344,07138
07138,2012,49513.0,10.0,49513.0,10.0,0.0,7.1425276,0.026559586,1354.4387,35.97333,392626.444223,5590683.55344,07138
07138,2013,49513.0,10.0,49513.0,10.0,0.0,7.229576,0.016376002,1477.6243,24.197578,392626.444223,5590683.55344,07138
07138,2014,49513.0,10.0,49513.0,10.0,0.0,7.194699,0.038499683,1426.9773,54.938175,392626.444223,5590683.55344,07138
07138,2015,49513.0,10.0,49513.0,10.0,0.0,7.283523,0.011695369,1559.5273,18.239248,392626.444223,5590683.55344,07138
07138,2016,49513.0,10.0,49513.0,10.0,0.0,7.4311075,0.05060139,1807.5409,91.46408,392626.444223,5590683.55344,07138
07138,2017,49513.0,10.0,49513.0,10.0,0.0,7.469945,0.020180732,1879.1215,37.922047,392626.444223,5590683.55344,07138
07138,2018,49513.0,10.0,49513.0,10.0,0.0,7.473084,0.033130508,1885.0295,62.45198,392626.444223,5590683.55344,07138
07138,2019,49513.0,10.0,49513.0,10.0,0.0,7.5339303,0.059007455,2003.2881,118.20893,392626.444223,5590683.55344,07138
07138,2020,49513.0,10.0,49513.0,10.0,0.0,7.6436443,0.030624814,2235.5876,68.464455,392626.444223,5590683.55344,07138
07138,2021,49513.0,10.0,49513.0,10.0,0.0,7.7262588,0.08451347,2428.1223,205.20903,392626.444223,5590683.55344,07138
07138,2022,49513.0,10.0,49513.0,10.0,0.0,7.8184185,0.034649335,2662.5334,92.25501,392626.444223,5590683.55344,07138
07138,2023,49513.0,10.0,49513.0,10.0,0.0,7.8998027,0.03455985,2888.283,99.81863,392626.444223,5590683.55344,07138
07138,2024,49513.0,10.0,49513.0,10.0,0.0,7.7833467,0.030805096,2570.7722,79.19289,392626.444223,5590683.55344,07138
07138,2025,49513.0,10.0,49513.0,10.0,0.0,7.903604,0.04081547,2899.2842,118.33564,392626.444223,5590683.55344,07138
07140,2007,19794.0,10.0,19794.0,10.0,0.0,7.302817,0.11988031,1612.6255,193.32205,397680.265015,5563367.61065,07140
07140,2008,19794.0,10.0,19794.0,10.0,0.0,7.36661,0.11066686,1718.8525,190.22002,397680.265015,5563367.61065,07140
07140,2009,19794.0,10.0,19794.0,10.0,0.0,7.282288,0.049393818,1579.858,78.035225,397680.265015,5563367.61065,07140
07140,2010,19794.0,10.0,19794.0,10.0,0.0,7.102417,0.05149152,1319.7784,67.9574,397680.265015,5563367.61065,07140
07140,2011,19794.0,10.0,19794.0,10.0,0.0,7.3143888,0.010340377,1631.3955,16.869244,397680.265015,5563367.61065,07140
07140,2012,19794.0,10.0,19794.0,10.0,0.0,7.1010604,0.023369778,1317.9895,30.80112,397680.265015,5563367.61065,07140
07140,2013,19794.0,10.0,19794.0,10.0,0.0,7.0240507,0.0060269693,1220.3013,7.354718,397680.265015,5563367.61065,07140
07140,2014,19794.0,10.0,19794.0,10.0,0.0,7.2035723,0.06708565,1460.2672,97.96298,397680.265015,5563367.61065,07140
07140,2015,19794.0,10.0,19794.0,10.0,0.0,7.1195464,0.010136864,1342.5802,13.609553,397680.265015,5563367.61065,07140
07140,2016,19794.0,10.0,19794.0,10.0,0.0,7.3094344,0.011204872,1623.3331,18.189241,397680.265015,5563367.61065,07140
07140,2017,19794.0,10.0,19794.0,10.0,0.0,7.232367,0.014402237,1502.9263,21.645498,397680.265015,5563367.61065,07140
07140,2018,19794.0,10.0,19794.0,10.0,0.0,7.036447,0.030045642,1235.5228,37.122074,397680.265015,5563367.61065,07140
07140,2019,19794.0,10.0,19794.0,10.0,0.0,7.2255173,0.0426781,1492.6667,63.70418,397680.265015,5563367.61065,07140
07140,2020,19794.0,10.0,19794.0,10.0,0.0,7.347598,0.071373686,1686.4828,120.37049,397680.265015,5563367.61065,07140
07140,2021,19794.0,10.0,19794.0,10.0,0.0,7.505882,0.02805694,1975.7118,55.43243,397680.265015,5563367.61065,07140
07140,2022,19794.0,10.0,19794.0,10.0,0.0,7.566387,0.036554646,2098.9436,76.72614,397680.265015,5563367.61065,07140
07140,2023,19794.0,10.0,19794.0,10.0,0.0,7.7834306,0.1282317,2607.7231,334.3928,397680.265015,5563367.61065,07140
07140,2024,19794.0,10.0,19794.0,10.0,0.0,7.8839645,0.09385938,2883.519,270.64532,397680.265015,5563367.61065,07140
07140,2025,19794.0,10.0,19794.0,10.0,0.0,7.812185,0.033276297,2683.795,89.30676,397680.265015,5563367.61065,07140
07141,2007,44597.0,10.0,44597.0,10.0,0.0,7.2695036,0.03784962,1541.1976,58.333748,404999.155724,5573440.30035,07141
07141,2008,44597.0,10.0,44597.0,10.0,0.0,7.171518,0.048816245,1397.3448,68.21313,404999.155724,5573440.30035,07141
07141,2009,44597.0,10.0,44597.0,10.0,0.0,7.077055,0.05094871,1271.3904,64.775696,404999.155724,5573440.30035,07141
07141,2010,44597.0,10.0,44597.0,10.0,0.0,7.027489,0.044343617,1209.9092,53.65175,404999.155724,5573440.30035,07141
07141,2011,44597.0,10.0,44597.0,10.0,0.0,6.988487,0.08173482,1163.628,95.10893,404999.155724,5573440.30035,07141
07141,2012,44597.0,10.0,44597.0,10.0,0.0,6.935662,0.079820536,1103.7549,88.10231,404999.155724,5573440.30035,07141
07141,2013,44597.0,10.0,44597.0,10.0,0.0,7.148225,0.104677424,1365.1729,142.90279,404999.155724,5573440.30035,07141
07141,2014,44597.0,10.0,44597.0,10.0,0.0,7.143374,0.06017933,1358.566,81.7576,404999.155724,5573440.30035,07141
07141,2015,44597.0,10.0,44597.0,10.0,0.0,7.1961064,0.034282625,1432.1294,49.097157,404999.155724,5573440.30035,07141
07141,2016,44597.0,10.0,44597.0,10.0,0.0,7.3316584,0.12392096,1640.0297,203.23405,404999.155724,5573440.30035,07141
07141,2017,44597.0,10.0,44597.0,10.0,0.0,7.198967,0.07312269,1436.2322,105.02116,404999.155724,5573440.30035,07141
07141,2018,44597.0,10.0,44597.0,10.0,0.0,7.371323,0.17060068,1706.3881,291.11096,404999.155724,5573440.30035,07141
07141,2019,44597.0,10.0,44597.0,10.0,0.0,7.6818905,0.18679313,2327.853,434.82697,404999.155724,5573440.30035,07141
07141,2020,44597.0,10.0,44597.0,10.0,0.0,7.543021,0.1586563,2026.0282,321.44214,404999.155724,5573440.30035,07141
07141,2021,44597.0,10.0,44597.0,10.0,0.0,7.750114,0.25587094,2492.2102,637.6842,404999.155724,5573440.30035,07141
07141,2022,44597.0,10.0,44597.0,10.0,0.0,7.8464584,0.1390579,2744.2676,381.6121,404999.155724,5573440.30035,07141
07141,2023,44597.0,10.0,44597.0,10.0,0.0,7.759988,0.17871296,2516.9402,449.80984,404999.155724,5573440.30035,07141
07141,2024,44597.0,10.0,44597.0,10.0,0.0,7.68079,0.04788967,2325.293,111.357506,404999.155724,5573440.30035,07141
07141,2025,44597.0,10.0,44597.0,10.0,0.0,7.746115,0.11135453,2482.2644,276.41138,404999.155724,5573440.30035,07141
07143,2007,29579.0,10.0,29579.0,10.0,0.0,6.968548,0.012581633,1184.4728,14.902603,425897.103014,5611394.16355,07143
07143,2008,29579.0,10.0,29579.0,10.0,0.0,6.9545093,0.036669705,1167.9607,42.828777,425897.103014,5611394.16355,07143
07143,2009,29579.0,10.0,29579.0,10.0,0.0,6.809457,0.010443763,1010.2592,10.550907,425897.103014,5611394.16355,07143
07143,2010,29579.0,10.0,29579.0,10.0,0.0,6.814707,0.05986727,1015.577,60.799824,425897.103014,5611394.16355,07143
07143,2011,29579.0,10.0,29579.0,10.0,0.0,6.8148637,0.0669619,1015.73596,68.01561,425897.103014,5611394.16355,07143
07143,2012,29579.0,10.0,29579.0,10.0,0.0,6.758172,0.09731786,959.7542,93.40123,425897.103014,5611394.16355,07143
07143,2013,29579.0,10.0,29579.0,10.0,0.0,6.836382,0.03375297,1037.8297,35.029835,425897.103014,5611394.16355,07143
07143,2014,29579.0,10.0,29579.0,10.0,0.0,6.873245,0.040094085,1076.801,43.173355,425897.103014,5611394.16355,07143
07143,2015,29579.0,10.0,29579.0,10.0,0.0,6.8812413,0.08205082,1085.4463,89.06176,425897.103014,5611394.16355,07143
07143,2016,29579.0,10.0,29579.0,10.0,0.0,6.9930115,0.04726441,1213.8068,57.369854,425897.103014,5611394.16355,07143
07143,2017,29579.0,10.0,29579.0,10.0,0.0,6.9962506,0.15511438,1217.7449,188.88972,425897.103014,5611394.16355,07143
07143,2018,29579.0,10.0,29579.0,10.0,0.0,6.930596,0.05636433,1140.3622,64.27575,425897.103014,5611394.16355,07143
07143,2019,29579.0,10.0,29579.0,10.0,0.0,7.194665,0.13653985,1485.0002,202.7617,425897.103014,5611394.16355,07143
07143,2020,29579.0,10.0,29579.0,10.0,0.0,7.152371,0.06687751,1423.503,95.20033,425897.103014,5611394.16355,07143
07143,2021,29579.0,10.0,29579.0,10.0,0.0,7.3225074,0.08349197,1687.5155,140.894,425897.103014,5611394.16355,07143
07143,2022,29579.0,10.0,29579.0,10.0,0.0,7.4558835,0.040285017,1928.2896,77.681175,425897.103014,5611394.16355,07143
07143,2023,29579.0,10.0,29579.0,10.0,0.0,7.590252,0.01254018,2205.605,27.658684,425897.103014,5611394.16355,07143
07143,2024,29579.0,10.0,29579.0,10.0,0.0,7.802219,0.17281689,2726.3643,471.1618,425897.103014,5611394.16355,07143
07143,2025,29579.0,10.0,29579.0,10.0,0.0,7.682808,0.008582447,2419.4924,20.765167,425897.103014,5611394.16355,07143
07211,2007,46712.0,10.0,46712.0,10.0,0.0,7.4569526,3.098909e-05,1829.4653,0.05669347,331118.807795,5514882.05953,07211
07211,2008,46712.0,10.0,46712.0,10.0,0.0,7.4732246,0.01204704,1859.4774,22.4012,331118.807795,5514882.05953,07211
07211,2009,46712.0,10.0,46712.0,10.0,0.0,7.556017,0.0011351972,2019.9811,2.2930768,331118.807795,5514882.05953,07211
07211,2010,46712.0,10.0,46712.0,10.0,0.0,7.6315174,0.00839181,2178.3948,18.280676,331118.807795,5514882.05953,07211
07211,2011,46712.0,10.0,46712.0,10.0,0.0,7.6516256,0.0067289127,2222.6418,14.955963,331118.807795,5514882.05953,07211
07211,2012,46712.0,10.0,46712.0,10.0,0.0,7.7575345,0.012759565,2470.9565,31.528332,331118.807795,5514882.05953,07211
07211,2013,46712.0,10.0,46712.0,10.0,0.0,7.7853765,0.005729796,2540.7195,14.557805,331118.807795,5514882.05953,07211
07211,2014,46712.0,10.0,46712.0,10.0,0.0,7.675452,0.004410142,2276.2366,10.038527,331118.807795,5514882.05953,07211
07211,2015,46712.0,10.0,46712.0,10.0,0.0,7.735764,0.019729646,2417.7449,47.701252,331118.807795,5514882.05953,07211
07211,2016,46712.0,10.0,46712.0,10.0,0.0,7.895797,0.041082095,2837.3428,116.56398,331118.807795,5514882.05953,07211
07211,2017,46712.0,10.0,46712.0,10.0,0.0,7.9901657,0.054747503,3118.1406,170.71042,331118.807795,5514882.05953,07211
07211,2018,46712.0,10.0,46712.0,10.0,0.0,7.8963075,0.064892344,2838.7917,184.21585,331118.807795,5514882.05953,07211
07211,2019,46712.0,10.0,46712.0,10.0,0.0,8.042682,0.031331096,3286.2686,102.962395,331118.807795,5514882.05953,07211
07211,2020,46712.0,10.0,46712.0,10.0,0.0,8.038591,8.8705165e-05,3272.855,0.29031914,331118.807795,5514882.05953,07211
07211,2021,46712.0,10.0,46712.0,10.0,0.0,8.101449,0.006962144,3485.1826,24.264343,331118.807795,5514882.05953,07211
07211,2022,46712.0,10.0,46712.0,10.0,0.0,8.124244,0.07733793,3565.5374,275.75128,331118.807795,5514882.05953,07211
07211,2023,46712.0,10.0,46712.0,10.0,0.0,8.024369,0.0952045,3226.6377,307.19046,331118.807795,5514882.05953,07211
07211,2024,46712.0,10.0,46712.0,10.0,0.0,8.132285,0.057259966,3594.3262,205.811,331118.807795,5514882.05953,07211
07211,2025,46712.0,10.0,46712.0,10.0,0.0,8.148673,0.06891504,3653.7139,251.79584,331118.807795,5514882.05953,07211
07231,2007,16417.0,10.0,16417.0,10.0,0.0,7.237233,0.003049813,1501.8512,4.5803657,350207.551249,5539533.1469,07231
07231,2008,16417.0,10.0,16417.0,10.0,0.0,7.27872,0.010122881,1565.4685,15.847052,350207.551249,5539533.1469,07231
07231,2009,16417.0,10.0,16417.0,10.0,0.0,7.3592486,0.021174338,1696.7484,35.927525,350207.551249,5539533.1469,07231
07231,2010,16417.0,10.0,16417.0,10.0,0.0,7.3678794,0.000881754,1711.4562,1.5090833,350207.551249,5539533.1469,07231
07231,2011,16417.0,10.0,16417.0,10.0,0.0,7.3149266,0.009593726,1623.187,15.572412,350207.551249,5539533.1469,07231
07231,2012,16417.0,10.0,16417.0,10.0,0.0,7.4943833,0.04381407,1942.253,85.098015,350207.551249,5539533.1469,07231
07231,2013,16417.0,10.0,16417.0,10.0,0.0,7.5852156,0.0050804196,2126.9324,10.805709,350207.551249,5539533.1469,07231
07231,2014,16417.0,10.0,16417.0,10.0,0.0,7.5516806,0.022667116,2056.7883,46.621456,350207.551249,5539533.1469,07231
07231,2015,16417.0,10.0,16417.0,10.0,0.0,7.624573,0.042351957,2212.312,93.69575,350207.551249,5539533.1469,07231
07231,2016,16417.0,10.0,16417.0,10.0,0.0,7.698814,0.022468591,2382.8066,53.53831,350207.551249,5539533.1469,07231
07231,2017,16417.0,10.0,16417.0,10.0,0.0,7.5150704,0.07025171,1982.8507,139.29865,350207.551249,5539533.1469,07231
07231,2018,16417.0,10.0,16417.0,10.0,0.0,7.5467334,0.065742135,2046.6376,134.55034,350207.551249,5539533.1469,07231
07231,2019,16417.0,10.0,16417.0,10.0,0.0,7.8167233,0.01831581,2680.9968,49.10463,350207.551249,5539533.1469,07231
07231,2020,16417.0,10.0,16417.0,10.0,0.0,7.7344956,0.007890133,2469.3645,19.483616,350207.551249,5539533.1469,07231
07231,2021,16417.0,10.0,16417.0,10.0,0.0,7.7449083,0.115216985,2495.2117,287.49075,350207.551249,5539533.1469,07231
07231,2022,16417.0,10.0,16417.0,10.0,0.0,7.757321,0.09761455,2526.377,246.61113,350207.551249,5539533.1469,07231
07231,2023,16417.0,10.0,16417.0,10.0,0.0,7.7863545,0.21442524,2600.8013,557.6774,350207.551249,5539533.1469,07231
07231,2024,16417.0,10.0,16417.0,10.0,0.0,8.027497,0.12099599,3310.0464,400.50235,350207.551249,5539533.1469,07231
07231,2025,16417.0,10.0,16417.0,10.0,0.0,8.178729,0.031507477,3850.464,121.31842,350207.551249,5539533.1469,07231
07232,2007,15843.0,10.0,15843.0,10.0,0.0,7.407525,0.042714372,1777.2137,75.91257,323158.700236,5538666.59698,07232
07232,2008,15843.0,10.0,15843.0,10.0,0.0,7.292548,0.012266777,1584.1848,19.432842,323158.700236,5538666.59698,07232
07232,2009,15843.0,10.0,15843.0,10.0,0.0,7.394463,0.01180068,1754.1506,20.70017,323158.700236,5538666.59698,07232
07232,2010,15843.0,10.0,15843.0,10.0,0.0,7.2026153,0.074999005,1447.9332,108.593544,323158.700236,5538666.59698,07232
07232,2011,15843.0,10.0,15843.0,10.0,0.0,7.371816,0.04371559,1714.8712,74.9666,323158.700236,5538666.59698,07232
07232,2012,15843.0,10.0,15843.0,10.0,0.0,7.289969,0.068190396,1580.1042,107.74793,323158.700236,5538666.59698,07232
07232,2013,15843.0,10.0,15843.0,10.0,0.0,7.28588,0.03236926,1573.6562,50.938087,323158.700236,5538666.59698,07232
07232,2014,15843.0,10.0,15843.0,10.0,0.0,7.3690853,0.07743012,1710.195,132.4206,323158.700236,5538666.59698,07232
07232,2015,15843.0,10.0,15843.0,10.0,0.0,7.4107013,0.0052678916,1782.868,9.391955,323158.700236,5538666.59698,07232
07232,2016,15843.0,10.0,15843.0,10.0,0.0,7.4596972,0.016318295,1872.3961,30.55431,323158.700236,5538666.59698,07232
07232,2017,15843.0,10.0,15843.0,10.0,0.0,7.469642,0.046952922,1891.1097,88.79312,323158.700236,5538666.59698,07232
07232,2018,15843.0,10.0,15843.0,10.0,0.0,7.607848,0.04714555,2171.395,102.371605,323158.700236,5538666.59698,07232
07232,2019,15843.0,10.0,15843.0,10.0,0.0,7.5750732,0.04645636,2101.382,97.62257,323158.700236,5538666.59698,07232
07232,2020,15843.0,10.0,15843.0,10.0,0.0,7.5293036,0.06547994,2007.3702,131.44247,323158.700236,5538666.59698,07232
07232,2021,15843.0,10.0,15843.0,10.0,0.0,7.474002,0.00397996,1899.3728,7.5594277,323158.700236,5538666.59698,07232
07232,2022,15843.0,10.0,15843.0,10.0,0.0,7.800307,0.042810496,2632.2222,112.68674,323158.700236,5538666.59698,07232
07232,2023,15843.0,10.0,15843.0,10.0,0.0,8.0295725,0.12632546,3310.483,418.19827,323158.700236,5538666.59698,07232
07232,2024,15843.0,10.0,15843.0,10.0,0.0,7.894124,0.055341933,2891.1257,160.00049,323158.700236,5538666.59698,07232
07232,2025,15843.0,10.0,15843.0,10.0,0.0,8.062658,0.0014611147,3421.8474,4.9997115,323158.700236,5538666.59698,07232
07233,2007,16688.0,10.0,16688.0,10.0,0.0,6.960492,0.10830512,1135.6488,122.99658,339954.128719,5569424.70429,07233
07233,2008,16688.0,10.0,16688.0,10.0,0.0,6.87393,0.14903907,1041.4792,155.22112,339954.128719,5569424.70429,07233
07233,2009,16688.0,10.0,16688.0,10.0,0.0,6.794753,0.064698026,962.1982,62.25232,339954.128719,5569424.70429,07233
07233,2010,16688.0,10.0,16688.0,10.0,0.0,6.6799946,0.0758426,857.8779,65.06369,339954.128719,5569424.70429,07233
07233,2011,16688.0,10.0,16688.0,10.0,0.0,6.5984545,0.21249446,790.7026,168.01991,339954.128719,5569424.70429,07233
07233,2012,16688.0,10.0,16688.0,10.0,0.0,6.6357646,0.19047128,820.76086,156.33138,339954.128719,5569424.70429,07233
07233,2013,16688.0,10.0,16688.0,10.0,0.0,6.6885467,0.11185231,865.2461,96.77978,339954.128719,5569424.70429,07233
07233,2014,16688.0,10.0,16688.0,10.0,0.0,6.8255286,0.035411432,992.2707,35.137726,339954.128719,5569424.70429,07233
07233,2015,16688.0,10.0,16688.0,10.0,0.0,6.9220486,0.09431857,1092.819,103.07311,339954.128719,5569424.70429,07233
07233,2016,16688.0,10.0,16688.0,10.0,0.0,7.0563073,0.010281184,1249.8447,12.849883,339954.128719,5569424.70429,07233
07233,2017,16688.0,10.0,16688.0,10.0,0.0,6.9629464,0.010058508,1138.4397,11.451004,339954.128719,5569424.70429,07233
07233,2018,16688.0,10.0,16688.0,10.0,0.0,6.693093,0.2381486,869.1886,206.99606,339954.128719,5569424.70429,07233
07233,2019,16688.0,10.0,16688.0,10.0,0.0,6.914653,0.2017328,1084.7668,218.83304,339954.128719,5569424.70429,07233
07233,2020,16688.0,10.0,16688.0,10.0,0.0,6.702854,0.077933125,877.7148,68.40305,339954.128719,5569424.70429,07233
07233,2021,16688.0,10.0,16688.0,10.0,0.0,7.133746,0.1274546,1350.4773,172.12456,339954.128719,5569424.70429,07233
07233,2022,16688.0,10.0,16688.0,10.0,0.0,7.4225426,0.07400822,1802.6442,133.41048,339954.128719,5569424.70429,07233
07233,2023,16688.0,10.0,16688.0,10.0,0.0,7.2336273,0.067733675,1492.3314,101.08109,339954.128719,5569424.70429,07233
07233,2024,16688.0,10.0,16688.0,10.0,0.0,7.3194976,0.005124918,1626.1406,8.3338375,339954.128719,5569424.70429,07233
07233,2025,16688.0,10.0,16688.0,10.0,0.0,7.2553678,0.0886364,1525.13,135.18202,339954.128719,5569424.70429,07233
07235,2007,15507.0,10.0,15507.0,10.0,0.0,7.036882,0.24275038,1218.7456,295.85095,347965.493234,5512324.29522,07235
07235,2008,15507.0,10.0,15507.0,10.0,0.0,7.296606,0.0714534,1580.1921,112.9101,347965.493234,5512324.29522,07235
07235,2009,15507.0,10.0,15507.0,10.0,0.0,7.1161847,0.19090669,1319.331,251.86914,347965.493234,5512324.29522,07235
07235,2010,15507.0,10.0,15507.0,10.0,0.0,6.8756137,0.02035508,1037.2305,21.112907,347965.493234,5512324.29522,07235
07235,2011,15507.0,10.0,15507.0,10.0,0.0,7.0154753,0.03136386,1192.9335,37.414997,347965.493234,5512324.29522,07235
07235,2012,15507.0,10.0,15507.0,10.0,0.0,6.8791027,0.02579177,1040.8556,26.845509,347965.493234,5512324.29522,07235
07235,2013,15507.0,10.0,15507.0,10.0,0.0,7.015483,0.15803118,1192.9429,188.52217,347965.493234,5512324.29522,07235
07235,2014,15507.0,10.0,15507.0,10.0,0.0,7.1036077,0.007938071,1302.842,10.342052,347965.493234,5512324.29522,07235
07235,2015,15507.0,10.0,15507.0,10.0,0.0,7.1524844,0.04645462,1368.1022,63.554665,347965.493234,5512324.29522,07235
07235,2016,15507.0,10.0,15507.0,10.0,0.0,7.2468033,0.22739375,1503.4216,341.86868,347965.493234,5512324.29522,07235
07235,2017,15507.0,10.0,15507.0,10.0,0.0,7.1227355,0.22271985,1328.002,295.7724,347965.493234,5512324.29522,07235
07235,2018,15507.0,10.0,15507.0,10.0,0.0,6.678159,0.25796866,851.37665,219.62848,347965.493234,5512324.29522,07235
07235,2019,15507.0,10.0,15507.0,10.0,0.0,6.9302473,0.2997718,1095.4742,328.39224,347965.493234,5512324.29522,07235
07235,2020,15507.0,10.0,15507.0,10.0,0.0,7.1405487,0.25964212,1351.87,351.00238,347965.493234,5512324.29522,07235
07235,2021,15507.0,10.0,15507.0,10.0,0.0,7.513974,0.003835539,1963.8654,7.532482,347965.493234,5512324.29522,07235
07235,2022,15507.0,10.0,15507.0,10.0,0.0,7.8287344,0.079148196,2690.3591,212.93709,347965.493234,5512324.29522,07235
07235,2023,15507.0,10.0,15507.0,10.0,0.0,7.8641953,0.040468663,2787.4739,112.80534,347965.493234,5512324.29522,07235
07235,2024,15507.0,10.0,15507.0,10.0,0.0,7.924104,0.006045768,2959.5708,17.89288,347965.493234,5512324.29522,07235
07235,2025,15507.0,10.0,15507.0,10.0,0.0,8.046911,0.07565319,3346.2883,253.1574,347965.493234,5512324.29522,07235
07311,2007,123978.0,10.0,123978.0,10.0,0.0,7.2989616,0.022073705,1550.5465,34.226307,453466.233349,5486916.89392,07311
07311,2008,123978.0,10.0,123978.0,10.0,0.0,7.310776,0.036991283,1568.9741,58.038364,453466.233349,5486916.89392,07311
07311,2009,123978.0,10.0,123978.0,10.0,0.0,7.26457,0.048452012,1498.127,72.587265,453466.233349,5486916.89392,07311
07311,2010,123978.0,10.0,123978.0,10.0,0.0,7.216473,0.033653982,1427.7773,48.050392,453466.233349,5486916.89392,07311
07311,2011,123978.0,10.0,123978.0,10.0,0.0,7.265422,0.007552478,1499.4039,11.324215,453466.233349,5486916.89392,07311
07311,2012,123978.0,10.0,123978.0,10.0,0.0,7.3003497,0.017463734,1552.7002,27.115942,453466.233349,5486916.89392,07311
07311,2013,123978.0,10.0,123978.0,10.0,0.0,7.3329854,0.019844294,1604.2094,31.8344,453466.233349,5486916.89392,07311
07311,2014,123978.0,10.0,123978.0,10.0,0.0,7.350845,0.017836878,1633.117,29.129707,453466.233349,5486916.89392,07311
07311,2015,123978.0,10.0,123978.0,10.0,0.0,7.391776,0.02658554,1701.3492,45.23129,453466.233349,5486916.89392,07311
07311,2016,123978.0,10.0,123978.0,10.0,0.0,7.446531,0.026627658,1797.1035,47.85266,453466.233349,5486916.89392,07311
07311,2017,123978.0,10.0,123978.0,10.0,0.0,7.613049,0.029279703,2122.7126,62.152393,453466.233349,5486916.89392,07311
07311,2018,123978.0,10.0,123978.0,10.0,0.0,7.62358,0.035818625,2145.184,76.83755,453466.233349,5486916.89392,07311
07311,2019,123978.0,10.0,123978.0,10.0,0.0,7.6880393,0.030249968,2288.0159,69.21241,453466.233349,5486916.89392,07311
07311,2020,123978.0,10.0,123978.0,10.0,0.0,7.8144355,0.018117147,2596.2842,47.037262,453466.233349,5486916.89392,07311
07311,2021,123978.0,10.0,123978.0,10.0,0.0,8.031404,0.0047336086,3225.3752,15.267664,453466.233349,5486916.89392,07311
07311,2022,123978.0,10.0,123978.0,10.0,0.0,8.066437,0.030030962,3340.3723,100.3146,453466.233349,5486916.89392,07311
07311,2023,123978.0,10.0,123978.0,10.0,0.0,7.966174,0.018526392,3021.7002,55.981205,453466.233349,5486916.89392,07311
07311,2024,123978.0,10.0,123978.0,10.0,0.0,7.9261127,0.052439995,2903.039,152.23535,453466.233349,5486916.89392,07311
07311,2025,123978.0,10.0,123978.0,10.0,0.0,7.9543524,0.0070838346,2986.1887,21.153667,453466.233349,5486916.89392,07311
07312,2007,51065.0,10.0,51065.0,10.0,0.0,7.140762,0.007892432,1335.4504,10.539951,410146.221696,5476306.46683,07312
07312,2008,51065.0,10.0,51065.0,10.0,0.0,7.191855,0.023922825,1405.4556,33.622467,410146.221696,5476306.46683,07312
07312,2009,51065.0,10.0,51065.0,10.0,0.0,7.203117,0.0069702603,1421.3737,9.907345,410146.221696,5476306.46683,07312
07312,2010,51065.0,10.0,51065.0,10.0,0.0,7.239251,0.045069404,1473.6732,66.41757,410146.221696,5476306.46683,07312
07312,2011,51065.0,10.0,51065.0,10.0,0.0,7.146967,0.0031619722,1343.7625,4.2489395,410146.221696,5476306.46683,07312
07312,2012,51065.0,10.0,51065.0,10.0,0.0,7.2672787,0.011177068,1515.5608,16.939526,410146.221696,5476306.46683,07312
07312,2013,51065.0,10.0,51065.0,10.0,0.0,7.286213,0.005991058,1544.5303,9.25337,410146.221696,5476306.46683,07312
07312,2014,51065.0,10.0,51065.0,10.0,0.0,7.2789035,0.003774615,1533.2814,5.7875466,410146.221696,5476306.46683,07312
07312,2015,51065.0,10.0,51065.0,10.0,0.0,7.323009,0.024603821,1602.4214,39.42569,410146.221696,5476306.46683,07312
07312,2016,51065.0,10.0,51065.0,10.0,0.0,7.34265,0.014333057,1634.2051,23.423155,410146.221696,5476306.46683,07312
07312,2017,51065.0,10.0,51065.0,10.0,0.0,7.411052,0.018118259,1749.9005,31.70515,410146.221696,5476306.46683,07312
07312,2018,51065.0,10.0,51065.0,10.0,0.0,7.4390664,0.015942223,1799.6154,28.68987,410146.221696,5476306.46683,07312
07312,2019,51065.0,10.0,51065.0,10.0,0.0,7.6247625,0.027833039,2166.8384,60.3097,410146.221696,5476306.46683,07312
07312,2020,51065.0,10.0,51065.0,10.0,0.0,7.7114925,0.04887157,2363.1587,115.49128,410146.221696,5476306.46683,07312
07312,2021,51065.0,10.0,51065.0,10.0,0.0,7.835301,0.021260576,2674.621,56.863987,410146.221696,5476306.46683,07312
07312,2022,51065.0,10.0,51065.0,10.0,0.0,7.8494267,0.052865487,2712.6707,143.40666,410146.221696,5476306.46683,07312
07312,2023,51065.0,10.0,51065.0,10.0,0.0,7.769861,0.03107603,2505.1985,77.85163,410146.221696,5476306.46683,07312
07312,2024,51065.0,10.0,51065.0,10.0,0.0,7.780872,0.007921803,2532.935,20.065413,410146.221696,5476306.46683,07312
07312,2025,51065.0,10.0,51065.0,10.0,0.0,7.8894787,0.038793355,2823.5227,109.53391,410146.221696,5476306.46683,07312
07313,2007,41697.0,10.0,41697.0,10.0,0.0,7.300225,0.009786786,1571.3252,15.378222,435159.6838,5449650.0112,07313
07313,2008,41697.0,10.0,41697.0,10.0,0.0,7.3367357,0.031495716,1629.7557,51.330326,435159.6838,5449650.0112,07313
07313,2009,41697.0,10.0,41697.0,10.0,0.0,7.2791243,0.006377514,1538.5166,9.811912,435159.6838,5449650.0112,07313
07313,2010,41697.0,10.0,41697.0,10.0,0.0,7.325141,0.00065290846,1610.9689,1.0518153,435159.6838,5449650.0112,07313
07313,2011,41697.0,10.0,41697.0,10.0,0.0,7.31838,0.026311526,1600.1135,42.10143,435159.6838,5449650.0112,07313
07313,2012,41697.0,10.0,41697.0,10.0,0.0,7.379456,0.005410993,1700.8885,9.203495,435159.6838,5449650.0112,07313
07313,2013,41697.0,10.0,41697.0,10.0,0.0,7.510895,0.055154808,1939.809,106.98979,435159.6838,5449650.0112,07313
07313,2014,41697.0,10.0,41697.0,10.0,0.0,7.530825,0.038091015,1978.8574,75.376686,435159.6838,5449650.0112,07313
07313,2015,41697.0,10.0,41697.0,10.0,0.0,7.6525955,0.07424074,2235.1099,165.9362,435159.6838,5449650.0112,07313
07313,2016,41697.0,10.0,41697.0,10.0,0.0,7.694332,0.05391265,2330.3694,125.6364,435159.6838,5449650.0112,07313
07313,2017,41697.0,10.0,41697.0,10.0,0.0,7.762485,0.07471826,2494.728,186.40175,435159.6838,5449650.0112,07313
07313,2018,41697.0,10.0,41697.0,10.0,0.0,7.787833,0.049812596,2558.7727,127.45912,435159.6838,5449650.0112,07313
07313,2019,41697.0,10.0,41697.0,10.0,0.0,8.005877,0.06339686,3182.1958,201.74123,435159.6838,5449650.0112,07313
07313,2020,41697.0,10.0,41697.0,10.0,0.0,8.028352,0.026720468,3254.5244,86.96242,435159.6838,5449650.0112,07313
07313,2021,41697.0,10.0,41697.0,10.0,0.0,8.167783,0.007111643,3741.4673,26.607979,435159.6838,5449650.0112,07313
07313,2022,41697.0,10.0,41697.0,10.0,0.0,8.214763,0.031566534,3921.4329,123.78605,435159.6838,5449650.0112,07313
07313,2023,41697.0,10.0,41697.0,10.0,0.0,8.095351,0.008732189,3480.0464,30.388424,435159.6838,5449650.0112,07313
07313,2024,41697.0,10.0,41697.0,10.0,0.0,7.9960003,0.043811534,3150.9214,138.0467,435159.6838,5449650.0112,07313
07313,2025,41697.0,10.0,41697.0,10.0,0.0,8.087711,0.0386902,3453.5608,133.61894,435159.6838,5449650.0112,07313
07314,2007,170711.0,10.0,170711.0,10.0,0.0,7.2932444,0.013148373,1547.693,20.349644,456309.867178,5481222.59309,07314
07314,2008,170711.0,10.0,170711.0,10.0,0.0,7.2591057,0.03327578,1495.7479,49.772182,456309.867178,5481222.59309,07314
07314,2009,170711.0,10.0,170711.0,10.0,0.0,7.145466,0.049766216,1335.0742,66.44159,456309.867178,5481222.59309,07314
07314,2010,170711.0,10.0,170711.0,10.0,0.0,7.16916,0.02619506,1367.085,35.81087,456309.867178,5481222.59309,07314
07314,2011,170711.0,10.0,170711.0,10.0,0.0,7.1888638,0.06275997,1394.2892,87.505554,456309.867178,5481222.59309,07314
07314,2012,170711.0,10.0,170711.0,10.0,0.0,7.2069097,0.07346431,1419.6783,104.295685,456309.867178,5481222.59309,07314
07314,2013,170711.0,10.0,170711.0,10.0,0.0,7.24905,0.08313674,1480.7832,123.10749,456309.867178,5481222.59309,07314
07314,2014,170711.0,10.0,170711.0,10.0,0.0,7.272737,0.031209335,1516.2771,47.321995,456309.867178,5481222.59309,07314
07314,2015,170711.0,10.0,170711.0,10.0,0.0,7.4327164,0.056316026,1779.3308,100.20484,456309.867178,5481222.59309,07314
07314,2016,170711.0,10.0,170711.0,10.0,0.0,7.473173,0.102628924,1852.7921,190.15007,456309.867178,5481222.59309,07314
07314,2017,170711.0,10.0,170711.0,10.0,0.0,7.5851927,0.056127865,2072.4124,116.32007,456309.867178,5481222.59309,07314
07314,2018,170711.0,10.0,170711.0,10.0,0.0,7.7079077,0.0887354,2342.991,207.90623,456309.867178,5481222.59309,07314
07314,2019,170711.0,10.0,170711.0,10.0,0.0,7.8254285,0.13658543,2635.1743,359.92642,456309.867178,5481222.59309,07314
07314,2020,170711.0,10.0,170711.0,10.0,0.0,7.858609,0.06786813,2724.0774,184.87804,456309.867178,5481222.59309,07314
07314,2021,170711.0,10.0,170711.0,10.0,0.0,8.00335,0.095188744,3148.328,299.68536,456309.867178,5481222.59309,07314
07314,2022,170711.0,10.0,170711.0,10.0,0.0,8.074399,0.06830497,3380.1492,230.88098,456309.867178,5481222.59309,07314
07314,2023,170711.0,10.0,170711.0,10.0,0.0,7.9846544,0.056708477,3090.0122,175.22989,456309.867178,5481222.59309,07314
07314,2024,170711.0,10.0,170711.0,10.0,0.0,7.9126453,0.109780386,2875.326,315.6544,456309.867178,5481222.59309,07314
07314,2025,170711.0,10.0,170711.0,10.0,0.0,7.951594,0.05196542,2989.526,155.35197,456309.867178,5481222.59309,07314
07315,2007,142756.0,10.0,142756.0,10.0,0.0,7.7140036,0.053081613,2342.0166,124.31801,445612.848176,5536038.04855,07315
07315,2008,142756.0,10.0,142756.0,10.0,0.0,7.693994,0.037222743,2295.6194,85.44926,445612.848176,5536038.04855,07315
07315,2009,142756.0,10.0,142756.0,10.0,0.0,7.653786,0.03197997,2205.1482,70.52058,445612.848176,5536038.04855,07315
07315,2010,142756.0,10.0,142756.0,10.0,0.0,7.6681685,0.052435517,2237.093,117.30313,445612.848176,5536038.04855,07315
07315,2011,142756.0,10.0,142756.0,10.0,0.0,7.726127,0.022915188,2370.582,54.322334,445612.848176,5536038.04855,07315
07315,2012,142756.0,10.0,142756.0,10.0,0.0,7.763904,0.015273792,2461.8489,37.601765,445612.848176,5536038.04855,07315
07315,2013,142756.0,10.0,142756.0,10.0,0.0,7.8363953,0.03328855,2646.9385,88.11275,445612.848176,5536038.04855,07315
07315,2014,142756.0,10.0,142756.0,10.0,0.0,7.8653665,0.02805236,2724.745,76.43553,445612.848176,5536038.04855,07315
07315,2015,142756.0,10.0,142756.0,10.0,0.0,7.84098,0.12892035,2659.1028,342.81247,445612.848176,5536038.04855,07315
07315,2016,142756.0,10.0,142756.0,10.0,0.0,8.04232,0.03682859,3252.192,119.77364,445612.848176,5536038.04855,07315
07315,2017,142756.0,10.0,142756.0,10.0,0.0,8.161329,0.025710654,3663.2021,94.18332,445612.848176,5536038.04855,07315
07315,2018,142756.0,10.0,142756.0,10.0,0.0,8.184464,0.02531793,3748.939,94.91537,445612.848176,5536038.04855,07315
07315,2019,142756.0,10.0,142756.0,10.0,0.0,8.288377,0.031032525,4159.4585,129.07849,445612.848176,5536038.04855,07315
07315,2020,142756.0,10.0,142756.0,10.0,0.0,8.325351,0.0014771447,4316.1313,6.3755507,445612.848176,5536038.04855,07315
07315,2021,142756.0,10.0,142756.0,10.0,0.0,8.452072,0.034941964,4899.243,171.18918,445612.848176,5536038.04855,07315
07315,2022,142756.0,10.0,142756.0,10.0,0.0,8.577598,0.011342416,5554.4863,63.00129,445612.848176,5536038.04855,07315
07315,2023,142756.0,10.0,142756.0,10.0,0.0,8.497271,0.041862097,5125.7637,214.57521,445612.848176,5536038.04855,07315
07315,2024,142756.0,10.0,142756.0,10.0,0.0,8.43045,0.0385618,4794.451,184.88268,445612.848176,5536038.04855,07315
07315,2025,142756.0,10.0,142756.0,10.0,0.0,8.494379,0.0059267674,5110.9634,30.291489,445612.848176,5536038.04855,07315
07316,2007,47720.0,10.0,47720.0,10.0,0.0,7.478898,0.0046346574,1898.6222,8.799463,438418.359064,5465812.71653,07316
07316,2008,47720.0,10.0,47720.0,10.0,0.0,7.5276246,0.010955281,1993.4258,21.83854,438418.359064,5465812.71653,07316
07316,2009,47720.0,10.0,47720.0,10.0,0.0,7.488195,0.050240465,1916.3556,96.278595,438418.359064,5465812.71653,07316
07316,2010,47720.0,10.0,47720.0,10.0,0.0,7.4292564,0.01700566,1806.6722,30.723656,438418.359064,5465812.71653,07316
07316,2011,47720.0,10.0,47720.0,10.0,0.0,7.4702907,0.020399032,1882.3497,38.398113,438418.359064,5465812.71653,07316
07316,2012,47720.0,10.0,47720.0,10.0,0.0,7.4218144,0.021498874,1793.2765,38.553425,438418.359064,5465812.71653,07316
07316,2013,47720.0,10.0,47720.0,10.0,0.0,7.5278683,0.04933462,1993.9114,98.36886,438418.359064,5465812.71653,07316
07316,2014,47720.0,10.0,47720.0,10.0,0.0,7.6246805,0.039607175,2196.5994,87.0011,438418.359064,5465812.71653,07316
07316,2015,47720.0,10.0,47720.0,10.0,0.0,7.573951,0.021383556,2087.9465,44.64772,438418.359064,5465812.71653,07316
07316,2016,47720.0,10.0,47720.0,10.0,0.0,7.7163973,0.025022458,2407.5925,60.243885,438418.359064,5465812.71653,07316
07316,2017,47720.0,10.0,47720.0,10.0,0.0,7.791635,0.056022823,2595.7239,145.41977,438418.359064,5465812.71653,07316
07316,2018,47720.0,10.0,47720.0,10.0,0.0,7.763822,0.012628843,2524.5237,31.881815,438418.359064,5465812.71653,07316
07316,2019,47720.0,10.0,47720.0,10.0,0.0,7.9698377,0.054324716,3102.0637,168.51874,438418.359064,5465812.71653,07316
07316,2020,47720.0,10.0,47720.0,10.0,0.0,8.112765,0.038227998,3578.6863,136.80602,438418.359064,5465812.71653,07316
07316,2021,47720.0,10.0,47720.0,10.0,0.0,8.216923,0.052734148,3971.5347,209.4355,438418.359064,5465812.71653,07316
07316,2022,47720.0,10.0,47720.0,10.0,0.0,8.203578,0.0008110353,3918.8901,3.178358,438418.359064,5465812.71653,07316
07316,2023,47720.0,10.0,47720.0,10.0,0.0,8.2392,0.002403736,4061.0034,9.76158,438418.359064,5465812.71653,07316
07316,2024,47720.0,10.0,47720.0,10.0,0.0,8.256129,0.049462155,4130.34,204.29552,438418.359064,5465812.71653,07316
07316,2025,47720.0,10.0,47720.0,10.0,0.0,8.180032,0.011127529,3827.6917,42.59275,438418.359064,5465812.71653,07316
07317,2007,37925.0,10.0,37925.0,10.0,0.0,6.751749,0.05384356,931.74164,50.16829,397603.528925,5450324.76959,07317
07317,2008,37925.0,10.0,37925.0,10.0,0.0,6.7218356,0.08237116,904.283,74.48685,397603.528925,5450324.76959,07317
07317,2009,37925.0,10.0,37925.0,10.0,0.0,6.6656733,0.10545972,854.896,90.1571,397603.528925,5450324.76959,07317
07317,2010,37925.0,10.0,37925.0,10.0,0.0,6.851359,0.011499025,1029.3325,11.83632,397603.528925,5450324.76959,07317
07317,2011,37925.0,10.0,37925.0,10.0,0.0,6.876881,0.083201826,1055.9412,87.85624,397603.528925,5450324.76959,07317
07317,2012,37925.0,10.0,37925.0,10.0,0.0,6.673289,0.013531311,861.4314,11.656297,397603.528925,5450324.76959,07317
07317,2013,37925.0,10.0,37925.0,10.0,0.0,6.707798,0.009086144,891.6777,8.1019125,397603.528925,5450324.76959,07317
07317,2014,37925.0,10.0,37925.0,10.0,0.0,6.704028,0.0010545274,888.3226,0.9367605,397603.528925,5450324.76959,07317
07317,2015,37925.0,10.0,37925.0,10.0,0.0,6.681327,0.010418302,868.38385,9.047086,397603.528925,5450324.76959,07317
07317,2016,37925.0,10.0,37925.0,10.0,0.0,6.6436157,0.029939381,836.2455,25.036673,397603.528925,5450324.76959,07317
07317,2017,37925.0,10.0,37925.0,10.0,0.0,6.8598785,0.013611048,1038.1392,14.130161,397603.528925,5450324.76959,07317
07317,2018,37925.0,10.0,37925.0,10.0,0.0,6.8877764,0.023178685,1067.5088,24.74345,397603.528925,5450324.76959,07317
07317,2019,37925.0,10.0,37925.0,10.0,0.0,6.821004,0.07050022,998.55634,70.39844,397603.528925,5450324.76959,07317
07317,2020,37925.0,10.0,37925.0,10.0,0.0,6.914416,0.07517835,1096.3287,82.42019,397603.528925,5450324.76959,07317
07317,2021,37925.0,10.0,37925.0,10.0,0.0,7.193352,0.017019976,1449.0433,24.662682,397603.528925,5450324.76959,07317
07317,2022,37925.0,10.0,37925.0,10.0,0.0,7.234785,0.0030067211,1510.3429,4.54118,397603.528925,5450324.76959,07317
07317,2023,37925.0,10.0,37925.0,10.0,0.0,7.1869802,0.029842312,1439.8395,42.968136,397603.528925,5450324.76959,07317
07317,2024,37925.0,10.0,37925.0,10.0,0.0,7.1307373,0.1317786,1361.0941,179.36307,397603.528925,5450324.76959,07317
07317,2025,37925.0,10.0,37925.0,10.0,0.0,7.1748185,0.07207849,1422.4348,102.52695,397603.528925,5450324.76959,07317
07318,2007,65353.0,10.0,65353.0,10.0,0.0,7.565117,0.008796227,2008.3497,17.6659,458949.104825,5464260.94461,07318
07318,2008,65353.0,10.0,65353.0,10.0,0.0,7.480628,0.0037925441,1845.6365,6.9996576,458949.104825,5464260.94461,07318
07318,2009,65353.0,10.0,65353.0,10.0,0.0,7.416283,0.022321828,1730.6196,38.630592,458949.104825,5464260.94461,07318
07318,2010,65353.0,10.0,65353.0,10.0,0.0,7.47084,0.013965829,1827.66,25.524788,458949.104825,5464260.94461,07318
07318,2011,65353.0,10.0,65353.0,10.0,0.0,7.516136,0.0024137564,1912.3492,4.6159453,458949.104825,5464260.94461,07318
07318,2012,65353.0,10.0,65353.0,10.0,0.0,7.59406,0.005655417,2067.3264,11.691593,458949.104825,5464260.94461,07318
07318,2013,65353.0,10.0,65353.0,10.0,0.0,7.646167,0.022105334,2177.9043,48.143303,458949.104825,5464260.94461,07318
07318,2014,65353.0,10.0,65353.0,10.0,0.0,7.728386,0.00019254717,2364.5374,0.45528498,458949.104825,5464260.94461,07318
07318,2015,65353.0,10.0,65353.0,10.0,0.0,7.739738,0.0036631555,2391.5322,8.760554,458949.104825,5464260.94461,07318
07318,2016,65353.0,10.0,65353.0,10.0,0.0,7.844352,0.01404303,2655.2744,37.2881,458949.104825,5464260.94461,07318
07318,2017,65353.0,10.0,65353.0,10.0,0.0,7.895236,0.019986331,2793.8835,55.839478,458949.104825,5464260.94461,07318
07318,2018,65353.0,10.0,65353.0,10.0,0.0,8.019903,0.008148828,3164.8298,25.789652,458949.104825,5464260.94461,07318
07318,2019,65353.0,10.0,65353.0,10.0,0.0,8.081854,0.06342648,3367.0928,213.56285,458949.104825,5464260.94461,07318
07318,2020,65353.0,10.0,65353.0,10.0,0.0,8.203243,0.05373747,3801.668,204.292,458949.104825,5464260.94461,07318
07318,2021,65353.0,10.0,65353.0,10.0,0.0,8.303709,0.027869323,4203.4497,117.14729,458949.104825,5464260.94461,07318
07318,2022,65353.0,10.0,65353.0,10.0,0.0,8.4035,0.0032205028,4644.556,14.957807,458949.104825,5464260.94461,07318
07318,2023,65353.0,10.0,65353.0,10.0,0.0,8.353676,0.01601978,4418.8184,70.7885,458949.104825,5464260.94461,07318
07318,2024,65353.0,10.0,65353.0,10.0,0.0,8.32511,0.012508035,4294.376,53.714207,458949.104825,5464260.94461,07318
07318,2025,65353.0,10.0,65353.0,10.0,0.0,8.3633995,0.016651705,4461.9946,74.29982,458949.104825,5464260.94461,07318
07319,2007,54147.0,10.0,54147.0,10.0,0.0,7.3022804,0.025234554,1568.9937,39.592857,451237.257156,5499871.47224,07319
07319,2008,54147.0,10.0,54147.0,10.0,0.0,7.217415,0.012961062,1441.3341,18.68122,451237.257156,5499871.47224,07319
07319,2009,54147.0,10.0,54147.0,10.0,0.0,7.0809436,0.008941738,1257.465,11.243922,451237.257156,5499871.47224,07319
07319,2010,54147.0,10.0,54147.0,10.0,0.0,7.134649,0.008213821,1326.8439,10.8984585,451237.257156,5499871.47224,07319
07319,2011,54147.0,10.0,54147.0,10.0,0.0,7.1406035,0.0026260125,1334.7681,3.505118,451237.257156,5499871.47224,07319
07319,2012,54147.0,10.0,54147.0,10.0,0.0,7.217093,0.006432164,1440.8704,9.267914,451237.257156,5499871.47224,07319
07319,2013,54147.0,10.0,54147.0,10.0,0.0,7.2886596,0.011161059,1547.768,17.27473,451237.257156,5499871.47224,07319
07319,2014,54147.0,10.0,54147.0,10.0,0.0,7.383417,0.057615373,1701.6038,98.038536,451237.257156,5499871.47224,07319
07319,2015,54147.0,10.0,54147.0,10.0,0.0,7.4580383,0.016902905,1833.4373,30.990416,451237.257156,5499871.47224,07319
07319,2016,54147.0,10.0,54147.0,10.0,0.0,7.5128922,0.0069401236,1936.8184,13.441758,451237.257156,5499871.47224,07319
07319,2017,54147.0,10.0,54147.0,10.0,0.0,7.595543,0.0046423133,2103.6985,9.766028,451237.257156,5499871.47224,07319
07319,2018,54147.0,10.0,54147.0,10.0,0.0,7.765714,0.0018838312,2493.951,4.6981826,451237.257156,5499871.47224,07319
07319,2019,54147.0,10.0,54147.0,10.0,0.0,7.824035,0.024920303,2643.7258,65.88245,451237.257156,5499871.47224,07319
07319,2020,54147.0,10.0,54147.0,10.0,0.0,7.9031253,0.031190647,2861.31,89.24612,451237.257156,5499871.47224,07319
07319,2021,54147.0,10.0,54147.0,10.0,0.0,8.117007,0.02494483,3543.6636,88.39608,451237.257156,5499871.47224,07319
07319,2022,54147.0,10.0,54147.0,10.0,0.0,8.048681,0.0044140485,3309.628,14.608858,451237.257156,5499871.47224,07319
07319,2023,54147.0,10.0,54147.0,10.0,0.0,8.0566225,0.0076424144,3336.0154,25.49521,451237.257156,5499871.47224,07319
07319,2024,54147.0,10.0,54147.0,10.0,0.0,7.999072,0.036981806,3149.4443,116.472145,451237.257156,5499871.47224,07319
07319,2025,54147.0,10.0,54147.0,10.0,0.0,8.096555,0.015673513,3471.9255,54.41727,451237.257156,5499871.47224,07319
07320,2007,34841.0,10.0,34841.0,10.0,0.0,7.116962,0.033391364,1337.424,44.65841,381036.61344,5456331.3366,07320
07320,2008,34841.0,10.0,34841.0,10.0,0.0,7.2112956,0.011822065,1469.7305,17.375248,381036.61344,5456331.3366,07320
07320,2009,34841.0,10.0,34841.0,10.0,0.0,7.1814485,0.04835471,1426.5115,68.978546,381036.61344,5456331.3366,07320
07320,2010,34841.0,10.0,34841.0,10.0,0.0,7.182817,0.03370618,1428.465,48.148098,381036.61344,5456331.3366,07320
07320,2011,34841.0,10.0,34841.0,10.0,0.0,7.1892943,0.00017342842,1437.7477,0.2493463,381036.61344,5456331.3366,07320
07320,2012,34841.0,10.0,34841.0,10.0,0.0,7.1138787,0.019360188,1333.3069,25.813074,381036.61344,5456331.3366,07320
07320,2013,34841.0,10.0,34841.0,10.0,0.0,7.158292,0.0046212794,1393.8578,6.4414062,381036.61344,5456331.3366,07320
07320,2014,34841.0,10.0,34841.0,10.0,0.0,7.040608,0.037074905,1239.1074,45.93979,381036.61344,5456331.3366,07320
07320,2015,34841.0,10.0,34841.0,10.0,0.0,7.043889,0.03805626,1243.1798,47.310776,381036.61344,5456331.3366,07320
07320,2016,34841.0,10.0,34841.0,10.0,0.0,7.043383,0.032070953,1242.5509,39.849792,381036.61344,5456331.3366,07320
07320,2017,34841.0,10.0,34841.0,10.0,0.0,7.0799675,0.009211604,1288.8507,11.872381,381036.61344,5456331.3366,07320
07320,2018,34841.0,10.0,34841.0,10.0,0.0,7.1889505,0.028178925,1437.2535,40.50026,381036.61344,5456331.3366,07320
07320,2019,34841.0,10.0,34841.0,10.0,0.0,7.258049,0.043031417,1540.0771,66.271706,381036.61344,5456331.3366,07320
07320,2020,34841.0,10.0,34841.0,10.0,0.0,7.2423735,0.005761921,1516.124,8.735787,381036.61344,5456331.3366,07320
07320,2021,34841.0,10.0,34841.0,10.0,0.0,7.3558073,0.0059964266,1698.2372,10.183354,381036.61344,5456331.3366,07320
07320,2022,34841.0,10.0,34841.0,10.0,0.0,7.463712,0.03252742,1891.7372,61.533337,381036.61344,5456331.3366,07320
07320,2023,34841.0,10.0,34841.0,10.0,0.0,7.4918365,0.016982906,1945.6968,33.043587,381036.61344,5456331.3366,07320
07320,2024,34841.0,10.0,34841.0,10.0,0.0,7.573925,0.0216553,2112.155,45.73935,381036.61344,5456331.3366,07320
07320,2025,34841.0,10.0,34841.0,10.0,0.0,7.7073865,0.049633145,2413.7217,119.8006,381036.61344,5456331.3366,07320
07331,2007,31808.0,10.0,31808.0,10.0,0.0,7.23103,0.0366938,1464.7607,53.747635,435391.121199,5510761.22875,07331
07331,2008,31808.0,10.0,31808.0,10.0,0.0,7.273082,0.03807718,1527.6694,58.169342,435391.121199,5510761.22875,07331
07331,2009,31808.0,10.0,31808.0,10.0,0.0,7.1918654,0.030944936,1408.5023,43.586018,435391.121199,5510761.22875,07331
07331,2010,31808.0,10.0,31808.0,10.0,0.0,7.1464157,0.058872133,1345.9197,79.23717,435391.121199,5510761.22875,07331
07331,2011,31808.0,10.0,31808.0,10.0,0.0,7.3052473,0.03719053,1577.6069,58.67204,435391.121199,5510761.22875,07331
07331,2012,31808.0,10.0,31808.0,10.0,0.0,7.1199384,0.014177485,1310.7511,18.583153,435391.121199,5510761.22875,07331
07331,2013,31808.0,10.0,31808.0,10.0,0.0,7.3251657,0.06587625,1609.3451,106.01763,435391.121199,5510761.22875,07331
07331,2014,31808.0,10.0,31808.0,10.0,0.0,7.393599,0.045860488,1723.3336,79.03292,435391.121199,5510761.22875,07331
07331,2015,31808.0,10.0,31808.0,10.0,0.0,7.440793,0.01739238,1806.6143,31.421322,435391.121199,5510761.22875,07331
07331,2016,31808.0,10.0,31808.0,10.0,0.0,7.4232526,0.050573498,1775.202,89.778175,435391.121199,5510761.22875,07331
07331,2017,31808.0,10.0,31808.0,10.0,0.0,7.507976,0.075255066,1932.1588,145.40474,435391.121199,5510761.22875,07331
07331,2018,31808.0,10.0,31808.0,10.0,0.0,7.6087604,0.052204557,2137.0408,111.56327,435391.121199,5510761.22875,07331
07331,2019,31808.0,10.0,31808.0,10.0,0.0,7.7285357,0.030456515,2408.9658,73.368706,435391.121199,5510761.22875,07331
07331,2020,31808.0,10.0,31808.0,10.0,0.0,7.689642,0.048652515,2317.0708,112.73133,435391.121199,5510761.22875,07331
07331,2021,31808.0,10.0,31808.0,10.0,0.0,8.029965,0.072995976,3256.4146,237.70517,435391.121199,5510761.22875,07331
07331,2022,31808.0,10.0,31808.0,10.0,0.0,8.162723,0.06976439,3718.7393,259.43558,435391.121199,5510761.22875,07331
07331,2023,31808.0,10.0,31808.0,10.0,0.0,8.011507,0.030177576,3196.859,96.47345,435391.121199,5510761.22875,07331
07331,2024,31808.0,10.0,31808.0,10.0,0.0,7.9722075,0.012092783,3073.6602,37.169106,435391.121199,5510761.22875,07331
07331,2025,31808.0,10.0,31808.0,10.0,0.0,8.117377,0.018178916,3553.8755,64.6056,435391.121199,5510761.22875,07331
07332,2007,36071.0,10.0,36071.0,10.0,0.0,7.310724,0.04043338,1611.6566,65.16473,433843.251072,5478329.66952,07332
07332,2008,36071.0,10.0,36071.0,10.0,0.0,7.1843553,0.01825665,1420.3374,25.930601,433843.251072,5478329.66952,07332
07332,2009,36071.0,10.0,36071.0,10.0,0.0,7.026047,0.18091315,1212.381,219.33566,433843.251072,5478329.66952,07332
07332,2010,36071.0,10.0,36071.0,10.0,0.0,6.9492817,0.07434832,1122.7948,83.477905,433843.251072,5478329.66952,07332
07332,2011,36071.0,10.0,36071.0,10.0,0.0,7.24849,0.122113384,1514.4146,184.93028,433843.251072,5478329.66952,07332
07332,2012,36071.0,10.0,36071.0,10.0,0.0,7.240875,0.29889295,1502.9258,449.2139,433843.251072,5478329.66952,07332
07332,2013,36071.0,10.0,36071.0,10.0,0.0,7.2742233,0.23230104,1553.8916,360.9706,433843.251072,5478329.66952,07332
07332,2014,36071.0,10.0,36071.0,10.0,0.0,7.3802047,0.12266197,1727.6182,211.91306,433843.251072,5478329.66952,07332
07332,2015,36071.0,10.0,36071.0,10.0,0.0,7.4655023,0.13018556,1881.4475,244.93732,433843.251072,5478329.66952,07332
07332,2016,36071.0,10.0,36071.0,10.0,0.0,7.429692,0.1657696,1815.2635,300.91553,433843.251072,5478329.66952,07332
07332,2017,36071.0,10.0,36071.0,10.0,0.0,7.687772,0.33727887,2349.7542,792.52246,433843.251072,5478329.66952,07332
07332,2018,36071.0,10.0,36071.0,10.0,0.0,8.0500345,0.2678257,3375.6028,904.0731,433843.251072,5478329.66952,07332
07332,2019,36071.0,10.0,36071.0,10.0,0.0,7.8234262,0.28634402,2691.1404,770.592,433843.251072,5478329.66952,07332
07332,2020,36071.0,10.0,36071.0,10.0,0.0,7.714867,0.010529489,2414.2915,25.421259,433843.251072,5478329.66952,07332
07332,2021,36071.0,10.0,36071.0,10.0,0.0,8.125179,0.25915802,3639.0347,943.085,433843.251072,5478329.66952,07332
07332,2022,36071.0,10.0,36071.0,10.0,0.0,8.16438,0.24302542,3784.5198,919.7345,433843.251072,5478329.66952,07332
07332,2023,36071.0,10.0,36071.0,10.0,0.0,8.112248,0.092351474,3592.2798,331.75232,433843.251072,5478329.66952,07332
07332,2024,36071.0,10.0,36071.0,10.0,0.0,8.285163,0.07510874,4270.3774,320.74268,433843.251072,5478329.66952,07332
07332,2025,36071.0,10.0,36071.0,10.0,0.0,8.016656,0.055322785,3264.788,180.61716,433843.251072,5478329.66952,07332
07333,2007,21474.0,10.0,21474.0,10.0,0.0,6.8585954,0.016921736,1037.4034,17.554668,415035.78478,5509131.10103,07333
07333,2008,21474.0,10.0,21474.0,10.0,0.0,6.9481463,0.033778366,1134.5911,38.32463,415035.78478,5509131.10103,07333
07333,2009,21474.0,10.0,21474.0,10.0,0.0,6.7861023,0.11469704,964.8604,110.666626,415035.78478,5509131.10103,07333
07333,2010,21474.0,10.0,21474.0,10.0,0.0,6.895463,0.0057753297,1076.3643,6.216358,415035.78478,5509131.10103,07333
07333,2011,21474.0,10.0,21474.0,10.0,0.0,6.873569,0.041137826,1053.0544,43.32037,415035.78478,5509131.10103,07333
07333,2012,21474.0,10.0,21474.0,10.0,0.0,6.580974,0.07263236,785.92017,57.083237,415035.78478,5509131.10103,07333
07333,2013,21474.0,10.0,21474.0,10.0,0.0,6.778451,0.015369671,957.506,14.716553,415035.78478,5509131.10103,07333
07333,2014,21474.0,10.0,21474.0,10.0,0.0,6.418118,0.0032697371,667.80676,2.1835525,415035.78478,5509131.10103,07333
07333,2015,21474.0,10.0,21474.0,10.0,0.0,6.625503,0.032509368,821.70715,26.71318,415035.78478,5509131.10103,07333
07333,2016,21474.0,10.0,21474.0,10.0,0.0,6.5840015,0.1184321,788.30316,93.3604,415035.78478,5509131.10103,07333
07333,2017,21474.0,10.0,21474.0,10.0,0.0,6.5807967,0.048882514,785.7808,38.410942,415035.78478,5509131.10103,07333
07333,2018,21474.0,10.0,21474.0,10.0,0.0,6.620642,0.036373153,817.72284,29.743158,415035.78478,5509131.10103,07333
07333,2019,21474.0,10.0,21474.0,10.0,0.0,7.1626544,0.02927174,1406.044,41.157352,415035.78478,5509131.10103,07333
07333,2020,21474.0,10.0,21474.0,10.0,0.0,6.8631887,0.06374353,1042.1797,66.43221,415035.78478,5509131.10103,07333
07333,2021,21474.0,10.0,21474.0,10.0,0.0,7.292968,0.18694,1601.745,299.4302,415035.78478,5509131.10103,07333
07333,2022,21474.0,10.0,21474.0,10.0,0.0,7.702108,0.14004605,2411.4636,337.71594,415035.78478,5509131.10103,07333
07333,2023,21474.0,10.0,21474.0,10.0,0.0,7.6405406,0.011393625,2267.4736,25.834745,415035.78478,5509131.10103,07333
07333,2024,21474.0,10.0,21474.0,10.0,0.0,7.54356,0.10891325,2057.9,224.13258,415035.78478,5509131.10103,07333
07333,2025,21474.0,10.0,21474.0,10.0,0.0,7.155711,0.20659558,1396.3153,288.4726,415035.78478,5509131.10103,07333
07334,2007,43093.0,10.0,43093.0,10.0,0.0,7.253331,0.018961025,1473.8112,27.94497,454209.450316,5451388.85264,07334
07334,2008,43093.0,10.0,43093.0,10.0,0.0,7.2347636,0.0074058226,1446.699,10.713996,454209.450316,5451388.85264,07334
07334,2009,43093.0,10.0,43093.0,10.0,0.0,7.235253,0.011994571,1447.4067,17.361023,454209.450316,5451388.85264,07334
07334,2010,43093.0,10.0,43093.0,10.0,0.0,7.227973,0.0015684144,1436.9082,2.2536676,454209.450316,5451388.85264,07334
07334,2011,43093.0,10.0,43093.0,10.0,0.0,7.3134923,0.037837487,1565.1992,59.2232,454209.450316,5451388.85264,07334
07334,2012,43093.0,10.0,43093.0,10.0,0.0,7.32554,0.049437236,1584.1703,78.317,454209.450316,5451388.85264,07334
07334,2013,43093.0,10.0,43093.0,10.0,0.0,7.3540983,0.015862472,1630.0631,25.85683,454209.450316,5451388.85264,07334
07334,2014,43093.0,10.0,43093.0,10.0,0.0,7.3373194,0.008388808,1602.9409,13.446763,454209.450316,5451388.85264,07334
07334,2015,43093.0,10.0,43093.0,10.0,0.0,7.3544703,0.009459889,1630.6702,15.425957,454209.450316,5451388.85264,07334
07334,2016,43093.0,10.0,43093.0,10.0,0.0,7.4679527,0.0033409926,1826.6307,6.10276,454209.450316,5451388.85264,07334
07334,2017,43093.0,10.0,43093.0,10.0,0.0,7.618557,0.022512976,2123.5254,47.806877,454209.450316,5451388.85264,07334
07334,2018,43093.0,10.0,43093.0,10.0,0.0,7.739782,0.048340373,2397.2024,115.88166,454209.450316,5451388.85264,07334
07334,2019,43093.0,10.0,43093.0,10.0,0.0,7.7322526,0.008940164,2379.2217,21.270632,454209.450316,5451388.85264,07334
07334,2020,43093.0,10.0,43093.0,10.0,0.0,7.868422,0.022550428,2726.2922,61.479057,454209.450316,5451388.85264,07334
07334,2021,43093.0,10.0,43093.0,10.0,0.0,8.063866,0.0586774,3314.764,194.50174,454209.450316,5451388.85264,07334
07334,2022,43093.0,10.0,43093.0,10.0,0.0,8.061261,0.016973294,3306.1409,56.1161,454209.450316,5451388.85264,07334
07334,2023,43093.0,10.0,43093.0,10.0,0.0,7.995674,0.04698044,3096.2595,145.46364,454209.450316,5451388.85264,07334
07334,2024,43093.0,10.0,43093.0,10.0,0.0,7.9611053,0.025159184,2991.0537,75.25247,454209.450316,5451388.85264,07334
07334,2025,43093.0,10.0,43093.0,10.0,0.0,8.098711,0.029193101,3432.3025,100.199554,454209.450316,5451388.85264,07334
07335,2007,33940.0,10.0,33940.0,10.0,0.0,7.119887,0.009433922,1345.5935,12.694224,386724.795767,5472228.75707,07335
07335,2008,33940.0,10.0,33940.0,10.0,0.0,7.240163,0.034678698,1517.5708,52.62738,386724.795767,5472228.75707,07335
07335,2009,33940.0,10.0,33940.0,10.0,0.0,7.2331142,0.022863101,1506.9122,34.452686,386724.795767,5472228.75707,07335
07335,2010,33940.0,10.0,33940.0,10.0,0.0,7.163019,0.08590967,1404.9021,120.69469,386724.795767,5472228.75707,07335
07335,2011,33940.0,10.0,33940.0,10.0,0.0,7.063668,0.1165192,1272.0325,148.2162,386724.795767,5472228.75707,07335
07335,2012,33940.0,10.0,33940.0,10.0,0.0,7.0883174,0.15478483,1303.7772,201.80493,386724.795767,5472228.75707,07335
07335,2013,33940.0,10.0,33940.0,10.0,0.0,6.9945755,0.029847797,1187.1123,35.432686,386724.795767,5472228.75707,07335
07335,2014,33940.0,10.0,33940.0,10.0,0.0,6.951528,0.01989336,1137.0947,22.620634,386724.795767,5472228.75707,07335
07335,2015,33940.0,10.0,33940.0,10.0,0.0,6.9794626,0.0030933681,1169.3064,3.6170952,386724.795767,5472228.75707,07335
07335,2016,33940.0,10.0,33940.0,10.0,0.0,7.018905,0.031531356,1216.3485,38.35312,386724.795767,5472228.75707,07335
07335,2017,33940.0,10.0,33940.0,10.0,0.0,7.0819187,0.089290254,1295.4615,115.67208,386724.795767,5472228.75707,07335
07335,2018,33940.0,10.0,33940.0,10.0,0.0,7.07017,0.05031854,1280.3304,64.424355,386724.795767,5472228.75707,07335
07335,2019,33940.0,10.0,33940.0,10.0,0.0,7.0848083,0.20562513,1299.2101,267.15024,386724.795767,5472228.75707,07335
07335,2020,33940.0,10.0,33940.0,10.0,0.0,7.053076,0.06920378,1258.6305,87.10199,386724.795767,5472228.75707,07335
07335,2021,33940.0,10.0,33940.0,10.0,0.0,7.346905,0.32088262,1688.522,541.8174,386724.795767,5472228.75707,07335
07335,2022,33940.0,10.0,33940.0,10.0,0.0,7.3604836,0.2508762,1711.6056,429.4011,386724.795767,5472228.75707,07335
07335,2023,33940.0,10.0,33940.0,10.0,0.0,7.568693,0.05830682,2107.7927,122.8987,386724.795767,5472228.75707,07335
07335,2024,33940.0,10.0,33940.0,10.0,0.0,7.8379955,0.110508405,2759.209,304.91577,386724.795767,5472228.75707,07335
07335,2025,33940.0,10.0,33940.0,10.0,0.0,7.910121,0.099375434,2965.5698,294.70477,386724.795767,5472228.75707,07335
07336,2007,17296.0,10.0,17296.0,10.0,0.0,6.9306407,0.021740828,1154.9387,25.109322,402841.229941,5502205.76432,07336
07336,2008,17296.0,10.0,17296.0,10.0,0.0,7.0708733,0.1150847,1328.8047,152.9251,402841.229941,5502205.76432,07336
07336,2009,17296.0,10.0,17296.0,10.0,0.0,6.559337,0.24888702,796.71655,198.2924,402841.229941,5502205.76432,07336
07336,2010,17296.0,10.0,17296.0,10.0,0.0,6.773279,0.07687103,986.77386,75.85432,402841.229941,5502205.76432,07336
07336,2011,17296.0,10.0,17296.0,10.0,0.0,6.732141,0.057958826,947.0037,54.887222,402841.229941,5502205.76432,07336
07336,2012,17296.0,10.0,17296.0,10.0,0.0,6.741037,0.024275757,955.4658,23.194656,402841.229941,5502205.76432,07336
07336,2013,17296.0,10.0,17296.0,10.0,0.0,6.5991073,0.028370136,829.0405,23.519993,402841.229941,5502205.76432,07336
07336,2014,17296.0,10.0,17296.0,10.0,0.0,6.4000955,0.11316076,679.43225,76.88507,402841.229941,5502205.76432,07336
07336,2015,17296.0,10.0,17296.0,10.0,0.0,6.440024,0.02563003,707.10956,18.123241,402841.229941,5502205.76432,07336
07336,2016,17296.0,10.0,17296.0,10.0,0.0,6.5977745,0.23371942,827.9364,193.50482,402841.229941,5502205.76432,07336
07336,2017,17296.0,10.0,17296.0,10.0,0.0,6.590484,0.014653633,821.92255,12.044151,402841.229941,5502205.76432,07336
07336,2018,17296.0,10.0,17296.0,10.0,0.0,6.795229,0.20775014,1008.6729,209.55194,402841.229941,5502205.76432,07336
07336,2019,17296.0,10.0,17296.0,10.0,0.0,7.204553,0.05888094,1518.8599,89.4319,402841.229941,5502205.76432,07336
07336,2020,17296.0,10.0,17296.0,10.0,0.0,7.1606226,0.00033509164,1453.5798,0.48708245,402841.229941,5502205.76432,07336
07336,2021,17296.0,10.0,17296.0,10.0,0.0,7.210324,0.016171563,1527.65,24.704489,402841.229941,5502205.76432,07336
07336,2022,17296.0,10.0,17296.0,10.0,0.0,7.3375206,0.34694475,1734.8613,601.90106,402841.229941,5502205.76432,07336
07336,2023,17296.0,10.0,17296.0,10.0,0.0,7.479915,0.008946754,2000.3494,17.896635,402841.229941,5502205.76432,07336
07336,2024,17296.0,10.0,17296.0,10.0,0.0,7.3104,0.13691734,1688.4431,231.17714,402841.229941,5502205.76432,07336
07336,2025,17296.0,10.0,17296.0,10.0,0.0,7.434792,0.061920162,1912.0934,118.397125,402841.229941,5502205.76432,07336
07337,2007,36837.0,10.0,36837.0,10.0,0.0,7.327083,0.06505881,1623.3651,105.614204,429598.6316,5452432.6416,07337
07337,2008,36837.0,10.0,36837.0,10.0,0.0,7.346708,0.0021885221,1655.5381,3.6231818,429598.6316,5452432.6416,07337
07337,2009,36837.0,10.0,36837.0,10.0,0.0,7.1715035,0.016244836,1389.4688,22.571692,429598.6316,5452432.6416,07337
07337,2010,36837.0,10.0,36837.0,10.0,0.0,7.3361845,8.040183e-05,1638.2076,0.1317149,429598.6316,5452432.6416,07337
07337,2011,36837.0,10.0,36837.0,10.0,0.0,7.3174896,0.03244767,1607.8657,52.171497,429598.6316,5452432.6416,07337
07337,2012,36837.0,10.0,36837.0,10.0,0.0,7.295085,0.051349215,1572.243,80.733444,429598.6316,5452432.6416,07337
07337,2013,36837.0,10.0,36837.0,10.0,0.0,7.3617883,0.105366625,1680.6936,177.089,429598.6316,5452432.6416,07337
07337,2014,36837.0,10.0,36837.0,10.0,0.0,7.3776445,0.06866219,1707.5548,117.24445,429598.6316,5452432.6416,07337
07337,2015,36837.0,10.0,36837.0,10.0,0.0,7.332239,0.09285976,1631.757,151.52457,429598.6316,5452432.6416,07337
07337,2016,36837.0,10.0,36837.0,10.0,0.0,7.369807,0.09982702,1694.2242,169.12936,429598.6316,5452432.6416,07337
07337,2017,36837.0,10.0,36837.0,10.0,0.0,7.4004188,0.069088526,1746.8896,120.69003,429598.6316,5452432.6416,07337
07337,2018,36837.0,10.0,36837.0,10.0,0.0,7.596262,0.052534483,2124.8057,111.625565,429598.6316,5452432.6416,07337
07337,2019,36837.0,10.0,36837.0,10.0,0.0,7.833781,0.14290336,2694.463,385.0478,429598.6316,5452432.6416,07337
07337,2020,36837.0,10.0,36837.0,10.0,0.0,7.7589936,0.095474675,2500.3022,238.71555,429598.6316,5452432.6416,07337
07337,2021,36837.0,10.0,36837.0,10.0,0.0,7.992675,0.007284614,3158.4858,23.008348,429598.6316,5452432.6416,07337
07337,2022,36837.0,10.0,36837.0,10.0,0.0,8.032963,0.03101976,3288.3335,102.00332,429598.6316,5452432.6416,07337
07337,2023,36837.0,10.0,36837.0,10.0,0.0,8.045273,0.09550552,3329.0632,317.94394,429598.6316,5452432.6416,07337
07337,2024,36837.0,10.0,36837.0,10.0,0.0,7.923489,0.089549325,2947.3528,263.93344,429598.6316,5452432.6416,07337
07337,2025,36837.0,10.0,36837.0,10.0,0.0,7.940566,0.120087236,2998.1165,360.03552,429598.6316,5452432.6416,07337
07338,2007,91833.0,10.0,91833.0,10.0,0.0,7.2082253,0.033162,1415.6978,46.94737,454700.391551,5492669.53417,07338
07338,2008,91833.0,10.0,91833.0,10.0,0.0,7.253284,0.020361533,1480.9463,30.154339,454700.391551,5492669.53417,07338
07338,2009,91833.0,10.0,91833.0,10.0,0.0,7.213886,0.051179588,1423.7343,72.866135,454700.391551,5492669.53417,07338
07338,2010,91833.0,10.0,91833.0,10.0,0.0,7.2108607,0.083127506,1419.4335,117.993965,454700.391551,5492669.53417,07338
07338,2011,91833.0,10.0,91833.0,10.0,0.0,7.2232823,0.0071241194,1437.1755,10.23861,454700.391551,5492669.53417,07338
07338,2012,91833.0,10.0,91833.0,10.0,0.0,7.2637787,0.005350188,1496.5702,8.006932,454700.391551,5492669.53417,07338
07338,2013,91833.0,10.0,91833.0,10.0,0.0,7.324615,0.06446644,1590.4423,102.53016,454700.391551,5492669.53417,07338
07338,2014,91833.0,10.0,91833.0,10.0,0.0,7.3268385,0.003627804,1593.9827,5.7826567,454700.391551,5492669.53417,07338
07338,2015,91833.0,10.0,91833.0,10.0,0.0,7.443442,0.02949306,1791.1166,52.82551,454700.391551,5492669.53417,07338
07338,2016,91833.0,10.0,91833.0,10.0,0.0,7.4593472,0.026927277,1819.8324,49.00313,454700.391551,5492669.53417,07338
07338,2017,91833.0,10.0,91833.0,10.0,0.0,7.624184,0.03616747,2145.9482,77.61352,454700.391551,5492669.53417,07338
07338,2018,91833.0,10.0,91833.0,10.0,0.0,7.6587405,0.088625416,2221.4004,196.87253,454700.391551,5492669.53417,07338
07338,2019,91833.0,10.0,91833.0,10.0,0.0,7.758148,0.09039998,2453.5735,221.803,454700.391551,5492669.53417,07338
07338,2020,91833.0,10.0,91833.0,10.0,0.0,7.9530783,0.030184759,2981.6467,90.00029,454700.391551,5492669.53417,07338
07338,2021,91833.0,10.0,91833.0,10.0,0.0,8.015548,0.052954808,3173.8506,168.07065,454700.391551,5492669.53417,07338
07338,2022,91833.0,10.0,91833.0,10.0,0.0,8.147532,0.036733173,3621.6492,133.03467,454700.391551,5492669.53417,07338
07338,2023,91833.0,10.0,91833.0,10.0,0.0,8.022732,0.048682224,3196.7336,155.6241,454700.391551,5492669.53417,07338
07338,2024,91833.0,10.0,91833.0,10.0,0.0,8.004518,0.0027031016,3139.0337,8.485127,454700.391551,5492669.53417,07338
07338,2025,91833.0,10.0,91833.0,10.0,0.0,8.058569,0.016386263,3313.372,54.29379,454700.391551,5492669.53417,07338
07339,2007,54132.0,10.0,54132.0,10.0,0.0,7.3784084,0.03101325,1709.1726,53.006996,423662.406304,5533371.45502,07339
07339,2008,54132.0,10.0,54132.0,10.0,0.0,7.328704,0.030539317,1626.2954,49.66595,423662.406304,5533371.45502,07339
07339,2009,54132.0,10.0,54132.0,10.0,0.0,7.413135,0.063653134,1769.5691,112.63861,423662.406304,5533371.45502,07339
07339,2010,54132.0,10.0,54132.0,10.0,0.0,7.4293475,0.09122814,1798.4912,164.07301,423662.406304,5533371.45502,07339
07339,2011,54132.0,10.0,54132.0,10.0,0.0,7.436297,0.029829223,1811.0336,54.021725,423662.406304,5533371.45502,07339
07339,2012,54132.0,10.0,54132.0,10.0,0.0,7.3417554,0.025420444,1647.6598,41.884243,423662.406304,5533371.45502,07339
07339,2013,54132.0,10.0,54132.0,10.0,0.0,7.453241,0.051931024,1841.9814,95.65598,423662.406304,5533371.45502,07339
07339,2014,54132.0,10.0,54132.0,10.0,0.0,7.331746,0.08823864,1631.2501,143.9393,423662.406304,5533371.45502,07339
07339,2015,54132.0,10.0,54132.0,10.0,0.0,7.511265,0.040996373,1952.0219,80.02582,423662.406304,5533371.45502,07339
07339,2016,54132.0,10.0,54132.0,10.0,0.0,7.6268167,0.015190994,2191.1306,33.285454,423662.406304,5533371.45502,07339
07339,2017,54132.0,10.0,54132.0,10.0,0.0,7.7186913,0.04624366,2401.9766,111.07619,423662.406304,5533371.45502,07339
07339,2018,54132.0,10.0,54132.0,10.0,0.0,7.8079753,0.0052314056,2626.2998,13.73924,423662.406304,5533371.45502,07339
07339,2019,54132.0,10.0,54132.0,10.0,0.0,7.9459043,0.09329657,3014.7136,281.26245,423662.406304,5533371.45502,07339
07339,2020,54132.0,10.0,54132.0,10.0,0.0,8.02464,0.0324893,3261.6765,105.96959,423662.406304,5533371.45502,07339
07339,2021,54132.0,10.0,54132.0,10.0,0.0,8.141481,0.081053115,3665.9316,297.13516,423662.406304,5533371.45502,07339
07339,2022,54132.0,10.0,54132.0,10.0,0.0,8.250938,0.018335246,4089.9746,74.990685,423662.406304,5533371.45502,07339
07339,2023,54132.0,10.0,54132.0,10.0,0.0,8.274426,0.0004371348,4187.1797,1.830362,423662.406304,5533371.45502,07339
07339,2024,54132.0,10.0,54132.0,10.0,0.0,8.140443,0.02651469,3662.1243,97.10009,423662.406304,5533371.45502,07339
07339,2025,54132.0,10.0,54132.0,10.0,0.0,8.19546,0.08228842,3869.2507,318.39453,423662.406304,5533371.45502,07339
07340,2007,86378.0,25.0,7853.0,10.0,0.03238229,7.256536,0.029744964,1529.0082,45.480293,416924.393487,5434994.92549,07340
07340,2008,86378.0,25.0,7853.0,10.0,0.03238229,7.2358117,0.015601272,1497.6471,23.3652,416924.393487,5434994.92549,07340
07340,2009,86378.0,25.0,7853.0,10.0,0.03238229,7.302456,0.003970112,1600.8575,6.3555846,416924.393487,5434994.92549,07340
07340,2010,86378.0,25.0,7853.0,10.0,0.03238229,7.229059,0.009447996,1487.5679,14.054535,416924.393487,5434994.92549,07340
07340,2011,86378.0,25.0,7853.0,10.0,0.03238229,7.0258436,0.054683216,1214.0073,66.385826,416924.393487,5434994.92549,07340
07340,2012,86378.0,25.0,7853.0,10.0,0.03238229,7.049769,0.0879148,1243.4032,109.313545,416924.393487,5434994.92549,07340
07340,2013,86378.0,25.0,7853.0,10.0,0.03238229,6.964571,0.07323966,1141.8553,83.6291,416924.393487,5434994.92549,07340
07340,2014,86378.0,25.0,7853.0,10.0,0.03238229,7.0467243,0.14091405,1239.6237,174.68037,416924.393487,5434994.92549,07340
07340,2015,86378.0,25.0,7853.0,10.0,0.03238229,7.092644,0.047261126,1297.8741,61.338993,416924.393487,5434994.92549,07340
07340,2016,86378.0,25.0,7853.0,10.0,0.03238229,7.123209,0.004537983,1338.1555,6.0725265,416924.393487,5434994.92549,07340
07340,2017,86378.0,25.0,7853.0,10.0,0.03238229,7.186296,0.024123311,1425.2959,34.382854,416924.393487,5434994.92549,07340
07340,2018,86378.0,25.0,7853.0,10.0,0.03238229,7.2978554,0.04944746,1593.5092,78.794975,416924.393487,5434994.92549,07340
07340,2019,86378.0,25.0,7853.0,10.0,0.03238229,7.4374733,0.036562227,1832.2716,66.991936,416924.393487,5434994.92549,07340
07340,2020,86378.0,25.0,7853.0,10.0,0.03238229,7.288369,0.08184414,1578.4645,129.18808,416924.393487,5434994.92549,07340
07340,2021,86378.0,25.0,7853.0,10.0,0.03238229,7.503377,0.1195188,1957.093,233.90941,416924.393487,5434994.92549,07340
07340,2022,86378.0,25.0,7853.0,10.0,0.03238229,7.543531,0.02436352,2037.2773,49.635246,416924.393487,5434994.92549,07340
07340,2023,86378.0,25.0,7853.0,10.0,0.03238229,7.6230993,0.098831676,2206.004,218.02307,416924.393487,5434994.92549,07340
07340,2024,86378.0,25.0,7853.0,10.0,0.03238229,7.8580427,0.021596625,2790.2356,60.259674,416924.393487,5434994.92549,07340
07340,2025,86378.0,25.0,7853.0,10.0,0.03238229,7.530066,0.013878491,2010.0298,27.89618,416924.393487,5434994.92549,07340
08111,2007,241156.0,10.0,241156.0,10.0,0.0,7.8645997,0.028067483,2733.4768,76.72182,512638.584563,5402407.22932,08111
08111,2008,241156.0,10.0,241156.0,10.0,0.0,7.9023137,0.03481935,2838.5366,98.836,512638.584563,5402407.22932,08111
08111,2009,241156.0,10.0,241156.0,10.0,0.0,7.8463964,0.024911696,2684.1692,66.86721,512638.584563,5402407.22932,08111
08111,2010,241156.0,10.0,241156.0,10.0,0.0,7.940615,0.016049054,2949.3652,47.33452,512638.584563,5402407.22932,08111
08111,2011,241156.0,10.0,241156.0,10.0,0.0,7.9275026,0.041959498,2910.9443,122.141754,512638.584563,5402407.22932,08111
08111,2012,241156.0,10.0,241156.0,10.0,0.0,8.035603,0.041521277,3243.255,134.66408,512638.584563,5402407.22932,08111
08111,2013,241156.0,10.0,241156.0,10.0,0.0,8.125295,0.05272918,3547.5938,187.06169,512638.584563,5402407.22932,08111
08111,2014,241156.0,10.0,241156.0,10.0,0.0,8.274401,0.040056664,4118.0337,164.9547,512638.584563,5402407.22932,08111
08111,2015,241156.0,10.0,241156.0,10.0,0.0,8.327357,0.036796793,4341.989,159.77127,512638.584563,5402407.22932,08111
08111,2016,241156.0,10.0,241156.0,10.0,0.0,8.483421,0.033999234,5075.355,172.55818,512638.584563,5402407.22932,08111
08111,2017,241156.0,10.0,241156.0,10.0,0.0,8.581387,0.018758556,5597.729,105.00531,512638.584563,5402407.22932,08111
08111,2018,241156.0,10.0,241156.0,10.0,0.0,8.634935,0.03364106,5905.652,198.67238,512638.584563,5402407.22932,08111
08111,2019,241156.0,10.0,241156.0,10.0,0.0,8.702616,0.024184523,6319.187,152.82652,512638.584563,5402407.22932,08111
08111,2020,241156.0,10.0,241156.0,10.0,0.0,8.821433,0.004762566,7116.4414,33.892525,512638.584563,5402407.22932,08111
08111,2021,241156.0,10.0,241156.0,10.0,0.0,8.857445,0.034765318,7377.3857,256.47717,512638.584563,5402407.22932,08111
08111,2022,241156.0,10.0,241156.0,10.0,0.0,8.852874,0.03469679,7343.7427,254.8043,512638.584563,5402407.22932,08111
08111,2023,241156.0,10.0,241156.0,10.0,0.0,8.7510195,0.046076227,6632.584,305.60443,512638.584563,5402407.22932,08111
08111,2024,241156.0,10.0,241156.0,10.0,0.0,8.716985,0.037159707,6410.642,238.21759,512638.584563,5402407.22932,08111
08111,2025,241156.0,10.0,241156.0,10.0,0.0,8.725251,0.047390953,6463.858,306.3284,512638.584563,5402407.22932,08111
08115,2007,101651.0,10.0,101651.0,10.0,0.0,7.6797824,0.0021063,2256.9978,4.753915,501452.95144,5392087.74909,08115
08115,2008,101651.0,10.0,101651.0,10.0,0.0,7.754288,0.010205407,2431.5793,24.815258,501452.95144,5392087.74909,08115
08115,2009,101651.0,10.0,101651.0,10.0,0.0,7.691132,0.002480459,2282.759,5.6622896,501452.95144,5392087.74909,08115
08115,2010,101651.0,10.0,101651.0,10.0,0.0,7.650238,0.008382466,2191.2917,18.368427,501452.95144,5392087.74909,08115
08115,2011,101651.0,10.0,101651.0,10.0,0.0,7.6510677,0.005097591,2193.1099,11.179577,501452.95144,5392087.74909,08115
08115,2012,101651.0,10.0,101651.0,10.0,0.0,7.682509,0.0056330836,2263.1597,12.748567,501452.95144,5392087.74909,08115
08115,2013,101651.0,10.0,101651.0,10.0,0.0,7.85504,0.032553498,2689.3325,87.54718,501452.95144,5392087.74909,08115
08115,2014,101651.0,10.0,101651.0,10.0,0.0,7.97591,0.04422857,3034.8538,134.22725,501452.95144,5392087.74909,08115
08115,2015,101651.0,10.0,101651.0,10.0,0.0,7.9334,0.0024461572,2908.5457,7.1147594,501452.95144,5392087.74909,08115
08115,2016,101651.0,10.0,101651.0,10.0,0.0,8.013282,0.02868636,3150.4155,90.373955,501452.95144,5392087.74909,08115
08115,2017,101651.0,10.0,101651.0,10.0,0.0,8.147888,0.018453024,3604.3496,66.511154,501452.95144,5392087.74909,08115
08115,2018,101651.0,10.0,101651.0,10.0,0.0,8.216959,0.0026924019,3862.1028,10.398333,501452.95144,5392087.74909,08115
08115,2019,101651.0,10.0,101651.0,10.0,0.0,8.296776,0.00026172455,4183.0,1.0947938,501452.95144,5392087.74909,08115
08115,2020,101651.0,10.0,101651.0,10.0,0.0,8.450376,0.031066058,4877.4805,151.52408,501452.95144,5392087.74909,08115
08115,2021,101651.0,10.0,101651.0,10.0,0.0,8.549013,0.005862947,5383.111,31.560896,501452.95144,5392087.74909,08115
08115,2022,101651.0,10.0,101651.0,10.0,0.0,8.580861,0.027050085,5557.308,150.32565,501452.95144,5392087.74909,08115
08115,2023,101651.0,10.0,101651.0,10.0,0.0,8.463126,0.01878516,4940.067,92.79995,501452.95144,5392087.74909,08115
08115,2024,101651.0,10.0,101651.0,10.0,0.0,8.433971,0.0051256777,4798.1196,24.593615,501452.95144,5392087.74909,08115
08115,2025,101651.0,10.0,101651.0,10.0,0.0,8.485974,0.02077294,5054.2393,104.9914,501452.95144,5392087.74909,08115
08116,2007,140210.0,10.0,140210.0,10.0,0.0,7.6594496,0.01855052,2205.0432,40.9047,523628.171847,5393458.25939,08116
08116,2008,140210.0,10.0,140210.0,10.0,0.0,7.666252,0.030614896,2220.094,67.96794,523628.171847,5393458.25939,08116
08116,2009,140210.0,10.0,140210.0,10.0,0.0,7.599978,0.020837074,2077.7288,43.29379,523628.171847,5393458.25939,08116
08116,2010,140210.0,10.0,140210.0,10.0,0.0,7.664063,0.027382901,2215.24,60.659695,523628.171847,5393458.25939,08116
08116,2011,140210.0,10.0,140210.0,10.0,0.0,7.631963,0.04042803,2145.2585,86.728584,523628.171847,5393458.25939,08116
08116,2012,140210.0,10.0,140210.0,10.0,0.0,7.6777678,0.0032326183,2245.8076,7.2598395,523628.171847,5393458.25939,08116
08116,2013,140210.0,10.0,140210.0,10.0,0.0,7.7262583,0.009933165,2357.3916,23.41636,523628.171847,5393458.25939,08116
08116,2014,140210.0,10.0,140210.0,10.0,0.0,7.7286916,0.06314994,2363.1345,149.23181,523628.171847,5393458.25939,08116
08116,2015,140210.0,10.0,140210.0,10.0,0.0,7.828713,0.05627366,2611.7236,146.97125,523628.171847,5393458.25939,08116
08116,2016,140210.0,10.0,140210.0,10.0,0.0,7.9499216,0.0018005691,2948.2717,5.308567,523628.171847,5393458.25939,08116
08116,2017,140210.0,10.0,140210.0,10.0,0.0,8.029061,0.061578482,3191.078,196.50172,523628.171847,5393458.25939,08116
08116,2018,140210.0,10.0,140210.0,10.0,0.0,8.107035,0.027218845,3449.8542,93.90105,523628.171847,5393458.25939,08116
08116,2019,140210.0,10.0,140210.0,10.0,0.0,8.183857,0.08013792,3725.3257,298.53986,523628.171847,5393458.25939,08116
08116,2020,140210.0,10.0,140210.0,10.0,0.0,8.286373,0.065462366,4127.493,270.19547,523628.171847,5393458.25939,08116
08116,2021,140210.0,10.0,140210.0,10.0,0.0,8.396464,0.03396082,4607.8525,156.48645,523628.171847,5393458.25939,08116
08116,2022,140210.0,10.0,140210.0,10.0,0.0,8.43663,0.0007297637,4796.698,3.5004563,523628.171847,5393458.25939,08116
08116,2023,140210.0,10.0,140210.0,10.0,0.0,8.381688,0.00014673853,4540.266,0.666232,523628.171847,5393458.25939,08116
08116,2024,140210.0,10.0,140210.0,10.0,0.0,8.316151,0.017556755,4252.2495,74.6557,523628.171847,5393458.25939,08116
08116,2025,140210.0,10.0,140210.0,10.0,0.0,8.360375,0.039655097,4444.526,176.24812,523628.171847,5393458.25939,08116
08117,2007,14822.0,10.0,14822.0,10.0,0.0,7.2194257,0.11153832,1442.479,160.89168,567991.758272,5393114.81537,08117
08117,2008,14822.0,10.0,14822.0,10.0,0.0,7.1417985,0.13451865,1334.7396,179.54738,567991.758272,5393114.81537,08117
08117,2009,14822.0,10.0,14822.0,10.0,0.0,7.050897,0.025338426,1218.7607,30.881481,567991.758272,5393114.81537,08117
08117,2010,14822.0,10.0,14822.0,10.0,0.0,7.0744624,0.14555223,1247.8223,181.62332,567991.758272,5393114.81537,08117
08117,2011,14822.0,10.0,14822.0,10.0,0.0,7.1981683,0.22187263,1412.1393,313.31506,567991.758272,5393114.81537,08117
08117,2012,14822.0,10.0,14822.0,10.0,0.0,7.185102,0.019022103,1393.8083,26.513166,567991.758272,5393114.81537,08117
08117,2013,14822.0,10.0,14822.0,10.0,0.0,7.0491877,0.030359464,1216.6792,36.93773,567991.758272,5393114.81537,08117
08117,2014,14822.0,10.0,14822.0,10.0,0.0,6.9931955,0.071039766,1150.4268,81.72604,567991.758272,5393114.81537,08117
08117,2015,14822.0,10.0,14822.0,10.0,0.0,6.9083467,0.082554884,1056.8411,87.24739,567991.758272,5393114.81537,08117
08117,2016,14822.0,10.0,14822.0,10.0,0.0,7.2740283,0.061478414,1523.4321,93.658195,567991.758272,5393114.81537,08117
08117,2017,14822.0,10.0,14822.0,10.0,0.0,7.364394,0.0034073729,1667.5106,5.6818304,567991.758272,5393114.81537,08117
08117,2018,14822.0,10.0,14822.0,10.0,0.0,7.3835516,0.015782213,1699.7634,26.826029,567991.758272,5393114.81537,08117
08117,2019,14822.0,10.0,14822.0,10.0,0.0,7.295826,0.088639006,1557.0044,138.01132,567991.758272,5393114.81537,08117
08117,2020,14822.0,10.0,14822.0,10.0,0.0,7.5178423,0.08367763,1944.0625,162.67453,567991.758272,5393114.81537,08117
08117,2021,14822.0,10.0,14822.0,10.0,0.0,7.684009,0.10021919,2295.491,230.05225,567991.758272,5393114.81537,08117
08117,2022,14822.0,10.0,14822.0,10.0,0.0,7.712079,0.031747844,2360.838,74.951515,567991.758272,5393114.81537,08117
08117,2023,14822.0,10.0,14822.0,10.0,0.0,7.852713,0.015522284,2717.3328,42.17921,567991.758272,5393114.81537,08117
08117,2024,14822.0,10.0,14822.0,10.0,0.0,7.9312906,0.023548773,2939.4668,69.22083,567991.758272,5393114.81537,08117
08117,2025,14822.0,10.0,14822.0,10.0,0.0,7.8482695,0.106755674,2705.284,288.8044,567991.758272,5393114.81537,08117
08118,2007,167162.0,10.0,167162.0,10.0,0.0,7.6560025,0.0015973595,2201.226,3.5161493,510477.237482,5417019.69762,08118
08118,2008,167162.0,10.0,167162.0,10.0,0.0,7.596715,0.002489035,2074.5144,5.1635394,510477.237482,5417019.69762,08118
08118,2009,167162.0,10.0,167162.0,10.0,0.0,7.6033473,0.0024861167,2088.3186,5.191804,510477.237482,5417019.69762,08118
08118,2010,167162.0,10.0,167162.0,10.0,0.0,7.6155887,0.004081551,2114.0396,8.628561,510477.237482,5417019.69762,08118
08118,2011,167162.0,10.0,167162.0,10.0,0.0,7.663361,0.0351087,2217.4844,77.853004,510477.237482,5417019.69762,08118
08118,2012,167162.0,10.0,167162.0,10.0,0.0,7.6874933,0.010796446,2271.648,24.525726,510477.237482,5417019.69762,08118
08118,2013,167162.0,10.0,167162.0,10.0,0.0,7.8501005,0.19008693,2672.7627,508.05725,510477.237482,5417019.69762,08118
08118,2014,167162.0,10.0,167162.0,10.0,0.0,7.9966106,0.32476866,3094.4888,1004.9929,510477.237482,5417019.69762,08118
08118,2015,167162.0,10.0,167162.0,10.0,0.0,8.067225,0.24021567,3320.9045,797.73334,510477.237482,5417019.69762,08118
08118,2016,167162.0,10.0,167162.0,10.0,0.0,8.079049,0.12370465,3360.4045,415.69766,510477.237482,5417019.69762,08118
08118,2017,167162.0,10.0,167162.0,10.0,0.0,8.280987,0.24462801,4112.366,1005.99994,510477.237482,5417019.69762,08118
08118,2018,167162.0,10.0,167162.0,10.0,0.0,8.3187895,0.1415506,4270.8003,604.53436,510477.237482,5417019.69762,08118
08118,2019,167162.0,10.0,167162.0,10.0,0.0,8.370017,0.026716994,4495.286,120.10053,510477.237482,5417019.69762,08118
08118,2020,167162.0,10.0,167162.0,10.0,0.0,8.417177,0.042837676,4712.362,201.86662,510477.237482,5417019.69762,08118
08118,2021,167162.0,10.0,167162.0,10.0,0.0,8.610916,0.018476753,5719.769,105.68276,510477.237482,5417019.69762,08118
08118,2022,167162.0,10.0,167162.0,10.0,0.0,8.529527,0.026979664,5272.6787,142.2551,510477.237482,5417019.69762,08118
08118,2023,167162.0,10.0,167162.0,10.0,0.0,8.458486,0.054723702,4911.0996,268.75354,510477.237482,5417019.69762,08118
08118,2024,167162.0,10.0,167162.0,10.0,0.0,8.351496,0.031546053,4412.7925,139.20619,510477.237482,5417019.69762,08118
08118,2025,167162.0,10.0,167162.0,10.0,0.0,8.370792,0.013278919,4498.771,59.738815,510477.237482,5417019.69762,08118
08119,2007,27161.0,10.0,27161.0,10.0,0.0,7.292989,0.04572153,1546.6064,70.71321,551588.260424,5411997.5713,08119
08119,2008,27161.0,10.0,27161.0,10.0,0.0,7.2588983,0.037133537,1494.7698,55.50609,551588.260424,5411997.5713,08119
08119,2009,27161.0,10.0,27161.0,10.0,0.0,7.299269,0.07419723,1556.3499,115.47685,551588.260424,5411997.5713,08119
08119,2010,27161.0,10.0,27161.0,10.0,0.0,7.3660474,0.052383956,1663.8289,87.157936,551588.260424,5411997.5713,08119
08119,2011,27161.0,10.0,27161.0,10.0,0.0,7.2437,0.0685141,1472.2241,100.86811,551588.260424,5411997.5713,08119
08119,2012,27161.0,10.0,27161.0,10.0,0.0,7.183149,0.081583604,1385.7245,113.05239,551588.260424,5411997.5713,08119
08119,2013,27161.0,10.0,27161.0,10.0,0.0,7.2619925,0.13150969,1499.4027,197.186,551588.260424,5411997.5713,08119
08119,2014,27161.0,10.0,27161.0,10.0,0.0,7.316627,0.0243349,1583.6008,38.53677,551588.260424,5411997.5713,08119
08119,2015,27161.0,10.0,27161.0,10.0,0.0,7.309585,0.019375538,1572.488,30.467802,551588.260424,5411997.5713,08119
08119,2016,27161.0,10.0,27161.0,10.0,0.0,7.4689407,0.123587154,1844.1434,227.91245,551588.260424,5411997.5713,08119
08119,2017,27161.0,10.0,27161.0,10.0,0.0,7.5009108,0.027942492,1904.053,53.203983,551588.260424,5411997.5713,08119
08119,2018,27161.0,10.0,27161.0,10.0,0.0,7.4696507,0.026947163,1845.453,49.72972,551588.260424,5411997.5713,08119
08119,2019,27161.0,10.0,27161.0,10.0,0.0,7.800762,0.13968983,2569.8213,358.9779,551588.260424,5411997.5713,08119
08119,2020,27161.0,10.0,27161.0,10.0,0.0,7.764584,0.04631612,2478.512,114.79507,551588.260424,5411997.5713,08119
08119,2021,27161.0,10.0,27161.0,10.0,0.0,7.8601246,0.084188364,2726.9907,229.5809,551588.260424,5411997.5713,08119
08119,2022,27161.0,10.0,27161.0,10.0,0.0,7.9475784,0.11430029,2976.2166,340.18237,551588.260424,5411997.5713,08119
08119,2023,27161.0,10.0,27161.0,10.0,0.0,7.988484,0.04015262,3100.4844,124.49257,551588.260424,5411997.5713,08119
08119,2024,27161.0,10.0,27161.0,10.0,0.0,7.916368,0.10857149,2884.7607,313.2028,551588.260424,5411997.5713,08119
08119,2025,27161.0,10.0,27161.0,10.0,0.0,7.879172,0.13391209,2779.4297,372.19925,551588.260424,5411997.5713,08119
08121,2007,77726.0,10.0,77726.0,10.0,0.0,7.386362,0.04373494,1684.3892,73.66666,513295.323184,5444451.09365,08121
08121,2008,77726.0,10.0,77726.0,10.0,0.0,7.331292,0.05167121,1594.1375,82.37102,513295.323184,5444451.09365,08121
08121,2009,77726.0,10.0,77726.0,10.0,0.0,7.258205,0.03235797,1481.7823,47.94747,513295.323184,5444451.09365,08121
08121,2010,77726.0,10.0,77726.0,10.0,0.0,7.241924,0.0798256,1457.8525,116.37396,513295.323184,5444451.09365,08121
08121,2011,77726.0,10.0,77726.0,10.0,0.0,7.2865314,0.056782953,1524.3563,86.55746,513295.323184,5444451.09365,08121
08121,2012,77726.0,10.0,77726.0,10.0,0.0,7.4009166,0.042126864,1709.0839,71.998344,513295.323184,5444451.09365,08121
08121,2013,77726.0,10.0,77726.0,10.0,0.0,7.481332,0.038856424,1852.1973,71.969765,513295.323184,5444451.09365,08121
08121,2014,77726.0,10.0,77726.0,10.0,0.0,7.561195,0.038975034,2006.1863,78.19118,513295.323184,5444451.09365,08121
08121,2015,77726.0,10.0,77726.0,10.0,0.0,7.672019,0.035726257,2241.3083,80.073555,513295.323184,5444451.09365,08121
08121,2016,77726.0,10.0,77726.0,10.0,0.0,7.845968,0.022053732,2667.1453,58.820507,513295.323184,5444451.09365,08121
08121,2017,77726.0,10.0,77726.0,10.0,0.0,7.96897,0.04758118,3016.2395,143.51624,513295.323184,5444451.09365,08121
08121,2018,77726.0,10.0,77726.0,10.0,0.0,8.001122,0.020503033,3114.7957,63.86276,513295.323184,5444451.09365,08121
08121,2019,77726.0,10.0,77726.0,10.0,0.0,8.109922,0.025081918,3472.8076,87.104675,513295.323184,5444451.09365,08121
08121,2020,77726.0,10.0,77726.0,10.0,0.0,8.167116,0.026072513,3677.2183,95.87432,513295.323184,5444451.09365,08121
08121,2021,77726.0,10.0,77726.0,10.0,0.0,8.262288,0.023659252,4044.3843,95.6871,513295.323184,5444451.09365,08121
08121,2022,77726.0,10.0,77726.0,10.0,0.0,8.310071,0.0153497,4242.3247,65.118416,513295.323184,5444451.09365,08121
08121,2023,77726.0,10.0,77726.0,10.0,0.0,8.173724,0.015098146,3701.5981,55.887268,513295.323184,5444451.09365,08121
08121,2024,77726.0,10.0,77726.0,10.0,0.0,8.176411,0.023325248,3711.5579,86.573006,513295.323184,5444451.09365,08121
08121,2025,77726.0,10.0,77726.0,10.0,0.0,8.221391,0.03130075,3882.3142,121.51935,513295.323184,5444451.09365,08121
08125,2007,50504.0,10.0,50504.0,10.0,0.0,7.4001055,0.010064778,1707.4205,17.184809,510787.666949,5452655.08033,08125
08125,2008,50504.0,10.0,50504.0,10.0,0.0,7.415684,0.009710874,1734.2286,16.840876,510787.666949,5452655.08033,08125
08125,2009,50504.0,10.0,50504.0,10.0,0.0,7.4008484,0.021401744,1708.6898,36.568943,510787.666949,5452655.08033,08125
08125,2010,50504.0,10.0,50504.0,10.0,0.0,7.37472,0.011444948,1664.6229,19.051523,510787.666949,5452655.08033,08125
08125,2011,50504.0,10.0,50504.0,10.0,0.0,7.4305577,0.0039874427,1760.2152,7.018757,510787.666949,5452655.08033,08125
08125,2012,50504.0,10.0,50504.0,10.0,0.0,7.4374304,0.017769258,1772.3545,31.493425,510787.666949,5452655.08033,08125
08125,2013,50504.0,10.0,50504.0,10.0,0.0,7.4892926,0.016220037,1866.698,30.27791,510787.666949,5452655.08033,08125
08125,2014,50504.0,10.0,50504.0,10.0,0.0,7.5192614,0.005144519,1923.4873,9.895417,510787.666949,5452655.08033,08125
08125,2015,50504.0,10.0,50504.0,10.0,0.0,7.6378765,0.026651563,2165.724,57.719933,510787.666949,5452655.08033,08125
08125,2016,50504.0,10.0,50504.0,10.0,0.0,7.7327743,0.03957544,2381.3142,94.24156,510787.666949,5452655.08033,08125
08125,2017,50504.0,10.0,50504.0,10.0,0.0,7.773738,0.022754267,2480.8877,56.450783,510787.666949,5452655.08033,08125
08125,2018,50504.0,10.0,50504.0,10.0,0.0,7.9441943,0.035159267,2941.9504,103.43682,510787.666949,5452655.08033,08125
08125,2019,50504.0,10.0,50504.0,10.0,0.0,8.103175,0.06261401,3448.894,215.94908,510787.666949,5452655.08033,08125
08125,2020,50504.0,10.0,50504.0,10.0,0.0,8.231144,0.011912868,3919.7302,46.69523,510787.666949,5452655.08033,08125
08125,2021,50504.0,10.0,50504.0,10.0,0.0,8.297666,0.04587078,4189.343,192.16843,510787.666949,5452655.08033,08125
08125,2022,50504.0,10.0,50504.0,10.0,0.0,8.290656,0.044873025,4160.0815,186.67545,510787.666949,5452655.08033,08125
08125,2023,50504.0,10.0,50504.0,10.0,0.0,8.3031845,0.040304232,4212.528,169.7827,510787.666949,5452655.08033,08125
08125,2024,50504.0,10.0,50504.0,10.0,0.0,8.243836,0.028046133,3969.797,111.33746,510787.666949,5452655.08033,08125
08125,2025,50504.0,10.0,50504.0,10.0,0.0,8.211327,0.007638981,3842.8167,29.355204,510787.666949,5452655.08033,08125
08126,2007,27904.0,10.0,27904.0,10.0,0.0,7.387024,0.021438222,1693.6692,36.309254,531987.514,5444967.66074,08126
08126,2008,27904.0,10.0,27904.0,10.0,0.0,7.2305837,0.019013878,1448.3965,27.539633,531987.514,5444967.66074,08126
08126,2009,27904.0,10.0,27904.0,10.0,0.0,7.1593757,0.0054237274,1348.8452,7.3157687,531987.514,5444967.66074,08126
08126,2010,27904.0,10.0,27904.0,10.0,0.0,7.2582436,0.018043132,1489.0178,26.866547,531987.514,5444967.66074,08126
08126,2011,27904.0,10.0,27904.0,10.0,0.0,7.337782,0.0043414216,1612.2899,6.9996305,531987.514,5444967.66074,08126
08126,2012,27904.0,10.0,27904.0,10.0,0.0,7.185909,0.07287049,1385.1134,100.9339,531987.514,5444967.66074,08126
08126,2013,27904.0,10.0,27904.0,10.0,0.0,7.374255,0.14011182,1672.1804,234.29225,531987.514,5444967.66074,08126
08126,2014,27904.0,10.0,27904.0,10.0,0.0,7.400118,0.08573891,1715.9918,147.12726,531987.514,5444967.66074,08126
08126,2015,27904.0,10.0,27904.0,10.0,0.0,7.5156703,0.121972054,1926.1898,234.94133,531987.514,5444967.66074,08126
08126,2016,27904.0,10.0,27904.0,10.0,0.0,7.404621,0.0956245,1723.7367,164.83145,531987.514,5444967.66074,08126
08126,2017,27904.0,10.0,27904.0,10.0,0.0,7.60045,0.0149757825,2096.6135,31.398426,531987.514,5444967.66074,08126
08126,2018,27904.0,10.0,27904.0,10.0,0.0,7.724929,0.010114941,2374.5369,24.018301,531987.514,5444967.66074,08126
08126,2019,27904.0,10.0,27904.0,10.0,0.0,7.685259,0.065750204,2282.1821,150.05396,531987.514,5444967.66074,08126
08126,2020,27904.0,10.0,27904.0,10.0,0.0,7.721652,0.05405142,2366.768,127.92717,531987.514,5444967.66074,08126
08126,2021,27904.0,10.0,27904.0,10.0,0.0,7.9855733,0.003930004,3081.5925,12.11067,531987.514,5444967.66074,08126
08126,2022,27904.0,10.0,27904.0,10.0,0.0,8.042542,0.028019546,3262.2449,91.40662,531987.514,5444967.66074,08126
08126,2023,27904.0,10.0,27904.0,10.0,0.0,8.142065,0.030187279,3603.6174,108.7834,531987.514,5444967.66074,08126
08126,2024,27904.0,10.0,27904.0,10.0,0.0,8.116535,0.08229104,3512.7817,289.07043,531987.514,5444967.66074,08126
08126,2025,27904.0,10.0,27904.0,10.0,0.0,8.086263,0.06542942,3408.0361,222.98581,531987.514,5444967.66074,08126
08127,2007,59313.0,25.0,8158.0,10.0,0.06910273,6.7799263,0.0027090856,944.2117,2.5579503,570238.250863,5461634.75605,08127
08127,2008,59313.0,25.0,8158.0,10.0,0.06910273,6.8824787,0.029864965,1046.1823,31.244196,570238.250863,5461634.75605,08127
08127,2009,59313.0,25.0,8158.0,10.0,0.06910273,6.846404,0.023158561,1009.114,23.369629,570238.250863,5461634.75605,08127
08127,2010,59313.0,25.0,8158.0,10.0,0.06910273,6.7502,0.09392547,916.5565,86.088005,570238.250863,5461634.75605,08127
08127,2011,59313.0,25.0,8158.0,10.0,0.06910273,6.855804,0.0163893,1018.64465,16.694872,570238.250863,5461634.75605,08127
08127,2012,59313.0,25.0,8158.0,10.0,0.06910273,6.810326,0.015727328,973.3562,15.308291,570238.250863,5461634.75605,08127
08127,2013,59313.0,25.0,8158.0,10.0,0.06910273,6.843095,0.040926848,1005.7802,41.163414,570238.250863,5461634.75605,08127
08127,2014,59313.0,25.0,8158.0,10.0,0.06910273,6.899596,0.022870556,1064.2444,24.33986,570238.250863,5461634.75605,08127
08127,2015,59313.0,25.0,8158.0,10.0,0.06910273,6.9243455,0.050537337,1090.9124,55.13181,570238.250863,5461634.75605,08127
08127,2016,59313.0,25.0,8158.0,10.0,0.06910273,7.053953,0.0071515585,1241.8749,8.881341,570238.250863,5461634.75605,08127
08127,2017,59313.0,25.0,8158.0,10.0,0.06910273,7.2515035,0.038468417,1513.1182,58.207264,570238.250863,5461634.75605,08127
08127,2018,59313.0,25.0,8158.0,10.0,0.06910273,7.2843447,0.071538396,1563.6355,111.85998,570238.250863,5461634.75605,08127
08127,2019,59313.0,25.0,8158.0,10.0,0.06910273,7.5120974,0.056313947,1963.5737,110.57659,570238.250863,5461634.75605,08127
08127,2020,59313.0,25.0,8158.0,10.0,0.06910273,7.3746376,0.02809499,1711.3909,48.081512,570238.250863,5461634.75605,08127
08127,2021,59313.0,25.0,8158.0,10.0,0.06910273,7.5451837,0.13454741,2029.628,273.0812,570238.250863,5461634.75605,08127
08127,2022,59313.0,25.0,8158.0,10.0,0.06910273,7.6740193,0.037336472,2308.7085,86.19903,570238.250863,5461634.75605,08127
08127,2023,59313.0,25.0,8158.0,10.0,0.06910273,7.8005686,0.010610517,2620.1658,27.801313,570238.250863,5461634.75605,08127
08127,2024,59313.0,25.0,8158.0,10.0,0.06910273,7.65119,0.037640437,2256.599,84.93937,570238.250863,5461634.75605,08127
08127,2025,59313.0,25.0,8158.0,10.0,0.06910273,7.7441587,0.0062575266,2476.4539,15.496475,570238.250863,5461634.75605,08127
08128,2007,40747.0,25.0,2603.0,10.0,0.06412295,7.061874,0.024672562,1265.3484,31.219387,577436.122367,5478392.05835,08128
08128,2008,40747.0,25.0,2603.0,10.0,0.06412295,6.883607,0.032183986,1058.7407,34.074493,577436.122367,5478392.05835,08128
08128,2009,40747.0,25.0,2603.0,10.0,0.06412295,6.890472,0.04012837,1066.0342,42.778214,577436.122367,5478392.05835,08128
08128,2010,40747.0,25.0,2603.0,10.0,0.06412295,6.8680115,0.17036535,1042.3575,177.58162,577436.122367,5478392.05835,08128
08128,2011,40747.0,25.0,2603.0,10.0,0.06412295,6.9393024,0.057221092,1119.3809,64.05219,577436.122367,5478392.05835,08128
08128,2012,40747.0,25.0,2603.0,10.0,0.06412295,6.7242904,0.077224575,902.8161,69.71958,577436.122367,5478392.05835,08128
08128,2013,40747.0,25.0,2603.0,10.0,0.06412295,6.6988997,0.011705743,880.1819,10.303183,577436.122367,5478392.05835,08128
08128,2014,40747.0,25.0,2603.0,10.0,0.06412295,6.7254353,0.063541204,903.8507,57.43176,577436.122367,5478392.05835,08128
08128,2015,40747.0,25.0,2603.0,10.0,0.06412295,7.0388703,0.1092749,1236.5731,135.1264,577436.122367,5478392.05835,08128
08128,2016,40747.0,25.0,2603.0,10.0,0.06412295,7.0405884,0.048067067,1238.6995,59.54065,577436.122367,5478392.05835,08128
08128,2017,40747.0,25.0,2603.0,10.0,0.06412295,6.8699756,0.017269865,1044.4067,18.036764,577436.122367,5478392.05835,08128
08128,2018,40747.0,25.0,2603.0,10.0,0.06412295,6.8836756,0.08882383,1058.8136,94.04789,577436.122367,5478392.05835,08128
08128,2019,40747.0,25.0,2603.0,10.0,0.06412295,6.8694205,0.09192394,1043.8273,95.95271,577436.122367,5478392.05835,08128
08128,2020,40747.0,25.0,2603.0,10.0,0.06412295,7.1030383,0.044951666,1318.5226,59.26979,577436.122367,5478392.05835,08128
08128,2021,40747.0,25.0,2603.0,10.0,0.06412295,7.1991167,0.022147015,1451.4895,32.14616,577436.122367,5478392.05835,08128
08128,2022,40747.0,25.0,2603.0,10.0,0.06412295,7.656803,0.011947022,2293.9536,27.405914,577436.122367,5478392.05835,08128
08128,2023,40747.0,25.0,2603.0,10.0,0.06412295,7.8235703,0.07462552,2710.2578,202.25441,577436.122367,5478392.05835,08128
08128,2024,40747.0,25.0,2603.0,10.0,0.06412295,8.0019045,0.046724603,3239.3662,151.35811,577436.122367,5478392.05835,08128
08128,2025,40747.0,25.0,2603.0,10.0,0.06412295,7.835665,0.042160053,2743.2366,115.655,577436.122367,5478392.05835,08128
08135,2007,77767.0,25.0,6505.0,10.0,0.049906604,7.045878,0.09478305,1219.9355,115.6292,603071.675274,5395464.87086,08135
08135,2008,77767.0,25.0,6505.0,10.0,0.049906604,7.029635,0.0659826,1200.2806,79.19764,603071.675274,5395464.87086,08135
08135,2009,77767.0,25.0,6505.0,10.0,0.049906604,7.1352434,0.090225466,1333.9756,120.358574,603071.675274,5395464.87086,08135
08135,2010,77767.0,25.0,6505.0,10.0,0.049906604,7.0973153,0.12653099,1284.3281,162.50731,603071.675274,5395464.87086,08135
08135,2011,77767.0,25.0,6505.0,10.0,0.049906604,7.1141276,0.18300715,1306.1031,239.02621,603071.675274,5395464.87086,08135
08135,2012,77767.0,25.0,6505.0,10.0,0.049906604,6.990059,0.07819773,1153.7058,90.21718,603071.675274,5395464.87086,08135
08135,2013,77767.0,25.0,6505.0,10.0,0.049906604,6.9558983,0.05679868,1114.9598,63.328247,603071.675274,5395464.87086,08135
08135,2014,77767.0,25.0,6505.0,10.0,0.049906604,7.006608,0.0087728705,1172.9575,10.290205,603071.675274,5395464.87086,08135
08135,2015,77767.0,25.0,6505.0,10.0,0.049906604,7.115736,0.04297926,1308.2052,56.22569,603071.675274,5395464.87086,08135
08135,2016,77767.0,25.0,6505.0,10.0,0.049906604,7.354187,0.058686286,1660.481,97.44746,603071.675274,5395464.87086,08135
08135,2017,77767.0,25.0,6505.0,10.0,0.049906604,7.4066744,0.09927255,1749.963,173.72328,603071.675274,5395464.87086,08135
08135,2018,77767.0,25.0,6505.0,10.0,0.049906604,7.31763,0.03632119,1600.8744,58.14566,603071.675274,5395464.87086,08135
08135,2019,77767.0,25.0,6505.0,10.0,0.049906604,7.557746,0.08098226,2035.3469,164.827,603071.675274,5395464.87086,08135
08135,2020,77767.0,25.0,6505.0,10.0,0.049906604,7.51636,0.042756077,1952.8307,83.49538,603071.675274,5395464.87086,08135
08135,2021,77767.0,25.0,6505.0,10.0,0.049906604,7.657028,0.0035697771,2247.7925,8.024118,603071.675274,5395464.87086,08135
08135,2022,77767.0,25.0,6505.0,10.0,0.049906604,7.7812414,0.034259986,2545.0784,87.19436,603071.675274,5395464.87086,08135
08135,2023,77767.0,25.0,6505.0,10.0,0.049906604,7.682548,0.0018552367,2305.8936,4.2779784,603071.675274,5395464.87086,08135
08135,2024,77767.0,25.0,6505.0,10.0,0.049906604,7.827072,0.052508913,2664.4355,139.90662,603071.675274,5395464.87086,08135
08135,2025,77767.0,25.0,6505.0,10.0,0.049906604,7.795103,0.09145579,2580.6035,236.01112,603071.675274,5395464.87086,08135
08136,2007,11566.0,10.0,11566.0,10.0,0.0,7.3252296,0.18455583,1598.2101,294.95898,570459.513025,5418147.93013,08136
08136,2008,11566.0,10.0,11566.0,10.0,0.0,7.157402,0.04006621,1351.2861,54.140915,570459.513025,5418147.93013,08136
08136,2009,11566.0,10.0,11566.0,10.0,0.0,7.173303,0.034107108,1372.945,46.82718,570459.513025,5418147.93013,08136
08136,2010,11566.0,10.0,11566.0,10.0,0.0,7.0299597,0.05071191,1189.5972,60.326744,570459.513025,5418147.93013,08136
08136,2011,11566.0,10.0,11566.0,10.0,0.0,6.913857,0.16421701,1059.1978,173.9383,570459.513025,5418147.93013,08136
08136,2012,11566.0,10.0,11566.0,10.0,0.0,7.207372,0.17283648,1420.526,245.5187,570459.513025,5418147.93013,08136
08136,2013,11566.0,10.0,11566.0,10.0,0.0,7.2711806,0.16656063,1514.1218,252.1931,570459.513025,5418147.93013,08136
08136,2014,11566.0,10.0,11566.0,10.0,0.0,7.1876388,0.21793985,1392.7688,303.53983,570459.513025,5418147.93013,08136
08136,2015,11566.0,10.0,11566.0,10.0,0.0,7.3445287,0.20646432,1629.3541,336.4035,570459.513025,5418147.93013,08136
08136,2016,11566.0,10.0,11566.0,10.0,0.0,7.323217,0.13913178,1594.9966,221.91472,570459.513025,5418147.93013,08136
08136,2017,11566.0,10.0,11566.0,10.0,0.0,7.4836087,0.080667526,1872.4797,151.04831,570459.513025,5418147.93013,08136
08136,2018,11566.0,10.0,11566.0,10.0,0.0,7.4806523,0.04140924,1866.9517,77.309044,570459.513025,5418147.93013,08136
08136,2019,11566.0,10.0,11566.0,10.0,0.0,7.6119156,0.010719188,2128.8254,22.819279,570459.513025,5418147.93013,08136
08136,2020,11566.0,10.0,11566.0,10.0,0.0,7.785589,0.17978215,2532.594,455.3152,570459.513025,5418147.93013,08136
08136,2021,11566.0,10.0,11566.0,10.0,0.0,7.7593327,0.07622829,2466.9622,188.0523,570459.513025,5418147.93013,08136
08136,2022,11566.0,10.0,11566.0,10.0,0.0,7.738694,0.028922841,2416.57,69.89407,570459.513025,5418147.93013,08136
08136,2023,11566.0,10.0,11566.0,10.0,0.0,7.770218,0.045088116,2493.9617,112.448044,570459.513025,5418147.93013,08136
08136,2024,11566.0,10.0,11566.0,10.0,0.0,7.9801955,0.05713476,3076.6775,175.78523,570459.513025,5418147.93013,08136
08136,2025,11566.0,10.0,11566.0,10.0,0.0,8.033211,0.08791975,3244.1882,285.22824,570459.513025,5418147.93013,08136
08211,2007,69661.0,10.0,69661.0,10.0,0.0,7.7525325,0.016234277,2490.7058,40.434807,443539.29255,5399776.90155,08211
08211,2008,69661.0,10.0,69661.0,10.0,0.0,7.8063855,0.048769813,2628.5159,128.19223,443539.29255,5399776.90155,08211
08211,2009,69661.0,10.0,69661.0,10.0,0.0,7.9500694,0.04102686,3034.6714,124.503044,443539.29255,5399776.90155,08211
08211,2010,69661.0,10.0,69661.0,10.0,0.0,7.872142,0.05307986,2807.1663,149.00398,443539.29255,5399776.90155,08211
08211,2011,69661.0,10.0,69661.0,10.0,0.0,7.8512883,0.03019849,2749.2327,83.022675,443539.29255,5399776.90155,08211
08211,2012,69661.0,10.0,69661.0,10.0,0.0,8.1153345,0.020354552,3580.0205,72.86971,443539.29255,5399776.90155,08211
08211,2013,69661.0,10.0,69661.0,10.0,0.0,8.061489,0.074319325,3392.3508,252.11722,443539.29255,5399776.90155,08211
08211,2014,69661.0,10.0,69661.0,10.0,0.0,8.13603,0.043511495,3654.881,159.02934,443539.29255,5399776.90155,08211
08211,2015,69661.0,10.0,69661.0,10.0,0.0,8.173654,0.0354831,3795.01,134.65872,443539.29255,5399776.90155,08211
08211,2016,69661.0,10.0,69661.0,10.0,0.0,8.172182,0.04302245,3789.43,163.03055,443539.29255,5399776.90155,08211
08211,2017,69661.0,10.0,69661.0,10.0,0.0,8.199388,0.03818961,3893.939,148.70801,443539.29255,5399776.90155,08211
08211,2018,69661.0,10.0,69661.0,10.0,0.0,8.248008,0.036740143,4087.9407,150.19153,443539.29255,5399776.90155,08211
08211,2019,69661.0,10.0,69661.0,10.0,0.0,8.435634,0.019132674,4931.619,94.35506,443539.29255,5399776.90155,08211
08211,2020,69661.0,10.0,69661.0,10.0,0.0,8.384385,0.011261516,4685.247,52.76299,443539.29255,5399776.90155,08211
08211,2021,69661.0,10.0,69661.0,10.0,0.0,8.461826,0.0052321614,5062.5,26.487814,443539.29255,5399776.90155,08211
08211,2022,69661.0,10.0,69661.0,10.0,0.0,8.417139,0.0028680137,4841.2476,13.884765,443539.29255,5399776.90155,08211
08211,2023,69661.0,10.0,69661.0,10.0,0.0,8.437107,0.018865073,4938.8896,93.172516,443539.29255,5399776.90155,08211
08211,2024,69661.0,10.0,69661.0,10.0,0.0,8.470962,0.018923623,5108.959,96.680016,443539.29255,5399776.90155,08211
08211,2025,69661.0,10.0,69661.0,10.0,0.0,8.40586,0.00354544,4786.949,16.971842,443539.29255,5399776.90155,08211
08212,2007,84399.0,10.0,84399.0,10.0,0.0,7.6330814,0.015112829,2149.271,32.481567,457053.409739,5428880.01635,08212
08212,2008,84399.0,10.0,84399.0,10.0,0.0,7.670322,0.016676497,2230.8203,37.202267,457053.409739,5428880.01635,08212
08212,2009,84399.0,10.0,84399.0,10.0,0.0,7.7006006,0.012956614,2299.3992,29.792425,457053.409739,5428880.01635,08212
08212,2010,84399.0,10.0,84399.0,10.0,0.0,7.7205696,0.0035558725,2345.7773,8.341285,457053.409739,5428880.01635,08212
08212,2011,84399.0,10.0,84399.0,10.0,0.0,7.783348,0.010036489,2497.762,25.068762,457053.409739,5428880.01635,08212
08212,2012,84399.0,10.0,84399.0,10.0,0.0,7.8684177,0.017400173,2719.5461,47.32057,457053.409739,5428880.01635,08212
08212,2013,84399.0,10.0,84399.0,10.0,0.0,7.945827,0.037312906,2938.4258,109.641205,457053.409739,5428880.01635,08212
08212,2014,84399.0,10.0,84399.0,10.0,0.0,7.9536304,0.00015773046,2961.445,0.46711013,457053.409739,5428880.01635,08212
08212,2015,84399.0,10.0,84399.0,10.0,0.0,7.9786563,0.017417116,3036.494,52.88697,457053.409739,5428880.01635,08212
08212,2016,84399.0,10.0,84399.0,10.0,0.0,8.113794,0.027315825,3475.8586,94.945946,457053.409739,5428880.01635,08212
08212,2017,84399.0,10.0,84399.0,10.0,0.0,8.232148,0.038126264,3912.5725,149.17178,457053.409739,5428880.01635,08212
08212,2018,84399.0,10.0,84399.0,10.0,0.0,8.313786,0.01535173,4245.3867,65.174034,457053.409739,5428880.01635,08212
08212,2019,84399.0,10.0,84399.0,10.0,0.0,8.373282,0.027550014,4505.6377,124.13038,457053.409739,5428880.01635,08212
08212,2020,84399.0,10.0,84399.0,10.0,0.0,8.512182,0.05863143,5177.018,303.53598,457053.409739,5428880.01635,08212
08212,2021,84399.0,10.0,84399.0,10.0,0.0,8.555421,0.011496318,5405.779,62.14655,457053.409739,5428880.01635,08212
08212,2022,84399.0,10.0,84399.0,10.0,0.0,8.591272,0.012589221,5603.0986,70.53865,457053.409739,5428880.01635,08212
08212,2023,84399.0,10.0,84399.0,10.0,0.0,8.501864,0.0015618878,5123.8765,8.00292,457053.409739,5428880.01635,08212
08212,2024,84399.0,10.0,84399.0,10.0,0.0,8.4003725,0.003685312,4629.363,17.060648,457053.409739,5428880.01635,08212
08212,2025,84399.0,10.0,84399.0,10.0,0.0,8.4909,0.022573886,5068.0034,114.404526,457053.409739,5428880.01635,08212
08215,2007,69590.0,10.0,69590.0,10.0,0.0,7.7105045,0.009993787,2332.6829,23.312336,456472.158966,5419523.40209,08215
08215,2008,69590.0,10.0,69590.0,10.0,0.0,7.6554976,0.0015465183,2207.834,3.4144557,456472.158966,5419523.40209,08215
08215,2009,69590.0,10.0,69590.0,10.0,0.0,7.6003003,0.038107533,2089.2695,79.61691,456472.158966,5419523.40209,08215
08215,2010,69590.0,10.0,69590.0,10.0,0.0,7.5767055,0.011140628,2040.551,22.733019,456472.158966,5419523.40209,08215
08215,2011,69590.0,10.0,69590.0,10.0,0.0,7.6796865,0.012612226,2261.8909,28.52748,456472.158966,5419523.40209,08215
08215,2012,69590.0,10.0,69590.0,10.0,0.0,7.754118,0.0511065,2436.6704,124.5297,456472.158966,5419523.40209,08215
08215,2013,69590.0,10.0,69590.0,10.0,0.0,7.8588643,0.052534208,2705.7485,142.14436,456472.158966,5419523.40209,08215
08215,2014,69590.0,10.0,69590.0,10.0,0.0,7.8463745,0.028544514,2672.165,76.27565,456472.158966,5419523.40209,08215
08215,2015,69590.0,10.0,69590.0,10.0,0.0,8.017298,0.070432626,3170.2556,223.28943,456472.158966,5419523.40209,08215
08215,2016,69590.0,10.0,69590.0,10.0,0.0,8.035459,0.051504895,3228.3545,166.27606,456472.158966,5419523.40209,08215
08215,2017,69590.0,10.0,69590.0,10.0,0.0,8.064728,0.034742355,3324.2434,115.49204,456472.158966,5419523.40209,08215
08215,2018,69590.0,10.0,69590.0,10.0,0.0,8.009594,0.033549394,3145.928,105.54398,456472.158966,5419523.40209,08215
08215,2019,69590.0,10.0,69590.0,10.0,0.0,8.15597,0.03295956,3641.8218,120.032845,456472.158966,5419523.40209,08215
08215,2020,69590.0,10.0,69590.0,10.0,0.0,8.141286,0.01047169,3588.736,37.58013,456472.158966,5419523.40209,08215
08215,2021,69590.0,10.0,69590.0,10.0,0.0,8.302738,0.015053121,4217.5444,63.48721,456472.158966,5419523.40209,08215
08215,2022,69590.0,10.0,69590.0,10.0,0.0,8.368707,0.02047595,4505.152,92.24726,456472.158966,5419523.40209,08215
08215,2023,69590.0,10.0,69590.0,10.0,0.0,8.289485,0.0880147,4162.014,366.31842,456472.158966,5419523.40209,08215
08215,2024,69590.0,10.0,69590.0,10.0,0.0,8.393793,0.027863275,4619.5967,128.7171,456472.158966,5419523.40209,08215
08215,2025,69590.0,10.0,69590.0,10.0,0.0,8.256543,0.03364279,4027.143,135.48434,456472.158966,5419523.40209,08215
08216,2007,38800.0,10.0,38800.0,10.0,0.0,7.423454,0.00056812883,1804.0536,1.0249349,440637.226707,5392022.01532,08216
08216,2008,38800.0,10.0,38800.0,10.0,0.0,7.381892,0.009435738,1730.611,16.329592,440637.226707,5392022.01532,08216
08216,2009,38800.0,10.0,38800.0,10.0,0.0,7.348344,0.0039715474,1673.5146,6.646443,440637.226707,5392022.01532,08216
08216,2010,38800.0,10.0,38800.0,10.0,0.0,7.1494055,0.0051817917,1371.6133,7.1074142,440637.226707,5392022.01532,08216
08216,2011,38800.0,10.0,38800.0,10.0,0.0,7.271184,0.067794584,1549.2427,105.03026,440637.226707,5392022.01532,08216
08216,2012,38800.0,10.0,38800.0,10.0,0.0,7.1394825,0.11731719,1358.0702,159.32498,440637.226707,5392022.01532,08216
08216,2013,38800.0,10.0,38800.0,10.0,0.0,7.3625627,0.15465638,1697.4797,262.52606,440637.226707,5392022.01532,08216
08216,2014,38800.0,10.0,38800.0,10.0,0.0,7.2786465,0.17236981,1560.8468,269.04288,440637.226707,5392022.01532,08216
08216,2015,38800.0,10.0,38800.0,10.0,0.0,7.338087,0.042164534,1656.4373,69.8429,440637.226707,5392022.01532,08216
08216,2016,38800.0,10.0,38800.0,10.0,0.0,7.415635,0.010696758,1790.0032,19.14723,440637.226707,5392022.01532,08216
08216,2017,38800.0,10.0,38800.0,10.0,0.0,7.469579,0.048706878,1889.2146,92.017746,440637.226707,5392022.01532,08216
08216,2018,38800.0,10.0,38800.0,10.0,0.0,7.573561,0.013761443,2096.2363,28.847239,440637.226707,5392022.01532,08216
08216,2019,38800.0,10.0,38800.0,10.0,0.0,7.644449,0.0054069757,2250.228,12.166928,440637.226707,5392022.01532,08216
08216,2020,38800.0,10.0,38800.0,10.0,0.0,7.8223886,0.0056008333,2688.4666,15.057652,440637.226707,5392022.01532,08216
08216,2021,38800.0,10.0,38800.0,10.0,0.0,8.040499,0.0056953034,3343.71,19.043442,440637.226707,5392022.01532,08216
08216,2022,38800.0,10.0,38800.0,10.0,0.0,8.048165,0.1003663,3369.4426,338.1785,440637.226707,5392022.01532,08216
08216,2023,38800.0,10.0,38800.0,10.0,0.0,8.009869,0.025998607,3242.8447,84.30945,440637.226707,5392022.01532,08216
08216,2024,38800.0,10.0,38800.0,10.0,0.0,7.9923396,0.004835877,3186.4949,15.409497,440637.226707,5392022.01532,08216
08216,2025,38800.0,10.0,38800.0,10.0,0.0,7.909497,0.11110446,2933.156,325.8867,440637.226707,5392022.01532,08216
08221,2007,95898.0,10.0,95898.0,10.0,0.0,8.017384,0.038905047,3207.108,124.77268,477813.19885,5472582.40548,08221
08221,2008,95898.0,10.0,95898.0,10.0,0.0,7.9819045,0.058079075,3095.3184,179.77322,477813.19885,5472582.40548,08221
08221,2009,95898.0,10.0,95898.0,10.0,0.0,7.956185,0.057004932,3016.723,171.96808,477813.19885,5472582.40548,08221
08221,2010,95898.0,10.0,95898.0,10.0,0.0,7.995312,0.04972801,3137.0981,156.00165,477813.19885,5472582.40548,08221
08221,2011,95898.0,10.0,95898.0,10.0,0.0,7.924794,0.06886328,2923.4966,201.32156,477813.19885,5472582.40548,08221
08221,2012,95898.0,10.0,95898.0,10.0,0.0,8.032213,0.047289044,3255.023,153.92693,477813.19885,5472582.40548,08221
08221,2013,95898.0,10.0,95898.0,10.0,0.0,8.099588,0.06940149,3481.887,241.64815,477813.19885,5472582.40548,08221
08221,2014,95898.0,10.0,95898.0,10.0,0.0,8.111404,0.06563551,3523.273,231.25182,477813.19885,5472582.40548,08221
08221,2015,95898.0,10.0,95898.0,10.0,0.0,8.1236925,0.042537313,3566.8362,151.72363,477813.19885,5472582.40548,08221
08221,2016,95898.0,10.0,95898.0,10.0,0.0,8.320996,0.021832695,4344.8115,94.85895,477813.19885,5472582.40548,08221
08221,2017,95898.0,10.0,95898.0,10.0,0.0,8.455192,0.04987957,4968.795,247.84137,477813.19885,5472582.40548,08221
08221,2018,95898.0,10.0,95898.0,10.0,0.0,8.427539,0.07330792,4833.276,354.31738,477813.19885,5472582.40548,08221
08221,2019,95898.0,10.0,95898.0,10.0,0.0,8.574447,0.053666975,5598.129,300.43466,477813.19885,5472582.40548,08221
08221,2020,95898.0,10.0,95898.0,10.0,0.0,8.676025,0.041964434,6196.6665,260.03958,477813.19885,5472582.40548,08221
08221,2021,95898.0,10.0,95898.0,10.0,0.0,8.712767,0.050833464,6428.5723,326.7866,477813.19885,5472582.40548,08221
08221,2022,95898.0,10.0,95898.0,10.0,0.0,8.807086,0.05668476,7064.425,400.44522,477813.19885,5472582.40548,08221
08221,2023,95898.0,10.0,95898.0,10.0,0.0,8.741314,0.05520149,6614.7354,365.14325,477813.19885,5472582.40548,08221
08221,2024,95898.0,10.0,95898.0,10.0,0.0,8.701846,0.013567209,6358.7544,86.270546,477813.19885,5472582.40548,08221
08221,2025,95898.0,10.0,95898.0,10.0,0.0,8.677876,0.036400165,6208.1455,225.97752,477813.19885,5472582.40548,08221
08222,2007,166351.0,10.0,166351.0,10.0,0.0,7.5333724,0.05774651,1968.6222,113.68106,463822.683348,5483090.26368,08222
08222,2008,166351.0,10.0,166351.0,10.0,0.0,7.5303,0.054749794,1962.5835,107.45104,463822.683348,5483090.26368,08222
08222,2009,166351.0,10.0,166351.0,10.0,0.0,7.476598,0.05713672,1859.9679,106.27246,463822.683348,5483090.26368,08222
08222,2010,166351.0,10.0,166351.0,10.0,0.0,7.435039,0.059019074,1784.2543,105.30503,463822.683348,5483090.26368,08222
08222,2011,166351.0,10.0,166351.0,10.0,0.0,7.5157466,0.073429696,1934.2279,142.02977,463822.683348,5483090.26368,08222
08222,2012,166351.0,10.0,166351.0,10.0,0.0,7.622792,0.0950391,2152.7654,204.5969,463822.683348,5483090.26368,08222
08222,2013,166351.0,10.0,166351.0,10.0,0.0,7.672744,0.084740534,2263.032,191.77054,463822.683348,5483090.26368,08222
08222,2014,166351.0,10.0,166351.0,10.0,0.0,7.678141,0.069955766,2275.2788,159.16887,463822.683348,5483090.26368,08222
08222,2015,166351.0,10.0,166351.0,10.0,0.0,7.778278,0.080419086,2514.9163,202.24728,463822.683348,5483090.26368,08222
08222,2016,166351.0,10.0,166351.0,10.0,0.0,7.871782,0.094781235,2761.4153,261.73035,463822.683348,5483090.26368,08222
08222,2017,166351.0,10.0,166351.0,10.0,0.0,7.9589,0.110326506,3012.7747,332.38892,463822.683348,5483090.26368,08222
08222,2018,166351.0,10.0,166351.0,10.0,0.0,8.0727215,0.07797963,3375.9714,263.25702,463822.683348,5483090.26368,08222
08222,2019,166351.0,10.0,166351.0,10.0,0.0,8.21865,0.02828289,3906.3826,110.48378,463822.683348,5483090.26368,08222
08222,2020,166351.0,10.0,166351.0,10.0,0.0,8.282442,0.04955966,4163.6997,206.35155,463822.683348,5483090.26368,08222
08222,2021,166351.0,10.0,166351.0,10.0,0.0,8.33563,0.07485468,4391.154,328.69843,463822.683348,5483090.26368,08222
08222,2022,166351.0,10.0,166351.0,10.0,0.0,8.41414,0.098705135,4749.793,468.82895,463822.683348,5483090.26368,08222
08222,2023,166351.0,10.0,166351.0,10.0,0.0,8.331044,0.107414395,4371.061,469.51486,463822.683348,5483090.26368,08222
08222,2024,166351.0,10.0,166351.0,10.0,0.0,8.328979,0.13302372,4362.0425,580.25507,463822.683348,5483090.26368,08222
08222,2025,166351.0,10.0,166351.0,10.0,0.0,8.38652,0.08829599,4620.403,407.96304,463822.683348,5483090.26368,08222
08225,2007,11500.0,10.0,11500.0,10.0,0.0,7.2156067,0.021753274,1475.0332,32.0868,523313.21195,5484768.19522,08225
08225,2008,11500.0,10.0,11500.0,10.0,0.0,7.148423,0.013187341,1379.1909,18.18786,523313.21195,5484768.19522,08225
08225,2009,11500.0,10.0,11500.0,10.0,0.0,7.0120955,0.011765446,1203.422,14.158796,523313.21195,5484768.19522,08225
08225,2010,11500.0,10.0,11500.0,10.0,0.0,6.8633413,0.025565254,1037.086,26.513369,523313.21195,5484768.19522,08225
08225,2011,11500.0,10.0,11500.0,10.0,0.0,7.0102468,0.01466109,1201.1993,17.610891,523313.21195,5484768.19522,08225
08225,2012,11500.0,10.0,11500.0,10.0,0.0,7.0032825,0.008373026,1192.8632,9.987874,523313.21195,5484768.19522,08225
08225,2013,11500.0,10.0,11500.0,10.0,0.0,6.9791446,0.044803176,1164.4146,52.16947,523313.21195,5484768.19522,08225
08225,2014,11500.0,10.0,11500.0,10.0,0.0,6.9734707,0.022284273,1157.8264,25.801321,523313.21195,5484768.19522,08225
08225,2015,11500.0,10.0,11500.0,10.0,0.0,7.10346,0.09297804,1318.5514,122.59632,523313.21195,5484768.19522,08225
08225,2016,11500.0,10.0,11500.0,10.0,0.0,7.2152762,0.07798932,1474.5458,114.99882,523313.21195,5484768.19522,08225
08225,2017,11500.0,10.0,11500.0,10.0,0.0,7.3280344,0.06725041,1650.5492,111.00011,523313.21195,5484768.19522,08225
08225,2018,11500.0,10.0,11500.0,10.0,0.0,7.1599445,0.03343818,1395.1726,46.652035,523313.21195,5484768.19522,08225
08225,2019,11500.0,10.0,11500.0,10.0,0.0,7.431857,0.1838083,1831.1255,336.57605,523313.21195,5484768.19522,08225
08225,2020,11500.0,10.0,11500.0,10.0,0.0,7.5548787,0.04898837,2070.8362,101.44689,523313.21195,5484768.19522,08225
08225,2021,11500.0,10.0,11500.0,10.0,0.0,7.7297587,0.024554504,2466.5793,60.565636,523313.21195,5484768.19522,08225
08225,2022,11500.0,10.0,11500.0,10.0,0.0,7.78372,0.05852853,2603.336,152.36945,523313.21195,5484768.19522,08225
08225,2023,11500.0,10.0,11500.0,10.0,0.0,7.8801446,0.051548377,2866.8623,147.7821,523313.21195,5484768.19522,08225
08225,2024,11500.0,10.0,11500.0,10.0,0.0,7.9066563,0.0024044684,2943.8843,7.0784764,523313.21195,5484768.19522,08225
08225,2025,11500.0,10.0,11500.0,10.0,0.0,7.961726,0.016127694,3110.5505,50.166008,523313.21195,5484768.19522,08225
08226,2007,106628.0,10.0,106628.0,10.0,0.0,7.4441595,0.06701036,1788.7876,119.867294,462491.6115,5470592.5177,08226
08226,2008,106628.0,10.0,106628.0,10.0,0.0,7.4641247,0.04555579,1824.8591,83.1329,462491.6115,5470592.5177,08226
08226,2009,106628.0,10.0,106628.0,10.0,0.0,7.4210587,0.08077637,1747.9385,141.19212,462491.6115,5470592.5177,08226
08226,2010,106628.0,10.0,106628.0,10.0,0.0,7.3942194,0.024124071,1701.6487,41.050694,462491.6115,5470592.5177,08226
08226,2011,106628.0,10.0,106628.0,10.0,0.0,7.4035535,0.019960852,1717.607,34.2849,462491.6115,5470592.5177,08226
08226,2012,106628.0,10.0,106628.0,10.0,0.0,7.469026,0.04021484,1833.8262,73.747025,462491.6115,5470592.5177,08226
08226,2013,106628.0,10.0,106628.0,10.0,0.0,7.535686,0.027647581,1960.2347,54.195747,462491.6115,5470592.5177,08226
08226,2014,106628.0,10.0,106628.0,10.0,0.0,7.556729,0.018453721,2001.9205,36.942883,462491.6115,5470592.5177,08226
08226,2015,106628.0,10.0,106628.0,10.0,0.0,7.6075296,0.04661977,2106.2473,98.192764,462491.6115,5470592.5177,08226
08226,2016,106628.0,10.0,106628.0,10.0,0.0,7.6556277,0.08156227,2210.03,180.25508,462491.6115,5470592.5177,08226
08226,2017,106628.0,10.0,106628.0,10.0,0.0,7.67073,0.11507602,2243.6602,258.1915,462491.6115,5470592.5177,08226
08226,2018,106628.0,10.0,106628.0,10.0,0.0,7.8165903,0.040672936,2595.9917,105.58659,462491.6115,5470592.5177,08226
08226,2019,106628.0,10.0,106628.0,10.0,0.0,7.9499626,0.037821703,2966.3755,112.193375,462491.6115,5470592.5177,08226
08226,2020,106628.0,10.0,106628.0,10.0,0.0,7.936436,0.10776332,2926.521,315.37164,462491.6115,5470592.5177,08226
08226,2021,106628.0,10.0,106628.0,10.0,0.0,8.060622,0.04557756,3313.486,151.02061,462491.6115,5470592.5177,08226
08226,2022,106628.0,10.0,106628.0,10.0,0.0,8.186483,0.004543355,3757.9058,17.0735,462491.6115,5470592.5177,08226
08226,2023,106628.0,10.0,106628.0,10.0,0.0,8.291545,0.0023492342,4174.202,9.806179,462491.6115,5470592.5177,08226
08226,2024,106628.0,10.0,106628.0,10.0,0.0,8.229751,0.06544214,3924.0698,256.79953,462491.6115,5470592.5177,08226
08226,2025,106628.0,10.0,106628.0,10.0,0.0,8.234811,0.016813159,3943.9749,66.31068,462491.6115,5470592.5177,08226
08231,2007,77183.0,10.0,77183.0,10.0,0.0,7.432244,0.008550881,1785.2024,15.265055,478926.888364,5413759.38989,08231
08231,2008,77183.0,10.0,77183.0,10.0,0.0,7.405734,0.015661022,1738.4991,27.226673,478926.888364,5413759.38989,08231
08231,2009,77183.0,10.0,77183.0,10.0,0.0,7.304113,0.006757656,1570.5105,10.61297,478926.888364,5413759.38989,08231
08231,2010,77183.0,10.0,77183.0,10.0,0.0,7.368736,0.0018570411,1675.3531,3.1111996,478926.888364,5413759.38989,08231
08231,2011,77183.0,10.0,77183.0,10.0,0.0,7.2906833,0.021919217,1549.5604,33.965153,478926.888364,5413759.38989,08231
08231,2012,77183.0,10.0,77183.0,10.0,0.0,7.367953,0.012121023,1674.0413,20.291092,478926.888364,5413759.38989,08231
08231,2013,77183.0,10.0,77183.0,10.0,0.0,7.4528503,0.028289929,1822.3708,51.55474,478926.888364,5413759.38989,08231
08231,2014,77183.0,10.0,77183.0,10.0,0.0,7.5170383,0.029815935,1943.1807,57.937748,478926.888364,5413759.38989,08231
08231,2015,77183.0,10.0,77183.0,10.0,0.0,7.5671024,0.0029908523,2042.9406,6.1101336,478926.888364,5413759.38989,08231
08231,2016,77183.0,10.0,77183.0,10.0,0.0,7.656237,0.022944605,2233.4001,51.244484,478926.888364,5413759.38989,08231
08231,2017,77183.0,10.0,77183.0,10.0,0.0,7.7894135,0.0190382,2551.5513,48.576946,478926.888364,5413759.38989,08231
08231,2018,77183.0,10.0,77183.0,10.0,0.0,7.8799653,0.012863577,2793.3833,35.932903,478926.888364,5413759.38989,08231
08231,2019,77183.0,10.0,77183.0,10.0,0.0,8.02489,0.039114404,3229.0178,126.30112,478926.888364,5413759.38989,08231
08231,2020,77183.0,10.0,77183.0,10.0,0.0,8.074512,0.029133365,3393.2886,98.85792,478926.888364,5413759.38989,08231
08231,2021,77183.0,10.0,77183.0,10.0,0.0,8.19927,0.017059645,3844.1707,65.580185,478926.888364,5413759.38989,08231
08231,2022,77183.0,10.0,77183.0,10.0,0.0,8.275456,0.0138365,4148.4907,57.400593,478926.888364,5413759.38989,08231
08231,2023,77183.0,10.0,77183.0,10.0,0.0,8.1919,0.028774317,3815.9458,109.80123,478926.888364,5413759.38989,08231
08231,2024,77183.0,10.0,77183.0,10.0,0.0,8.155752,0.022427117,3680.47,82.54233,478926.888364,5413759.38989,08231
08231,2025,77183.0,10.0,77183.0,10.0,0.0,8.056493,0.014792229,3332.6921,49.297943,478926.888364,5413759.38989,08231
08235,2007,52193.0,10.0,52193.0,10.0,0.0,7.359912,0.08258251,1667.8284,137.73346,474083.757436,5404666.92037,08235
08235,2008,52193.0,10.0,52193.0,10.0,0.0,7.2610183,0.105367534,1510.7836,159.18755,474083.757436,5404666.92037,08235
08235,2009,52193.0,10.0,52193.0,10.0,0.0,7.185613,0.07966846,1401.0524,111.6197,474083.757436,5404666.92037,08235
08235,2010,52193.0,10.0,52193.0,10.0,0.0,7.2999735,0.0847818,1570.798,133.1751,474083.757436,5404666.92037,08235
08235,2011,52193.0,10.0,52193.0,10.0,0.0,7.0976524,0.080839515,1283.0791,103.72349,474083.757436,5404666.92037,08235
08235,2012,52193.0,10.0,52193.0,10.0,0.0,7.0768623,0.18900824,1256.6791,237.52269,474083.757436,5404666.92037,08235
08235,2013,52193.0,10.0,52193.0,10.0,0.0,7.0024467,0.21566966,1166.5574,251.59102,474083.757436,5404666.92037,08235
08235,2014,52193.0,10.0,52193.0,10.0,0.0,6.982753,0.14516729,1143.8079,166.0435,474083.757436,5404666.92037,08235
08235,2015,52193.0,10.0,52193.0,10.0,0.0,7.1862907,0.10244411,1402.0021,143.62686,474083.757436,5404666.92037,08235
08235,2016,52193.0,10.0,52193.0,10.0,0.0,7.31816,0.18253292,1599.6271,291.9846,474083.757436,5404666.92037,08235
08235,2017,52193.0,10.0,52193.0,10.0,0.0,7.148437,0.06910748,1349.9229,93.289764,474083.757436,5404666.92037,08235
08235,2018,52193.0,10.0,52193.0,10.0,0.0,7.382406,0.07534328,1705.7695,128.51828,474083.757436,5404666.92037,08235
08235,2019,52193.0,10.0,52193.0,10.0,0.0,7.3438735,0.08880623,1641.292,145.75694,474083.757436,5404666.92037,08235
08235,2020,52193.0,10.0,52193.0,10.0,0.0,7.5595493,0.07157502,2036.3517,145.7519,474083.757436,5404666.92037,08235
08235,2021,52193.0,10.0,52193.0,10.0,0.0,7.904332,0.01711603,2874.6838,49.203175,474083.757436,5404666.92037,08235
08235,2022,52193.0,10.0,52193.0,10.0,0.0,7.8923774,0.08657465,2840.5212,245.91713,474083.757436,5404666.92037,08235
08235,2023,52193.0,10.0,52193.0,10.0,0.0,7.986562,0.041368444,3121.0583,129.11333,474083.757436,5404666.92037,08235
08235,2024,52193.0,10.0,52193.0,10.0,0.0,7.8751802,0.1308911,2792.0908,365.45984,474083.757436,5404666.92037,08235
08235,2025,52193.0,10.0,52193.0,10.0,0.0,7.8049035,0.09766799,2602.607,254.19139,474083.757436,5404666.92037,08235
08236,2007,78447.0,10.0,78447.0,10.0,0.0,7.525597,0.0059785633,1962.8711,11.735149,471310.928361,5413152.12663,08236
08236,2008,78447.0,10.0,78447.0,10.0,0.0,7.530501,0.032229755,1972.5203,63.57384,471310.928361,5413152.12663,08236
08236,2009,78447.0,10.0,78447.0,10.0,0.0,7.4312963,0.02328043,1786.2306,41.584217,471310.928361,5413152.12663,08236
08236,2010,78447.0,10.0,78447.0,10.0,0.0,7.4623237,0.0047680056,1842.5211,8.785151,471310.928361,5413152.12663,08236
08236,2011,78447.0,10.0,78447.0,10.0,0.0,7.3806224,0.09243533,1697.9701,156.95244,471310.928361,5413152.12663,08236
08236,2012,78447.0,10.0,78447.0,10.0,0.0,7.398057,0.0068970206,1727.8333,11.916902,471310.928361,5413152.12663,08236
08236,2013,78447.0,10.0,78447.0,10.0,0.0,7.4968295,0.0713682,1907.2091,136.11407,471310.928361,5413152.12663,08236
08236,2014,78447.0,10.0,78447.0,10.0,0.0,7.4364977,0.07587978,1795.5453,136.24559,471310.928361,5413152.12663,08236
08236,2015,78447.0,10.0,78447.0,10.0,0.0,7.5364656,0.026328381,1984.3208,52.243954,471310.928361,5413152.12663,08236
08236,2016,78447.0,10.0,78447.0,10.0,0.0,7.607526,0.026826082,2130.4585,57.151855,471310.928361,5413152.12663,08236
08236,2017,78447.0,10.0,78447.0,10.0,0.0,7.6468906,0.06948901,2215.9958,153.98737,471310.928361,5413152.12663,08236
08236,2018,78447.0,10.0,78447.0,10.0,0.0,7.826678,0.033986423,2652.4646,90.14779,471310.928361,5413152.12663,08236
08236,2019,78447.0,10.0,78447.0,10.0,0.0,7.775061,0.15642358,2519.0256,394.03503,471310.928361,5413152.12663,08236
08236,2020,78447.0,10.0,78447.0,10.0,0.0,7.9474506,0.05022445,2992.9563,150.3196,471310.928361,5413152.12663,08236
08236,2021,78447.0,10.0,78447.0,10.0,0.0,8.0682125,0.02707036,3377.1226,91.41992,471310.928361,5413152.12663,08236
08236,2022,78447.0,10.0,78447.0,10.0,0.0,8.104358,0.029905822,3501.4226,104.71292,471310.928361,5413152.12663,08236
08236,2023,78447.0,10.0,78447.0,10.0,0.0,8.066064,0.016010566,3369.8728,53.95357,471310.928361,5413152.12663,08236
08236,2024,78447.0,10.0,78447.0,10.0,0.0,8.12218,0.011825229,3564.3838,42.149654,471310.928361,5413152.12663,08236
08236,2025,78447.0,10.0,78447.0,10.0,0.0,8.107524,0.05222635,3512.5237,183.44629,471310.928361,5413152.12663,08236
08237,2007,15529.0,10.0,15529.0,10.0,0.0,7.1821084,0.0881091,1391.714,122.622665,455976.256321,5356374.27982,08237
08237,2008,15529.0,10.0,15529.0,10.0,0.0,7.261972,0.081376806,1507.4199,122.669014,455976.256321,5356374.27982,08237
08237,2009,15529.0,10.0,15529.0,10.0,0.0,7.0234385,0.1259493,1187.519,149.56718,455976.256321,5356374.27982,08237
08237,2010,15529.0,10.0,15529.0,10.0,0.0,7.0734816,0.08581207,1248.4583,107.13279,455976.256321,5356374.27982,08237
08237,2011,15529.0,10.0,15529.0,10.0,0.0,6.8979535,0.06367135,1047.4739,66.69408,455976.256321,5356374.27982,08237
08237,2012,15529.0,10.0,15529.0,10.0,0.0,7.090036,0.02395973,1269.2974,30.412022,455976.256321,5356374.27982,08237
08237,2013,15529.0,10.0,15529.0,10.0,0.0,7.0386972,0.013712155,1205.7781,16.533815,455976.256321,5356374.27982,08237
08237,2014,15529.0,10.0,15529.0,10.0,0.0,6.9478807,0.05991127,1101.0989,65.96823,455976.256321,5356374.27982,08237
08237,2015,15529.0,10.0,15529.0,10.0,0.0,7.0178075,0.09470324,1180.851,111.830414,455976.256321,5356374.27982,08237
08237,2016,15529.0,10.0,15529.0,10.0,0.0,7.1091866,0.14484264,1293.8397,187.40315,455976.256321,5356374.27982,08237
08237,2017,15529.0,10.0,15529.0,10.0,0.0,7.285933,0.09084372,1543.976,140.26051,455976.256321,5356374.27982,08237
08237,2018,15529.0,10.0,15529.0,10.0,0.0,7.4557056,0.04786845,1829.6656,87.58326,455976.256321,5356374.27982,08237
08237,2019,15529.0,10.0,15529.0,10.0,0.0,7.333642,0.03409419,1619.4226,55.2129,455976.256321,5356374.27982,08237
08237,2020,15529.0,10.0,15529.0,10.0,0.0,7.5216103,0.061825387,1954.3115,120.826065,455976.256321,5356374.27982,08237
08237,2021,15529.0,10.0,15529.0,10.0,0.0,7.780517,0.113388926,2531.8364,287.0822,455976.256321,5356374.27982,08237
08237,2022,15529.0,10.0,15529.0,10.0,0.0,7.8669496,0.052933034,2760.4045,146.1166,455976.256321,5356374.27982,08237
08237,2023,15529.0,10.0,15529.0,10.0,0.0,7.8145375,0.21052706,2619.4526,551.46564,455976.256321,5356374.27982,08237
08237,2024,15529.0,10.0,15529.0,10.0,0.0,7.9780035,0.19736488,3084.6284,608.7973,455976.256321,5356374.27982,08237
08237,2025,15529.0,10.0,15529.0,10.0,0.0,8.006926,0.13936092,3175.1443,442.49103,455976.256321,5356374.27982,08237
08311,2007,80428.0,10.0,80428.0,10.0,0.0,7.833259,0.0519262,2609.415,135.49701,411822.334243,5316161.11624,08311
08311,2008,80428.0,10.0,80428.0,10.0,0.0,7.8106837,0.058714468,2551.1667,149.7904,411822.334243,5316161.11624,08311
08311,2009,80428.0,10.0,80428.0,10.0,0.0,7.7170353,0.060716998,2323.099,141.05159,411822.334243,5316161.11624,08311
08311,2010,80428.0,10.0,80428.0,10.0,0.0,7.8116374,0.059685905,2553.6006,152.41396,411822.334243,5316161.11624,08311
08311,2011,80428.0,10.0,80428.0,10.0,0.0,7.918347,0.064790614,2841.1646,184.08081,411822.334243,5316161.11624,08311
08311,2012,80428.0,10.0,80428.0,10.0,0.0,8.034179,0.07296331,3190.0793,232.75876,411822.334243,5316161.11624,08311
08311,2013,80428.0,10.0,80428.0,10.0,0.0,8.18124,0.089092344,3695.4673,329.23782,411822.334243,5316161.11624,08311
08311,2014,80428.0,10.0,80428.0,10.0,0.0,8.165159,0.094757766,3636.515,344.588,411822.334243,5316161.11624,08311
08311,2015,80428.0,10.0,80428.0,10.0,0.0,8.169618,0.093616135,3652.765,341.95776,411822.334243,5316161.11624,08311
08311,2016,80428.0,10.0,80428.0,10.0,0.0,8.291165,0.09607921,4124.8604,396.31332,411822.334243,5316161.11624,08311
08311,2017,80428.0,10.0,80428.0,10.0,0.0,8.370235,0.07572586,4464.257,338.0597,411822.334243,5316161.11624,08311
08311,2018,80428.0,10.0,80428.0,10.0,0.0,8.424839,0.076556444,4714.7964,360.94803,411822.334243,5316161.11624,08311
08311,2019,80428.0,10.0,80428.0,10.0,0.0,8.450719,0.059590228,4838.4097,288.32193,411822.334243,5316161.11624,08311
08311,2020,80428.0,10.0,80428.0,10.0,0.0,8.6026125,0.0625616,5632.082,352.35205,411822.334243,5316161.11624,08311
08311,2021,80428.0,10.0,80428.0,10.0,0.0,8.664087,0.08068141,5989.18,483.2155,411822.334243,5316161.11624,08311
08311,2022,80428.0,10.0,80428.0,10.0,0.0,8.626456,0.07626671,5767.9873,439.90546,411822.334243,5316161.11624,08311
08311,2023,80428.0,10.0,80428.0,10.0,0.0,8.557486,0.04479635,5383.5767,241.16458,411822.334243,5316161.11624,08311
08311,2024,80428.0,10.0,80428.0,10.0,0.0,8.419915,0.0044129323,4691.641,20.703894,411822.334243,5316161.11624,08311
08311,2025,80428.0,10.0,80428.0,10.0,0.0,8.59663,0.042119462,5598.4927,235.8055,411822.334243,5316161.11624,08311
08315,2007,13780.0,10.0,13780.0,10.0,0.0,7.2246275,0.062042244,1432.6202,88.88297,440232.999447,5301812.56683,08315
08315,2008,13780.0,10.0,13780.0,10.0,0.0,7.195918,0.032465313,1392.0753,45.19416,440232.999447,5301812.56683,08315
08315,2009,13780.0,10.0,13780.0,10.0,0.0,7.228727,0.0618643,1438.505,88.99211,440232.999447,5301812.56683,08315
08315,2010,13780.0,10.0,13780.0,10.0,0.0,7.2626696,0.0911213,1488.1694,135.60394,440232.999447,5301812.56683,08315
08315,2011,13780.0,10.0,13780.0,10.0,0.0,7.1885295,0.03424968,1381.8273,47.32714,440232.999447,5301812.56683,08315
08315,2012,13780.0,10.0,13780.0,10.0,0.0,7.16546,0.037460506,1350.3148,50.583477,440232.999447,5301812.56683,08315
08315,2013,13780.0,10.0,13780.0,10.0,0.0,7.1440897,0.0019096236,1321.7637,2.524071,440232.999447,5301812.56683,08315
08315,2014,13780.0,10.0,13780.0,10.0,0.0,7.213962,0.01024423,1417.4219,14.520395,440232.999447,5301812.56683,08315
08315,2015,13780.0,10.0,13780.0,10.0,0.0,7.3233247,0.016505783,1581.2286,26.099417,440232.999447,5301812.56683,08315
08315,2016,13780.0,10.0,13780.0,10.0,0.0,7.385186,0.05141326,1682.1348,86.48403,440232.999447,5301812.56683,08315
08315,2017,13780.0,10.0,13780.0,10.0,0.0,7.4957943,0.053103216,1878.8721,99.77415,440232.999447,5301812.56683,08315
08315,2018,13780.0,10.0,13780.0,10.0,0.0,7.4958715,0.10739711,1879.0175,201.80104,440232.999447,5301812.56683,08315
08315,2019,13780.0,10.0,13780.0,10.0,0.0,7.4549036,0.090558626,1803.5935,163.33095,440232.999447,5301812.56683,08315
08315,2020,13780.0,10.0,13780.0,10.0,0.0,7.7532744,0.03562319,2430.6338,86.58693,440232.999447,5301812.56683,08315
08315,2021,13780.0,10.0,13780.0,10.0,0.0,7.9100337,0.055564154,2843.1455,157.97697,440232.999447,5301812.56683,08315
08315,2022,13780.0,10.0,13780.0,10.0,0.0,7.9929895,0.05668378,3089.0603,175.09961,440232.999447,5301812.56683,08315
08315,2023,13780.0,10.0,13780.0,10.0,0.0,8.065609,0.024950052,3321.7322,82.87739,440232.999447,5301812.56683,08315
08315,2024,13780.0,10.0,13780.0,10.0,0.0,8.22037,0.12745528,3877.7205,494.23596,440232.999447,5301812.56683,08315
08315,2025,13780.0,10.0,13780.0,10.0,0.0,7.9407525,0.071407035,2931.839,209.35394,440232.999447,5301812.56683,08315
08316,2007,77216.0,10.0,77216.0,10.0,0.0,7.6293073,0.033607125,2125.6946,71.43849,416856.958955,5324782.99915,08316
08316,2008,77216.0,10.0,77216.0,10.0,0.0,7.6786504,0.035630524,2233.2139,79.57059,416856.958955,5324782.99915,08316
08316,2009,77216.0,10.0,77216.0,10.0,0.0,7.6215835,0.06289745,2109.3396,132.67207,416856.958955,5324782.99915,08316
08316,2010,77216.0,10.0,77216.0,10.0,0.0,7.609397,0.0013792152,2083.7898,2.8739946,416856.958955,5324782.99915,08316
08316,2011,77216.0,10.0,77216.0,10.0,0.0,7.6363173,0.09054444,2140.649,193.82385,416856.958955,5324782.99915,08316
08316,2012,77216.0,10.0,77216.0,10.0,0.0,7.7211366,0.11100947,2330.1392,258.6675,416856.958955,5324782.99915,08316
08316,2013,77216.0,10.0,77216.0,10.0,0.0,7.8312,0.18321335,2601.2483,476.5834,416856.958955,5324782.99915,08316
08316,2014,77216.0,10.0,77216.0,10.0,0.0,7.9140196,0.1493526,2825.8552,422.0488,416856.958955,5324782.99915,08316
08316,2015,77216.0,10.0,77216.0,10.0,0.0,7.906399,0.080717,2804.402,226.36292,416856.958955,5324782.99915,08316
08316,2016,77216.0,10.0,77216.0,10.0,0.0,8.000926,0.10772353,3082.4263,332.04984,416856.958955,5324782.99915,08316
08316,2017,77216.0,10.0,77216.0,10.0,0.0,8.08584,0.06959846,3355.6045,233.54489,416856.958955,5324782.99915,08316
08316,2018,77216.0,10.0,77216.0,10.0,0.0,8.092854,0.06775654,3379.221,228.96431,416856.958955,5324782.99915,08316
08316,2019,77216.0,10.0,77216.0,10.0,0.0,8.263896,0.12072541,4009.5852,484.0588,416856.958955,5324782.99915,08316
08316,2020,77216.0,10.0,77216.0,10.0,0.0,8.276965,0.051823888,4062.329,210.52568,416856.958955,5324782.99915,08316
08316,2021,77216.0,10.0,77216.0,10.0,0.0,8.4205265,0.04498372,4689.463,210.94946,416856.958955,5324782.99915,08316
08316,2022,77216.0,10.0,77216.0,10.0,0.0,8.42615,0.04352042,4715.911,205.23845,416856.958955,5324782.99915,08316
08316,2023,77216.0,10.0,77216.0,10.0,0.0,8.427088,0.050780933,4720.332,239.70287,416856.958955,5324782.99915,08316
08316,2024,77216.0,10.0,77216.0,10.0,0.0,8.476827,0.0399279,4961.0537,198.08447,416856.958955,5324782.99915,08316
08316,2025,77216.0,10.0,77216.0,10.0,0.0,8.461982,0.046353314,4887.9517,226.57277,416856.958955,5324782.99915,08316
08317,2007,20337.0,10.0,20337.0,10.0,0.0,7.3269277,0.005202206,1593.5677,8.290068,424717.706377,5378300.47391,08317
08317,2008,20337.0,10.0,20337.0,10.0,0.0,7.2851143,0.012891659,1528.3096,19.702444,424717.706377,5378300.47391,08317
08317,2009,20337.0,10.0,20337.0,10.0,0.0,7.233397,0.0048796055,1451.2786,7.081667,424717.706377,5378300.47391,08317
08317,2010,20337.0,10.0,20337.0,10.0,0.0,7.268359,0.06598506,1502.9158,99.16999,424717.706377,5378300.47391,08317
08317,2011,20337.0,10.0,20337.0,10.0,0.0,7.2482505,0.052671093,1472.9962,77.58432,424717.706377,5378300.47391,08317
08317,2012,20337.0,10.0,20337.0,10.0,0.0,7.2849383,0.021077663,1528.0404,32.20752,424717.706377,5378300.47391,08317
08317,2013,20337.0,10.0,20337.0,10.0,0.0,7.3111305,0.03634534,1568.5918,57.011,424717.706377,5378300.47391,08317
08317,2014,20337.0,10.0,20337.0,10.0,0.0,7.331899,0.00023168938,1601.5101,0.3710529,424717.706377,5378300.47391,08317
08317,2015,20337.0,10.0,20337.0,10.0,0.0,7.621437,0.014268264,2139.314,30.524296,424717.706377,5378300.47391,08317
08317,2016,20337.0,10.0,20337.0,10.0,0.0,7.5705743,0.08933842,2033.2227,181.64491,424717.706377,5378300.47391,08317
08317,2017,20337.0,10.0,20337.0,10.0,0.0,7.6485996,0.038353283,2198.2188,84.30891,424717.706377,5378300.47391,08317
08317,2018,20337.0,10.0,20337.0,10.0,0.0,7.7358212,0.055651575,2398.5615,133.48372,424717.706377,5378300.47391,08317
08317,2019,20337.0,10.0,20337.0,10.0,0.0,7.503572,0.04845981,1901.4564,92.14422,424717.706377,5378300.47391,08317
08317,2020,20337.0,10.0,20337.0,10.0,0.0,7.582451,0.07969105,2057.5144,163.96548,424717.706377,5378300.47391,08317
08317,2021,20337.0,10.0,20337.0,10.0,0.0,7.999722,0.05933408,3122.925,185.29588,424717.706377,5378300.47391,08317
08317,2022,20337.0,10.0,20337.0,10.0,0.0,8.028036,0.07165624,3212.6108,230.20361,424717.706377,5378300.47391,08317
08317,2023,20337.0,10.0,20337.0,10.0,0.0,8.064376,0.070628844,3331.5051,235.30035,424717.706377,5378300.47391,08317
08317,2024,20337.0,10.0,20337.0,10.0,0.0,8.016804,0.095438555,3176.728,303.18234,424717.706377,5378300.47391,08317
08317,2025,20337.0,10.0,20337.0,10.0,0.0,7.9900084,0.015902113,3092.737,49.181057,424717.706377,5378300.47391,08317
08325,2007,25603.0,10.0,25603.0,10.0,0.0,7.047775,0.052831404,1227.7789,64.86529,465196.087659,5356101.13437,08325
08325,2008,25603.0,10.0,25603.0,10.0,0.0,7.1278014,0.07402403,1330.0724,98.45731,465196.087659,5356101.13437,08325
08325,2009,25603.0,10.0,25603.0,10.0,0.0,7.186976,0.0018059596,1411.1543,2.5484877,465196.087659,5356101.13437,08325
08325,2010,25603.0,10.0,25603.0,10.0,0.0,7.1998553,0.05437309,1429.4464,77.72342,465196.087659,5356101.13437,08325
08325,2011,25603.0,10.0,25603.0,10.0,0.0,6.997336,0.00040593048,1167.3867,0.47387788,465196.087659,5356101.13437,08325
08325,2012,25603.0,10.0,25603.0,10.0,0.0,7.0775557,0.008553504,1264.8931,10.819268,465196.087659,5356101.13437,08325
08325,2013,25603.0,10.0,25603.0,10.0,0.0,7.116149,0.015264586,1314.664,20.0678,465196.087659,5356101.13437,08325
08325,2014,25603.0,10.0,25603.0,10.0,0.0,7.224302,0.25311738,1464.8221,370.77194,465196.087659,5356101.13437,08325
08325,2015,25603.0,10.0,25603.0,10.0,0.0,7.0490437,0.08487528,1229.3378,104.340385,465196.087659,5356101.13437,08325
08325,2016,25603.0,10.0,25603.0,10.0,0.0,7.153305,0.010239449,1364.4303,13.971015,465196.087659,5356101.13437,08325
08325,2017,25603.0,10.0,25603.0,10.0,0.0,7.2425423,0.15065788,1491.7865,224.74939,465196.087659,5356101.13437,08325
08325,2018,25603.0,10.0,25603.0,10.0,0.0,7.244595,0.07320036,1494.8518,109.42369,465196.087659,5356101.13437,08325
08325,2019,25603.0,10.0,25603.0,10.0,0.0,7.416977,0.086823516,1776.0803,154.20554,465196.087659,5356101.13437,08325
08325,2020,25603.0,10.0,25603.0,10.0,0.0,7.486241,0.041085213,1903.4586,78.204,465196.087659,5356101.13437,08325
08325,2021,25603.0,10.0,25603.0,10.0,0.0,7.7071085,0.084338926,2373.915,200.21346,465196.087659,5356101.13437,08325
08325,2022,25603.0,10.0,25603.0,10.0,0.0,7.612626,0.029879497,2159.8914,64.53647,465196.087659,5356101.13437,08325
08325,2023,25603.0,10.0,25603.0,10.0,0.0,7.7848587,0.008498882,2565.8518,21.806873,465196.087659,5356101.13437,08325
08325,2024,25603.0,10.0,25603.0,10.0,0.0,7.772594,0.0039293533,2534.5754,9.959242,465196.087659,5356101.13437,08325
08325,2025,25603.0,10.0,25603.0,10.0,0.0,7.634158,0.018829599,2206.9026,41.55509,465196.087659,5356101.13437,08325
08326,2007,31154.0,10.0,31154.0,10.0,0.0,7.3443866,0.044896208,1628.1516,73.09783,469167.39001,5316028.16241,08326
08326,2008,31154.0,10.0,31154.0,10.0,0.0,7.3575096,0.026247026,1649.6588,43.298637,469167.39001,5316028.16241,08326
08326,2009,31154.0,10.0,31154.0,10.0,0.0,7.196921,0.028258268,1404.9186,39.700565,469167.39001,5316028.16241,08326
08326,2010,31154.0,10.0,31154.0,10.0,0.0,7.334737,0.063530795,1612.5154,102.44438,469167.39001,5316028.16241,08326
08326,2011,31154.0,10.0,31154.0,10.0,0.0,7.3978195,0.0556485,1717.5142,95.57708,469167.39001,5316028.16241,08326
08326,2012,31154.0,10.0,31154.0,10.0,0.0,7.1820054,0.07329887,1384.1191,101.45437,469167.39001,5316028.16241,08326
08326,2013,31154.0,10.0,31154.0,10.0,0.0,7.246407,0.036871117,1476.1917,54.428837,469167.39001,5316028.16241,08326
08326,2014,31154.0,10.0,31154.0,10.0,0.0,7.4543753,0.019471398,1817.449,35.38827,469167.39001,5316028.16241,08326
08326,2015,31154.0,10.0,31154.0,10.0,0.0,7.36591,0.03551604,1663.5748,59.083588,469167.39001,5316028.16241,08326
08326,2016,31154.0,10.0,31154.0,10.0,0.0,7.396226,0.015629685,1714.7795,26.801466,469167.39001,5316028.16241,08326
08326,2017,31154.0,10.0,31154.0,10.0,0.0,7.3073087,0.100835495,1568.8883,158.19963,469167.39001,5316028.16241,08326
08326,2018,31154.0,10.0,31154.0,10.0,0.0,7.468483,0.04593393,1843.2709,84.66867,469167.39001,5316028.16241,08326
08326,2019,31154.0,10.0,31154.0,10.0,0.0,7.8325424,0.10301418,2652.7615,273.27203,469167.39001,5316028.16241,08326
08326,2020,31154.0,10.0,31154.0,10.0,0.0,8.168773,0.025017537,3712.969,92.889336,469167.39001,5316028.16241,08326
08326,2021,31154.0,10.0,31154.0,10.0,0.0,8.155884,0.026293484,3665.4194,96.37665,469167.39001,5316028.16241,08326
08326,2022,31154.0,10.0,31154.0,10.0,0.0,8.128311,0.06634877,3565.7327,236.58197,469167.39001,5316028.16241,08326
08326,2023,31154.0,10.0,31154.0,10.0,0.0,8.093507,0.12892097,3443.765,443.97354,469167.39001,5316028.16241,08326
08326,2024,31154.0,10.0,31154.0,10.0,0.0,8.1142025,0.0089131845,3515.7778,31.336775,469167.39001,5316028.16241,08326
08326,2025,31154.0,10.0,31154.0,10.0,0.0,7.928095,0.030546963,2918.7446,89.15879,469167.39001,5316028.16241,08326
08327,2007,10100.0,10.0,10100.0,10.0,0.0,6.836371,0.12786159,976.9316,124.91202,494334.074225,5325939.0986,08327
08327,2008,10100.0,10.0,10100.0,10.0,0.0,6.936981,0.09143221,1080.3357,98.77747,494334.074225,5325939.0986,08327
08327,2009,10100.0,10.0,10100.0,10.0,0.0,6.8698206,0.029429324,1010.1624,29.728397,494334.074225,5325939.0986,08327
08327,2010,10100.0,10.0,10100.0,10.0,0.0,6.8078275,0.013452984,949.4407,12.772811,494334.074225,5325939.0986,08327
08327,2011,10100.0,10.0,10100.0,10.0,0.0,7.42398,0.40677458,1758.1653,715.17694,494334.074225,5325939.0986,08327
08327,2012,10100.0,10.0,10100.0,10.0,0.0,7.082786,0.0521982,1249.9161,65.24338,494334.074225,5325939.0986,08327
08327,2013,10100.0,10.0,10100.0,10.0,0.0,6.6877,0.24351613,841.97076,205.03346,494334.074225,5325939.0986,08327
08327,2014,10100.0,10.0,10100.0,10.0,0.0,6.8282175,0.032533996,968.9988,31.525402,494334.074225,5325939.0986,08327
08327,2015,10100.0,10.0,10100.0,10.0,0.0,6.982124,0.24777342,1130.2223,280.03906,494334.074225,5325939.0986,08327
08327,2016,10100.0,10.0,10100.0,10.0,0.0,7.031125,0.14950727,1186.9839,177.46272,494334.074225,5325939.0986,08327
08327,2017,10100.0,10.0,10100.0,10.0,0.0,7.001208,0.06420863,1151.9983,73.96823,494334.074225,5325939.0986,08327
08327,2018,10100.0,10.0,10100.0,10.0,0.0,7.413361,0.045069747,1739.5935,78.403046,494334.074225,5325939.0986,08327
08327,2019,10100.0,10.0,10100.0,10.0,0.0,7.5932074,0.15015872,2082.351,312.68317,494334.074225,5325939.0986,08327
08327,2020,10100.0,10.0,10100.0,10.0,0.0,7.2444067,0.04640373,1469.1694,68.17494,494334.074225,5325939.0986,08327
08327,2021,10100.0,10.0,10100.0,10.0,0.0,7.752865,0.062935136,2442.825,153.73952,494334.074225,5325939.0986,08327
08327,2022,10100.0,10.0,10100.0,10.0,0.0,7.6068625,0.1336116,2110.981,282.05154,494334.074225,5325939.0986,08327
08327,2023,10100.0,10.0,10100.0,10.0,0.0,7.936755,0.045009363,2935.993,132.14717,494334.074225,5325939.0986,08327
08327,2024,10100.0,10.0,10100.0,10.0,0.0,7.789458,0.16038729,2533.8716,406.40082,494334.074225,5325939.0986,08327
08327,2025,10100.0,10.0,10100.0,10.0,0.0,7.9168286,0.025636053,2878.068,73.7823,494334.074225,5325939.0986,08327
08335,2007,30078.0,10.0,30078.0,10.0,0.0,7.5117764,0.06851632,1910.4303,130.89566,482048.549217,5291919.15933,08335
08335,2008,30078.0,10.0,30078.0,10.0,0.0,7.4348183,0.058040548,1768.9216,102.669174,482048.549217,5291919.15933,08335
08335,2009,30078.0,10.0,30078.0,10.0,0.0,7.267571,0.031845544,1496.4904,47.656548,482048.549217,5291919.15933,08335
08335,2010,30078.0,10.0,30078.0,10.0,0.0,7.4164414,0.0939171,1736.7113,163.1069,482048.549217,5291919.15933,08335
08335,2011,30078.0,10.0,30078.0,10.0,0.0,7.3771024,0.1045886,1669.717,174.63336,482048.549217,5291919.15933,08335
08335,2012,30078.0,10.0,30078.0,10.0,0.0,7.5253286,0.033874918,1936.4966,65.598656,482048.549217,5291919.15933,08335
08335,2013,30078.0,10.0,30078.0,10.0,0.0,7.39788,0.019803435,1704.7727,33.760357,482048.549217,5291919.15933,08335
08335,2014,30078.0,10.0,30078.0,10.0,0.0,7.4729466,0.057073716,1837.6703,104.882675,482048.549217,5291919.15933,08335
08335,2015,30078.0,10.0,30078.0,10.0,0.0,7.5486283,0.027094303,1982.1456,53.704853,482048.549217,5291919.15933,08335
08335,2016,30078.0,10.0,30078.0,10.0,0.0,7.7088704,0.06454144,2326.6335,150.16426,482048.549217,5291919.15933,08335
08335,2017,30078.0,10.0,30078.0,10.0,0.0,7.889886,0.08194613,2788.316,228.49168,482048.549217,5291919.15933,08335
08335,2018,30078.0,10.0,30078.0,10.0,0.0,8.065363,0.20948412,3323.1548,696.14813,482048.549217,5291919.15933,08335
08335,2019,30078.0,10.0,30078.0,10.0,0.0,8.051697,0.18282127,3278.049,599.29706,482048.549217,5291919.15933,08335
08335,2020,30078.0,10.0,30078.0,10.0,0.0,8.036539,0.38355583,3228.735,1238.4001,482048.549217,5291919.15933,08335
08335,2021,30078.0,10.0,30078.0,10.0,0.0,8.052458,0.10836978,3280.5437,355.5118,482048.549217,5291919.15933,08335
08335,2022,30078.0,10.0,30078.0,10.0,0.0,8.239148,0.0846019,3953.8892,334.50656,482048.549217,5291919.15933,08335
08335,2023,30078.0,10.0,30078.0,10.0,0.0,8.144395,0.052865174,3596.4473,190.12682,482048.549217,5291919.15933,08335
08335,2024,30078.0,10.0,30078.0,10.0,0.0,8.095075,0.029213022,3423.3743,100.0071,482048.549217,5291919.15933,08335
08335,2025,30078.0,10.0,30078.0,10.0,0.0,8.089967,0.03065013,3405.9326,104.39228,482048.549217,5291919.15933,08335
08336,2007,26592.0,10.0,26592.0,10.0,0.0,7.482121,0.051258348,1843.0248,94.470406,392445.708834,5280812.20729,08336
08336,2008,26592.0,10.0,26592.0,10.0,0.0,7.5077486,0.061927915,1890.8674,117.09747,392445.708834,5280812.20729,08336
08336,2009,26592.0,10.0,26592.0,10.0,0.0,7.4486675,0.024936106,1782.389,44.445843,392445.708834,5280812.20729,08336
08336,2010,26592.0,10.0,26592.0,10.0,0.0,7.3885226,0.010882105,1678.3481,18.26396,392445.708834,5280812.20729,08336
08336,2011,26592.0,10.0,26592.0,10.0,0.0,7.433816,0.04046514,1756.1141,71.0614,392445.708834,5280812.20729,08336
08336,2012,26592.0,10.0,26592.0,10.0,0.0,7.5734234,0.06464756,2019.2188,130.53758,392445.708834,5280812.20729,08336
08336,2013,26592.0,10.0,26592.0,10.0,0.0,7.586323,0.030761734,2045.4344,62.92111,392445.708834,5280812.20729,08336
08336,2014,26592.0,10.0,26592.0,10.0,0.0,7.6047196,0.03785761,2083.412,78.873,392445.708834,5280812.20729,08336
08336,2015,26592.0,10.0,26592.0,10.0,0.0,7.8516526,0.061720945,2666.9614,164.60738,392445.708834,5280812.20729,08336
08336,2016,26592.0,10.0,26592.0,10.0,0.0,7.9185305,0.08541548,2851.422,243.5556,392445.708834,5280812.20729,08336
08336,2017,26592.0,10.0,26592.0,10.0,0.0,7.7105823,0.012394713,2316.0645,28.706957,392445.708834,5280812.20729,08336
08336,2018,26592.0,10.0,26592.0,10.0,0.0,7.8475595,0.043950398,2656.0674,116.73522,392445.708834,5280812.20729,08336
08336,2019,26592.0,10.0,26592.0,10.0,0.0,8.024358,0.045885853,3169.725,145.44554,392445.708834,5280812.20729,08336
08336,2020,26592.0,10.0,26592.0,10.0,0.0,8.01422,0.09456356,3137.7556,296.71735,392445.708834,5280812.20729,08336
08336,2021,26592.0,10.0,26592.0,10.0,0.0,8.22021,0.09247554,3855.4854,356.53812,392445.708834,5280812.20729,08336
08336,2022,26592.0,10.0,26592.0,10.0,0.0,8.214114,0.043768704,3832.0554,167.72409,392445.708834,5280812.20729,08336
08336,2023,26592.0,10.0,26592.0,10.0,0.0,8.184626,0.027176866,3720.7053,101.11711,392445.708834,5280812.20729,08336
08336,2024,26592.0,10.0,26592.0,10.0,0.0,8.066442,0.09230511,3305.9656,305.15753,392445.708834,5280812.20729,08336
08336,2025,26592.0,10.0,26592.0,10.0,0.0,8.004863,0.046500538,3108.53,144.54832,392445.708834,5280812.20729,08336
08337,2007,12567.0,10.0,12567.0,10.0,0.0,7.2571483,0.049035434,1486.2924,72.881,433997.409096,5274700.6476,08337
08337,2008,12567.0,10.0,12567.0,10.0,0.0,7.241342,0.027005691,1462.9843,39.5089,433997.409096,5274700.6476,08337
08337,2009,12567.0,10.0,12567.0,10.0,0.0,7.203431,0.03955024,1408.559,55.70885,433997.409096,5274700.6476,08337
08337,2010,12567.0,10.0,12567.0,10.0,0.0,7.2279944,0.07684174,1443.5863,110.92769,433997.409096,5274700.6476,08337
08337,2011,12567.0,10.0,12567.0,10.0,0.0,7.1529484,0.0091154175,1339.2164,12.207517,433997.409096,5274700.6476,08337
08337,2012,12567.0,10.0,12567.0,10.0,0.0,7.4590516,0.04081044,1818.8198,74.22684,433997.409096,5274700.6476,08337
08337,2013,12567.0,10.0,12567.0,10.0,0.0,7.423069,0.032523323,1754.5371,57.063377,433997.409096,5274700.6476,08337
08337,2014,12567.0,10.0,12567.0,10.0,0.0,7.4462357,0.03200962,1795.6587,57.47835,433997.409096,5274700.6476,08337
08337,2015,12567.0,10.0,12567.0,10.0,0.0,7.438602,0.03899364,1782.0033,69.48679,433997.409096,5274700.6476,08337
08337,2016,12567.0,10.0,12567.0,10.0,0.0,7.42702,0.037101816,1761.4832,65.354225,433997.409096,5274700.6476,08337
08337,2017,12567.0,10.0,12567.0,10.0,0.0,7.541442,0.012180527,1975.0192,24.056774,433997.409096,5274700.6476,08337
08337,2018,12567.0,10.0,12567.0,10.0,0.0,7.6442657,0.020723747,2188.9062,45.36234,433997.409096,5274700.6476,08337
08337,2019,12567.0,10.0,12567.0,10.0,0.0,7.798278,0.025593467,2553.37,65.349594,433997.409096,5274700.6476,08337
08337,2020,12567.0,10.0,12567.0,10.0,0.0,7.8821654,0.006523368,2776.8076,18.114138,433997.409096,5274700.6476,08337
08337,2021,12567.0,10.0,12567.0,10.0,0.0,7.9419394,0.09905444,2947.849,291.99756,433997.409096,5274700.6476,08337
08337,2022,12567.0,10.0,12567.0,10.0,0.0,7.998189,0.062321305,3118.4163,194.34377,433997.409096,5274700.6476,08337
08337,2023,12567.0,10.0,12567.0,10.0,0.0,8.061808,0.006735299,3323.2537,22.383106,433997.409096,5274700.6476,08337
08337,2024,12567.0,10.0,12567.0,10.0,0.0,7.9972672,0.013713973,3115.5435,42.72648,433997.409096,5274700.6476,08337
08337,2025,12567.0,10.0,12567.0,10.0,0.0,7.886164,0.18744174,2787.9329,522.57495,433997.409096,5274700.6476,08337
08415,2007,46900.0,10.0,46900.0,10.0,0.0,7.485033,0.06450344,1865.2344,120.31404,526123.814505,5374892.75148,08415
08415,2008,46900.0,10.0,46900.0,10.0,0.0,7.531291,0.04609556,1953.5433,90.04968,526123.814505,5374892.75148,08415
08415,2009,46900.0,10.0,46900.0,10.0,0.0,7.401296,0.0021862006,1715.4058,3.750221,526123.814505,5374892.75148,08415
08415,2010,46900.0,10.0,46900.0,10.0,0.0,7.4726086,0.008236527,1842.203,15.173356,526123.814505,5374892.75148,08415
08415,2011,46900.0,10.0,46900.0,10.0,0.0,7.372772,0.03946253,1667.1669,65.79062,526123.814505,5374892.75148,08415
08415,2012,46900.0,10.0,46900.0,10.0,0.0,7.413651,0.03668898,1736.731,63.718884,526123.814505,5374892.75148,08415
08415,2013,46900.0,10.0,46900.0,10.0,0.0,7.381744,0.10443805,1682.1915,175.6848,526123.814505,5374892.75148,08415
08415,2014,46900.0,10.0,46900.0,10.0,0.0,7.3851743,0.08604832,1687.9725,145.24721,526123.814505,5374892.75148,08415
08415,2015,46900.0,10.0,46900.0,10.0,0.0,7.5825152,0.017933656,2056.2195,36.875534,526123.814505,5374892.75148,08415
08415,2016,46900.0,10.0,46900.0,10.0,0.0,7.810655,0.0093199,2583.1482,24.074682,526123.814505,5374892.75148,08415
08415,2017,46900.0,10.0,46900.0,10.0,0.0,7.8750863,0.115614824,2755.0623,318.52603,526123.814505,5374892.75148,08415
08415,2018,46900.0,10.0,46900.0,10.0,0.0,7.9389515,0.1115455,2936.7546,327.58176,526123.814505,5374892.75148,08415
08415,2019,46900.0,10.0,46900.0,10.0,0.0,8.104671,0.06653469,3466.0796,230.61453,526123.814505,5374892.75148,08415
08415,2020,46900.0,10.0,46900.0,10.0,0.0,8.21032,0.13708957,3852.313,528.11194,526123.814505,5374892.75148,08415
08415,2021,46900.0,10.0,46900.0,10.0,0.0,8.295858,0.10322823,4196.338,433.18054,526123.814505,5374892.75148,08415
08415,2022,46900.0,10.0,46900.0,10.0,0.0,8.281203,0.028452389,4135.2896,117.658875,526123.814505,5374892.75148,08415
08415,2023,46900.0,10.0,46900.0,10.0,0.0,8.296664,0.010664273,4199.7188,44.786953,526123.814505,5374892.75148,08415
08415,2024,46900.0,10.0,46900.0,10.0,0.0,8.108243,0.011381184,3478.4832,39.589256,526123.814505,5374892.75148,08415
08415,2025,46900.0,10.0,46900.0,10.0,0.0,8.038903,0.031275243,3245.4583,101.50249,526123.814505,5374892.75148,08415
08416,2007,59448.0,10.0,59448.0,10.0,0.0,7.643518,0.03809415,2174.9531,82.853,507677.676318,5382805.89405,08416
08416,2008,59448.0,10.0,59448.0,10.0,0.0,7.7053747,0.052649707,2313.7358,121.81751,507677.676318,5382805.89405,08416
08416,2009,59448.0,10.0,59448.0,10.0,0.0,7.6410794,0.02929112,2169.6555,63.551643,507677.676318,5382805.89405,08416
08416,2010,59448.0,10.0,59448.0,10.0,0.0,7.713231,0.060736645,2331.985,141.63696,507677.676318,5382805.89405,08416
08416,2011,59448.0,10.0,59448.0,10.0,0.0,7.5690765,0.008122466,2018.9258,16.398657,507677.676318,5382805.89405,08416
08416,2012,59448.0,10.0,59448.0,10.0,0.0,7.5876856,0.07352518,2056.8474,151.23007,507677.676318,5382805.89405,08416
08416,2013,59448.0,10.0,59448.0,10.0,0.0,7.6273074,0.064961575,2139.9797,139.01645,507677.676318,5382805.89405,08416
08416,2014,59448.0,10.0,59448.0,10.0,0.0,7.7099233,0.024374668,2324.2842,56.653652,507677.676318,5382805.89405,08416
08416,2015,59448.0,10.0,59448.0,10.0,0.0,7.6545243,0.019415412,2199.0234,42.694946,507677.676318,5382805.89405,08416
08416,2016,59448.0,10.0,59448.0,10.0,0.0,7.742622,0.056520715,2401.542,135.73688,507677.676318,5382805.89405,08416
08416,2017,59448.0,10.0,59448.0,10.0,0.0,7.8799214,0.056887176,2754.9805,156.72307,507677.676318,5382805.89405,08416
08416,2018,59448.0,10.0,59448.0,10.0,0.0,7.9674907,0.013067612,3007.1099,39.295746,507677.676318,5382805.89405,08416
08416,2019,59448.0,10.0,59448.0,10.0,0.0,7.9849544,0.10279959,3060.0864,314.57562,507677.676318,5382805.89405,08416
08416,2020,59448.0,10.0,59448.0,10.0,0.0,8.166341,0.1468411,3668.672,538.71185,507677.676318,5382805.89405,08416
08416,2021,59448.0,10.0,59448.0,10.0,0.0,8.223164,0.13707283,3883.173,532.2775,507677.676318,5382805.89405,08416
08416,2022,59448.0,10.0,59448.0,10.0,0.0,8.379206,0.004873497,4538.947,22.120543,507677.676318,5382805.89405,08416
08416,2023,59448.0,10.0,59448.0,10.0,0.0,8.346442,0.003695692,4392.6426,16.233854,507677.676318,5382805.89405,08416
08416,2024,59448.0,10.0,59448.0,10.0,0.0,8.20313,0.03372468,3806.1536,128.36131,507677.676318,5382805.89405,08416
08416,2025,59448.0,10.0,59448.0,10.0,0.0,8.194312,0.0007021214,3772.7397,2.6489215,507677.676318,5382805.89405,08416
08417,2007,17604.0,10.0,17604.0,10.0,0.0,7.2610674,0.0138915405,1519.4811,21.107933,508784.157282,5351241.48349,08417
08417,2008,17604.0,10.0,17604.0,10.0,0.0,7.315402,0.062238168,1604.3258,99.850296,508784.157282,5351241.48349,08417
08417,2009,17604.0,10.0,17604.0,10.0,0.0,7.1905017,0.06178928,1415.9534,87.49074,508784.157282,5351241.48349,08417
08417,2010,17604.0,10.0,17604.0,10.0,0.0,7.168019,0.0055305483,1384.4741,7.6569014,508784.157282,5351241.48349,08417
08417,2011,17604.0,10.0,17604.0,10.0,0.0,7.087259,0.056731466,1277.0594,72.449455,508784.157282,5351241.48349,08417
08417,2012,17604.0,10.0,17604.0,10.0,0.0,7.0521855,0.0022194793,1233.0453,2.7367187,508784.157282,5351241.48349,08417
08417,2013,17604.0,10.0,17604.0,10.0,0.0,6.815414,0.12520403,973.08417,121.83405,508784.157282,5351241.48349,08417
08417,2014,17604.0,10.0,17604.0,10.0,0.0,6.7798877,0.10988669,939.12115,103.196915,508784.157282,5351241.48349,08417
08417,2015,17604.0,10.0,17604.0,10.0,0.0,7.0700946,0.0050845454,1255.3267,6.3827653,508784.157282,5351241.48349,08417
08417,2016,17604.0,10.0,17604.0,10.0,0.0,7.131467,0.016927565,1334.7825,22.594618,508784.157282,5351241.48349,08417
08417,2017,17604.0,10.0,17604.0,10.0,0.0,7.13728,0.045812108,1342.5641,61.50569,508784.157282,5351241.48349,08417
08417,2018,17604.0,10.0,17604.0,10.0,0.0,7.510662,0.12632708,1950.2612,246.37082,508784.157282,5351241.48349,08417
08417,2019,17604.0,10.0,17604.0,10.0,0.0,7.6363516,0.06327162,2211.4607,139.9227,508784.157282,5351241.48349,08417
08417,2020,17604.0,10.0,17604.0,10.0,0.0,7.6429944,0.0014043406,2226.2,3.1263428,508784.157282,5351241.48349,08417
08417,2021,17604.0,10.0,17604.0,10.0,0.0,7.5800114,0.004755932,2090.3108,9.941376,508784.157282,5351241.48349,08417
08417,2022,17604.0,10.0,17604.0,10.0,0.0,7.774142,0.0042350288,2538.1692,10.74922,508784.157282,5351241.48349,08417
08417,2023,17604.0,10.0,17604.0,10.0,0.0,7.997349,0.0638101,3172.9136,202.46394,508784.157282,5351241.48349,08417
08417,2024,17604.0,10.0,17604.0,10.0,0.0,7.868957,0.090304576,2790.6055,252.00444,508784.157282,5351241.48349,08417
08417,2025,17604.0,10.0,17604.0,10.0,0.0,7.7883925,0.031271916,2574.5989,80.51264,508784.157282,5351241.48349,08417
08421,2007,56962.0,10.0,56962.0,10.0,0.0,7.592171,0.023140635,2072.6367,47.96213,570328.625369,5360181.30564,08421
08421,2008,56962.0,10.0,56962.0,10.0,0.0,7.608003,0.023631424,2105.7117,49.760967,570328.625369,5360181.30564,08421
08421,2009,56962.0,10.0,56962.0,10.0,0.0,7.6349435,0.0056007407,2163.2114,12.115586,570328.625369,5360181.30564,08421
08421,2010,56962.0,10.0,56962.0,10.0,0.0,7.6394544,0.024003176,2172.992,52.158707,570328.625369,5360181.30564,08421
08421,2011,56962.0,10.0,56962.0,10.0,0.0,7.7024107,0.016054863,2314.193,37.154053,570328.625369,5360181.30564,08421
08421,2012,56962.0,10.0,56962.0,10.0,0.0,7.8053956,0.04663851,2565.2246,119.63826,570328.625369,5360181.30564,08421
08421,2013,56962.0,10.0,56962.0,10.0,0.0,7.859743,0.06227458,2708.4963,168.67047,570328.625369,5360181.30564,08421
08421,2014,56962.0,10.0,56962.0,10.0,0.0,7.9411182,0.014418735,2938.116,42.363914,570328.625369,5360181.30564,08421
08421,2015,56962.0,10.0,56962.0,10.0,0.0,8.071063,0.013662761,3345.8254,45.713215,570328.625369,5360181.30564,08421
08421,2016,56962.0,10.0,56962.0,10.0,0.0,8.242452,0.010610156,3971.3345,42.13648,570328.625369,5360181.30564,08421
08421,2017,56962.0,10.0,56962.0,10.0,0.0,8.227103,0.0025502301,3910.8457,9.973556,570328.625369,5360181.30564,08421
08421,2018,56962.0,10.0,56962.0,10.0,0.0,8.212077,0.010835783,3852.5208,41.74508,570328.625369,5360181.30564,08421
08421,2019,56962.0,10.0,56962.0,10.0,0.0,8.2871275,0.010707074,4152.779,44.464108,570328.625369,5360181.30564,08421
08421,2020,56962.0,10.0,56962.0,10.0,0.0,8.283012,0.016417664,4135.7256,67.89895,570328.625369,5360181.30564,08421
08421,2021,56962.0,10.0,56962.0,10.0,0.0,8.429619,0.0122450115,4788.751,58.63831,570328.625369,5360181.30564,08421
08421,2022,56962.0,10.0,56962.0,10.0,0.0,8.498139,0.05448175,5128.3823,279.40323,570328.625369,5360181.30564,08421
08421,2023,56962.0,10.0,56962.0,10.0,0.0,8.304431,0.019887444,4225.261,84.02965,570328.625369,5360181.30564,08421
08421,2024,56962.0,10.0,56962.0,10.0,0.0,8.404529,0.008178137,4670.0933,38.192665,570328.625369,5360181.30564,08421
08421,2025,56962.0,10.0,56962.0,10.0,0.0,8.396456,0.016829249,4632.5464,77.96227,570328.625369,5360181.30564,08421
08425,2007,18322.0,10.0,18322.0,10.0,0.0,7.5234528,0.01824674,1927.0348,35.1621,563966.978292,5352695.2532,08425
08425,2008,18322.0,10.0,18322.0,10.0,0.0,7.495901,0.043964136,1874.6667,82.418106,563966.978292,5352695.2532,08425
08425,2009,18322.0,10.0,18322.0,10.0,0.0,7.3933215,0.028422961,1691.8978,48.088745,563966.978292,5352695.2532,08425
08425,2010,18322.0,10.0,18322.0,10.0,0.0,7.3832054,0.05239596,1674.8691,87.75637,563966.978292,5352695.2532,08425
08425,2011,18322.0,10.0,18322.0,10.0,0.0,7.4349985,0.00092240656,1763.9014,1.6270341,563966.978292,5352695.2532,08425
08425,2012,18322.0,10.0,18322.0,10.0,0.0,7.5399475,0.009213938,1959.0845,18.050884,563966.978292,5352695.2532,08425
08425,2013,18322.0,10.0,18322.0,10.0,0.0,7.4751143,0.038646627,1836.1006,70.9591,563966.978292,5352695.2532,08425
08425,2014,18322.0,10.0,18322.0,10.0,0.0,7.536639,0.019715028,1952.6134,38.49583,563966.978292,5352695.2532,08425
08425,2015,18322.0,10.0,18322.0,10.0,0.0,7.5517697,0.03686949,1982.3822,73.08942,563966.978292,5352695.2532,08425
08425,2016,18322.0,10.0,18322.0,10.0,0.0,7.605425,0.04068423,2091.6528,85.09729,563966.978292,5352695.2532,08425
08425,2017,18322.0,10.0,18322.0,10.0,0.0,7.676815,0.009671791,2246.4348,21.727047,563966.978292,5352695.2532,08425
08425,2018,18322.0,10.0,18322.0,10.0,0.0,7.79899,0.06356056,2538.3628,161.33977,563966.978292,5352695.2532,08425
08425,2019,18322.0,10.0,18322.0,10.0,0.0,7.975,0.1057797,3026.871,320.18152,563966.978292,5352695.2532,08425
08425,2020,18322.0,10.0,18322.0,10.0,0.0,7.9073224,0.08917494,2828.7979,252.25789,563966.978292,5352695.2532,08425
08425,2021,18322.0,10.0,18322.0,10.0,0.0,8.185071,0.08107295,3734.4482,302.76273,563966.978292,5352695.2532,08425
08425,2022,18322.0,10.0,18322.0,10.0,0.0,8.081395,0.07278649,3366.6719,245.0482,563966.978292,5352695.2532,08425
08425,2023,18322.0,10.0,18322.0,10.0,0.0,8.070627,0.053764716,3330.6152,179.06958,563966.978292,5352695.2532,08425
08425,2024,18322.0,10.0,18322.0,10.0,0.0,8.019722,0.018289642,3165.3105,57.892395,563966.978292,5352695.2532,08425
08425,2025,18322.0,10.0,18322.0,10.0,0.0,8.075823,0.058174055,3347.9644,194.76466,563966.978292,5352695.2532,08425
08426,2007,14569.0,10.0,14569.0,10.0,0.0,7.2313538,0.013816896,1459.4121,20.164545,557787.596294,5336197.62105,08426
08426,2008,14569.0,10.0,14569.0,10.0,0.0,7.176364,0.11200174,1381.3263,154.71095,557787.596294,5336197.62105,08426
08426,2009,14569.0,10.0,14569.0,10.0,0.0,7.139277,0.07395578,1331.0352,98.43775,557787.596294,5336197.62105,08426
08426,2010,14569.0,10.0,14569.0,10.0,0.0,7.225137,0.08424808,1450.3678,122.1907,557787.596294,5336197.62105,08426
08426,2011,14569.0,10.0,14569.0,10.0,0.0,7.363685,0.057471696,1665.8998,95.74209,557787.596294,5336197.62105,08426
08426,2012,14569.0,10.0,14569.0,10.0,0.0,7.294976,0.04873631,1555.281,75.79866,557787.596294,5336197.62105,08426
08426,2013,14569.0,10.0,14569.0,10.0,0.0,7.422721,0.17591372,1767.208,310.87616,557787.596294,5336197.62105,08426
08426,2014,14569.0,10.0,14569.0,10.0,0.0,7.3162465,0.12517837,1588.7167,198.87294,557787.596294,5336197.62105,08426
08426,2015,14569.0,10.0,14569.0,10.0,0.0,7.4683623,0.03822603,1849.735,70.70803,557787.596294,5336197.62105,08426
08426,2016,14569.0,10.0,14569.0,10.0,0.0,7.3946867,0.07021263,1718.3539,120.650154,557787.596294,5336197.62105,08426
08426,2017,14569.0,10.0,14569.0,10.0,0.0,7.564024,0.023149446,2035.4238,47.11893,557787.596294,5336197.62105,08426
08426,2018,14569.0,10.0,14569.0,10.0,0.0,7.6886897,0.011988796,2305.6667,27.642168,557787.596294,5336197.62105,08426
08426,2019,14569.0,10.0,14569.0,10.0,0.0,7.463305,0.08845153,1840.4039,162.78654,557787.596294,5336197.62105,08426
08426,2020,14569.0,10.0,14569.0,10.0,0.0,7.7257957,0.14484315,2392.828,346.58472,557787.596294,5336197.62105,08426
08426,2021,14569.0,10.0,14569.0,10.0,0.0,7.8949323,0.096162334,2833.7825,272.50314,557787.596294,5336197.62105,08426
08426,2022,14569.0,10.0,14569.0,10.0,0.0,7.952867,0.0028942348,3002.8057,8.6908245,557787.596294,5336197.62105,08426
08426,2023,14569.0,10.0,14569.0,10.0,0.0,7.9077935,0.11094002,2870.4634,318.44925,557787.596294,5336197.62105,08426
08426,2024,14569.0,10.0,14569.0,10.0,0.0,7.9966817,0.06833644,3137.297,214.39174,557787.596294,5336197.62105,08426
08426,2025,14569.0,10.0,14569.0,10.0,0.0,8.018551,0.13080518,3206.6626,419.4481,557787.596294,5336197.62105,08426
08435,2007,28757.0,10.0,28757.0,10.0,0.0,7.4892597,0.024268173,1853.263,44.975307,542345.105218,5282987.52884,08435
08435,2008,28757.0,10.0,28757.0,10.0,0.0,7.626966,0.015017906,2126.876,31.941223,542345.105218,5282987.52884,08435
08435,2009,28757.0,10.0,28757.0,10.0,0.0,7.4651003,0.028863093,1809.0256,52.214073,542345.105218,5282987.52884,08435
08435,2010,28757.0,10.0,28757.0,10.0,0.0,7.6323657,0.006015482,2138.3909,12.863451,542345.105218,5282987.52884,08435
08435,2011,28757.0,10.0,28757.0,10.0,0.0,7.5068007,0.0113983415,1886.0576,21.497929,542345.105218,5282987.52884,08435
08435,2012,28757.0,10.0,28757.0,10.0,0.0,7.5824018,0.018815117,2034.1737,38.273216,542345.105218,5282987.52884,08435
08435,2013,28757.0,10.0,28757.0,10.0,0.0,7.6848397,0.029888257,2253.5972,67.356094,542345.105218,5282987.52884,08435
08435,2014,28757.0,10.0,28757.0,10.0,0.0,7.8473554,0.028143056,2651.2827,74.6152,542345.105218,5282987.52884,08435
08435,2015,28757.0,10.0,28757.0,10.0,0.0,7.826334,0.027918374,2596.1296,72.47972,542345.105218,5282987.52884,08435
08435,2016,28757.0,10.0,28757.0,10.0,0.0,7.893483,0.023734448,2776.445,65.89739,542345.105218,5282987.52884,08435
08435,2017,28757.0,10.0,28757.0,10.0,0.0,7.9579406,0.061401334,2961.3005,181.8278,542345.105218,5282987.52884,08435
08435,2018,28757.0,10.0,28757.0,10.0,0.0,8.069785,0.037674256,3311.7368,124.76722,542345.105218,5282987.52884,08435
08435,2019,28757.0,10.0,28757.0,10.0,0.0,8.228746,0.0017124049,3882.325,6.6481123,542345.105218,5282987.52884,08435
08435,2020,28757.0,10.0,28757.0,10.0,0.0,8.274517,0.058013346,4064.152,235.77507,542345.105218,5282987.52884,08435
08435,2021,28757.0,10.0,28757.0,10.0,0.0,8.271173,0.052160576,4050.5818,211.28067,542345.105218,5282987.52884,08435
08435,2022,28757.0,10.0,28757.0,10.0,0.0,8.411246,0.02988988,4659.6196,139.27547,542345.105218,5282987.52884,08435
08435,2023,28757.0,10.0,28757.0,10.0,0.0,8.311277,0.008594179,4216.3296,36.23589,542345.105218,5282987.52884,08435
08435,2024,28757.0,10.0,28757.0,10.0,0.0,8.3211975,0.015829297,4258.3647,67.40691,542345.105218,5282987.52884,08435
08435,2025,28757.0,10.0,28757.0,10.0,0.0,8.332278,0.08112283,4305.8154,349.29993,542345.105218,5282987.52884,08435
08436,2007,13471.0,10.0,13471.0,10.0,0.0,7.3428316,0.027990192,1615.0012,45.204197,548462.65573,5310078.29022,08436
08436,2008,13471.0,10.0,13471.0,10.0,0.0,7.2886786,0.024187602,1529.8699,37.003887,548462.65573,5310078.29022,08436
08436,2009,13471.0,10.0,13471.0,10.0,0.0,7.0984964,0.004339744,1264.9094,5.489383,548462.65573,5310078.29022,08436
08436,2010,13471.0,10.0,13471.0,10.0,0.0,7.379069,0.0072935172,1674.5981,12.21371,548462.65573,5310078.29022,08436
08436,2011,13471.0,10.0,13471.0,10.0,0.0,7.225579,0.038058434,1436.3182,54.66402,548462.65573,5310078.29022,08436
08436,2012,13471.0,10.0,13471.0,10.0,0.0,7.349163,0.056371395,1625.259,91.61812,548462.65573,5310078.29022,08436
08436,2013,13471.0,10.0,13471.0,10.0,0.0,7.2359557,0.009404443,1451.3002,13.64867,548462.65573,5310078.29022,08436
08436,2014,13471.0,10.0,13471.0,10.0,0.0,7.239731,0.0148660345,1456.7898,21.656687,548462.65573,5310078.29022,08436
08436,2015,13471.0,10.0,13471.0,10.0,0.0,7.5071445,0.009958139,1903.4131,18.95445,548462.65573,5310078.29022,08436
08436,2016,13471.0,10.0,13471.0,10.0,0.0,7.5692916,0.0059848763,2025.4579,12.122114,548462.65573,5310078.29022,08436
08436,2017,13471.0,10.0,13471.0,10.0,0.0,7.7753534,0.015950792,2488.9424,39.7006,548462.65573,5310078.29022,08436
08436,2018,13471.0,10.0,13471.0,10.0,0.0,7.8765974,0.04666876,2754.1306,128.53186,548462.65573,5310078.29022,08436
08436,2019,13471.0,10.0,13471.0,10.0,0.0,7.9398146,0.04768629,2933.8599,139.90489,548462.65573,5310078.29022,08436
08436,2020,13471.0,10.0,13471.0,10.0,0.0,8.087428,0.050052106,3400.5342,170.2039,548462.65573,5310078.29022,08436
08436,2021,13471.0,10.0,13471.0,10.0,0.0,8.044188,0.0046907524,3256.6255,15.276024,548462.65573,5310078.29022,08436
08436,2022,13471.0,10.0,13471.0,10.0,0.0,8.013313,0.025827413,3157.618,81.5531,548462.65573,5310078.29022,08436
08436,2023,13471.0,10.0,13471.0,10.0,0.0,8.00195,0.10959246,3121.9402,342.1411,548462.65573,5310078.29022,08436
08436,2024,13471.0,10.0,13471.0,10.0,0.0,8.050881,0.011532326,3278.5002,37.80873,548462.65573,5310078.29022,08436
08436,2025,13471.0,10.0,13471.0,10.0,0.0,7.9673967,0.058175746,3015.9087,175.45274,548462.65573,5310078.29022,08436
08437,2007,11709.0,10.0,11709.0,10.0,0.0,7.0648365,0.024749229,1224.8208,30.31337,526929.409935,5310931.41354,08437
08437,2008,11709.0,10.0,11709.0,10.0,0.0,7.0550175,0.03946436,1212.853,47.864468,526929.409935,5310931.41354,08437
08437,2009,11709.0,10.0,11709.0,10.0,0.0,7.0363,0.024878891,1190.3629,29.614908,526929.409935,5310931.41354,08437
08437,2010,11709.0,10.0,11709.0,10.0,0.0,7.225214,0.015221846,1437.8833,21.887238,526929.409935,5310931.41354,08437
08437,2011,11709.0,10.0,11709.0,10.0,0.0,7.275299,0.02080345,1511.734,31.449282,526929.409935,5310931.41354,08437
08437,2012,11709.0,10.0,11709.0,10.0,0.0,7.2724524,0.0488534,1507.4365,73.6434,526929.409935,5310931.41354,08437
08437,2013,11709.0,10.0,11709.0,10.0,0.0,7.127545,0.00064730726,1304.0869,0.8441449,526929.409935,5310931.41354,08437
08437,2014,11709.0,10.0,11709.0,10.0,0.0,7.1134396,0.031974748,1285.8209,41.113804,526929.409935,5310931.41354,08437
08437,2015,11709.0,10.0,11709.0,10.0,0.0,7.101258,0.039796405,1270.2528,50.55149,526929.409935,5310931.41354,08437
08437,2016,11709.0,10.0,11709.0,10.0,0.0,7.3063827,0.10583128,1559.4614,165.0398,526929.409935,5310931.41354,08437
08437,2017,11709.0,10.0,11709.0,10.0,0.0,7.4676523,0.108911656,1832.3699,199.56644,526929.409935,5310931.41354,08437
08437,2018,11709.0,10.0,11709.0,10.0,0.0,7.461621,0.03722653,1821.3516,67.802605,526929.409935,5310931.41354,08437
08437,2019,11709.0,10.0,11709.0,10.0,0.0,7.644776,0.080164,2187.4443,175.35428,526929.409935,5310931.41354,08437
08437,2020,11709.0,10.0,11709.0,10.0,0.0,7.722055,0.002867964,2363.1914,6.7775483,526929.409935,5310931.41354,08437
08437,2021,11709.0,10.0,11709.0,10.0,0.0,7.8320208,0.0853833,2637.8887,225.23166,526929.409935,5310931.41354,08437
08437,2022,11709.0,10.0,11709.0,10.0,0.0,8.028207,0.104686834,3209.6594,336.0091,526929.409935,5310931.41354,08437
08437,2023,11709.0,10.0,11709.0,10.0,0.0,7.8642936,0.048149403,2724.4092,131.17868,526929.409935,5310931.41354,08437
08437,2024,11709.0,10.0,11709.0,10.0,0.0,8.055809,0.020483563,3299.4875,67.58526,526929.409935,5310931.41354,08437
08437,2025,11709.0,10.0,11709.0,10.0,0.0,7.891864,0.030708084,2800.5674,86.00005,526929.409935,5310931.41354,08437
09161,2007,51876.0,10.0,51876.0,10.0,0.0,7.619233,0.030847428,2106.8748,64.99167,676015.265077,5403004.14392,09161
09161,2008,51876.0,10.0,51876.0,10.0,0.0,7.7100205,0.008653677,2307.1035,19.96493,676015.265077,5403004.14392,09161
09161,2009,51876.0,10.0,51876.0,10.0,0.0,7.6711874,0.037017126,2219.2288,82.14947,676015.265077,5403004.14392,09161
09161,2010,51876.0,10.0,51876.0,10.0,0.0,7.7282395,0.027171046,2349.5227,63.838985,676015.265077,5403004.14392,09161
09161,2011,51876.0,10.0,51876.0,10.0,0.0,7.796302,0.030159976,2515.0034,75.85245,676015.265077,5403004.14392,09161
09161,2012,51876.0,10.0,51876.0,10.0,0.0,7.9419265,0.00509463,2909.2605,14.821607,676015.265077,5403004.14392,09161
09161,2013,51876.0,10.0,51876.0,10.0,0.0,8.007695,0.0023547828,3107.0303,7.316381,676015.265077,5403004.14392,09161
09161,2014,51876.0,10.0,51876.0,10.0,0.0,8.099893,0.009517615,3407.1118,32.427578,676015.265077,5403004.14392,09161
09161,2015,51876.0,10.0,51876.0,10.0,0.0,8.165293,0.006625948,3637.385,24.101124,676015.265077,5403004.14392,09161
09161,2016,51876.0,10.0,51876.0,10.0,0.0,8.278339,0.011816652,4072.7214,48.12593,676015.265077,5403004.14392,09161
09161,2017,51876.0,10.0,51876.0,10.0,0.0,8.378465,0.009018434,4501.6206,40.59757,676015.265077,5403004.14392,09161
09161,2018,51876.0,10.0,51876.0,10.0,0.0,8.400102,0.011584818,4600.083,53.291126,676015.265077,5403004.14392,09161
09161,2019,51876.0,10.0,51876.0,10.0,0.0,8.443424,0.025242142,4803.749,121.25692,676015.265077,5403004.14392,09161
09161,2020,51876.0,10.0,51876.0,10.0,0.0,8.480468,3.364525e-05,4985.036,0.16772279,676015.265077,5403004.14392,09161
09161,2021,51876.0,10.0,51876.0,10.0,0.0,8.539205,0.013814336,5286.608,73.03098,676015.265077,5403004.14392,09161
09161,2022,51876.0,10.0,51876.0,10.0,0.0,8.5567875,0.034372415,5380.3853,184.93684,676015.265077,5403004.14392,09161
09161,2023,51876.0,10.0,51876.0,10.0,0.0,8.523749,0.006804324,5205.533,35.420135,676015.265077,5403004.14392,09161
09161,2024,51876.0,10.0,51876.0,10.0,0.0,8.47215,0.032519393,4943.7407,160.76744,676015.265077,5403004.14392,09161
09161,2025,51876.0,10.0,51876.0,10.0,0.0,8.4459305,0.012038726,4815.8022,57.976128,676015.265077,5403004.14392,09161
09162,2007,477155.0,10.0,477155.0,10.0,0.0,8.252556,0.02784672,4005.655,111.54436,689446.280616,5336467.00732,09162
09162,2008,477155.0,10.0,477155.0,10.0,0.0,8.2824955,0.01947459,4127.3955,80.37934,689446.280616,5336467.00732,09162
09162,2009,477155.0,10.0,477155.0,10.0,0.0,8.349562,0.002357442,4413.6963,10.405033,689446.280616,5336467.00732,09162
09162,2010,477155.0,10.0,477155.0,10.0,0.0,8.427144,0.0014620097,4769.7554,6.9734282,689446.280616,5336467.00732,09162
09162,2011,477155.0,10.0,477155.0,10.0,0.0,8.546998,0.011953541,5377.1006,64.2754,689446.280616,5336467.00732,09162
09162,2012,477155.0,10.0,477155.0,10.0,0.0,8.69308,0.013279461,6222.8687,82.636345,689446.280616,5336467.00732,09162
09162,2013,477155.0,10.0,477155.0,10.0,0.0,8.813208,0.0057715694,7017.1587,40.50002,689446.280616,5336467.00732,09162
09162,2014,477155.0,10.0,477155.0,10.0,0.0,8.841107,0.030145917,7215.6934,217.5237,689446.280616,5336467.00732,09162
09162,2015,477155.0,10.0,477155.0,10.0,0.0,8.900471,0.047108218,7657.012,360.7082,689446.280616,5336467.00732,09162
09162,2016,477155.0,10.0,477155.0,10.0,0.0,9.057973,0.006077088,8963.167,54.469955,689446.280616,5336467.00732,09162
09162,2017,477155.0,10.0,477155.0,10.0,0.0,9.168166,0.01954268,10007.325,195.56993,689446.280616,5336467.00732,09162
09162,2018,477155.0,10.0,477155.0,10.0,0.0,9.282096,0.011426447,11214.939,128.14691,689446.280616,5336467.00732,09162
09162,2019,477155.0,10.0,477155.0,10.0,0.0,9.329986,0.0039708605,11765.091,46.717537,689446.280616,5336467.00732,09162
09162,2020,477155.0,10.0,477155.0,10.0,0.0,9.41754,0.008567091,12841.603,110.015175,689446.280616,5336467.00732,09162
09162,2021,477155.0,10.0,477155.0,10.0,0.0,9.518785,0.014487708,14209.863,205.86835,689446.280616,5336467.00732,09162
09162,2022,477155.0,10.0,477155.0,10.0,0.0,9.516902,0.033233747,14183.128,471.35852,689446.280616,5336467.00732,09162
09162,2023,477155.0,10.0,477155.0,10.0,0.0,9.424797,0.01359638,12935.14,175.87108,689446.280616,5336467.00732,09162
09162,2024,477155.0,10.0,477155.0,10.0,0.0,9.401153,0.010972834,12632.887,138.61858,689446.280616,5336467.00732,09162
09162,2025,477155.0,10.0,477155.0,10.0,0.0,9.443328,0.015440787,13177.084,203.46454,689446.280616,5336467.00732,09162
09163,2007,31420.0,10.0,31420.0,10.0,0.0,7.6396894,0.0034479056,2147.0947,7.40298,732621.182624,5303693.32747,09163
09163,2008,31420.0,10.0,31420.0,10.0,0.0,7.6471453,0.0066940705,2163.1628,14.480365,732621.182624,5303693.32747,09163
09163,2009,31420.0,10.0,31420.0,10.0,0.0,7.659511,0.015791833,2190.078,34.585346,732621.182624,5303693.32747,09163
09163,2010,31420.0,10.0,31420.0,10.0,0.0,7.6046896,0.00239403,2073.2466,4.963414,732621.182624,5303693.32747,09163
09163,2011,31420.0,10.0,31420.0,10.0,0.0,7.6051016,0.011479896,2074.1003,23.810457,732621.182624,5303693.32747,09163
09163,2012,31420.0,10.0,31420.0,10.0,0.0,7.7765923,0.00024809747,2462.1086,0.6108429,732621.182624,5303693.32747,09163
09163,2013,31420.0,10.0,31420.0,10.0,0.0,7.852475,0.009156666,2656.2122,24.322046,732621.182624,5303693.32747,09163
09163,2014,31420.0,10.0,31420.0,10.0,0.0,7.988744,0.011404884,3043.992,34.716377,732621.182624,5303693.32747,09163
09163,2015,31420.0,10.0,31420.0,10.0,0.0,8.10375,0.009432094,3414.997,32.21057,732621.182624,5303693.32747,09163
09163,2016,31420.0,10.0,31420.0,10.0,0.0,8.20353,0.015196149,3773.3245,57.340004,732621.182624,5303693.32747,09163
09163,2017,31420.0,10.0,31420.0,10.0,0.0,8.282533,0.017712755,4083.5186,72.33037,732621.182624,5303693.32747,09163
09163,2018,31420.0,10.0,31420.0,10.0,0.0,8.360031,0.027831214,4412.5684,122.807144,732621.182624,5303693.32747,09163
09163,2019,31420.0,10.0,31420.0,10.0,0.0,8.417519,0.0019613123,4673.6724,9.166532,732621.182624,5303693.32747,09163
09163,2020,31420.0,10.0,31420.0,10.0,0.0,8.564919,0.011246599,5415.936,60.910862,732621.182624,5303693.32747,09163
09163,2021,31420.0,10.0,31420.0,10.0,0.0,8.721773,0.0009292768,6335.695,5.8876147,732621.182624,5303693.32747,09163
09163,2022,31420.0,10.0,31420.0,10.0,0.0,8.716496,0.005207125,6302.3506,32.817127,732621.182624,5303693.32747,09163
09163,2023,31420.0,10.0,31420.0,10.0,0.0,8.594746,0.0032722014,5579.9043,18.258572,732621.182624,5303693.32747,09163
09163,2024,31420.0,10.0,31420.0,10.0,0.0,8.569847,0.018827349,5442.6914,102.47144,732621.182624,5303693.32747,09163
09163,2025,31420.0,10.0,31420.0,10.0,0.0,8.608278,0.014004315,5655.9316,79.20745,732621.182624,5303693.32747,09163
09171,2007,17247.0,10.0,17247.0,10.0,0.0,7.438561,0.017423391,1780.1174,31.015682,772192.784986,5348156.61636,09171
09171,2008,17247.0,10.0,17247.0,10.0,0.0,7.3220716,0.015120133,1584.3752,23.955965,772192.784986,5348156.61636,09171
09171,2009,17247.0,10.0,17247.0,10.0,0.0,7.2892327,0.00589822,1533.1907,9.043097,772192.784986,5348156.61636,09171
09171,2010,17247.0,10.0,17247.0,10.0,0.0,7.2278023,0.0017754755,1441.8412,2.5599535,772192.784986,5348156.61636,09171
09171,2011,17247.0,10.0,17247.0,10.0,0.0,7.17989,0.00322983,1374.388,4.439039,772192.784986,5348156.61636,09171
09171,2012,17247.0,10.0,17247.0,10.0,0.0,7.253256,0.038315192,1479.0122,56.66864,772192.784986,5348156.61636,09171
09171,2013,17247.0,10.0,17247.0,10.0,0.0,7.3372316,0.0513541,1608.5771,82.60703,772192.784986,5348156.61636,09171
09171,2014,17247.0,10.0,17247.0,10.0,0.0,7.3205686,0.09950888,1581.9956,157.4226,772192.784986,5348156.61636,09171
09171,2015,17247.0,10.0,17247.0,10.0,0.0,7.4353466,0.034754258,1774.4053,61.668137,772192.784986,5348156.61636,09171
09171,2016,17247.0,10.0,17247.0,10.0,0.0,7.5506372,0.00013838364,1991.2367,0.27555457,772192.784986,5348156.61636,09171
09171,2017,17247.0,10.0,17247.0,10.0,0.0,7.8534255,0.013092392,2695.3926,35.28914,772192.784986,5348156.61636,09171
09171,2018,17247.0,10.0,17247.0,10.0,0.0,7.7884293,0.050395727,2525.774,127.288216,772192.784986,5348156.61636,09171
09171,2019,17247.0,10.0,17247.0,10.0,0.0,7.866724,0.0068984153,2731.4773,18.842865,772192.784986,5348156.61636,09171
09171,2020,17247.0,10.0,17247.0,10.0,0.0,7.9537177,0.053564187,2979.7402,159.60736,772192.784986,5348156.61636,09171
09171,2021,17247.0,10.0,17247.0,10.0,0.0,8.043653,0.006372689,3260.1443,20.775885,772192.784986,5348156.61636,09171
09171,2022,17247.0,10.0,17247.0,10.0,0.0,8.112627,0.051304635,3492.9456,179.20428,772192.784986,5348156.61636,09171
09171,2023,17247.0,10.0,17247.0,10.0,0.0,8.16278,0.0119839795,3672.5933,44.012283,772192.784986,5348156.61636,09171
09171,2024,17247.0,10.0,17247.0,10.0,0.0,8.078044,0.04926446,3374.2146,166.22887,772192.784986,5348156.61636,09171
09171,2025,17247.0,10.0,17247.0,10.0,0.0,8.041553,0.040561594,3253.3035,131.95917,772192.784986,5348156.61636,09171
09172,2007,36995.0,25.0,8862.0,10.0,-0.06863807,7.6103535,0.11247912,2135.311,240.17789,793951.610512,5303733.13475,09172
09172,2008,36995.0,25.0,8862.0,10.0,-0.06863807,7.6144457,0.020810159,2144.0674,44.61838,793951.610512,5303733.13475,09172
09172,2009,36995.0,25.0,8862.0,10.0,-0.06863807,7.5322165,0.0049304394,1974.816,9.736711,793951.610512,5303733.13475,09172
09172,2010,36995.0,25.0,8862.0,10.0,-0.06863807,7.6103163,0.027441671,2135.2322,58.59434,793951.610512,5303733.13475,09172
09172,2011,36995.0,25.0,8862.0,10.0,-0.06863807,7.635252,0.009767651,2189.1445,21.3828,793951.610512,5303733.13475,09172
09172,2012,36995.0,25.0,8862.0,10.0,-0.06863807,7.668261,0.026721595,2262.6118,60.460598,793951.610512,5303733.13475,09172
09172,2013,36995.0,25.0,8862.0,10.0,-0.06863807,7.740625,0.03706852,2432.4136,90.16597,793951.610512,5303733.13475,09172
09172,2014,36995.0,25.0,8862.0,10.0,-0.06863807,7.694755,0.08680082,2323.3591,201.6695,793951.610512,5303733.13475,09172
09172,2015,36995.0,25.0,8862.0,10.0,-0.06863807,7.765545,0.021128908,2493.7908,52.691074,793951.610512,5303733.13475,09172
09172,2016,36995.0,25.0,8862.0,10.0,-0.06863807,7.858717,0.028395634,2737.3105,77.72767,793951.610512,5303733.13475,09172
09172,2017,36995.0,25.0,8862.0,10.0,-0.06863807,7.934497,0.07845798,2952.8052,231.67111,793951.610512,5303733.13475,09172
09172,2018,36995.0,25.0,8862.0,10.0,-0.06863807,8.03473,0.04265408,3264.115,139.22781,793951.610512,5303733.13475,09172
09172,2019,36995.0,25.0,8862.0,10.0,-0.06863807,8.138353,0.03212061,3620.5,116.29266,793951.610512,5303733.13475,09172
09172,2020,36995.0,25.0,8862.0,10.0,-0.06863807,8.29469,0.010812149,4233.1597,45.769554,793951.610512,5303733.13475,09172
09172,2021,36995.0,25.0,8862.0,10.0,-0.06863807,8.306921,0.0124223055,4285.2554,53.23275,793951.610512,5303733.13475,09172
09172,2022,36995.0,25.0,8862.0,10.0,-0.06863807,8.369969,0.083905056,4564.1313,382.9537,793951.610512,5303733.13475,09172
09172,2023,36995.0,25.0,8862.0,10.0,-0.06863807,8.354336,0.0044571804,4493.334,20.0276,793951.610512,5303733.13475,09172
09172,2024,36995.0,25.0,8862.0,10.0,-0.06863807,8.34567,0.03963396,4454.562,176.55193,793951.610512,5303733.13475,09172
09172,2025,36995.0,25.0,8862.0,10.0,-0.06863807,8.458046,0.07857766,4984.358,391.65918,793951.610512,5303733.13475,09172
09173,2007,12866.0,10.0,12866.0,10.0,0.0,7.8044305,0.05428388,2543.7222,138.08311,683670.616371,5291936.74854,09173
09173,2008,12866.0,10.0,12866.0,10.0,0.0,7.7407203,0.00725924,2386.7166,17.325747,683670.616371,5291936.74854,09173
09173,2009,12866.0,10.0,12866.0,10.0,0.0,7.6987696,0.15289333,2288.663,349.92133,683670.616371,5291936.74854,09173
09173,2010,12866.0,10.0,12866.0,10.0,0.0,7.6516266,0.045477375,2183.2722,99.28949,683670.616371,5291936.74854,09173
09173,2011,12866.0,10.0,12866.0,10.0,0.0,7.746466,0.02233078,2400.469,53.604343,683670.616371,5291936.74854,09173
09173,2012,12866.0,10.0,12866.0,10.0,0.0,7.704667,0.031069921,2302.1997,71.52916,683670.616371,5291936.74854,09173
09173,2013,12866.0,10.0,12866.0,10.0,0.0,7.740734,0.13730185,2386.7495,327.70514,683670.616371,5291936.74854,09173
09173,2014,12866.0,10.0,12866.0,10.0,0.0,7.7930713,0.0024441637,2514.9912,6.1470504,683670.616371,5291936.74854,09173
09173,2015,12866.0,10.0,12866.0,10.0,0.0,7.964137,0.03540359,2984.2112,105.651794,683670.616371,5291936.74854,09173
09173,2016,12866.0,10.0,12866.0,10.0,0.0,8.120481,0.22193164,3489.2212,774.3686,683670.616371,5291936.74854,09173
09173,2017,12866.0,10.0,12866.0,10.0,0.0,8.275432,0.057641607,4074.0168,234.83289,683670.616371,5291936.74854,09173
09173,2018,12866.0,10.0,12866.0,10.0,0.0,8.311074,0.1179936,4221.8477,498.15097,683670.616371,5291936.74854,09173
09173,2019,12866.0,10.0,12866.0,10.0,0.0,8.396916,0.027101304,4600.268,124.67326,683670.616371,5291936.74854,09173
09173,2020,12866.0,10.0,12866.0,10.0,0.0,8.556084,0.06987494,5393.9727,376.9035,683670.616371,5291936.74854,09173
09173,2021,12866.0,10.0,12866.0,10.0,0.0,8.822541,0.021472815,7040.9253,151.18849,683670.616371,5291936.74854,09173
09173,2022,12866.0,10.0,12866.0,10.0,0.0,8.880107,0.038171127,7458.135,284.6854,683670.616371,5291936.74854,09173
09173,2023,12866.0,10.0,12866.0,10.0,0.0,8.733641,0.081407115,6442.001,524.42474,683670.616371,5291936.74854,09173
09173,2024,12866.0,10.0,12866.0,10.0,0.0,8.593485,0.0060411342,5599.5337,33.827534,683670.616371,5291936.74854,09173
09173,2025,12866.0,10.0,12866.0,10.0,0.0,8.698595,0.005829854,6220.1465,36.262547,683670.616371,5291936.74854,09173
09174,2007,163639.0,25.0,9346.0,10.0,0.022913152,7.627252,0.029028753,2129.4277,61.814632,665671.233272,5362038.46916,09174
09174,2008,163639.0,25.0,9346.0,10.0,0.022913152,7.608265,0.0686607,2089.3772,143.45811,665671.233272,5362038.46916,09174
09174,2009,163639.0,25.0,9346.0,10.0,0.022913152,7.5303793,0.04238993,1932.8202,81.93211,665671.233272,5362038.46916,09174
09174,2010,163639.0,25.0,9346.0,10.0,0.022913152,7.590246,0.0036561124,2052.0662,7.5025845,665671.233272,5362038.46916,09174
09174,2011,163639.0,25.0,9346.0,10.0,0.022913152,7.5989733,0.033620786,2070.0535,69.596825,665671.233272,5362038.46916,09174
09174,2012,163639.0,25.0,9346.0,10.0,0.022913152,7.6260176,0.043808386,2126.8003,93.171684,665671.233272,5362038.46916,09174
09174,2013,163639.0,25.0,9346.0,10.0,0.022913152,7.641995,0.026209006,2161.054,56.639076,665671.233272,5362038.46916,09174
09174,2014,163639.0,25.0,9346.0,10.0,0.022913152,7.7323074,0.049976,2365.309,118.20868,665671.233272,5362038.46916,09174
09174,2015,163639.0,25.0,9346.0,10.0,0.022913152,7.77465,0.02769017,2467.6133,68.32863,665671.233272,5362038.46916,09174
09174,2016,163639.0,25.0,9346.0,10.0,0.022913152,7.9273686,0.0032683015,2874.7612,9.395587,665671.233272,5362038.46916,09174
09174,2017,163639.0,25.0,9346.0,10.0,0.022913152,8.111729,0.035097368,3456.753,121.32293,665671.233272,5362038.46916,09174
09174,2018,163639.0,25.0,9346.0,10.0,0.022913152,8.204885,0.11278771,3794.2458,427.94427,665671.233272,5362038.46916,09174
09174,2019,163639.0,25.0,9346.0,10.0,0.022913152,8.167557,0.06828642,3655.225,249.60225,665671.233272,5362038.46916,09174
09174,2020,163639.0,25.0,9346.0,10.0,0.022913152,8.286765,0.07130255,4117.9927,293.62338,665671.233272,5362038.46916,09174
09174,2021,163639.0,25.0,9346.0,10.0,0.022913152,8.379126,0.1111635,4516.4497,502.06436,665671.233272,5362038.46916,09174
09174,2022,163639.0,25.0,9346.0,10.0,0.022913152,8.452593,0.045307126,4860.7544,220.22682,665671.233272,5362038.46916,09174
09174,2023,163639.0,25.0,9346.0,10.0,0.022913152,8.306164,0.03905247,4198.657,163.96794,665671.233272,5362038.46916,09174
09174,2024,163639.0,25.0,9346.0,10.0,0.022913152,8.378207,0.04654929,4512.3057,210.04463,665671.233272,5362038.46916,09174
09174,2025,163639.0,25.0,9346.0,10.0,0.022913152,8.279379,0.00048683843,4087.6882,1.9900438,665671.233272,5362038.46916,09174
09175,2007,42870.0,10.0,42870.0,10.0,0.0,7.9071374,0.023615468,2790.5012,65.898994,712257.653446,5337829.43053,09175
09175,2008,42870.0,10.0,42870.0,10.0,0.0,7.86852,0.03224524,2684.7937,86.57182,712257.653446,5337829.43053,09175
09175,2009,42870.0,10.0,42870.0,10.0,0.0,7.789599,0.0055078133,2481.0525,13.665174,712257.653446,5337829.43053,09175
09175,2010,42870.0,10.0,42870.0,10.0,0.0,7.89926,0.050816774,2768.606,140.69162,712257.653446,5337829.43053,09175
09175,2011,42870.0,10.0,42870.0,10.0,0.0,7.9612923,0.037967265,2945.7874,111.84349,712257.653446,5337829.43053,09175
09175,2012,42870.0,10.0,42870.0,10.0,0.0,7.952672,0.012146584,2920.5037,35.474144,712257.653446,5337829.43053,09175
09175,2013,42870.0,10.0,42870.0,10.0,0.0,8.017978,0.021994501,3117.5955,68.569954,712257.653446,5337829.43053,09175
09175,2014,42870.0,10.0,42870.0,10.0,0.0,8.132679,0.008256101,3496.5024,28.867477,712257.653446,5337829.43053,09175
09175,2015,42870.0,10.0,42870.0,10.0,0.0,8.392953,0.012975851,4535.959,58.857925,712257.653446,5337829.43053,09175
09175,2016,42870.0,10.0,42870.0,10.0,0.0,8.400444,0.009558886,4570.0684,43.684765,712257.653446,5337829.43053,09175
09175,2017,42870.0,10.0,42870.0,10.0,0.0,8.453986,0.0019834442,4821.427,9.563031,712257.653446,5337829.43053,09175
09175,2018,42870.0,10.0,42870.0,10.0,0.0,8.565994,0.024901357,5392.873,134.28986,712257.653446,5337829.43053,09175
09175,2019,42870.0,10.0,42870.0,10.0,0.0,8.602011,0.014839551,5590.646,82.96268,712257.653446,5337829.43053,09175
09175,2020,42870.0,10.0,42870.0,10.0,0.0,8.753069,0.012930468,6502.281,84.07754,712257.653446,5337829.43053,09175
09175,2021,42870.0,10.0,42870.0,10.0,0.0,8.864507,0.060717825,7268.7954,441.34546,712257.653446,5337829.43053,09175
09175,2022,42870.0,10.0,42870.0,10.0,0.0,8.928337,0.019921334,7747.8945,154.3484,712257.653446,5337829.43053,09175
09175,2023,42870.0,10.0,42870.0,10.0,0.0,8.924188,0.027574746,7715.8076,212.76143,712257.653446,5337829.43053,09175
09175,2024,42870.0,10.0,42870.0,10.0,0.0,8.826398,0.021793054,6997.0015,152.48604,712257.653446,5337829.43053,09175
09175,2025,42870.0,10.0,42870.0,10.0,0.0,8.797421,0.036218643,6797.1597,246.18391,712257.653446,5337829.43053,09175
09176,2007,80374.0,25.0,3983.0,10.0,0.10663771,7.28326,0.040102474,1521.0878,60.999386,691811.108541,5420578.65458,09176
09176,2008,80374.0,25.0,3983.0,10.0,0.10663771,7.2827454,0.05431274,1520.3052,82.57194,691811.108541,5420578.65458,09176
09176,2009,80374.0,25.0,3983.0,10.0,0.10663771,7.182032,0.024245678,1374.6487,33.32929,691811.108541,5420578.65458,09176
09176,2010,80374.0,25.0,3983.0,10.0,0.10663771,7.2062254,0.040489808,1408.3114,57.02226,691811.108541,5420578.65458,09176
09176,2011,80374.0,25.0,3983.0,10.0,0.10663771,7.357215,0.06399915,1637.8442,104.82065,691811.108541,5420578.65458,09176
09176,2012,80374.0,25.0,3983.0,10.0,0.10663771,7.2007766,0.06406078,1400.6586,89.72728,691811.108541,5420578.65458,09176
09176,2013,80374.0,25.0,3983.0,10.0,0.10663771,7.298644,0.1166764,1544.6692,180.22644,691811.108541,5420578.65458,09176
09176,2014,80374.0,25.0,3983.0,10.0,0.10663771,7.1759253,0.14604636,1366.279,199.54007,691811.108541,5420578.65458,09176
09176,2015,80374.0,25.0,3983.0,10.0,0.10663771,7.32673,0.14960684,1588.6671,237.67548,691811.108541,5420578.65458,09176
09176,2016,80374.0,25.0,3983.0,10.0,0.10663771,7.483646,0.11813676,1858.5781,219.5664,691811.108541,5420578.65458,09176
09176,2017,80374.0,25.0,3983.0,10.0,0.10663771,7.63114,0.15238915,2153.9553,328.23944,691811.108541,5420578.65458,09176
09176,2018,80374.0,25.0,3983.0,10.0,0.10663771,7.743933,0.057464063,2411.138,138.55379,691811.108541,5420578.65458,09176
09176,2019,80374.0,25.0,3983.0,10.0,0.10663771,7.847717,0.026885657,2674.8213,71.91432,691811.108541,5420578.65458,09176
09176,2020,80374.0,25.0,3983.0,10.0,0.10663771,7.79431,0.017563641,2535.7158,44.536404,691811.108541,5420578.65458,09176
09176,2021,80374.0,25.0,3983.0,10.0,0.10663771,7.890405,0.011230032,2791.4773,31.348381,691811.108541,5420578.65458,09176
09176,2022,80374.0,25.0,3983.0,10.0,0.10663771,8.071349,0.013592352,3345.163,45.468636,691811.108541,5420578.65458,09176
09176,2023,80374.0,25.0,3983.0,10.0,0.10663771,7.9564786,0.046093117,2982.1492,137.45656,691811.108541,5420578.65458,09176
09176,2024,80374.0,25.0,3983.0,10.0,0.10663771,7.941901,0.023000058,2938.9932,67.59701,691811.108541,5420578.65458,09176
09176,2025,80374.0,25.0,3983.0,10.0,0.10663771,8.155128,0.17736833,3637.4878,645.1751,691811.108541,5420578.65458,09176
09177,2007,15261.0,10.0,15261.0,10.0,0.0,7.678736,0.09220035,2235.8828,206.14917,722162.715851,5354868.47575,09177
09177,2008,15261.0,10.0,15261.0,10.0,0.0,7.669991,0.007531074,2216.4158,16.69199,722162.715851,5354868.47575,09177
09177,2009,15261.0,10.0,15261.0,10.0,0.0,7.9116945,0.06745301,2822.4202,190.38075,722162.715851,5354868.47575,09177
09177,2010,15261.0,10.0,15261.0,10.0,0.0,7.6768365,0.09452918,2231.64,210.95508,722162.715851,5354868.47575,09177
09177,2011,15261.0,10.0,15261.0,10.0,0.0,8.035601,0.022287633,3194.7244,71.20284,722162.715851,5354868.47575,09177
09177,2012,15261.0,10.0,15261.0,10.0,0.0,7.845083,0.104863286,2640.54,276.8957,722162.715851,5354868.47575,09177
09177,2013,15261.0,10.0,15261.0,10.0,0.0,7.828805,0.2673037,2597.904,694.4293,722162.715851,5354868.47575,09177
09177,2014,15261.0,10.0,15261.0,10.0,0.0,8.045662,0.072498016,3227.0303,233.9533,722162.715851,5354868.47575,09177
09177,2015,15261.0,10.0,15261.0,10.0,0.0,8.140108,0.013236915,3546.6682,46.94695,722162.715851,5354868.47575,09177
09177,2016,15261.0,10.0,15261.0,10.0,0.0,7.988438,0.08726092,3047.5503,265.93204,722162.715851,5354868.47575,09177
09177,2017,15261.0,10.0,15261.0,10.0,0.0,8.169429,0.26937905,3652.1975,983.8255,722162.715851,5354868.47575,09177
09177,2018,15261.0,10.0,15261.0,10.0,0.0,8.275495,0.14286782,4060.8596,580.16614,722162.715851,5354868.47575,09177
09177,2019,15261.0,10.0,15261.0,10.0,0.0,8.47656,0.018048842,4965.2305,89.61665,722162.715851,5354868.47575,09177
09177,2020,15261.0,10.0,15261.0,10.0,0.0,8.449117,0.0057028714,4830.8247,27.549572,722162.715851,5354868.47575,09177
09177,2021,15261.0,10.0,15261.0,10.0,0.0,8.692643,0.026863873,6162.874,165.55867,722162.715851,5354868.47575,09177
09177,2022,15261.0,10.0,15261.0,10.0,0.0,8.695401,0.0635351,6179.894,392.6402,722162.715851,5354868.47575,09177
09177,2023,15261.0,10.0,15261.0,10.0,0.0,8.659573,0.010709818,5962.401,63.85623,722162.715851,5354868.47575,09177
09177,2024,15261.0,10.0,15261.0,10.0,0.0,8.535432,0.17898263,5266.322,942.5801,722162.715851,5354868.47575,09177
09177,2025,15261.0,10.0,15261.0,10.0,0.0,8.58552,0.08908814,5536.8174,493.26477,722162.715851,5354868.47575,09177
09178,2007,70448.0,25.0,7476.0,10.0,0.06571484,7.4807534,0.063080564,1850.4365,116.726585,700504.560465,5381009.54899,09178
09178,2008,70448.0,25.0,7476.0,10.0,0.06571484,7.4682174,0.031387743,1827.3838,57.357456,700504.560465,5381009.54899,09178
09178,2009,70448.0,25.0,7476.0,10.0,0.06571484,7.4305367,0.00349412,1759.8083,6.1489816,700504.560465,5381009.54899,09178
09178,2010,70448.0,25.0,7476.0,10.0,0.06571484,7.4105787,0.0008485577,1725.0343,1.4637911,700504.560465,5381009.54899,09178
09178,2011,70448.0,25.0,7476.0,10.0,0.06571484,7.4119124,0.035702966,1727.3364,61.671036,700504.560465,5381009.54899,09178
09178,2012,70448.0,25.0,7476.0,10.0,0.06571484,7.515833,0.043582328,1916.5005,83.52555,700504.560465,5381009.54899,09178
09178,2013,70448.0,25.0,7476.0,10.0,0.06571484,7.5981193,0.049049012,2080.8728,102.06476,700504.560465,5381009.54899,09178
09178,2014,70448.0,25.0,7476.0,10.0,0.06571484,7.4936237,0.10978666,1874.4064,205.78482,700504.560465,5381009.54899,09178
09178,2015,70448.0,25.0,7476.0,10.0,0.06571484,7.681571,0.010340693,2261.9768,23.39041,700504.560465,5381009.54899,09178
09178,2016,70448.0,25.0,7476.0,10.0,0.06571484,7.8579154,0.043819435,2698.1965,118.23345,700504.560465,5381009.54899,09178
09178,2017,70448.0,25.0,7476.0,10.0,0.06571484,7.915321,0.05228431,2857.6199,149.40869,700504.560465,5381009.54899,09178
09178,2018,70448.0,25.0,7476.0,10.0,0.06571484,8.007851,0.0004434884,3134.6548,1.390183,700504.560465,5381009.54899,09178
09178,2019,70448.0,25.0,7476.0,10.0,0.06571484,8.047416,0.023273675,3261.164,75.89928,700504.560465,5381009.54899,09178
09178,2020,70448.0,25.0,7476.0,10.0,0.06571484,8.244373,0.080611065,3971.0916,320.11392,700504.560465,5381009.54899,09178
09178,2021,70448.0,25.0,7476.0,10.0,0.06571484,8.414284,0.10116496,4706.5366,476.13657,700504.560465,5381009.54899,09178
09178,2022,70448.0,25.0,7476.0,10.0,0.06571484,8.458585,0.12098604,4919.7246,595.21796,700504.560465,5381009.54899,09178
09178,2023,70448.0,25.0,7476.0,10.0,0.06571484,8.299612,0.021399278,4196.6226,89.804695,700504.560465,5381009.54899,09178
09178,2024,70448.0,25.0,7476.0,10.0,0.06571484,8.250729,0.01867158,3996.4124,74.61933,700504.560465,5381009.54899,09178
09178,2025,70448.0,25.0,7476.0,10.0,0.06571484,8.275879,0.021077203,4098.1973,86.37854,700504.560465,5381009.54899,09178
09179,2007,80644.0,10.0,80644.0,10.0,0.0,7.8291607,0.08568849,2583.178,221.34862,669544.008452,5334731.80132,09179
09179,2008,80644.0,10.0,80644.0,10.0,0.0,7.7588215,0.084770516,2407.7231,204.10393,669544.008452,5334731.80132,09179
09179,2009,80644.0,10.0,80644.0,10.0,0.0,7.7894936,0.16914803,2482.717,419.94672,669544.008452,5334731.80132,09179
09179,2010,80644.0,10.0,80644.0,10.0,0.0,7.813973,0.16175848,2544.2424,411.5528,669544.008452,5334731.80132,09179
09179,2011,80644.0,10.0,80644.0,10.0,0.0,7.8651814,0.07278698,2677.9226,194.9179,669544.008452,5334731.80132,09179
09179,2012,80644.0,10.0,80644.0,10.0,0.0,8.040103,0.1828097,3189.816,583.1293,669544.008452,5334731.80132,09179
09179,2013,80644.0,10.0,80644.0,10.0,0.0,8.142991,0.13114059,3535.4875,463.6459,669544.008452,5334731.80132,09179
09179,2014,80644.0,10.0,80644.0,10.0,0.0,8.272058,0.029508125,4022.5542,118.69803,669544.008452,5334731.80132,09179
09179,2015,80644.0,10.0,80644.0,10.0,0.0,8.286263,0.06277483,4080.106,256.12796,669544.008452,5334731.80132,09179
09179,2016,80644.0,10.0,80644.0,10.0,0.0,8.375746,0.06853268,4462.036,305.79532,669544.008452,5334731.80132,09179
09179,2017,80644.0,10.0,80644.0,10.0,0.0,8.487629,0.07182585,4990.263,358.42987,669544.008452,5334731.80132,09179
09179,2018,80644.0,10.0,80644.0,10.0,0.0,8.371877,0.14335924,4444.8076,637.2043,669544.008452,5334731.80132,09179
09179,2019,80644.0,10.0,80644.0,10.0,0.0,8.579677,0.10949604,5471.412,599.09796,669544.008452,5334731.80132,09179
09179,2020,80644.0,10.0,80644.0,10.0,0.0,8.58089,0.09299638,5478.0513,509.43896,669544.008452,5334731.80132,09179
09179,2021,80644.0,10.0,80644.0,10.0,0.0,8.781998,0.090737805,6698.327,607.79144,669544.008452,5334731.80132,09179
09179,2022,80644.0,10.0,80644.0,10.0,0.0,8.900888,0.025058532,7543.9673,189.04074,669544.008452,5334731.80132,09179
09179,2023,80644.0,10.0,80644.0,10.0,0.0,8.757452,0.06476563,6535.9146,423.30264,669544.008452,5334731.80132,09179
09179,2024,80644.0,10.0,80644.0,10.0,0.0,8.6984625,0.039542552,6161.512,243.64192,669544.008452,5334731.80132,09179
09179,2025,80644.0,10.0,80644.0,10.0,0.0,8.684566,0.03382642,6076.481,205.54558,669544.008452,5334731.80132,09179
09180,2007,50722.0,25.0,7153.0,10.0,-0.061898503,7.7112193,0.03927225,2355.3025,92.498024,655699.709233,5281099.94766,09180
09180,2008,50722.0,25.0,7153.0,10.0,-0.061898503,7.6776686,0.021548731,2277.591,49.079197,655699.709233,5281099.94766,09180
09180,2009,50722.0,25.0,7153.0,10.0,-0.061898503,7.6306286,0.023694383,2172.9336,51.48632,655699.709233,5281099.94766,09180
09180,2010,50722.0,25.0,7153.0,10.0,-0.061898503,7.672615,0.018121395,2266.1104,41.065083,655699.709233,5281099.94766,09180
09180,2011,50722.0,25.0,7153.0,10.0,-0.061898503,7.7113934,0.07415404,2355.7117,174.68556,655699.709233,5281099.94766,09180
09180,2012,50722.0,25.0,7153.0,10.0,-0.061898503,7.8259,0.05593865,2641.5076,147.76236,655699.709233,5281099.94766,09180
09180,2013,50722.0,25.0,7153.0,10.0,-0.061898503,7.838517,0.052273493,2675.0464,139.83401,655699.709233,5281099.94766,09180
09180,2014,50722.0,25.0,7153.0,10.0,-0.061898503,7.910868,0.07968933,2875.7622,229.16756,655699.709233,5281099.94766,09180
09180,2015,50722.0,25.0,7153.0,10.0,-0.061898503,7.8905373,0.03205714,2817.8865,90.333374,655699.709233,5281099.94766,09180
09180,2016,50722.0,25.0,7153.0,10.0,-0.061898503,8.016815,0.0043166107,3197.167,13.800926,655699.709233,5281099.94766,09180
09180,2017,50722.0,25.0,7153.0,10.0,-0.061898503,8.153357,0.008271012,3664.9192,30.312592,655699.709233,5281099.94766,09180
09180,2018,50722.0,25.0,7153.0,10.0,-0.061898503,8.154802,0.04264993,3670.2202,156.53464,655699.709233,5281099.94766,09180
09180,2019,50722.0,25.0,7153.0,10.0,-0.061898503,8.216939,0.06842363,3905.5115,267.22928,655699.709233,5281099.94766,09180
09180,2020,50722.0,25.0,7153.0,10.0,-0.061898503,8.500084,0.0616041,5183.7773,319.34195,655699.709233,5281099.94766,09180
09180,2021,50722.0,25.0,7153.0,10.0,-0.061898503,8.58301,0.015966034,5631.9688,89.920204,655699.709233,5281099.94766,09180
09180,2022,50722.0,25.0,7153.0,10.0,-0.061898503,8.69383,0.0031642667,6291.9995,19.909565,655699.709233,5281099.94766,09180
09180,2023,50722.0,25.0,7153.0,10.0,-0.061898503,8.616361,0.1123906,5822.9717,654.44727,655699.709233,5281099.94766,09180
09180,2024,50722.0,25.0,7153.0,10.0,-0.061898503,8.5397835,0.09224928,5393.7104,497.56595,655699.709233,5281099.94766,09180
09180,2025,50722.0,25.0,7153.0,10.0,-0.061898503,8.631758,0.075498454,5913.3228,446.44672,655699.709233,5281099.94766,09180
09181,2007,86906.0,25.0,8959.0,10.0,-0.013086191,7.294194,0.04640467,1542.561,71.58204,637582.233062,5305562.58891,09181
09181,2008,86906.0,25.0,8959.0,10.0,-0.013086191,7.289352,0.02072167,1535.11,31.81004,637582.233062,5305562.58891,09181
09181,2009,86906.0,25.0,8959.0,10.0,-0.013086191,7.2219596,0.026688386,1435.0646,38.299557,637582.233062,5305562.58891,09181
09181,2010,86906.0,25.0,8959.0,10.0,-0.013086191,7.2715144,0.06565084,1507.9703,98.99953,637582.233062,5305562.58891,09181
09181,2011,86906.0,25.0,8959.0,10.0,-0.013086191,7.2856255,0.02078543,1529.4,31.789236,637582.233062,5305562.58891,09181
09181,2012,86906.0,25.0,8959.0,10.0,-0.013086191,7.288335,0.06205109,1533.5491,95.1584,637582.233062,5305562.58891,09181
09181,2013,86906.0,25.0,8959.0,10.0,-0.013086191,7.435085,0.07992064,1775.9487,141.93497,637582.233062,5305562.58891,09181
09181,2014,86906.0,25.0,8959.0,10.0,-0.013086191,7.4014106,0.03244394,1717.141,55.71082,637582.233062,5305562.58891,09181
09181,2015,86906.0,25.0,8959.0,10.0,-0.013086191,7.44955,0.004579344,1801.8251,8.251177,637582.233062,5305562.58891,09181
09181,2016,86906.0,25.0,8959.0,10.0,-0.013086191,7.627525,0.043579545,2152.8118,93.81856,637582.233062,5305562.58891,09181
09181,2017,86906.0,25.0,8959.0,10.0,-0.013086191,7.771213,0.016626105,2485.4736,41.323742,637582.233062,5305562.58891,09181
09181,2018,86906.0,25.0,8959.0,10.0,-0.013086191,7.82084,0.040084288,2611.9312,104.697395,637582.233062,5305562.58891,09181
09181,2019,86906.0,25.0,8959.0,10.0,-0.013086191,7.927299,0.09603385,2905.3364,279.01062,637582.233062,5305562.58891,09181
09181,2020,86906.0,25.0,8959.0,10.0,-0.013086191,8.055065,0.07006773,3301.2974,231.31442,637582.233062,5305562.58891,09181
09181,2021,86906.0,25.0,8959.0,10.0,-0.013086191,8.091158,0.059091948,3422.6245,202.24954,637582.233062,5305562.58891,09181
09181,2022,86906.0,25.0,8959.0,10.0,-0.013086191,8.236102,0.012513476,3956.4712,49.50921,637582.233062,5305562.58891,09181
09181,2023,86906.0,25.0,8959.0,10.0,-0.013086191,8.2111025,0.036716435,3858.7844,141.68082,637582.233062,5305562.58891,09181
09181,2024,86906.0,25.0,8959.0,10.0,-0.013086191,8.185346,0.018850852,3760.6636,70.89171,637582.233062,5305562.58891,09181
09181,2025,86906.0,25.0,8959.0,10.0,-0.013086191,8.169771,0.054547828,3702.548,201.96594,637582.233062,5305562.58891,09181
09182,2007,16078.0,10.0,16078.0,10.0,0.0,7.972878,0.002845279,3079.9036,8.763185,702170.606958,5286542.71085,09182
09182,2008,16078.0,10.0,16078.0,10.0,0.0,7.9179106,0.046496063,2915.1768,135.54425,702170.606958,5286542.71085,09182
09182,2009,16078.0,10.0,16078.0,10.0,0.0,7.826417,0.04200112,2660.2954,111.7354,702170.606958,5286542.71085,09182
09182,2010,16078.0,10.0,16078.0,10.0,0.0,8.135985,0.22096288,3625.5483,801.11163,702170.606958,5286542.71085,09182
09182,2011,16078.0,10.0,16078.0,10.0,0.0,7.9952655,0.09472983,3149.6318,298.3641,702170.606958,5286542.71085,09182
09182,2012,16078.0,10.0,16078.0,10.0,0.0,8.185777,0.08267349,3810.6394,315.03885,702170.606958,5286542.71085,09182
09182,2013,16078.0,10.0,16078.0,10.0,0.0,8.383027,0.11336789,4641.544,526.2021,702170.606958,5286542.71085,09182
09182,2014,16078.0,10.0,16078.0,10.0,0.0,8.570259,0.15916951,5597.27,890.91473,702170.606958,5286542.71085,09182
09182,2015,16078.0,10.0,16078.0,10.0,0.0,8.636356,0.20035656,5979.7383,1198.0797,702170.606958,5286542.71085,09182
09182,2016,16078.0,10.0,16078.0,10.0,0.0,8.661908,0.16111536,6134.4976,988.3618,702170.606958,5286542.71085,09182
09182,2017,16078.0,10.0,16078.0,10.0,0.0,8.757013,0.04463933,6746.567,301.16223,702170.606958,5286542.71085,09182
09182,2018,16078.0,10.0,16078.0,10.0,0.0,8.991478,0.04434603,8529.224,378.2372,702170.606958,5286542.71085,09182
09182,2019,16078.0,10.0,16078.0,10.0,0.0,9.010913,0.15742734,8696.607,1369.0837,702170.606958,5286542.71085,09182
09182,2020,16078.0,10.0,16078.0,10.0,0.0,9.033426,0.06503392,8894.615,578.45166,702170.606958,5286542.71085,09182
09182,2021,16078.0,10.0,16078.0,10.0,0.0,9.333749,0.08376648,12010.3545,1006.0651,702170.606958,5286542.71085,09182
09182,2022,16078.0,10.0,16078.0,10.0,0.0,9.269716,0.034748662,11265.403,391.4577,702170.606958,5286542.71085,09182
09182,2023,16078.0,10.0,16078.0,10.0,0.0,9.21005,0.07738784,10612.8955,821.309,702170.606958,5286542.71085,09182
09182,2024,16078.0,10.0,16078.0,10.0,0.0,9.192895,0.05544272,10432.392,578.40015,702170.606958,5286542.71085,09182
09182,2025,16078.0,10.0,16078.0,10.0,0.0,9.259686,0.03885171,11152.9795,433.31232,702170.606958,5286542.71085,09182
09183,2007,16664.0,10.0,16664.0,10.0,0.0,7.340317,0.13902645,1610.4215,223.89119,751361.96945,5351165.23958,09183
09183,2008,16664.0,10.0,16664.0,10.0,0.0,7.3102794,0.05541951,1562.7677,86.60782,751361.96945,5351165.23958,09183
09183,2009,16664.0,10.0,16664.0,10.0,0.0,7.2450013,0.032677744,1464.0115,47.84059,751361.96945,5351165.23958,09183
09183,2010,16664.0,10.0,16664.0,10.0,0.0,6.94143,0.16000071,1080.7003,172.91281,751361.96945,5351165.23958,09183
09183,2011,16664.0,10.0,16664.0,10.0,0.0,7.124036,0.047975875,1297.2087,62.234722,751361.96945,5351165.23958,09183
09183,2012,16664.0,10.0,16664.0,10.0,0.0,7.2480617,0.028279789,1468.4991,41.528847,751361.96945,5351165.23958,09183
09183,2013,16664.0,10.0,16664.0,10.0,0.0,7.413892,0.03953122,1733.3761,68.52248,751361.96945,5351165.23958,09183
09183,2014,16664.0,10.0,16664.0,10.0,0.0,7.4027615,0.113964185,1714.1897,195.35623,751361.96945,5351165.23958,09183
09183,2015,16664.0,10.0,16664.0,10.0,0.0,7.5467544,0.05096649,1979.6766,100.89717,751361.96945,5351165.23958,09183
09183,2016,16664.0,10.0,16664.0,10.0,0.0,7.7049093,0.051853597,2318.8894,120.24276,751361.96945,5351165.23958,09183
09183,2017,16664.0,10.0,16664.0,10.0,0.0,7.775137,0.06517986,2487.5942,162.14105,751361.96945,5351165.23958,09183
09183,2018,16664.0,10.0,16664.0,10.0,0.0,7.8596683,0.11912596,2707.0176,322.47607,751361.96945,5351165.23958,09183
09183,2019,16664.0,10.0,16664.0,10.0,0.0,8.003544,0.11806768,3125.903,369.06815,751361.96945,5351165.23958,09183
09183,2020,16664.0,10.0,16664.0,10.0,0.0,8.127959,0.027352938,3540.0403,96.830505,751361.96945,5351165.23958,09183
09183,2021,16664.0,10.0,16664.0,10.0,0.0,8.281935,0.0051852264,4129.3257,21.411488,751361.96945,5351165.23958,09183
09183,2022,16664.0,10.0,16664.0,10.0,0.0,8.3034,0.055900488,4218.92,235.83969,751361.96945,5351165.23958,09183
09183,2023,16664.0,10.0,16664.0,10.0,0.0,8.244013,0.007200689,3975.6655,28.627531,751361.96945,5351165.23958,09183
09183,2024,16664.0,10.0,16664.0,10.0,0.0,8.139893,0.028278433,3582.5369,101.308525,751361.96945,5351165.23958,09183
09183,2025,16664.0,10.0,16664.0,10.0,0.0,8.277078,0.073675945,4109.317,302.7578,751361.96945,5351165.23958,09183
09184,2007,151821.0,10.0,151821.0,10.0,0.0,7.880112,0.10678936,2753.383,294.03198,701814.855677,5340461.76702,09184
09184,2008,151821.0,10.0,151821.0,10.0,0.0,7.8983874,0.084250756,2804.163,236.25288,701814.855677,5340461.76702,09184
09184,2009,151821.0,10.0,151821.0,10.0,0.0,7.884493,0.16130093,2765.4707,446.07297,701814.855677,5340461.76702,09184
09184,2010,151821.0,10.0,151821.0,10.0,0.0,8.00767,0.030325668,3127.9814,94.85812,701814.855677,5340461.76702,09184
09184,2011,151821.0,10.0,151821.0,10.0,0.0,8.096911,0.04323571,3419.9622,147.8645,701814.855677,5340461.76702,09184
09184,2012,151821.0,10.0,151821.0,10.0,0.0,8.154312,0.101776235,3622.0137,368.6349,701814.855677,5340461.76702,09184
09184,2013,151821.0,10.0,151821.0,10.0,0.0,8.195638,0.055678092,3774.8318,210.17543,701814.855677,5340461.76702,09184
09184,2014,151821.0,10.0,151821.0,10.0,0.0,8.183691,0.00884735,3730.004,33.00065,701814.855677,5340461.76702,09184
09184,2015,151821.0,10.0,151821.0,10.0,0.0,8.446065,0.15238115,4849.0493,738.9037,701814.855677,5340461.76702,09184
09184,2016,151821.0,10.0,151821.0,10.0,0.0,8.534639,0.14306548,5298.1484,757.9821,701814.855677,5340461.76702,09184
09184,2017,151821.0,10.0,151821.0,10.0,0.0,8.504482,0.026944816,5140.7583,138.5168,701814.855677,5340461.76702,09184
09184,2018,151821.0,10.0,151821.0,10.0,0.0,8.588234,0.0035439096,5589.8477,19.809914,701814.855677,5340461.76702,09184
09184,2019,151821.0,10.0,151821.0,10.0,0.0,8.608538,0.093571424,5704.5,533.77814,701814.855677,5340461.76702,09184
09184,2020,151821.0,10.0,151821.0,10.0,0.0,8.730358,0.0032198366,6443.526,20.7471,701814.855677,5340461.76702,09184
09184,2021,151821.0,10.0,151821.0,10.0,0.0,8.931765,0.023805782,7881.2197,187.61859,701814.855677,5340461.76702,09184
09184,2022,151821.0,10.0,151821.0,10.0,0.0,8.936101,0.030195842,7915.465,239.01411,701814.855677,5340461.76702,09184
09184,2023,151821.0,10.0,151821.0,10.0,0.0,8.876011,0.004184539,7453.8345,31.190859,701814.855677,5340461.76702,09184
09184,2024,151821.0,10.0,151821.0,10.0,0.0,8.757333,0.04975084,6619.706,329.33594,701814.855677,5340461.76702,09184
09184,2025,151821.0,10.0,151821.0,10.0,0.0,8.812298,0.020340234,6993.742,142.25436,701814.855677,5340461.76702,09184
09185,2007,70738.0,25.0,8647.0,10.0,-0.026636658,7.425045,0.0024979992,1748.9421,4.368856,669430.347112,5377025.18888,09185
09185,2008,70738.0,25.0,8647.0,10.0,-0.026636658,7.414632,0.005240663,1730.8247,9.070668,669430.347112,5377025.18888,09185
09185,2009,70738.0,25.0,8647.0,10.0,-0.026636658,7.3871403,0.029403206,1683.8893,49.511745,669430.347112,5377025.18888,09185
09185,2010,70738.0,25.0,8647.0,10.0,-0.026636658,7.4780846,0.0155545855,1844.2094,28.685913,669430.347112,5377025.18888,09185
09185,2011,70738.0,25.0,8647.0,10.0,-0.026636658,7.501141,0.01607701,1887.2241,30.340921,669430.347112,5377025.18888,09185
09185,2012,70738.0,25.0,8647.0,10.0,-0.026636658,7.562227,0.08318796,2006.1007,166.88342,669430.347112,5377025.18888,09185
09185,2013,70738.0,25.0,8647.0,10.0,-0.026636658,7.6129684,0.066828676,2110.5205,141.0433,669430.347112,5377025.18888,09185
09185,2014,70738.0,25.0,8647.0,10.0,-0.026636658,7.6736455,0.053517453,2242.5454,120.01532,669430.347112,5377025.18888,09185
09185,2015,70738.0,25.0,8647.0,10.0,-0.026636658,7.7247133,0.024611337,2360.0422,58.083794,669430.347112,5377025.18888,09185
09185,2016,70738.0,25.0,8647.0,10.0,-0.026636658,7.8112216,0.06937931,2573.296,178.5335,669430.347112,5377025.18888,09185
09185,2017,70738.0,25.0,8647.0,10.0,-0.026636658,7.950332,0.005909475,2957.3638,17.476467,669430.347112,5377025.18888,09185
09185,2018,70738.0,25.0,8647.0,10.0,-0.026636658,7.9119496,0.11706067,2846.003,333.155,669430.347112,5377025.18888,09185
09185,2019,70738.0,25.0,8647.0,10.0,-0.026636658,7.9997215,0.04513625,3107.0935,140.24254,669430.347112,5377025.18888,09185
09185,2020,70738.0,25.0,8647.0,10.0,-0.026636658,8.169453,0.017681576,3681.8625,65.101135,669430.347112,5377025.18888,09185
09185,2021,70738.0,25.0,8647.0,10.0,-0.026636658,8.258741,0.0797012,4025.736,320.856,669430.347112,5377025.18888,09185
09185,2022,70738.0,25.0,8647.0,10.0,-0.026636658,8.377931,0.008784929,4535.325,39.842514,669430.347112,5377025.18888,09185
09185,2023,70738.0,25.0,8647.0,10.0,-0.026636658,8.29093,0.019465145,4157.4243,80.924866,669430.347112,5377025.18888,09185
09185,2024,70738.0,25.0,8647.0,10.0,-0.026636658,8.208349,0.01199976,3827.897,45.933846,669430.347112,5377025.18888,09185
09185,2025,70738.0,25.0,8647.0,10.0,-0.026636658,8.196723,0.008407145,3783.6487,31.809683,669430.347112,5377025.18888,09185
09186,2007,29705.0,10.0,29705.0,10.0,0.0,7.644635,0.020511597,2168.3298,44.475906,682051.244992,5394887.82511,09186
09186,2008,29705.0,10.0,29705.0,10.0,0.0,7.577282,0.09971122,2027.0952,202.12413,682051.244992,5394887.82511,09186
09186,2009,29705.0,10.0,29705.0,10.0,0.0,7.4501286,0.14852469,1785.0571,265.12506,682051.244992,5394887.82511,09186
09186,2010,29705.0,10.0,29705.0,10.0,0.0,7.4406495,0.07139141,1768.2162,126.23545,682051.244992,5394887.82511,09186
09186,2011,29705.0,10.0,29705.0,10.0,0.0,7.5364137,0.1375491,1945.9208,267.65964,682051.244992,5394887.82511,09186
09186,2012,29705.0,10.0,29705.0,10.0,0.0,7.508509,0.24348043,1892.372,460.75552,682051.244992,5394887.82511,09186
09186,2013,29705.0,10.0,29705.0,10.0,0.0,7.6211977,0.14787307,2118.1,313.20996,682051.244992,5394887.82511,09186
09186,2014,29705.0,10.0,29705.0,10.0,0.0,7.7775445,0.08475416,2476.5498,209.89789,682051.244992,5394887.82511,09186
09186,2015,29705.0,10.0,29705.0,10.0,0.0,7.9626384,0.14952508,2980.1104,445.60123,682051.244992,5394887.82511,09186
09186,2016,29705.0,10.0,29705.0,10.0,0.0,8.089762,0.12933227,3384.084,437.6713,682051.244992,5394887.82511,09186
09186,2017,29705.0,10.0,29705.0,10.0,0.0,8.127282,0.1013089,3513.4702,355.9458,682051.244992,5394887.82511,09186
09186,2018,29705.0,10.0,29705.0,10.0,0.0,8.157952,0.13700984,3622.8967,496.37253,682051.244992,5394887.82511,09186
09186,2019,29705.0,10.0,29705.0,10.0,0.0,8.185646,0.09647741,3724.6306,359.3427,682051.244992,5394887.82511,09186
09186,2020,29705.0,10.0,29705.0,10.0,0.0,8.1733885,0.07449543,3679.2566,274.0878,682051.244992,5394887.82511,09186
09186,2021,29705.0,10.0,29705.0,10.0,0.0,8.306188,0.072011605,4201.7837,302.5772,682051.244992,5394887.82511,09186
09186,2022,29705.0,10.0,29705.0,10.0,0.0,8.383454,0.062287066,4539.3164,282.7407,682051.244992,5394887.82511,09186
09186,2023,29705.0,10.0,29705.0,10.0,0.0,8.445635,0.042127103,4830.5317,203.4963,682051.244992,5394887.82511,09186
09186,2024,29705.0,10.0,29705.0,10.0,0.0,8.305682,0.027051559,4199.6606,113.60736,682051.244992,5394887.82511,09186
09186,2025,29705.0,10.0,29705.0,10.0,0.0,8.268187,0.1436946,4045.1099,581.26044,682051.244992,5394887.82511,09186
09187,2007,69862.0,25.0,6128.0,10.0,0.058488637,7.709201,0.042088713,2335.0999,98.28135,746867.733126,5322878.75207,09187
09187,2008,69862.0,25.0,6128.0,10.0,0.058488637,7.6556993,0.013431074,2213.4514,29.72903,746867.733126,5322878.75207,09187
09187,2009,69862.0,25.0,6128.0,10.0,0.058488637,7.672914,0.0016088072,2251.8853,3.6228495,746867.733126,5322878.75207,09187
09187,2010,69862.0,25.0,6128.0,10.0,0.058488637,7.6454263,0.029894741,2190.8293,65.49428,746867.733126,5322878.75207,09187
09187,2011,69862.0,25.0,6128.0,10.0,0.058488637,7.718629,0.022863587,2357.2192,53.894485,746867.733126,5322878.75207,09187
09187,2012,69862.0,25.0,6128.0,10.0,0.058488637,7.6845965,0.007239068,2278.3472,16.49311,746867.733126,5322878.75207,09187
09187,2013,69862.0,25.0,6128.0,10.0,0.058488637,7.852,0.09419329,2693.5337,253.7128,746867.733126,5322878.75207,09187
09187,2014,69862.0,25.0,6128.0,10.0,0.058488637,7.854047,0.025704548,2699.053,69.37794,746867.733126,5322878.75207,09187
09187,2015,69862.0,25.0,6128.0,10.0,0.058488637,7.897631,0.0863877,2819.2898,243.55196,746867.733126,5322878.75207,09187
09187,2016,69862.0,25.0,6128.0,10.0,0.058488637,7.907772,0.018690152,2848.0251,53.230022,746867.733126,5322878.75207,09187
09187,2017,69862.0,25.0,6128.0,10.0,0.058488637,8.177979,0.07608436,3731.5874,283.91544,746867.733126,5322878.75207,09187
09187,2018,69862.0,25.0,6128.0,10.0,0.058488637,8.17908,0.0058453875,3735.694,21.836578,746867.733126,5322878.75207,09187
09187,2019,69862.0,25.0,6128.0,10.0,0.058488637,8.189056,0.07185759,3773.1519,271.12958,746867.733126,5322878.75207,09187
09187,2020,69862.0,25.0,6128.0,10.0,0.058488637,8.240764,0.01743828,3973.383,69.28896,746867.733126,5322878.75207,09187
09187,2021,69862.0,25.0,6128.0,10.0,0.058488637,8.301007,0.105252065,4220.109,444.17517,746867.733126,5322878.75207,09187
09187,2022,69862.0,25.0,6128.0,10.0,0.058488637,8.587735,0.0020201534,5621.4473,11.356186,746867.733126,5322878.75207,09187
09187,2023,69862.0,25.0,6128.0,10.0,0.058488637,8.447813,0.023054125,4887.433,112.67549,746867.733126,5322878.75207,09187
09187,2024,69862.0,25.0,6128.0,10.0,0.058488637,8.355803,0.033911247,4457.806,151.16975,746867.733126,5322878.75207,09187
09187,2025,69862.0,25.0,6128.0,10.0,0.058488637,8.432247,0.048618544,4811.944,233.9497,746867.733126,5322878.75207,09187
09188,2007,30300.0,10.0,30300.0,10.0,0.0,8.319445,0.0479024,4338.1807,207.80928,677659.748736,5314505.36125,09188
09188,2008,30300.0,10.0,30300.0,10.0,0.0,8.258595,0.0181359,4082.0771,74.03214,677659.748736,5314505.36125,09188
09188,2009,30300.0,10.0,30300.0,10.0,0.0,8.105979,0.008645019,3504.296,30.294704,677659.748736,5314505.36125,09188
09188,2010,30300.0,10.0,30300.0,10.0,0.0,8.214805,0.108394675,3907.1763,423.5171,677659.748736,5314505.36125,09188
09188,2011,30300.0,10.0,30300.0,10.0,0.0,8.369711,0.053430542,4561.8193,243.74048,677659.748736,5314505.36125,09188
09188,2012,30300.0,10.0,30300.0,10.0,0.0,8.284619,0.0041540037,4189.702,17.40404,677659.748736,5314505.36125,09188
09188,2013,30300.0,10.0,30300.0,10.0,0.0,8.419819,0.11605104,4796.226,556.60706,677659.748736,5314505.36125,09188
09188,2014,30300.0,10.0,30300.0,10.0,0.0,8.424923,0.04094204,4820.767,197.37204,677659.748736,5314505.36125,09188
09188,2015,30300.0,10.0,30300.0,10.0,0.0,8.594426,0.050851516,5711.24,290.42523,677659.748736,5314505.36125,09188
09188,2016,30300.0,10.0,30300.0,10.0,0.0,8.745853,0.04764536,6644.9927,316.60306,677659.748736,5314505.36125,09188
09188,2017,30300.0,10.0,30300.0,10.0,0.0,8.749252,0.06281478,6667.6167,418.82486,677659.748736,5314505.36125,09188
09188,2018,30300.0,10.0,30300.0,10.0,0.0,8.709056,0.12179418,6404.921,780.08203,677659.748736,5314505.36125,09188
09188,2019,30300.0,10.0,30300.0,10.0,0.0,8.920669,0.05122594,7914.3604,405.42056,677659.748736,5314505.36125,09188
09188,2020,30300.0,10.0,30300.0,10.0,0.0,8.998643,0.007468161,8556.178,63.898914,677659.748736,5314505.36125,09188
09188,2021,30300.0,10.0,30300.0,10.0,0.0,9.330129,0.016793098,11919.0625,200.15797,677659.748736,5314505.36125,09188
09188,2022,30300.0,10.0,30300.0,10.0,0.0,9.19651,0.11975625,10428.2705,1248.8506,677659.748736,5314505.36125,09188
09188,2023,30300.0,10.0,30300.0,10.0,0.0,9.264585,0.042733602,11162.887,477.03033,677659.748736,5314505.36125,09188
09188,2024,30300.0,10.0,30300.0,10.0,0.0,9.139842,0.038173374,9853.756,376.1511,677659.748736,5314505.36125,09188
09188,2025,30300.0,10.0,30300.0,10.0,0.0,8.983783,0.007368083,8429.967,62.112698,677659.748736,5314505.36125,09188
09189,2007,61081.0,25.0,9538.0,10.0,0.14785782,7.476223,0.0005359286,1862.2448,0.9980301,761499.018756,5322472.0266,09189
09189,2008,61081.0,25.0,9538.0,10.0,0.14785782,7.5231876,0.04233911,1951.7905,82.63707,761499.018756,5322472.0266,09189
09189,2009,61081.0,25.0,9538.0,10.0,0.14785782,7.454332,0.064947404,1821.9203,118.328995,761499.018756,5322472.0266,09189
09189,2010,61081.0,25.0,9538.0,10.0,0.14785782,7.400538,0.025917636,1726.5017,44.74684,761499.018756,5322472.0266,09189
09189,2011,61081.0,25.0,9538.0,10.0,0.14785782,7.4109144,0.032582197,1744.5105,56.839985,761499.018756,5322472.0266,09189
09189,2012,61081.0,25.0,9538.0,10.0,0.14785782,7.5928297,0.08852002,2092.5623,185.23364,761499.018756,5322472.0266,09189
09189,2013,61081.0,25.0,9538.0,10.0,0.14785782,7.581075,0.045079727,2068.1084,93.22976,761499.018756,5322472.0266,09189
09189,2014,61081.0,25.0,9538.0,10.0,0.14785782,7.578925,0.008847527,2063.6667,18.258347,761499.018756,5322472.0266,09189
09189,2015,61081.0,25.0,9538.0,10.0,0.14785782,7.661807,0.0041423566,2241.996,9.287148,761499.018756,5322472.0266,09189
09189,2016,61081.0,25.0,9538.0,10.0,0.14785782,7.705832,0.0552518,2342.905,129.44972,761499.018756,5322472.0266,09189
09189,2017,61081.0,25.0,9538.0,10.0,0.14785782,7.8484197,0.0010817809,2701.9639,2.9229329,761499.018756,5322472.0266,09189
09189,2018,61081.0,25.0,9538.0,10.0,0.14785782,7.8585534,0.03215857,2729.485,87.77634,761499.018756,5322472.0266,09189
09189,2019,61081.0,25.0,9538.0,10.0,0.14785782,7.9743776,0.020713918,3064.6611,63.48114,761499.018756,5322472.0266,09189
09189,2020,61081.0,25.0,9538.0,10.0,0.14785782,8.090883,0.029776912,3443.3425,102.532104,761499.018756,5322472.0266,09189
09189,2021,61081.0,25.0,9538.0,10.0,0.14785782,8.27414,0.011295931,4135.8804,46.71862,761499.018756,5322472.0266,09189
09189,2022,61081.0,25.0,9538.0,10.0,0.14785782,8.391864,0.018084992,4652.5845,84.14195,761499.018756,5322472.0266,09189
09189,2023,61081.0,25.0,9538.0,10.0,0.14785782,8.286354,0.059744604,4186.7036,250.13293,761499.018756,5322472.0266,09189
09189,2024,61081.0,25.0,9538.0,10.0,0.14785782,8.257592,0.013975682,4068.002,56.8531,761499.018756,5322472.0266,09189
09189,2025,61081.0,25.0,9538.0,10.0,0.14785782,8.1625595,0.05295655,3699.208,195.89731,761499.018756,5322472.0266,09189
09190,2007,10616.0,10.0,10616.0,10.0,0.0,8.082347,0.1345306,3439.0042,462.65128,669977.398407,5303638.55437,09190
09190,2008,10616.0,10.0,10616.0,10.0,0.0,8.14067,0.08143039,3645.5393,296.85767,669977.398407,5303638.55437,09190
09190,2009,10616.0,10.0,10616.0,10.0,0.0,8.178504,0.21448034,3786.1091,812.04596,669977.398407,5303638.55437,09190
09190,2010,10616.0,10.0,10616.0,10.0,0.0,8.442437,0.31000397,4929.6704,1528.2174,669977.398407,5303638.55437,09190
09190,2011,10616.0,10.0,10616.0,10.0,0.0,8.350594,0.13794911,4497.0815,620.3684,669977.398407,5303638.55437,09190
09190,2012,10616.0,10.0,10616.0,10.0,0.0,8.284463,0.19909526,4209.3047,838.0527,669977.398407,5303638.55437,09190
09190,2013,10616.0,10.0,10616.0,10.0,0.0,8.385504,0.118500195,4656.845,551.8371,669977.398407,5303638.55437,09190
09190,2014,10616.0,10.0,10616.0,10.0,0.0,8.65437,0.09667956,6093.3916,589.10645,669977.398407,5303638.55437,09190
09190,2015,10616.0,10.0,10616.0,10.0,0.0,8.585001,0.009139793,5685.028,51.959976,669977.398407,5303638.55437,09190
09190,2016,10616.0,10.0,10616.0,10.0,0.0,8.802313,0.13563742,7064.9634,958.2734,669977.398407,5303638.55437,09190
09190,2017,10616.0,10.0,10616.0,10.0,0.0,8.65595,0.13095433,6103.0215,799.21704,669977.398407,5303638.55437,09190
09190,2018,10616.0,10.0,10616.0,10.0,0.0,8.684554,0.22584598,6280.1206,1418.3401,669977.398407,5303638.55437,09190
09190,2019,10616.0,10.0,10616.0,10.0,0.0,9.158142,0.14372282,10084.267,1449.3392,669977.398407,5303638.55437,09190
09190,2020,10616.0,10.0,10616.0,10.0,0.0,9.108359,0.27743313,9594.536,2661.842,669977.398407,5303638.55437,09190
09190,2021,10616.0,10.0,10616.0,10.0,0.0,9.02439,0.15805747,8821.788,1394.3495,669977.398407,5303638.55437,09190
09190,2022,10616.0,10.0,10616.0,10.0,0.0,9.152371,0.09396839,10026.248,942.1504,669977.398407,5303638.55437,09190
09190,2023,10616.0,10.0,10616.0,10.0,0.0,8.964691,0.024698736,8310.554,205.26018,669977.398407,5303638.55437,09190
09190,2024,10616.0,10.0,10616.0,10.0,0.0,8.795703,0.076113895,7018.4194,534.1992,669977.398407,5303638.55437,09190
09190,2025,10616.0,10.0,10616.0,10.0,0.0,8.875185,0.22150028,7599.0234,1683.1858,669977.398407,5303638.55437,09190
09261,2007,31240.0,10.0,31240.0,10.0,0.0,7.642066,0.040737983,2169.2993,88.37288,733173.264418,5381666.97267,09261
09261,2008,31240.0,10.0,31240.0,10.0,0.0,7.5902066,0.0011902581,2059.6675,2.451536,733173.264418,5381666.97267,09261
09261,2009,31240.0,10.0,31240.0,10.0,0.0,7.590553,0.015759464,2060.3813,32.47051,733173.264418,5381666.97267,09261
09261,2010,31240.0,10.0,31240.0,10.0,0.0,7.621735,0.008260418,2125.6401,17.558676,733173.264418,5381666.97267,09261
09261,2011,31240.0,10.0,31240.0,10.0,0.0,7.6319585,0.031508055,2147.483,67.66301,733173.264418,5381666.97267,09261
09261,2012,31240.0,10.0,31240.0,10.0,0.0,7.75403,0.027145106,2426.3022,65.862236,733173.264418,5381666.97267,09261
09261,2013,31240.0,10.0,31240.0,10.0,0.0,7.883369,0.008585951,2761.3157,23.708523,733173.264418,5381666.97267,09261
09261,2014,31240.0,10.0,31240.0,10.0,0.0,7.930998,0.009285162,2896.0159,26.889978,733173.264418,5381666.97267,09261
09261,2015,31240.0,10.0,31240.0,10.0,0.0,8.075708,0.003550056,3346.9407,11.881826,733173.264418,5381666.97267,09261
09261,2016,31240.0,10.0,31240.0,10.0,0.0,8.275811,0.007213723,4088.3826,29.492458,733173.264418,5381666.97267,09261
09261,2017,31240.0,10.0,31240.0,10.0,0.0,8.304083,0.007531301,4205.6187,31.673779,733173.264418,5381666.97267,09261
09261,2018,31240.0,10.0,31240.0,10.0,0.0,8.352925,0.0021625878,4416.127,9.5502615,733173.264418,5381666.97267,09261
09261,2019,31240.0,10.0,31240.0,10.0,0.0,8.359132,0.008987208,4443.6245,39.935776,733173.264418,5381666.97267,09261
09261,2020,31240.0,10.0,31240.0,10.0,0.0,8.425517,0.001286529,4748.6235,6.109242,733173.264418,5381666.97267,09261
09261,2021,31240.0,10.0,31240.0,10.0,0.0,8.529752,0.0062358207,5270.315,32.86474,733173.264418,5381666.97267,09261
09261,2022,31240.0,10.0,31240.0,10.0,0.0,8.55116,0.0008965856,5384.3564,4.8275366,733173.264418,5381666.97267,09261
09261,2023,31240.0,10.0,31240.0,10.0,0.0,8.54673,0.018805655,5360.5576,100.80879,733173.264418,5381666.97267,09261
09261,2024,31240.0,10.0,31240.0,10.0,0.0,8.457939,0.013002797,4905.1074,63.780117,733173.264418,5381666.97267,09261
09261,2025,31240.0,10.0,31240.0,10.0,0.0,8.49905,0.01370119,5110.966,70.02631,733173.264418,5381666.97267,09261
09262,2007,18821.0,10.0,18821.0,10.0,0.0,7.259468,0.006267565,1496.8328,9.381496,825590.16677,5390416.6633,09262
09262,2008,18821.0,10.0,18821.0,10.0,0.0,7.218843,0.016281983,1437.2429,23.401163,825590.16677,5390416.6633,09262
09262,2009,18821.0,10.0,18821.0,10.0,0.0,7.161713,0.006349395,1357.4347,8.618889,825590.16677,5390416.6633,09262
09262,2010,18821.0,10.0,18821.0,10.0,0.0,7.1598825,0.0050471225,1354.952,6.8386087,825590.16677,5390416.6633,09262
09262,2011,18821.0,10.0,18821.0,10.0,0.0,7.223082,0.03289198,1443.3484,47.474586,825590.16677,5390416.6633,09262
09262,2012,18821.0,10.0,18821.0,10.0,0.0,7.4262877,0.1391279,1768.5693,246.05733,825590.16677,5390416.6633,09262
09262,2013,18821.0,10.0,18821.0,10.0,0.0,7.4997764,0.015092494,1903.4343,28.727571,825590.16677,5390416.6633,09262
09262,2014,18821.0,10.0,18821.0,10.0,0.0,7.4018135,0.021685481,1725.8107,37.425034,825590.16677,5390416.6633,09262
09262,2015,18821.0,10.0,18821.0,10.0,0.0,7.548516,0.010635068,1998.5043,21.254229,825590.16677,5390416.6633,09262
09262,2016,18821.0,10.0,18821.0,10.0,0.0,7.8086095,0.036689688,2592.1638,95.10568,825590.16677,5390416.6633,09262
09262,2017,18821.0,10.0,18821.0,10.0,0.0,7.7999806,0.03852094,2569.8926,98.994675,825590.16677,5390416.6633,09262
09262,2018,18821.0,10.0,18821.0,10.0,0.0,7.9375725,0.045282114,2948.9702,133.53561,825590.16677,5390416.6633,09262
09262,2019,18821.0,10.0,18821.0,10.0,0.0,8.08524,0.0445907,3418.2344,152.42146,825590.16677,5390416.6633,09262
09262,2020,18821.0,10.0,18821.0,10.0,0.0,8.214613,0.018524349,3890.3376,72.06597,825590.16677,5390416.6633,09262
09262,2021,18821.0,10.0,18821.0,10.0,0.0,8.27317,0.03354303,4124.95,138.36334,825590.16677,5390416.6633,09262
09262,2022,18821.0,10.0,18821.0,10.0,0.0,8.27104,0.05612465,4116.1714,231.01866,825590.16677,5390416.6633,09262
09262,2023,18821.0,10.0,18821.0,10.0,0.0,8.095363,0.005339045,3453.0103,18.43578,825590.16677,5390416.6633,09262
09262,2024,18821.0,10.0,18821.0,10.0,0.0,8.192361,0.0004819377,3804.728,1.8336418,825590.16677,5390416.6633,09262
09262,2025,18821.0,10.0,18821.0,10.0,0.0,8.205117,0.038015783,3853.5708,146.4965,825590.16677,5390416.6633,09262
09263,2007,16377.0,10.0,16377.0,10.0,0.0,7.1716776,0.00517243,1377.5665,7.125366,761979.497992,5420362.62353,09263
09263,2008,16377.0,10.0,16377.0,10.0,0.0,7.244808,0.005335885,1482.0837,7.908229,761979.497992,5420362.62353,09263
09263,2009,16377.0,10.0,16377.0,10.0,0.0,7.2553387,0.0031578275,1497.7737,4.729711,761979.497992,5420362.62353,09263
09263,2010,16377.0,10.0,16377.0,10.0,0.0,7.2560544,0.016419815,1498.8458,24.61077,761979.497992,5420362.62353,09263
09263,2011,16377.0,10.0,16377.0,10.0,0.0,7.274165,0.02819895,1526.238,43.03831,761979.497992,5420362.62353,09263
09263,2012,16377.0,10.0,16377.0,10.0,0.0,7.297653,0.041181017,1562.5112,64.3458,761979.497992,5420362.62353,09263
09263,2013,16377.0,10.0,16377.0,10.0,0.0,7.3851585,0.019686436,1705.3998,33.573242,761979.497992,5420362.62353,09263
09263,2014,16377.0,10.0,16377.0,10.0,0.0,7.589069,0.032124806,2091.1414,67.17751,761979.497992,5420362.62353,09263
09263,2015,16377.0,10.0,16377.0,10.0,0.0,7.8301144,0.014015533,2661.1416,37.297318,761979.497992,5420362.62353,09263
09263,2016,16377.0,10.0,16377.0,10.0,0.0,7.7575374,0.017003307,2474.8462,42.08057,761979.497992,5420362.62353,09263
09263,2017,16377.0,10.0,16377.0,10.0,0.0,7.827556,0.008883886,2654.3423,23.580873,761979.497992,5420362.62353,09263
09263,2018,16377.0,10.0,16377.0,10.0,0.0,7.9868064,0.01253273,3112.5652,39.008938,761979.497992,5420362.62353,09263
09263,2019,16377.0,10.0,16377.0,10.0,0.0,8.071474,0.023951955,3387.5762,81.13908,761979.497992,5420362.62353,09263
09263,2020,16377.0,10.0,16377.0,10.0,0.0,8.058821,0.0054757204,3344.982,18.316187,761979.497992,5420362.62353,09263
09263,2021,16377.0,10.0,16377.0,10.0,0.0,8.152537,0.028369552,3673.6218,104.219,761979.497992,5420362.62353,09263
09263,2022,16377.0,10.0,16377.0,10.0,0.0,8.195283,0.017535482,3834.0588,67.23206,761979.497992,5420362.62353,09263
09263,2023,16377.0,10.0,16377.0,10.0,0.0,8.078203,0.008231642,3410.4512,28.073614,761979.497992,5420362.62353,09263
09263,2024,16377.0,10.0,16377.0,10.0,0.0,8.1549225,0.004223183,3682.3965,15.551434,761979.497992,5420362.62353,09263
09263,2025,16377.0,10.0,16377.0,10.0,0.0,8.161968,0.018561734,3708.4326,68.83494,761979.497992,5420362.62353,09263
09271,2007,49732.0,25.0,5360.0,10.0,0.17491837,7.1138515,0.04818623,1319.3799,63.575943,786465.636131,5405505.239,09271
09271,2008,49732.0,25.0,5360.0,10.0,0.17491837,7.211473,0.008196672,1454.6759,11.923501,786465.636131,5405505.239,09271
09271,2009,49732.0,25.0,5360.0,10.0,0.17491837,7.1160054,0.046586588,1322.2245,61.597923,786465.636131,5405505.239,09271
09271,2010,49732.0,25.0,5360.0,10.0,0.17491837,7.1847944,0.019722546,1416.3805,27.934628,786465.636131,5405505.239,09271
09271,2011,49732.0,25.0,5360.0,10.0,0.17491837,7.1591125,0.008264115,1380.4678,11.408345,786465.636131,5405505.239,09271
09271,2012,49732.0,25.0,5360.0,10.0,0.17491837,7.1606784,0.033550825,1382.6312,46.38842,786465.636131,5405505.239,09271
09271,2013,49732.0,25.0,5360.0,10.0,0.17491837,7.282363,0.010309189,1561.5404,16.098215,786465.636131,5405505.239,09271
09271,2014,49732.0,25.0,5360.0,10.0,0.17491837,7.27239,0.026665824,1546.0452,41.226566,786465.636131,5405505.239,09271
09271,2015,49732.0,25.0,5360.0,10.0,0.17491837,7.4466887,0.12800401,1840.4287,235.58226,786465.636131,5405505.239,09271
09271,2016,49732.0,25.0,5360.0,10.0,0.17491837,7.5141773,0.057556648,1968.9243,113.324684,786465.636131,5405505.239,09271
09271,2017,49732.0,25.0,5360.0,10.0,0.17491837,7.5249734,0.11670495,1990.2966,232.27745,786465.636131,5405505.239,09271
09271,2018,49732.0,25.0,5360.0,10.0,0.17491837,7.6702766,0.2031167,2301.559,467.48508,786465.636131,5405505.239,09271
09271,2019,49732.0,25.0,5360.0,10.0,0.17491837,7.794311,0.18256529,2605.4912,475.67224,786465.636131,5405505.239,09271
09271,2020,49732.0,25.0,5360.0,10.0,0.17491837,7.9063725,0.01120055,2914.4536,32.643486,786465.636131,5405505.239,09271
09271,2021,49732.0,25.0,5360.0,10.0,0.17491837,7.7992125,0.106767945,2618.293,279.54977,786465.636131,5405505.239,09271
09271,2022,49732.0,25.0,5360.0,10.0,0.17491837,7.9745107,0.10202407,3119.9622,318.31125,786465.636131,5405505.239,09271
09271,2023,49732.0,25.0,5360.0,10.0,0.17491837,7.9730544,0.045904342,3115.4214,143.01137,786465.636131,5405505.239,09271
09271,2024,49732.0,25.0,5360.0,10.0,0.17491837,7.9828444,0.0022153703,3146.0718,6.969714,786465.636131,5405505.239,09271
09271,2025,49732.0,25.0,5360.0,10.0,0.17491837,7.9743834,0.12381094,3119.5647,386.2362,786465.636131,5405505.239,09271
09272,2007,31425.0,25.0,5427.0,10.0,0.044954095,6.8393574,0.04783589,1017.41046,48.66874,834006.548374,5417471.29526,09272
09272,2008,31425.0,25.0,5427.0,10.0,0.044954095,6.8039255,0.123537965,981.9927,121.31338,834006.548374,5417471.29526,09272
09272,2009,31425.0,25.0,5427.0,10.0,0.044954095,6.74074,0.116921194,921.86456,107.78551,834006.548374,5417471.29526,09272
09272,2010,31425.0,25.0,5427.0,10.0,0.044954095,6.7770467,0.03832245,955.94977,36.634335,834006.548374,5417471.29526,09272
09272,2011,31425.0,25.0,5427.0,10.0,0.044954095,6.8711376,0.04821422,1050.2634,50.63763,834006.548374,5417471.29526,09272
09272,2012,31425.0,25.0,5427.0,10.0,0.044954095,6.822356,0.025845619,1000.25934,25.852322,834006.548374,5417471.29526,09272
09272,2013,31425.0,25.0,5427.0,10.0,0.044954095,6.8160224,0.00428815,993.9441,4.2621813,834006.548374,5417471.29526,09272
09272,2014,31425.0,25.0,5427.0,10.0,0.044954095,6.792649,0.04201759,970.9814,40.798298,834006.548374,5417471.29526,09272
09272,2015,31425.0,25.0,5427.0,10.0,0.044954095,6.8042645,0.08429243,982.3258,82.80263,834006.548374,5417471.29526,09272
09272,2016,31425.0,25.0,5427.0,10.0,0.044954095,6.9324656,0.029761748,1116.6901,33.23465,834006.548374,5417471.29526,09272
09272,2017,31425.0,25.0,5427.0,10.0,0.044954095,7.0160503,0.069747746,1214.0402,84.67656,834006.548374,5417471.29526,09272
09272,2018,31425.0,25.0,5427.0,10.0,0.044954095,7.1074057,0.14633992,1330.1732,194.65744,834006.548374,5417471.29526,09272
09272,2019,31425.0,25.0,5427.0,10.0,0.044954095,7.2877083,0.12340547,1592.988,196.58345,834006.548374,5417471.29526,09272
09272,2020,31425.0,25.0,5427.0,10.0,0.044954095,7.365143,0.14983612,1721.2418,257.9042,834006.548374,5417471.29526,09272
09272,2021,31425.0,25.0,5427.0,10.0,0.044954095,7.549322,0.041639544,2069.3308,86.16599,834006.548374,5417471.29526,09272
09272,2022,31425.0,25.0,5427.0,10.0,0.044954095,7.501742,0.0075997384,1973.1771,14.99563,834006.548374,5417471.29526,09272
09272,2023,31425.0,25.0,5427.0,10.0,0.044954095,7.3255134,0.008553501,1654.3641,14.150605,834006.548374,5417471.29526,09272
09272,2024,31425.0,25.0,5427.0,10.0,0.044954095,7.490837,0.08974229,1951.7769,175.15692,834006.548374,5417471.29526,09272
09272,2025,31425.0,25.0,5427.0,10.0,0.044954095,7.5901656,0.037012614,2155.5999,79.784386,834006.548374,5417471.29526,09272
09273,2007,53515.0,25.0,8601.0,10.0,-0.110332556,7.174875,0.0663346,1383.5985,91.78045,709755.012435,5412525.96712,09273
09273,2008,53515.0,25.0,8601.0,10.0,-0.110332556,7.145056,0.04415186,1342.95,59.29374,709755.012435,5412525.96712,09273
09273,2009,53515.0,25.0,8601.0,10.0,-0.110332556,7.0508776,0.072712995,1222.2465,88.8732,709755.012435,5412525.96712,09273
09273,2010,53515.0,25.0,8601.0,10.0,-0.110332556,7.0567575,0.05082,1229.4541,62.480854,709755.012435,5412525.96712,09273
09273,2011,53515.0,25.0,8601.0,10.0,-0.110332556,7.1330914,0.085791595,1326.9784,113.84359,709755.012435,5412525.96712,09273
09273,2012,53515.0,25.0,8601.0,10.0,-0.110332556,7.148043,0.0032707136,1346.9679,4.405546,709755.012435,5412525.96712,09273
09273,2013,53515.0,25.0,8601.0,10.0,-0.110332556,7.1776757,0.017919447,1387.4792,24.862862,709755.012435,5412525.96712,09273
09273,2014,53515.0,25.0,8601.0,10.0,-0.110332556,7.4994626,0.16492055,1914.1533,315.68323,709755.012435,5412525.96712,09273
09273,2015,53515.0,25.0,8601.0,10.0,-0.110332556,7.5060434,0.14456089,1926.7922,278.5388,709755.012435,5412525.96712,09273
09273,2016,53515.0,25.0,8601.0,10.0,-0.110332556,7.544147,0.106009066,2001.6263,212.19054,709755.012435,5412525.96712,09273
09273,2017,53515.0,25.0,8601.0,10.0,-0.110332556,7.4836636,0.032668743,1884.1493,61.55279,709755.012435,5412525.96712,09273
09273,2018,53515.0,25.0,8601.0,10.0,-0.110332556,7.5807743,0.07955317,2076.2993,165.17618,709755.012435,5412525.96712,09273
09273,2019,53515.0,25.0,8601.0,10.0,-0.110332556,7.9530272,0.11136364,3012.71,335.50635,709755.012435,5412525.96712,09273
09273,2020,53515.0,25.0,8601.0,10.0,-0.110332556,7.958035,0.0055928403,3027.8357,16.934202,709755.012435,5412525.96712,09273
09273,2021,53515.0,25.0,8601.0,10.0,-0.110332556,7.937381,0.07049936,2965.9395,209.09685,709755.012435,5412525.96712,09273
09273,2022,53515.0,25.0,8601.0,10.0,-0.110332556,8.042999,0.04717638,3296.3386,155.50932,709755.012435,5412525.96712,09273
09273,2023,53515.0,25.0,8601.0,10.0,-0.110332556,7.995978,0.030741723,3144.9275,96.68049,709755.012435,5412525.96712,09273
09273,2024,53515.0,25.0,8601.0,10.0,-0.110332556,7.966065,0.012507125,3052.2456,38.174816,709755.012435,5412525.96712,09273
09273,2025,53515.0,25.0,8601.0,10.0,-0.110332556,7.966136,0.033865117,3052.4626,103.372,709755.012435,5412525.96712,09273
09274,2007,16557.0,10.0,16557.0,10.0,0.0,7.338446,0.0650772,1605.1271,104.457184,742301.244966,5381112.2307,09274
09274,2008,16557.0,10.0,16557.0,10.0,0.0,7.4941955,0.0024030104,1875.6449,4.507194,742301.244966,5381112.2307,09274
09274,2009,16557.0,10.0,16557.0,10.0,0.0,7.367405,0.16134852,1652.2898,266.5945,742301.244966,5381112.2307,09274
09274,2010,16557.0,10.0,16557.0,10.0,0.0,7.289731,0.096816644,1528.8073,148.01399,742301.244966,5381112.2307,09274
09274,2011,16557.0,10.0,16557.0,10.0,0.0,7.159497,0.034743868,1342.1244,46.63059,742301.244966,5381112.2307,09274
09274,2012,16557.0,10.0,16557.0,10.0,0.0,7.342179,0.10894908,1611.1301,175.53114,742301.244966,5381112.2307,09274
09274,2013,16557.0,10.0,16557.0,10.0,0.0,7.34436,0.0831336,1614.6476,134.23148,742301.244966,5381112.2307,09274
09274,2014,16557.0,10.0,16557.0,10.0,0.0,7.4036098,0.043186005,1713.2063,73.986534,742301.244966,5381112.2307,09274
09274,2015,16557.0,10.0,16557.0,10.0,0.0,7.3711557,0.06327776,1658.4989,104.94609,742301.244966,5381112.2307,09274
09274,2016,16557.0,10.0,16557.0,10.0,0.0,7.244447,0.10544726,1461.1213,154.07124,742301.244966,5381112.2307,09274
09274,2017,16557.0,10.0,16557.0,10.0,0.0,7.507541,0.10011073,1900.8446,190.29494,742301.244966,5381112.2307,09274
09274,2018,16557.0,10.0,16557.0,10.0,0.0,7.7318773,0.039978,2378.8904,95.10328,742301.244966,5381112.2307,09274
09274,2019,16557.0,10.0,16557.0,10.0,0.0,7.9785767,0.004912973,3044.4902,14.957498,742301.244966,5381112.2307,09274
09274,2020,16557.0,10.0,16557.0,10.0,0.0,8.137654,0.078955024,3569.4495,281.826,742301.244966,5381112.2307,09274
09274,2021,16557.0,10.0,16557.0,10.0,0.0,8.097274,0.1391593,3428.1836,477.06366,742301.244966,5381112.2307,09274
09274,2022,16557.0,10.0,16557.0,10.0,0.0,8.394326,0.2621111,4613.9453,1209.3662,742301.244966,5381112.2307,09274
09274,2023,16557.0,10.0,16557.0,10.0,0.0,8.260901,0.06781329,4037.634,273.80524,742301.244966,5381112.2307,09274
09274,2024,16557.0,10.0,16557.0,10.0,0.0,8.328692,0.12385297,4320.837,535.1485,742301.244966,5381112.2307,09274
09274,2025,16557.0,10.0,16557.0,10.0,0.0,8.073449,0.14403212,3347.4727,482.1436,742301.244966,5381112.2307,09274
09275,2007,64117.0,25.0,8831.0,10.0,0.10855226,7.0462174,0.088495396,1239.8906,109.72462,817207.113882,5401020.84385,09275
09275,2008,64117.0,25.0,8831.0,10.0,0.10855226,6.993725,0.15194725,1176.4841,178.76352,817207.113882,5401020.84385,09275
09275,2009,64117.0,25.0,8831.0,10.0,0.10855226,6.943299,0.097360104,1118.6295,108.90988,817207.113882,5401020.84385,09275
09275,2010,64117.0,25.0,8831.0,10.0,0.10855226,6.9536343,0.1279941,1130.2511,144.66547,817207.113882,5401020.84385,09275
09275,2011,64117.0,25.0,8831.0,10.0,0.10855226,6.9439287,0.04486451,1119.3347,50.218403,817207.113882,5401020.84385,09275
09275,2012,64117.0,25.0,8831.0,10.0,0.10855226,7.0398026,0.008705239,1231.9622,10.724525,817207.113882,5401020.84385,09275
09275,2013,64117.0,25.0,8831.0,10.0,0.10855226,7.0770383,0.0021968232,1278.7002,2.8090782,817207.113882,5401020.84385,09275
09275,2014,64117.0,25.0,8831.0,10.0,0.10855226,7.115212,0.01074957,1328.4564,14.280336,817207.113882,5401020.84385,09275
09275,2015,64117.0,25.0,8831.0,10.0,0.10855226,7.2954974,0.07664219,1590.9054,121.93047,817207.113882,5401020.84385,09275
09275,2016,64117.0,25.0,8831.0,10.0,0.10855226,7.3811846,0.11684313,1733.2357,202.51668,817207.113882,5401020.84385,09275
09275,2017,64117.0,25.0,8831.0,10.0,0.10855226,7.421136,0.03485886,1803.8826,62.88129,817207.113882,5401020.84385,09275
09275,2018,64117.0,25.0,8831.0,10.0,0.10855226,7.4770703,0.14204545,1907.6577,270.9741,817207.113882,5401020.84385,09275
09275,2019,64117.0,25.0,8831.0,10.0,0.10855226,7.588478,0.04640463,2132.4758,98.95676,817207.113882,5401020.84385,09275
09275,2020,64117.0,25.0,8831.0,10.0,0.10855226,7.7274356,0.059627205,2450.3757,146.10905,817207.113882,5401020.84385,09275
09275,2021,64117.0,25.0,8831.0,10.0,0.10855226,7.8866925,0.07081474,2873.4065,203.47955,817207.113882,5401020.84385,09275
09275,2022,64117.0,25.0,8831.0,10.0,0.10855226,8.047419,0.101995006,3374.422,344.1742,817207.113882,5401020.84385,09275
09275,2023,64117.0,25.0,8831.0,10.0,0.10855226,7.7891707,0.053705644,2606.4167,139.97928,817207.113882,5401020.84385,09275
09275,2024,64117.0,25.0,8831.0,10.0,0.10855226,7.827212,0.054604087,2707.478,147.83936,817207.113882,5401020.84385,09275
09275,2025,64117.0,25.0,8831.0,10.0,0.10855226,7.8396945,0.022494664,2741.4863,61.668816,817207.113882,5401020.84385,09275
09276,2007,23915.0,25.0,5573.0,10.0,-0.042697962,6.9685836,0.019481476,1163.3894,22.664541,790906.985891,5450272.13141,09276
09276,2008,23915.0,25.0,5573.0,10.0,-0.042697962,6.945546,0.07997524,1136.894,90.92337,790906.985891,5450272.13141,09276
09276,2009,23915.0,25.0,5573.0,10.0,-0.042697962,6.812154,0.035977338,994.9206,35.794594,790906.985891,5450272.13141,09276
09276,2010,23915.0,25.0,5573.0,10.0,-0.042697962,6.881818,0.01265733,1066.7019,13.501598,790906.985891,5450272.13141,09276
09276,2011,23915.0,25.0,5573.0,10.0,-0.042697962,6.9980984,0.09294092,1198.2382,111.36536,790906.985891,5450272.13141,09276
09276,2012,23915.0,25.0,5573.0,10.0,-0.042697962,6.9830737,0.025164012,1180.3694,29.702831,790906.985891,5450272.13141,09276
09276,2013,23915.0,25.0,5573.0,10.0,-0.042697962,6.9002433,0.0015255334,1086.5387,1.6575509,790906.985891,5450272.13141,09276
09276,2014,23915.0,25.0,5573.0,10.0,-0.042697962,6.948079,0.008412239,1139.7773,9.58808,790906.985891,5450272.13141,09276
09276,2015,23915.0,25.0,5573.0,10.0,-0.042697962,6.962663,0.10887793,1156.522,125.919716,790906.985891,5450272.13141,09276
09276,2016,23915.0,25.0,5573.0,10.0,-0.042697962,7.0027976,0.029023396,1203.8824,34.940758,790906.985891,5450272.13141,09276
09276,2017,23915.0,25.0,5573.0,10.0,-0.042697962,6.9760485,0.07567376,1172.1063,88.69769,790906.985891,5450272.13141,09276
09276,2018,23915.0,25.0,5573.0,10.0,-0.042697962,7.098018,0.0524646,1324.152,69.47111,790906.985891,5450272.13141,09276
09276,2019,23915.0,25.0,5573.0,10.0,-0.042697962,7.2394247,0.14143176,1525.2808,215.72316,790906.985891,5450272.13141,09276
09276,2020,23915.0,25.0,5573.0,10.0,-0.042697962,7.3481727,0.08573438,1700.5074,145.79195,790906.985891,5450272.13141,09276
09276,2021,23915.0,25.0,5573.0,10.0,-0.042697962,7.3427095,0.027872954,1691.2421,47.13991,790906.985891,5450272.13141,09276
09276,2022,23915.0,25.0,5573.0,10.0,-0.042697962,7.6424756,0.041006703,2282.4043,93.59388,790906.985891,5450272.13141,09276
09276,2023,23915.0,25.0,5573.0,10.0,-0.042697962,7.6936607,0.0875541,2402.2717,210.32875,790906.985891,5450272.13141,09276
09276,2024,23915.0,25.0,5573.0,10.0,-0.042697962,7.6286106,0.00034410716,2250.9778,0.7745776,790906.985891,5450272.13141,09276
09276,2025,23915.0,25.0,5573.0,10.0,-0.042697962,7.6567273,0.03579719,2315.166,82.876434,790906.985891,5450272.13141,09276
09277,2007,38089.0,25.0,3907.0,10.0,0.084969774,7.0673375,0.06305378,1260.6962,79.49165,781969.187965,5385095.98365,09277
09277,2008,38089.0,25.0,3907.0,10.0,0.084969774,6.946099,0.02397942,1116.753,26.779089,781969.187965,5385095.98365,09277
09277,2009,38089.0,25.0,3907.0,10.0,0.084969774,7.0519876,0.16159952,1241.4927,200.6246,781969.187965,5385095.98365,09277
09277,2010,38089.0,25.0,3907.0,10.0,0.084969774,7.037649,0.009658152,1223.8186,11.819826,781969.187965,5385095.98365,09277
09277,2011,38089.0,25.0,3907.0,10.0,0.084969774,6.9341617,0.12375924,1103.5015,136.5685,781969.187965,5385095.98365,09277
09277,2012,38089.0,25.0,3907.0,10.0,0.084969774,6.9139647,0.17377405,1081.4381,187.92587,781969.187965,5385095.98365,09277
09277,2013,38089.0,25.0,3907.0,10.0,0.084969774,7.12572,0.04600348,1336.4902,61.483204,781969.187965,5385095.98365,09277
09277,2014,38089.0,25.0,3907.0,10.0,0.084969774,7.176076,0.03759375,1405.5132,52.838505,781969.187965,5385095.98365,09277
09277,2015,38089.0,25.0,3907.0,10.0,0.084969774,7.336141,0.002278795,1649.4932,3.7588565,781969.187965,5385095.98365,09277
09277,2016,38089.0,25.0,3907.0,10.0,0.084969774,7.2984767,0.03669332,1588.5211,58.288116,781969.187965,5385095.98365,09277
09277,2017,38089.0,25.0,3907.0,10.0,0.084969774,7.364587,0.12663858,1697.0873,214.91672,781969.187965,5385095.98365,09277
09277,2018,38089.0,25.0,3907.0,10.0,0.084969774,7.323509,0.050323132,1628.7876,81.9657,781969.187965,5385095.98365,09277
09277,2019,38089.0,25.0,3907.0,10.0,0.084969774,7.3787947,0.07650647,1721.3713,131.69604,781969.187965,5385095.98365,09277
09277,2020,38089.0,25.0,3907.0,10.0,0.084969774,7.5400496,0.07813569,2022.5846,158.03604,781969.187965,5385095.98365,09277
09277,2021,38089.0,25.0,3907.0,10.0,0.084969774,7.7291327,0.0844043,2443.5686,206.24768,781969.187965,5385095.98365,09277
09277,2022,38089.0,25.0,3907.0,10.0,0.084969774,7.99237,0.033810984,3179.414,107.49912,781969.187965,5385095.98365,09277
09277,2023,38089.0,25.0,3907.0,10.0,0.084969774,7.8663087,0.024673322,2802.846,69.155525,781969.187965,5385095.98365,09277
09277,2024,38089.0,25.0,3907.0,10.0,0.084969774,7.7577434,0.075501606,2514.49,189.84802,781969.187965,5385095.98365,09277
09277,2025,38089.0,25.0,3907.0,10.0,0.084969774,7.8486495,0.079635456,2753.7854,219.29897,781969.187965,5385095.98365,09277
09278,2007,47132.0,25.0,8118.0,10.0,0.040123094,7.102258,0.023382183,1308.9404,30.605886,772428.378224,5424669.37456,09278
09278,2008,47132.0,25.0,8118.0,10.0,0.040123094,7.2416286,0.007691324,1504.6925,11.573078,772428.378224,5424669.37456,09278
09278,2009,47132.0,25.0,8118.0,10.0,0.040123094,7.1602006,0.046360835,1387.0238,64.30358,772428.378224,5424669.37456,09278
09278,2010,47132.0,25.0,8118.0,10.0,0.040123094,7.1647964,0.029553104,1393.4132,41.179688,772428.378224,5424669.37456,09278
09278,2011,47132.0,25.0,8118.0,10.0,0.040123094,7.1893253,0.06713209,1428.0144,95.86559,772428.378224,5424669.37456,09278
09278,2012,47132.0,25.0,8118.0,10.0,0.040123094,7.2464504,0.016160972,1511.9653,24.43483,772428.378224,5424669.37456,09278
09278,2013,47132.0,25.0,8118.0,10.0,0.040123094,7.307369,0.020756103,1606.9358,33.353725,772428.378224,5424669.37456,09278
09278,2014,47132.0,25.0,8118.0,10.0,0.040123094,7.6337123,0.010178302,2227.0374,22.667461,772428.378224,5424669.37456,09278
09278,2015,47132.0,25.0,8118.0,10.0,0.040123094,7.823383,0.27119693,2692.1567,730.10474,772428.378224,5424669.37456,09278
09278,2016,47132.0,25.0,8118.0,10.0,0.040123094,7.587087,0.03303574,2125.5845,70.22026,772428.378224,5424669.37456,09278
09278,2017,47132.0,25.0,8118.0,10.0,0.040123094,7.6570745,0.04480116,2279.6785,102.13225,772428.378224,5424669.37456,09278
09278,2018,47132.0,25.0,8118.0,10.0,0.040123094,7.919071,0.15327312,2962.4932,454.07056,772428.378224,5424669.37456,09278
09278,2019,47132.0,25.0,8118.0,10.0,0.040123094,7.801522,0.060171105,2633.9417,158.48718,772428.378224,5424669.37456,09278
09278,2020,47132.0,25.0,8118.0,10.0,0.040123094,7.7456136,0.008162205,2490.724,20.329802,772428.378224,5424669.37456,09278
09278,2021,47132.0,25.0,8118.0,10.0,0.040123094,7.960653,0.048330244,3088.2742,149.25705,772428.378224,5424669.37456,09278
09278,2022,47132.0,25.0,8118.0,10.0,0.040123094,7.9560165,0.019771986,3073.99,60.778885,772428.378224,5424669.37456,09278
09278,2023,47132.0,25.0,8118.0,10.0,0.040123094,8.046881,0.018839594,3366.3877,63.42138,772428.378224,5424669.37456,09278
09278,2024,47132.0,25.0,8118.0,10.0,0.040123094,8.0664015,0.027755674,3432.747,95.27821,772428.378224,5424669.37456,09278
09278,2025,47132.0,25.0,8118.0,10.0,0.040123094,8.026508,0.05810409,3298.5022,191.65648,772428.378224,5424669.37456,09278
09279,2007,41046.0,25.0,7595.0,10.0,0.010300761,7.342502,0.021912277,1642.2107,35.984573,756410.042458,5391180.59828,09279
09279,2008,41046.0,25.0,7595.0,10.0,0.010300761,7.2355447,0.033903673,1475.6311,50.029316,756410.042458,5391180.59828,09279
09279,2009,41046.0,25.0,7595.0,10.0,0.010300761,7.1647577,0.033959102,1374.7872,46.68654,756410.042458,5391180.59828,09279
09279,2010,41046.0,25.0,7595.0,10.0,0.010300761,7.324153,0.022728864,1612.3525,36.646942,756410.042458,5391180.59828,09279
09279,2011,41046.0,25.0,7595.0,10.0,0.010300761,7.303198,0.02211531,1578.9171,34.918243,756410.042458,5391180.59828,09279
09279,2012,41046.0,25.0,7595.0,10.0,0.010300761,7.196604,0.11802173,1419.2736,167.50511,756410.042458,5391180.59828,09279
09279,2013,41046.0,25.0,7595.0,10.0,0.010300761,7.3215513,0.02385503,1608.1633,38.362785,756410.042458,5391180.59828,09279
09279,2014,41046.0,25.0,7595.0,10.0,0.010300761,7.4087567,0.0035576867,1754.7004,6.2426744,756410.042458,5391180.59828,09279
09279,2015,41046.0,25.0,7595.0,10.0,0.010300761,7.479985,0.100531235,1884.244,189.42537,756410.042458,5391180.59828,09279
09279,2016,41046.0,25.0,7595.0,10.0,0.010300761,7.4999795,0.13047852,1922.2972,250.8185,756410.042458,5391180.59828,09279
09279,2017,41046.0,25.0,7595.0,10.0,0.010300761,7.588553,0.045836873,2100.3296,96.272545,756410.042458,5391180.59828,09279
09279,2018,41046.0,25.0,7595.0,10.0,0.010300761,7.548483,0.10952328,2017.8334,220.99974,756410.042458,5391180.59828,09279
09279,2019,41046.0,25.0,7595.0,10.0,0.010300761,7.7991376,0.037855748,2592.6458,98.14654,756410.042458,5391180.59828,09279
09279,2020,41046.0,25.0,7595.0,10.0,0.010300761,7.7304916,0.05862713,2420.6423,141.91531,756410.042458,5391180.59828,09279
09279,2021,41046.0,25.0,7595.0,10.0,0.010300761,7.9751086,0.07492736,3091.4802,231.63644,756410.042458,5391180.59828,09279
09279,2022,41046.0,25.0,7595.0,10.0,0.010300761,8.181936,0.0014233497,3801.8105,5.411306,756410.042458,5391180.59828,09279
09279,2023,41046.0,25.0,7595.0,10.0,0.010300761,8.127705,0.029741587,3601.1223,107.103096,756410.042458,5391180.59828,09279
09279,2024,41046.0,25.0,7595.0,10.0,0.010300761,8.082348,0.02212354,3441.4375,76.13678,756410.042458,5391180.59828,09279
09279,2025,41046.0,25.0,7595.0,10.0,0.010300761,8.055357,0.007103492,3349.7927,23.795227,756410.042458,5391180.59828,09279
09361,2007,14179.0,10.0,14179.0,10.0,0.0,7.3511496,0.0011492099,1656.784,1.9039927,706217.924596,5481476.75195,09361
09361,2008,14179.0,10.0,14179.0,10.0,0.0,7.300231,0.011481392,1574.5348,18.077852,706217.924596,5481476.75195,09361
09361,2009,14179.0,10.0,14179.0,10.0,0.0,7.244563,0.014544247,1489.279,21.660442,706217.924596,5481476.75195,09361
09361,2010,14179.0,10.0,14179.0,10.0,0.0,7.3237915,0.029634966,1612.0725,47.773716,706217.924596,5481476.75195,09361
09361,2011,14179.0,10.0,14179.0,10.0,0.0,7.2835083,0.023191443,1548.4235,35.910175,706217.924596,5481476.75195,09361
09361,2012,14179.0,10.0,14179.0,10.0,0.0,7.218543,0.016103242,1451.028,23.366255,706217.924596,5481476.75195,09361
09361,2013,14179.0,10.0,14179.0,10.0,0.0,7.2628736,0.032532874,1516.7998,49.345856,706217.924596,5481476.75195,09361
09361,2014,14179.0,10.0,14179.0,10.0,0.0,7.4209714,0.005027971,1776.5981,8.932684,706217.924596,5481476.75195,09361
09361,2015,14179.0,10.0,14179.0,10.0,0.0,7.4876995,0.018778658,1899.1923,35.66428,706217.924596,5481476.75195,09361
09361,2016,14179.0,10.0,14179.0,10.0,0.0,7.55272,0.0111117,2026.7821,22.520994,706217.924596,5481476.75195,09361
09361,2017,14179.0,10.0,14179.0,10.0,0.0,7.579939,0.021437721,2082.7063,44.64848,706217.924596,5481476.75195,09361
09361,2018,14179.0,10.0,14179.0,10.0,0.0,7.643248,0.005541791,2218.8235,12.296256,706217.924596,5481476.75195,09361
09361,2019,14179.0,10.0,14179.0,10.0,0.0,7.816307,0.008504669,2638.04,22.43566,706217.924596,5481476.75195,09361
09361,2020,14179.0,10.0,14179.0,10.0,0.0,7.9601936,0.015425399,3046.2852,46.99016,706217.924596,5481476.75195,09361
09361,2021,14179.0,10.0,14179.0,10.0,0.0,7.955504,0.027543245,3032.0317,83.51199,706217.924596,5481476.75195,09361
09361,2022,14179.0,10.0,14179.0,10.0,0.0,8.187962,0.012570533,3825.5056,48.088642,706217.924596,5481476.75195,09361
09361,2023,14179.0,10.0,14179.0,10.0,0.0,8.087308,0.004075082,3459.2002,14.096524,706217.924596,5481476.75195,09361
09361,2024,14179.0,10.0,14179.0,10.0,0.0,7.921911,0.016905176,2931.8684,49.563747,706217.924596,5481476.75195,09361
09361,2025,14179.0,10.0,14179.0,10.0,0.0,7.9590125,0.02385816,3042.6895,72.59297,706217.924596,5481476.75195,09361
09362,2007,64174.0,10.0,64174.0,10.0,0.0,7.640741,0.04576201,2166.987,99.16568,727668.376008,5433573.44356,09362
09362,2008,64174.0,10.0,64174.0,10.0,0.0,7.686989,0.04150269,2269.5596,94.192825,727668.376008,5433573.44356,09362
09362,2009,64174.0,10.0,64174.0,10.0,0.0,7.7333226,0.03065175,2377.191,72.86507,727668.376008,5433573.44356,09362
09362,2010,64174.0,10.0,64174.0,10.0,0.0,7.762635,0.016578158,2447.9038,40.58174,727668.376008,5433573.44356,09362
09362,2011,64174.0,10.0,64174.0,10.0,0.0,7.8618813,0.01183486,2703.3137,31.99334,727668.376008,5433573.44356,09362
09362,2012,64174.0,10.0,64174.0,10.0,0.0,8.01975,0.009026161,3165.613,28.573336,727668.376008,5433573.44356,09362
09362,2013,64174.0,10.0,64174.0,10.0,0.0,8.120864,0.027611645,3502.4446,96.70826,727668.376008,5433573.44356,09362
09362,2014,64174.0,10.0,64174.0,10.0,0.0,8.195013,0.022035526,3772.0173,83.118385,727668.376008,5433573.44356,09362
09362,2015,64174.0,10.0,64174.0,10.0,0.0,8.125203,0.061270177,3517.675,215.52858,727668.376008,5433573.44356,09362
09362,2016,64174.0,10.0,64174.0,10.0,0.0,8.224039,0.033494815,3883.1082,130.06398,727668.376008,5433573.44356,09362
09362,2017,64174.0,10.0,64174.0,10.0,0.0,8.372943,0.008558953,4506.586,38.57166,727668.376008,5433573.44356,09362
09362,2018,64174.0,10.0,64174.0,10.0,0.0,8.357699,0.021429842,4438.412,95.11447,727668.376008,5433573.44356,09362
09362,2019,64174.0,10.0,64174.0,10.0,0.0,8.433656,0.009121031,4788.669,43.677593,727668.376008,5433573.44356,09362
09362,2020,64174.0,10.0,64174.0,10.0,0.0,8.528034,0.03462204,5262.63,182.20299,727668.376008,5433573.44356,09362
09362,2021,64174.0,10.0,64174.0,10.0,0.0,8.592529,0.052668028,5613.2285,295.6377,727668.376008,5433573.44356,09362
09362,2022,64174.0,10.0,64174.0,10.0,0.0,8.641615,0.033490784,5895.6323,197.44936,727668.376008,5433573.44356,09362
09362,2023,64174.0,10.0,64174.0,10.0,0.0,8.629708,0.053842027,5825.851,313.67563,727668.376008,5433573.44356,09362
09362,2024,64174.0,10.0,64174.0,10.0,0.0,8.605015,0.02233031,5683.7524,126.91995,727668.376008,5433573.44356,09362
09362,2025,64174.0,10.0,64174.0,10.0,0.0,8.645711,0.011885797,5919.834,70.361946,727668.376008,5433573.44356,09362
09363,2007,10609.0,10.0,10609.0,10.0,0.0,7.282022,0.0034754768,1546.71,5.3755546,727604.902588,5506635.87792,09363
09363,2008,10609.0,10.0,10609.0,10.0,0.0,7.3093386,0.00012709171,1589.5428,0.20201774,727604.902588,5506635.87792,09363
09363,2009,10609.0,10.0,10609.0,10.0,0.0,7.0868607,0.024876265,1272.4813,31.654583,727604.902588,5506635.87792,09363
09363,2010,10609.0,10.0,10609.0,10.0,0.0,7.1283164,0.014948135,1326.3418,19.826336,727604.902588,5506635.87792,09363
09363,2011,10609.0,10.0,10609.0,10.0,0.0,7.383833,0.03329285,1712.4774,57.013252,727604.902588,5506635.87792,09363
09363,2012,10609.0,10.0,10609.0,10.0,0.0,7.390588,0.009003053,1724.0837,15.5220175,727604.902588,5506635.87792,09363
09363,2013,10609.0,10.0,10609.0,10.0,0.0,7.244176,0.043789983,1489.2666,65.21496,727604.902588,5506635.87792,09363
09363,2014,10609.0,10.0,10609.0,10.0,0.0,7.255274,0.0824839,1505.8871,124.21145,727604.902588,5506635.87792,09363
09363,2015,10609.0,10.0,10609.0,10.0,0.0,7.3280478,0.028982326,1619.5623,46.938683,727604.902588,5506635.87792,09363
09363,2016,10609.0,10.0,10609.0,10.0,0.0,7.428614,0.03610616,1790.9073,64.66279,727604.902588,5506635.87792,09363
09363,2017,10609.0,10.0,10609.0,10.0,0.0,7.447962,0.028298827,1825.8945,51.670673,727604.902588,5506635.87792,09363
09363,2018,10609.0,10.0,10609.0,10.0,0.0,7.4524474,0.0027673848,1834.1028,5.075668,727604.902588,5506635.87792,09363
09363,2019,10609.0,10.0,10609.0,10.0,0.0,7.7915635,0.07574367,2574.5415,195.00522,727604.902588,5506635.87792,09363
09363,2020,10609.0,10.0,10609.0,10.0,0.0,7.6680064,0.0020863246,2275.3054,4.747026,727604.902588,5506635.87792,09363
09363,2021,10609.0,10.0,10609.0,10.0,0.0,7.7781506,0.025652088,2540.24,65.16246,727604.902588,5506635.87792,09363
09363,2022,10609.0,10.0,10609.0,10.0,0.0,7.881821,0.00223577,2817.7239,6.2997828,727604.902588,5506635.87792,09363
09363,2023,10609.0,10.0,10609.0,10.0,0.0,7.7207837,0.007808041,2398.6162,18.728495,727604.902588,5506635.87792,09363
09363,2024,10609.0,10.0,10609.0,10.0,0.0,7.894511,0.0049117417,2853.7083,14.016678,727604.902588,5506635.87792,09363
09363,2025,10609.0,10.0,10609.0,10.0,0.0,7.9112387,0.014603233,2901.8455,42.376324,727604.902588,5506635.87792,09363
09371,2007,14420.0,10.0,14420.0,10.0,0.0,7.3467283,0.04732002,1653.8691,78.26112,700561.055943,5479992.90483,09371
09371,2008,14420.0,10.0,14420.0,10.0,0.0,7.268059,0.06469118,1528.746,98.89638,700561.055943,5479992.90483,09371
09371,2009,14420.0,10.0,14420.0,10.0,0.0,7.28378,0.18619873,1552.97,289.161,700561.055943,5479992.90483,09371
09371,2010,14420.0,10.0,14420.0,10.0,0.0,7.488134,0.036974892,1905.0781,70.440056,700561.055943,5479992.90483,09371
09371,2011,14420.0,10.0,14420.0,10.0,0.0,7.144121,0.09815432,1350.548,132.56212,700561.055943,5479992.90483,09371
09371,2012,14420.0,10.0,14420.0,10.0,0.0,7.124393,0.020165704,1324.1648,26.702715,700561.055943,5479992.90483,09371
09371,2013,14420.0,10.0,14420.0,10.0,0.0,7.2306,0.13501014,1472.5399,198.80782,700561.055943,5479992.90483,09371
09371,2014,14420.0,10.0,14420.0,10.0,0.0,7.277027,0.052855548,1542.5183,81.530655,700561.055943,5479992.90483,09371
09371,2015,14420.0,10.0,14420.0,10.0,0.0,7.29669,0.13043627,1573.1484,205.19562,700561.055943,5479992.90483,09371
09371,2016,14420.0,10.0,14420.0,10.0,0.0,7.2553735,0.09929102,1509.4757,149.87738,700561.055943,5479992.90483,09371
09371,2017,14420.0,10.0,14420.0,10.0,0.0,7.0999775,0.13257286,1292.2263,171.31413,700561.055943,5479992.90483,09371
09371,2018,14420.0,10.0,14420.0,10.0,0.0,7.2305,0.004720192,1472.3937,6.949981,700561.055943,5479992.90483,09371
09371,2019,14420.0,10.0,14420.0,10.0,0.0,7.580167,0.10803311,2088.7292,225.65195,700561.055943,5479992.90483,09371
09371,2020,14420.0,10.0,14420.0,10.0,0.0,7.797586,0.014516932,2596.009,37.686085,700561.055943,5479992.90483,09371
09371,2021,14420.0,10.0,14420.0,10.0,0.0,7.988835,0.17381832,3143.1453,546.33624,700561.055943,5479992.90483,09371
09371,2022,14420.0,10.0,14420.0,10.0,0.0,7.871015,0.12076843,2793.8035,337.40326,700561.055943,5479992.90483,09371
09371,2023,14420.0,10.0,14420.0,10.0,0.0,7.831492,0.073602915,2685.5378,197.6634,700561.055943,5479992.90483,09371
09371,2024,14420.0,10.0,14420.0,10.0,0.0,7.833268,0.16059123,2690.312,432.04053,700561.055943,5479992.90483,09371
09371,2025,14420.0,10.0,14420.0,10.0,0.0,7.758723,0.15031329,2497.0542,375.34042,700561.055943,5479992.90483,09371
09372,2007,20819.0,25.0,4252.0,10.0,0.08241615,6.9883437,0.11025005,1183.461,130.47664,777748.258268,5463934.48407,09372
09372,2008,20819.0,25.0,4252.0,10.0,0.08241615,6.963498,0.047189917,1154.4199,54.47698,777748.258268,5463934.48407,09372
09372,2009,20819.0,25.0,4252.0,10.0,0.08241615,6.8920274,0.055728704,1074.7919,59.89676,777748.258268,5463934.48407,09372
09372,2010,20819.0,25.0,4252.0,10.0,0.08241615,6.8529673,0.24845503,1033.6196,256.808,777748.258268,5463934.48407,09372
09372,2011,20819.0,25.0,4252.0,10.0,0.08241615,6.930806,0.2607682,1117.2897,291.3536,777748.258268,5463934.48407,09372
09372,2012,20819.0,25.0,4252.0,10.0,0.08241615,6.960819,0.24497809,1151.3308,282.0508,777748.258268,5463934.48407,09372
09372,2013,20819.0,25.0,4252.0,10.0,0.08241615,7.04104,0.022854667,1247.4977,28.511145,777748.258268,5463934.48407,09372
09372,2014,20819.0,25.0,4252.0,10.0,0.08241615,6.818363,0.04267929,998.4639,42.613735,777748.258268,5463934.48407,09372
09372,2015,20819.0,25.0,4252.0,10.0,0.08241615,6.9645767,0.037510004,1155.6655,43.34902,777748.258268,5463934.48407,09372
09372,2016,20819.0,25.0,4252.0,10.0,0.08241615,7.0969777,0.008420124,1319.2683,11.108402,777748.258268,5463934.48407,09372
09372,2017,20819.0,25.0,4252.0,10.0,0.08241615,7.1153297,0.042785577,1343.7032,57.49112,777748.258268,5463934.48407,09372
09372,2018,20819.0,25.0,4252.0,10.0,0.08241615,7.330771,0.015369055,1666.7415,25.61624,777748.258268,5463934.48407,09372
09372,2019,20819.0,25.0,4252.0,10.0,0.08241615,7.37804,0.027136121,1747.4181,47.41815,777748.258268,5463934.48407,09372
09372,2020,20819.0,25.0,4252.0,10.0,0.08241615,7.582528,0.10432856,2143.9028,223.67029,777748.258268,5463934.48407,09372
09372,2021,20819.0,25.0,4252.0,10.0,0.08241615,7.4172597,0.058708295,1817.3135,106.691376,777748.258268,5463934.48407,09372
09372,2022,20819.0,25.0,4252.0,10.0,0.08241615,7.6497817,0.1342397,2293.0466,307.8179,777748.258268,5463934.48407,09372
09372,2023,20819.0,25.0,4252.0,10.0,0.08241615,7.5591354,0.029252362,2094.3325,61.264175,777748.258268,5463934.48407,09372
09372,2024,20819.0,25.0,4252.0,10.0,0.08241615,7.680526,0.029027514,2364.6387,68.63959,777748.258268,5463934.48407,09372
09372,2025,20819.0,25.0,4252.0,10.0,0.08241615,7.6677895,0.12021675,2334.7136,280.6717,777748.258268,5463934.48407,09372
09373,2007,41799.0,25.0,3848.0,10.0,-0.08837526,7.222114,0.01156616,1466.5367,16.962198,679994.424892,5443509.39207,09373
09373,2008,41799.0,25.0,3848.0,10.0,-0.08837526,7.1542354,0.015395052,1370.2936,21.095741,679994.424892,5443509.39207,09373
09373,2009,41799.0,25.0,3848.0,10.0,-0.08837526,7.177661,0.00511899,1402.7728,7.1807795,679994.424892,5443509.39207,09373
09373,2010,41799.0,25.0,3848.0,10.0,-0.08837526,7.17894,0.070757076,1404.568,99.383125,679994.424892,5443509.39207,09373
09373,2011,41799.0,25.0,3848.0,10.0,-0.08837526,7.160902,0.032365244,1379.4598,44.646553,679994.424892,5443509.39207,09373
09373,2012,41799.0,25.0,3848.0,10.0,-0.08837526,7.169948,0.10950081,1391.9949,152.42458,679994.424892,5443509.39207,09373
09373,2013,41799.0,25.0,3848.0,10.0,-0.08837526,7.2152014,0.100163125,1456.4342,145.881,679994.424892,5443509.39207,09373
09373,2014,41799.0,25.0,3848.0,10.0,-0.08837526,7.2425447,0.15716045,1496.8076,235.23895,679994.424892,5443509.39207,09373
09373,2015,41799.0,25.0,3848.0,10.0,-0.08837526,7.4529924,0.01985021,1847.4056,36.67139,679994.424892,5443509.39207,09373
09373,2016,41799.0,25.0,3848.0,10.0,-0.08837526,7.6524754,0.0046324558,2255.2598,10.4473915,679994.424892,5443509.39207,09373
09373,2017,41799.0,25.0,3848.0,10.0,-0.08837526,7.609331,0.004153524,2160.027,8.971725,679994.424892,5443509.39207,09373
09373,2018,41799.0,25.0,3848.0,10.0,-0.08837526,7.699964,0.098542295,2364.9429,233.0469,679994.424892,5443509.39207,09373
09373,2019,41799.0,25.0,3848.0,10.0,-0.08837526,8.005571,0.12840733,3210.2898,412.22476,679994.424892,5443509.39207,09373
09373,2020,41799.0,25.0,3848.0,10.0,-0.08837526,7.9788647,0.08229938,3125.6885,257.24222,679994.424892,5443509.39207,09373
09373,2021,41799.0,25.0,3848.0,10.0,-0.08837526,8.165758,0.10154506,3768.0146,382.6233,679994.424892,5443509.39207,09373
09373,2022,41799.0,25.0,3848.0,10.0,-0.08837526,8.101218,0.020025814,3532.5063,70.74132,679994.424892,5443509.39207,09373
09373,2023,41799.0,25.0,3848.0,10.0,-0.08837526,8.022792,0.029483993,3266.0508,96.29622,679994.424892,5443509.39207,09373
09373,2024,41799.0,25.0,3848.0,10.0,-0.08837526,8.042665,0.0035615913,3331.6045,11.865813,679994.424892,5443509.39207,09373
09373,2025,41799.0,25.0,3848.0,10.0,-0.08837526,7.9076095,0.02913307,2910.7168,84.79812,679994.424892,5443509.39207,09373
09374,2007,10015.0,10.0,10015.0,10.0,0.0,7.0364633,0.052021936,1213.579,63.132725,725283.586672,5512609.93066,09374
09374,2008,10015.0,10.0,10015.0,10.0,0.0,7.0852065,0.08607049,1274.1986,109.670906,725283.586672,5512609.93066,09374
09374,2009,10015.0,10.0,10015.0,10.0,0.0,6.945882,0.056410406,1108.4833,62.529995,725283.586672,5512609.93066,09374
09374,2010,10015.0,10.0,10015.0,10.0,0.0,6.943858,0.040725924,1106.242,45.05273,725283.586672,5512609.93066,09374
09374,2011,10015.0,10.0,10015.0,10.0,0.0,7.0136967,0.13691472,1186.2623,162.41676,725283.586672,5512609.93066,09374
09374,2012,10015.0,10.0,10015.0,10.0,0.0,7.078102,0.11429014,1265.178,144.59737,725283.586672,5512609.93066,09374
09374,2013,10015.0,10.0,10015.0,10.0,0.0,7.116846,0.05418663,1315.1582,71.26399,725283.586672,5512609.93066,09374
09374,2014,10015.0,10.0,10015.0,10.0,0.0,7.2594666,0.00535553,1516.7612,8.12306,725283.586672,5512609.93066,09374
09374,2015,10015.0,10.0,10015.0,10.0,0.0,7.3565617,0.1130525,1671.4178,188.95796,725283.586672,5512609.93066,09374
09374,2016,10015.0,10.0,10015.0,10.0,0.0,7.276546,0.0971994,1542.8888,149.96786,725283.586672,5512609.93066,09374
09374,2017,10015.0,10.0,10015.0,10.0,0.0,7.0869393,0.17542751,1276.4081,223.9171,725283.586672,5512609.93066,09374
09374,2018,10015.0,10.0,10015.0,10.0,0.0,7.2749496,0.12158528,1540.4281,187.29338,725283.586672,5512609.93066,09374
09374,2019,10015.0,10.0,10015.0,10.0,0.0,7.251006,0.3137457,1503.9829,471.86816,725283.586672,5512609.93066,09374
09374,2020,10015.0,10.0,10015.0,10.0,0.0,7.584959,0.02708773,2100.2786,56.891773,725283.586672,5512609.93066,09374
09374,2021,10015.0,10.0,10015.0,10.0,0.0,7.55383,0.009280366,2035.9061,18.893953,725283.586672,5512609.93066,09374
09374,2022,10015.0,10.0,10015.0,10.0,0.0,8.029306,0.10851676,3275.3245,355.4276,725283.586672,5512609.93066,09374
09374,2023,10015.0,10.0,10015.0,10.0,0.0,7.773283,0.06490823,2535.5068,164.57526,725283.586672,5512609.93066,09374
09374,2024,10015.0,10.0,10015.0,10.0,0.0,7.688961,0.05276133,2330.4746,122.95895,725283.586672,5512609.93066,09374
09374,2025,10015.0,10.0,10015.0,10.0,0.0,7.8220854,0.020581206,2662.3157,54.793667,725283.586672,5512609.93066,09374
09375,2007,18157.0,10.0,18157.0,10.0,0.0,7.3228436,0.07049884,1571.3545,110.77866,738988.164583,5432587.05584,09375
09375,2008,18157.0,10.0,18157.0,10.0,0.0,7.3091116,0.038505178,1549.9249,59.680134,738988.164583,5432587.05584,09375
09375,2009,18157.0,10.0,18157.0,10.0,0.0,7.013565,0.103090614,1153.3375,118.89826,738988.164583,5432587.05584,09375
09375,2010,18157.0,10.0,18157.0,10.0,0.0,7.304299,0.051002603,1542.4829,78.67064,738988.164583,5432587.05584,09375
09375,2011,18157.0,10.0,18157.0,10.0,0.0,7.5061417,0.09127648,1887.4679,172.28143,738988.164583,5432587.05584,09375
09375,2012,18157.0,10.0,18157.0,10.0,0.0,7.284841,0.08115669,1512.7601,122.770615,738988.164583,5432587.05584,09375
09375,2013,18157.0,10.0,18157.0,10.0,0.0,7.3512297,0.14708145,1616.599,237.77173,738988.164583,5432587.05584,09375
09375,2014,18157.0,10.0,18157.0,10.0,0.0,7.4891934,0.062141556,1855.7488,115.319115,738988.164583,5432587.05584,09375
09375,2015,18157.0,10.0,18157.0,10.0,0.0,7.527315,0.056146674,1927.8589,108.24286,738988.164583,5432587.05584,09375
09375,2016,18157.0,10.0,18157.0,10.0,0.0,7.704155,0.00041172284,2300.7837,0.9472852,738988.164583,5432587.05584,09375
09375,2017,18157.0,10.0,18157.0,10.0,0.0,7.7884455,0.06962847,2503.1257,174.28882,738988.164583,5432587.05584,09375
09375,2018,18157.0,10.0,18157.0,10.0,0.0,7.869895,0.03358171,2715.5369,91.192375,738988.164583,5432587.05584,09375
09375,2019,18157.0,10.0,18157.0,10.0,0.0,8.031038,0.13599715,3190.3562,433.87933,738988.164583,5432587.05584,09375
09375,2020,18157.0,10.0,18157.0,10.0,0.0,7.989668,0.12276813,3061.0647,375.8012,738988.164583,5432587.05584,09375
09375,2021,18157.0,10.0,18157.0,10.0,0.0,8.089956,0.022799037,3383.975,77.151375,738988.164583,5432587.05584,09375
09375,2022,18157.0,10.0,18157.0,10.0,0.0,8.2627945,0.07479837,4022.4426,300.87213,738988.164583,5432587.05584,09375
09375,2023,18157.0,10.0,18157.0,10.0,0.0,8.1051,0.08791816,3435.6108,302.0526,738988.164583,5432587.05584,09375
09375,2024,18157.0,10.0,18157.0,10.0,0.0,7.8749685,0.14384037,2729.3486,392.59055,738988.164583,5432587.05584,09375
09375,2025,18157.0,10.0,18157.0,10.0,0.0,7.9717107,0.04977284,3006.5862,149.64633,738988.164583,5432587.05584,09375
09376,2007,36558.0,25.0,4438.0,10.0,-0.13774386,7.020458,0.041121837,1197.8231,49.256683,738997.893159,5465514.85351,09376
09376,2008,36558.0,25.0,4438.0,10.0,-0.13774386,7.023081,0.13299546,1200.9688,159.72337,738997.893159,5465514.85351,09376
09376,2009,36558.0,25.0,4438.0,10.0,-0.13774386,6.872454,0.2354592,1033.036,243.23784,738997.893159,5465514.85351,09376
09376,2010,36558.0,25.0,4438.0,10.0,-0.13774386,6.782498,0.12548193,944.1651,118.47566,738997.893159,5465514.85351,09376
09376,2011,36558.0,25.0,4438.0,10.0,-0.13774386,6.849546,0.028257824,1009.63995,28.530228,738997.893159,5465514.85351,09376
09376,2012,36558.0,25.0,4438.0,10.0,-0.13774386,6.879168,0.17006245,1039.9949,176.86407,738997.893159,5465514.85351,09376
09376,2013,36558.0,25.0,4438.0,10.0,-0.13774386,7.0301795,0.0049959803,1209.5244,6.0427604,738997.893159,5465514.85351,09376
09376,2014,36558.0,25.0,4438.0,10.0,-0.13774386,7.2778397,0.2468949,1549.4307,382.5465,738997.893159,5465514.85351,09376
09376,2015,36558.0,25.0,4438.0,10.0,-0.13774386,7.267627,0.1293995,1533.687,198.45833,738997.893159,5465514.85351,09376
09376,2016,36558.0,25.0,4438.0,10.0,-0.13774386,7.364302,0.0738371,1689.3607,124.73749,738997.893159,5465514.85351,09376
09376,2017,36558.0,25.0,4438.0,10.0,-0.13774386,7.344307,0.12705512,1655.9166,210.39268,738997.893159,5465514.85351,09376
09376,2018,36558.0,25.0,4438.0,10.0,-0.13774386,7.3321667,0.05065007,1635.9352,82.86024,738997.893159,5465514.85351,09376
09376,2019,36558.0,25.0,4438.0,10.0,-0.13774386,7.5993795,0.065499745,2137.0518,139.97635,738997.893159,5465514.85351,09376
09376,2020,36558.0,25.0,4438.0,10.0,-0.13774386,7.7062483,0.018641943,2378.0867,44.332157,738997.893159,5465514.85351,09376
09376,2021,36558.0,25.0,4438.0,10.0,-0.13774386,7.958587,0.13557647,3060.674,414.9554,738997.893159,5465514.85351,09376
09376,2022,36558.0,25.0,4438.0,10.0,-0.13774386,8.0800705,0.017776359,3456.024,61.435524,738997.893159,5465514.85351,09376
09376,2023,36558.0,25.0,4438.0,10.0,-0.13774386,7.7807336,0.005031988,2561.9827,12.891866,738997.893159,5465514.85351,09376
09376,2024,36558.0,25.0,4438.0,10.0,-0.13774386,7.897256,0.027159419,2878.599,78.181076,738997.893159,5465514.85351,09376
09376,2025,36558.0,25.0,4438.0,10.0,-0.13774386,7.900107,0.012810244,2886.8176,36.98084,738997.893159,5465514.85351,09376
09377,2007,17021.0,25.0,1618.0,10.0,0.10431282,6.7831097,0.082429476,981.7504,80.92518,745471.603896,5523068.45554,09377
09377,2008,17021.0,25.0,1618.0,10.0,0.10431282,7.0064526,0.1376597,1227.4326,168.968,745471.603896,5523068.45554,09377
09377,2009,17021.0,25.0,1618.0,10.0,0.10431282,6.826337,0.13776563,1025.1193,141.2262,745471.603896,5523068.45554,09377
09377,2010,17021.0,25.0,1618.0,10.0,0.10431282,6.8858256,0.16644591,1087.9528,181.0853,745471.603896,5523068.45554,09377
09377,2011,17021.0,25.0,1618.0,10.0,0.10431282,6.7252436,0.014227711,926.5527,13.182723,745471.603896,5523068.45554,09377
09377,2012,17021.0,25.0,1618.0,10.0,0.10431282,6.5018196,0.087128304,741.03436,64.56506,745471.603896,5523068.45554,09377
09377,2013,17021.0,25.0,1618.0,10.0,0.10431282,6.542056,0.41355628,771.4591,319.04178,745471.603896,5523068.45554,09377
09377,2014,17021.0,25.0,1618.0,10.0,0.10431282,6.7941113,0.20907614,992.6111,207.5313,745471.603896,5523068.45554,09377
09377,2015,17021.0,25.0,1618.0,10.0,0.10431282,6.470758,0.04104331,718.37054,29.484306,745471.603896,5523068.45554,09377
09377,2016,17021.0,25.0,1618.0,10.0,0.10431282,6.670835,0.12894444,877.4873,113.14711,745471.603896,5523068.45554,09377
09377,2017,17021.0,25.0,1618.0,10.0,0.10431282,6.7734365,0.24084647,972.29974,234.17496,745471.603896,5523068.45554,09377
09377,2018,17021.0,25.0,1618.0,10.0,0.10431282,6.679645,0.12316483,885.2523,109.03195,745471.603896,5523068.45554,09377
09377,2019,17021.0,25.0,1618.0,10.0,0.10431282,6.884473,0.3056185,1086.4823,332.04907,745471.603896,5523068.45554,09377
09377,2020,17021.0,25.0,1618.0,10.0,0.10431282,6.64115,0.10969672,851.8218,93.44206,745471.603896,5523068.45554,09377
09377,2021,17021.0,25.0,1618.0,10.0,0.10431282,7.241708,0.19103059,1552.9863,296.6679,745471.603896,5523068.45554,09377
09377,2022,17021.0,25.0,1618.0,10.0,0.10431282,7.4241977,0.0153667005,1863.898,28.641962,745471.603896,5523068.45554,09377
09377,2023,17021.0,25.0,1618.0,10.0,0.10431282,7.4329824,0.038412537,1880.3439,72.22878,745471.603896,5523068.45554,09377
09377,2024,17021.0,25.0,1618.0,10.0,0.10431282,7.124542,0.058151677,1381.2855,80.324066,745471.603896,5523068.45554,09377
09377,2025,17021.0,25.0,1618.0,10.0,0.10431282,7.5620246,0.093558215,2139.3386,200.15271,745471.603896,5523068.45554,09377
09461,2007,26654.0,10.0,26654.0,10.0,0.0,7.5327044,0.023213143,1968.503,45.69514,636403.645167,5527822.2778,09461
09461,2008,26654.0,10.0,26654.0,10.0,0.0,7.45845,0.011530258,1827.6285,21.073029,636403.645167,5527822.2778,09461
09461,2009,26654.0,10.0,26654.0,10.0,0.0,7.4840035,0.008859249,1874.9324,16.610493,636403.645167,5527822.2778,09461
09461,2010,26654.0,10.0,26654.0,10.0,0.0,7.5621357,0.0070142075,2027.2998,14.219902,636403.645167,5527822.2778,09461
09461,2011,26654.0,10.0,26654.0,10.0,0.0,7.591961,0.0022152076,2088.6753,4.626849,636403.645167,5527822.2778,09461
09461,2012,26654.0,10.0,26654.0,10.0,0.0,7.6715317,0.030821802,2261.6643,69.708565,636403.645167,5527822.2778,09461
09461,2013,26654.0,10.0,26654.0,10.0,0.0,7.8268733,0.038298525,2641.7522,101.17521,636403.645167,5527822.2778,09461
09461,2014,26654.0,10.0,26654.0,10.0,0.0,7.870548,0.00731554,2759.6858,20.188593,636403.645167,5527822.2778,09461
09461,2015,26654.0,10.0,26654.0,10.0,0.0,7.91151,0.01460038,2875.076,41.977203,636403.645167,5527822.2778,09461
09461,2016,26654.0,10.0,26654.0,10.0,0.0,8.055544,0.049823303,3320.4915,165.43785,636403.645167,5527822.2778,09461
09461,2017,26654.0,10.0,26654.0,10.0,0.0,7.9777923,0.042105354,3072.1006,129.35188,636403.645167,5527822.2778,09461
09461,2018,26654.0,10.0,26654.0,10.0,0.0,8.048407,0.030572245,3296.8767,100.79292,636403.645167,5527822.2778,09461
09461,2019,26654.0,10.0,26654.0,10.0,0.0,8.263002,0.0017881559,4086.0212,7.3064427,636403.645167,5527822.2778,09461
09461,2020,26654.0,10.0,26654.0,10.0,0.0,8.293402,0.030029342,4212.139,126.48777,636403.645167,5527822.2778,09461
09461,2021,26654.0,10.0,26654.0,10.0,0.0,8.309641,0.015659582,4281.101,67.04025,636403.645167,5527822.2778,09461
09461,2022,26654.0,10.0,26654.0,10.0,0.0,8.267031,0.022073146,4102.514,90.55539,636403.645167,5527822.2778,09461
09461,2023,26654.0,10.0,26654.0,10.0,0.0,8.481353,0.034756556,5083.106,176.67125,636403.645167,5527822.2778,09461
09461,2024,26654.0,10.0,26654.0,10.0,0.0,8.308743,0.0034026625,4277.2554,14.554056,636403.645167,5527822.2778,09461
09461,2025,26654.0,10.0,26654.0,10.0,0.0,8.188968,0.026239809,3794.4404,99.5654,636403.645167,5527822.2778,09461
09462,2007,24189.0,10.0,24189.0,10.0,0.0,7.3010273,0.0050456175,1575.4346,7.94904,685464.57255,5534910.89795,09462
09462,2008,24189.0,10.0,24189.0,10.0,0.0,7.341533,0.017786777,1640.559,29.180256,685464.57255,5534910.89795,09462
09462,2009,24189.0,10.0,24189.0,10.0,0.0,7.2032065,0.010039618,1428.6216,14.342815,685464.57255,5534910.89795,09462
09462,2010,24189.0,10.0,24189.0,10.0,0.0,7.3273563,0.011719923,1617.4651,18.956566,685464.57255,5534910.89795,09462
09462,2011,24189.0,10.0,24189.0,10.0,0.0,7.364369,0.007839139,1678.4534,13.157628,685464.57255,5534910.89795,09462
09462,2012,24189.0,10.0,24189.0,10.0,0.0,7.4815984,0.03013753,1887.2145,56.87598,685464.57255,5534910.89795,09462
09462,2013,24189.0,10.0,24189.0,10.0,0.0,7.663193,0.014897487,2263.0122,33.713196,685464.57255,5534910.89795,09462
09462,2014,24189.0,10.0,24189.0,10.0,0.0,7.675912,0.014368039,2291.979,32.931244,685464.57255,5534910.89795,09462
09462,2015,24189.0,10.0,24189.0,10.0,0.0,7.7108917,0.02501315,2373.5703,59.370472,685464.57255,5534910.89795,09462
09462,2016,24189.0,10.0,24189.0,10.0,0.0,7.7962666,0.018157767,2585.1157,46.939926,685464.57255,5534910.89795,09462
09462,2017,24189.0,10.0,24189.0,10.0,0.0,7.8250833,0.027647302,2660.6938,73.561005,685464.57255,5534910.89795,09462
09462,2018,24189.0,10.0,24189.0,10.0,0.0,7.842708,0.0044305245,2708.0037,11.997876,685464.57255,5534910.89795,09462
09462,2019,24189.0,10.0,24189.0,10.0,0.0,8.074974,0.017005563,3416.0261,58.091446,685464.57255,5534910.89795,09462
09462,2020,24189.0,10.0,24189.0,10.0,0.0,8.074468,0.00333631,3414.2966,11.391152,685464.57255,5534910.89795,09462
09462,2021,24189.0,10.0,24189.0,10.0,0.0,8.276862,0.0043469346,4180.2275,18.171175,685464.57255,5534910.89795,09462
09462,2022,24189.0,10.0,24189.0,10.0,0.0,8.290907,0.016730404,4239.3525,70.92608,685464.57255,5534910.89795,09462
09462,2023,24189.0,10.0,24189.0,10.0,0.0,8.309019,0.07238838,4316.8374,312.48886,685464.57255,5534910.89795,09462
09462,2024,24189.0,10.0,24189.0,10.0,0.0,8.256502,0.005683799,4095.9802,23.280727,685464.57255,5534910.89795,09462
09462,2025,24189.0,10.0,24189.0,10.0,0.0,8.198059,0.020213867,3863.4595,78.09546,685464.57255,5534910.89795,09462
09463,2007,19995.0,10.0,19995.0,10.0,0.0,7.2238164,0.00010972507,1478.5887,0.16223826,640009.867577,5569815.8603,09463
09463,2008,19995.0,10.0,19995.0,10.0,0.0,7.169678,0.0058681015,1400.6688,8.219267,640009.867577,5569815.8603,09463
09463,2009,19995.0,10.0,19995.0,10.0,0.0,7.085782,0.0032112568,1287.9526,4.1359468,640009.867577,5569815.8603,09463
09463,2010,19995.0,10.0,19995.0,10.0,0.0,7.1746364,0.021061193,1407.6313,29.646397,640009.867577,5569815.8603,09463
09463,2011,19995.0,10.0,19995.0,10.0,0.0,7.2739654,0.0416914,1554.6292,64.81467,640009.867577,5569815.8603,09463
09463,2012,19995.0,10.0,19995.0,10.0,0.0,7.387544,0.027986582,1741.6207,48.742012,640009.867577,5569815.8603,09463
09463,2013,19995.0,10.0,19995.0,10.0,0.0,7.3879395,0.050237317,1742.309,87.52893,640009.867577,5569815.8603,09463
09463,2014,19995.0,10.0,19995.0,10.0,0.0,7.5710196,0.0004575049,2092.3574,0.95726377,640009.867577,5569815.8603,09463
09463,2015,19995.0,10.0,19995.0,10.0,0.0,7.535412,0.041033186,2019.1646,82.85275,640009.867577,5569815.8603,09463
09463,2016,19995.0,10.0,19995.0,10.0,0.0,7.5731163,0.016670791,2096.749,34.954464,640009.867577,5569815.8603,09463
09463,2017,19995.0,10.0,19995.0,10.0,0.0,7.811328,0.008042191,2660.7275,21.398079,640009.867577,5569815.8603,09463
09463,2018,19995.0,10.0,19995.0,10.0,0.0,7.6895404,0.01610193,2355.64,37.93035,640009.867577,5569815.8603,09463
09463,2019,19995.0,10.0,19995.0,10.0,0.0,7.746115,0.0009446988,2492.7507,2.3548987,640009.867577,5569815.8603,09463
09463,2020,19995.0,10.0,19995.0,10.0,0.0,7.6511645,0.006842842,2266.952,15.512393,640009.867577,5569815.8603,09463
09463,2021,19995.0,10.0,19995.0,10.0,0.0,7.8619485,0.05064366,2798.8828,141.74567,640009.867577,5569815.8603,09463
09463,2022,19995.0,10.0,19995.0,10.0,0.0,7.8841805,0.010966457,2861.8042,31.383854,640009.867577,5569815.8603,09463
09463,2023,19995.0,10.0,19995.0,10.0,0.0,7.883671,0.014112046,2860.3457,40.36533,640009.867577,5569815.8603,09463
09463,2024,19995.0,10.0,19995.0,10.0,0.0,7.855389,0.010064625,2780.5842,27.985538,640009.867577,5569815.8603,09463
09463,2025,19995.0,10.0,19995.0,10.0,0.0,7.825866,0.0009230567,2699.6924,2.491969,640009.867577,5569815.8603,09463
09464,2007,15637.0,10.0,15637.0,10.0,0.0,6.9180875,0.15279958,1129.9867,172.66148,706279.984475,5577201.82588,09464
09464,2008,15637.0,10.0,15637.0,10.0,0.0,6.851449,0.110422306,1057.1405,116.731895,706279.984475,5577201.82588,09464
09464,2009,15637.0,10.0,15637.0,10.0,0.0,6.840136,0.13709965,1045.2485,143.3032,706279.984475,5577201.82588,09464
09464,2010,15637.0,10.0,15637.0,10.0,0.0,6.899797,0.12706406,1109.5068,140.97844,706279.984475,5577201.82588,09464
09464,2011,15637.0,10.0,15637.0,10.0,0.0,6.7760935,0.010204155,980.4066,10.004221,706279.984475,5577201.82588,09464
09464,2012,15637.0,10.0,15637.0,10.0,0.0,6.7033806,0.0020893556,911.6483,1.9047574,706279.984475,5577201.82588,09464
09464,2013,15637.0,10.0,15637.0,10.0,0.0,6.7349133,0.040173437,940.8533,37.79731,706279.984475,5577201.82588,09464
09464,2014,15637.0,10.0,15637.0,10.0,0.0,6.623082,0.013658037,841.30664,11.490598,706279.984475,5577201.82588,09464
09464,2015,15637.0,10.0,15637.0,10.0,0.0,6.786384,0.0027478493,990.5476,2.7218757,706279.984475,5577201.82588,09464
09464,2016,15637.0,10.0,15637.0,10.0,0.0,6.8444924,0.007522046,1049.812,7.8967347,706279.984475,5577201.82588,09464
09464,2017,15637.0,10.0,15637.0,10.0,0.0,6.9427705,0.007437488,1158.2256,8.614289,706279.984475,5577201.82588,09464
09464,2018,15637.0,10.0,15637.0,10.0,0.0,7.250753,0.048334025,1575.9705,76.173,706279.984475,5577201.82588,09464
09464,2019,15637.0,10.0,15637.0,10.0,0.0,7.3762903,0.031203503,1786.7688,55.75345,706279.984475,5577201.82588,09464
09464,2020,15637.0,10.0,15637.0,10.0,0.0,7.4411697,0.022469763,1906.5369,42.83943,706279.984475,5577201.82588,09464
09464,2021,15637.0,10.0,15637.0,10.0,0.0,7.279416,0.008769439,1621.7966,14.222245,706279.984475,5577201.82588,09464
09464,2022,15637.0,10.0,15637.0,10.0,0.0,7.3333163,0.01129215,1711.6111,19.32777,706279.984475,5577201.82588,09464
09464,2023,15637.0,10.0,15637.0,10.0,0.0,7.329818,0.01819777,1705.6328,31.038712,706279.984475,5577201.82588,09464
09464,2024,15637.0,10.0,15637.0,10.0,0.0,7.582627,0.013226457,2196.2368,29.04843,706279.984475,5577201.82588,09464
09464,2025,15637.0,10.0,15637.0,10.0,0.0,7.5917826,0.0036170136,2216.4375,8.016885,706279.984475,5577201.82588,09464
09471,2007,13248.0,10.0,13248.0,10.0,0.0,7.423032,0.061877504,1763.2021,109.10255,644164.710266,5517751.41334,09471
09471,2008,13248.0,10.0,13248.0,10.0,0.0,7.4558816,0.063427866,1822.0847,115.57095,644164.710266,5517751.41334,09471
09471,2009,13248.0,10.0,13248.0,10.0,0.0,7.345439,0.042240854,1631.5637,68.91864,644164.710266,5517751.41334,09471
09471,2010,13248.0,10.0,13248.0,10.0,0.0,7.1727033,0.06060115,1372.7322,83.18915,644164.710266,5517751.41334,09471
09471,2011,13248.0,10.0,13248.0,10.0,0.0,7.405759,0.016204678,1733.0077,28.08283,644164.710266,5517751.41334,09471
09471,2012,13248.0,10.0,13248.0,10.0,0.0,7.432746,0.06696083,1780.4136,119.217964,644164.710266,5517751.41334,09471
09471,2013,13248.0,10.0,13248.0,10.0,0.0,7.35053,0.025322959,1639.8916,41.526905,644164.710266,5517751.41334,09471
09471,2014,13248.0,10.0,13248.0,10.0,0.0,7.2283945,0.030822672,1451.35,44.734486,644164.710266,5517751.41334,09471
09471,2015,13248.0,10.0,13248.0,10.0,0.0,7.2588744,0.021038301,1496.268,31.478935,644164.710266,5517751.41334,09471
09471,2016,13248.0,10.0,13248.0,10.0,0.0,7.245863,0.17271623,1476.9258,255.08905,644164.710266,5517751.41334,09471
09471,2017,13248.0,10.0,13248.0,10.0,0.0,7.5836883,0.077111825,2070.495,159.65967,644164.710266,5517751.41334,09471
09471,2018,13248.0,10.0,13248.0,10.0,0.0,7.647686,0.014632182,2207.3352,32.29813,644164.710266,5517751.41334,09471
09471,2019,13248.0,10.0,13248.0,10.0,0.0,7.503885,0.25474072,1911.6838,486.9837,644164.710266,5517751.41334,09471
09471,2020,13248.0,10.0,13248.0,10.0,0.0,7.7454457,0.16751511,2434.0232,407.7357,644164.710266,5517751.41334,09471
09471,2021,13248.0,10.0,13248.0,10.0,0.0,7.9142833,0.017968537,2881.7073,51.780067,644164.710266,5517751.41334,09471
09471,2022,13248.0,10.0,13248.0,10.0,0.0,8.12749,0.007279131,3566.5193,25.961163,644164.710266,5517751.41334,09471
09471,2023,13248.0,10.0,13248.0,10.0,0.0,8.090278,0.01677745,3436.238,57.651314,644164.710266,5517751.41334,09471
09471,2024,13248.0,10.0,13248.0,10.0,0.0,7.959777,0.07439733,3015.8345,224.37003,644164.710266,5517751.41334,09471
09471,2025,13248.0,10.0,13248.0,10.0,0.0,8.148856,0.063503146,3643.5408,231.3763,644164.710266,5517751.41334,09471
09472,2007,48236.0,25.0,4318.0,10.0,0.1824588,7.0487823,0.13991323,1260.2911,176.3314,673970.709442,5523508.6407,09472
09472,2008,48236.0,25.0,4318.0,10.0,0.1824588,7.1540956,0.070190996,1400.257,98.28544,673970.709442,5523508.6407,09472
09472,2009,48236.0,25.0,4318.0,10.0,0.1824588,7.136979,0.1875853,1376.4934,258.20993,673970.709442,5523508.6407,09472
09472,2010,48236.0,25.0,4318.0,10.0,0.1824588,7.12257,0.044555005,1356.8021,60.452324,673970.709442,5523508.6407,09472
09472,2011,48236.0,25.0,4318.0,10.0,0.1824588,7.2084403,0.09056307,1478.4594,133.89381,673970.709442,5523508.6407,09472
09472,2012,48236.0,25.0,4318.0,10.0,0.1824588,7.135253,0.013795124,1374.1199,18.956154,673970.709442,5523508.6407,09472
09472,2013,48236.0,25.0,4318.0,10.0,0.1824588,7.1348224,0.053927366,1373.5278,74.07074,673970.709442,5523508.6407,09472
09472,2014,48236.0,25.0,4318.0,10.0,0.1824588,7.1360197,0.11254222,1375.1736,154.76509,673970.709442,5523508.6407,09472
09472,2015,48236.0,25.0,4318.0,10.0,0.1824588,7.1614275,0.021178389,1410.5616,29.873425,673970.709442,5523508.6407,09472
09472,2016,48236.0,25.0,4318.0,10.0,0.1824588,7.124718,0.17965558,1359.7196,244.28122,673970.709442,5523508.6407,09472
09472,2017,48236.0,25.0,4318.0,10.0,0.1824588,7.2296743,0.06771567,1510.1887,102.26344,673970.709442,5523508.6407,09472
09472,2018,48236.0,25.0,4318.0,10.0,0.1824588,7.1455626,0.29130787,1388.3595,404.44006,673970.709442,5523508.6407,09472
09472,2019,48236.0,25.0,4318.0,10.0,0.1824588,7.4360757,0.10851103,1856.3942,201.43924,673970.709442,5523508.6407,09472
09472,2020,48236.0,25.0,4318.0,10.0,0.1824588,7.411369,0.038881216,1811.0907,70.41741,673970.709442,5523508.6407,09472
09472,2021,48236.0,25.0,4318.0,10.0,0.1824588,7.8151503,0.041768223,2712.0662,113.27819,673970.709442,5523508.6407,09472
09472,2022,48236.0,25.0,4318.0,10.0,0.1824588,7.9247108,0.011475157,3026.0896,34.724854,673970.709442,5523508.6407,09472
09472,2023,48236.0,25.0,4318.0,10.0,0.1824588,7.801682,0.03906054,2675.7834,104.51754,673970.709442,5523508.6407,09472
09472,2024,48236.0,25.0,4318.0,10.0,0.1824588,7.6680884,0.10123458,2341.1653,237.00688,673970.709442,5523508.6407,09472
09472,2025,48236.0,25.0,4318.0,10.0,0.1824588,7.6882043,0.043527354,2388.7363,103.975365,673970.709442,5523508.6407,09472
09473,2007,17194.0,10.0,17194.0,10.0,0.0,7.194559,0.010249062,1441.4226,14.77323,637239.612001,5565201.19672,09473
09473,2008,17194.0,10.0,17194.0,10.0,0.0,7.286846,0.033202913,1580.7789,52.486465,637239.612001,5565201.19672,09473
09473,2009,17194.0,10.0,17194.0,10.0,0.0,7.0508037,0.07612939,1248.415,95.041084,637239.612001,5565201.19672,09473
09473,2010,17194.0,10.0,17194.0,10.0,0.0,6.9702816,0.086336315,1151.8309,99.44483,637239.612001,5565201.19672,09473
09473,2011,17194.0,10.0,17194.0,10.0,0.0,7.1941423,0.022825854,1440.8215,32.88798,637239.612001,5565201.19672,09473
09473,2012,17194.0,10.0,17194.0,10.0,0.0,7.3034415,0.10355769,1607.2308,166.44112,637239.612001,5565201.19672,09473
09473,2013,17194.0,10.0,17194.0,10.0,0.0,7.307977,0.058345877,1614.5377,94.201614,637239.612001,5565201.19672,09473
09473,2014,17194.0,10.0,17194.0,10.0,0.0,7.635022,0.27361903,2239.1433,612.67224,637239.612001,5565201.19672,09473
09473,2015,17194.0,10.0,17194.0,10.0,0.0,7.5607576,0.13000804,2078.8792,270.271,637239.612001,5565201.19672,09473
09473,2016,17194.0,10.0,17194.0,10.0,0.0,7.3803973,0.080193356,1735.8004,139.19966,637239.612001,5565201.19672,09473
09473,2017,17194.0,10.0,17194.0,10.0,0.0,7.6601667,0.27614203,2296.1602,634.0663,637239.612001,5565201.19672,09473
09473,2018,17194.0,10.0,17194.0,10.0,0.0,7.355509,0.20053558,1693.1323,339.53326,637239.612001,5565201.19672,09473
09473,2019,17194.0,10.0,17194.0,10.0,0.0,7.411046,0.068041384,1789.8242,121.78213,637239.612001,5565201.19672,09473
09473,2020,17194.0,10.0,17194.0,10.0,0.0,7.6364894,0.029209167,2242.4316,65.49956,637239.612001,5565201.19672,09473
09473,2021,17194.0,10.0,17194.0,10.0,0.0,7.541544,0.02181872,2039.3179,44.495304,637239.612001,5565201.19672,09473
09473,2022,17194.0,10.0,17194.0,10.0,0.0,7.603472,0.17437308,2169.6013,378.32004,637239.612001,5565201.19672,09473
09473,2023,17194.0,10.0,17194.0,10.0,0.0,7.791352,0.094487354,2618.0322,247.37094,637239.612001,5565201.19672,09473
09473,2024,17194.0,10.0,17194.0,10.0,0.0,7.7298074,0.057900347,2461.7656,142.53708,637239.612001,5565201.19672,09473
09473,2025,17194.0,10.0,17194.0,10.0,0.0,7.651693,0.024276193,2276.7844,55.27166,637239.612001,5565201.19672,09473
09474,2007,17079.0,10.0,17079.0,10.0,0.0,7.4171705,0.09362041,1763.8048,165.12813,650291.243217,5516828.84146,09474
09474,2008,17079.0,10.0,17079.0,10.0,0.0,7.3534393,0.08104926,1654.9023,134.12862,650291.243217,5516828.84146,09474
09474,2009,17079.0,10.0,17079.0,10.0,0.0,7.389125,0.05697568,1715.0244,97.71468,650291.243217,5516828.84146,09474
09474,2010,17079.0,10.0,17079.0,10.0,0.0,7.2306695,0.2839713,1463.707,415.6508,650291.243217,5516828.84146,09474
09474,2011,17079.0,10.0,17079.0,10.0,0.0,7.3239675,0.18200618,1606.8406,292.45493,650291.243217,5516828.84146,09474
09474,2012,17079.0,10.0,17079.0,10.0,0.0,7.296126,0.13277452,1562.7206,207.48946,650291.243217,5516828.84146,09474
09474,2013,17079.0,10.0,17079.0,10.0,0.0,7.1085,0.08167199,1295.3777,105.796074,650291.243217,5516828.84146,09474
09474,2014,17079.0,10.0,17079.0,10.0,0.0,7.357742,0.3356143,1662.0377,557.8036,650291.243217,5516828.84146,09474
09474,2015,17079.0,10.0,17079.0,10.0,0.0,7.2306895,0.12980683,1463.7361,190.00294,650291.243217,5516828.84146,09474
09474,2016,17079.0,10.0,17079.0,10.0,0.0,7.210633,0.24928054,1434.6705,357.63547,650291.243217,5516828.84146,09474
09474,2017,17079.0,10.0,17079.0,10.0,0.0,7.4617133,0.13102028,1844.1453,241.62044,650291.243217,5516828.84146,09474
09474,2018,17079.0,10.0,17079.0,10.0,0.0,7.536241,0.065761946,1986.8362,130.6582,650291.243217,5516828.84146,09474
09474,2019,17079.0,10.0,17079.0,10.0,0.0,8.053946,0.45008337,3334.2502,1500.6906,650291.243217,5516828.84146,09474
09474,2020,17079.0,10.0,17079.0,10.0,0.0,7.476057,0.048833925,1870.7876,91.3579,650291.243217,5516828.84146,09474
09474,2021,17079.0,10.0,17079.0,10.0,0.0,7.467488,0.05187643,1854.8247,96.22169,650291.243217,5516828.84146,09474
09474,2022,17079.0,10.0,17079.0,10.0,0.0,8.02456,0.23576395,3237.6987,763.33264,650291.243217,5516828.84146,09474
09474,2023,17079.0,10.0,17079.0,10.0,0.0,8.074892,0.12261761,3404.8276,417.49182,650291.243217,5516828.84146,09474
09474,2024,17079.0,10.0,17079.0,10.0,0.0,8.139395,0.2713671,3631.6865,985.52026,650291.243217,5516828.84146,09474
09474,2025,17079.0,10.0,17079.0,10.0,0.0,8.105654,0.07073206,3511.1934,248.35394,650291.243217,5516828.84146,09474
09475,2007,12461.0,10.0,12461.0,10.0,0.0,7.132617,0.020432156,1415.6211,28.92419,687517.554332,5581748.80152,09475
09475,2008,12461.0,10.0,12461.0,10.0,0.0,6.932368,0.07706224,1158.7236,89.29384,687517.554332,5581748.80152,09475
09475,2009,12461.0,10.0,12461.0,10.0,0.0,6.717281,0.089447334,934.4772,83.586494,687517.554332,5581748.80152,09475
09475,2010,12461.0,10.0,12461.0,10.0,0.0,6.6805663,0.08208009,900.7906,73.93697,687517.554332,5581748.80152,09475
09475,2011,12461.0,10.0,12461.0,10.0,0.0,6.4934506,0.069320835,747.0688,51.787434,687517.554332,5581748.80152,09475
09475,2012,12461.0,10.0,12461.0,10.0,0.0,6.6424427,0.025912717,867.0957,22.468805,687517.554332,5581748.80152,09475
09475,2013,12461.0,10.0,12461.0,10.0,0.0,6.669496,0.13542424,890.8734,120.64587,687517.554332,5581748.80152,09475
09475,2014,12461.0,10.0,12461.0,10.0,0.0,6.6127334,0.08148057,841.71356,68.583305,687517.554332,5581748.80152,09475
09475,2015,12461.0,10.0,12461.0,10.0,0.0,6.6714444,0.06160026,892.6111,54.985077,687517.554332,5581748.80152,09475
09475,2016,12461.0,10.0,12461.0,10.0,0.0,6.9360433,0.05154082,1162.9904,59.94148,687517.554332,5581748.80152,09475
09475,2017,12461.0,10.0,12461.0,10.0,0.0,6.9736476,0.12146446,1207.5565,146.6752,687517.554332,5581748.80152,09475
09475,2018,12461.0,10.0,12461.0,10.0,0.0,6.7968793,0.007871278,1011.9007,7.9649515,687517.554332,5581748.80152,09475
09475,2019,12461.0,10.0,12461.0,10.0,0.0,6.744502,0.2881312,960.26447,276.68216,687517.554332,5581748.80152,09475
09475,2020,12461.0,10.0,12461.0,10.0,0.0,6.763186,0.104764156,978.37427,102.49856,687517.554332,5581748.80152,09475
09475,2021,12461.0,10.0,12461.0,10.0,0.0,7.126897,0.09710723,1407.5468,136.68297,687517.554332,5581748.80152,09475
09475,2022,12461.0,10.0,12461.0,10.0,0.0,7.485835,0.00039745893,2015.3372,0.80101377,687517.554332,5581748.80152,09475
09475,2023,12461.0,10.0,12461.0,10.0,0.0,7.460019,0.16369018,1963.975,321.48343,687517.554332,5581748.80152,09475
09475,2024,12461.0,10.0,12461.0,10.0,0.0,7.3275166,0.33343,1720.2465,573.5818,687517.554332,5581748.80152,09475
09475,2025,12461.0,10.0,12461.0,10.0,0.0,7.348245,0.23922342,1756.2769,420.14255,687517.554332,5581748.80152,09475
09476,2007,56080.0,25.0,7920.0,10.0,-0.015708838,7.033427,0.13531257,1273.5884,172.33253,666472.978355,5568425.945,09476
09476,2008,56080.0,25.0,7920.0,10.0,-0.015708838,7.1251116,0.068874456,1395.8773,96.1403,666472.978355,5568425.945,09476
09476,2009,56080.0,25.0,7920.0,10.0,-0.015708838,6.9742565,0.05537525,1200.4161,66.47334,666472.978355,5568425.945,09476
09476,2010,56080.0,25.0,7920.0,10.0,-0.015708838,7.0766144,0.022279618,1329.797,29.627369,666472.978355,5568425.945,09476
09476,2011,56080.0,25.0,7920.0,10.0,-0.015708838,7.026279,0.065009676,1264.5175,82.205864,666472.978355,5568425.945,09476
09476,2012,56080.0,25.0,7920.0,10.0,-0.015708838,6.895245,0.04489572,1109.2196,49.799213,666472.978355,5568425.945,09476
09476,2013,56080.0,25.0,7920.0,10.0,-0.015708838,6.8212647,0.11392306,1030.1213,117.354576,666472.978355,5568425.945,09476
09476,2014,56080.0,25.0,7920.0,10.0,-0.015708838,6.862751,0.015426875,1073.756,16.564701,666472.978355,5568425.945,09476
09476,2015,56080.0,25.0,7920.0,10.0,-0.015708838,6.770613,0.0936114,979.24316,91.66832,666472.978355,5568425.945,09476
09476,2016,56080.0,25.0,7920.0,10.0,-0.015708838,6.6935205,0.003791823,906.5874,3.4376187,666472.978355,5568425.945,09476
09476,2017,56080.0,25.0,7920.0,10.0,-0.015708838,6.7618523,0.046305962,970.7017,44.949276,666472.978355,5568425.945,09476
09476,2018,56080.0,25.0,7920.0,10.0,-0.015708838,6.8812323,0.031048266,1093.7847,33.960117,666472.978355,5568425.945,09476
09476,2019,56080.0,25.0,7920.0,10.0,-0.015708838,6.786631,0.0060283835,995.0551,5.998574,666472.978355,5568425.945,09476
09476,2020,56080.0,25.0,7920.0,10.0,-0.015708838,7.106135,0.13641948,1369.6381,186.84532,666472.978355,5568425.945,09476
09476,2021,56080.0,25.0,7920.0,10.0,-0.015708838,7.1841846,0.16213456,1480.8208,240.09222,666472.978355,5568425.945,09476
09476,2022,56080.0,25.0,7920.0,10.0,-0.015708838,7.2464166,0.024160843,1575.9026,38.075138,666472.978355,5568425.945,09476
09476,2023,56080.0,25.0,7920.0,10.0,-0.015708838,7.290745,0.022848094,1647.331,37.63838,666472.978355,5568425.945,09476
09476,2024,56080.0,25.0,7920.0,10.0,-0.015708838,7.371781,0.13502824,1786.3824,241.21208,666472.978355,5568425.945,09476
09476,2025,56080.0,25.0,7920.0,10.0,-0.015708838,7.3754144,0.0151998885,1792.8855,27.25166,666472.978355,5568425.945,09476
09477,2007,10432.0,10.0,10432.0,10.0,0.0,7.064082,0.123066545,1283.2246,157.92201,686792.922302,5548262.12531,09477
09477,2008,10432.0,10.0,10432.0,10.0,0.0,7.0880146,0.0810155,1314.3053,106.479095,686792.922302,5548262.12531,09477
09477,2009,10432.0,10.0,10432.0,10.0,0.0,6.8718634,0.0634116,1058.822,67.1416,686792.922302,5548262.12531,09477
09477,2010,10432.0,10.0,10432.0,10.0,0.0,7.030126,0.08068962,1240.3823,100.085976,686792.922302,5548262.12531,09477
09477,2011,10432.0,10.0,10432.0,10.0,0.0,6.8965974,0.0021356558,1085.3379,2.3179083,686792.922302,5548262.12531,09477
09477,2012,10432.0,10.0,10432.0,10.0,0.0,6.7038646,0.03473195,895.08057,31.087896,686792.922302,5548262.12531,09477
09477,2013,10432.0,10.0,10432.0,10.0,0.0,6.735098,0.01915085,923.47797,17.685387,686792.922302,5548262.12531,09477
09477,2014,10432.0,10.0,10432.0,10.0,0.0,6.5683527,0.30656973,781.6458,239.62894,686792.922302,5548262.12531,09477
09477,2015,10432.0,10.0,10432.0,10.0,0.0,6.9834137,0.06067305,1183.774,71.82318,686792.922302,5548262.12531,09477
09477,2016,10432.0,10.0,10432.0,10.0,0.0,7.093862,0.13231595,1322.0132,174.92343,686792.922302,5548262.12531,09477
09477,2017,10432.0,10.0,10432.0,10.0,0.0,7.0653863,0.055169377,1284.8992,70.88709,686792.922302,5548262.12531,09477
09477,2018,10432.0,10.0,10432.0,10.0,0.0,7.166613,0.09001189,1421.7764,127.97677,686792.922302,5548262.12531,09477
09477,2019,10432.0,10.0,10432.0,10.0,0.0,7.095366,0.0038179844,1324.0032,5.0550237,686792.922302,5548262.12531,09477
09477,2020,10432.0,10.0,10432.0,10.0,0.0,7.526167,0.1199106,2036.9646,244.25365,686792.922302,5548262.12531,09477
09477,2021,10432.0,10.0,10432.0,10.0,0.0,7.5349283,0.03654249,2054.89,75.09079,686792.922302,5548262.12531,09477
09477,2022,10432.0,10.0,10432.0,10.0,0.0,7.53432,0.03184331,2053.6392,65.39466,686792.922302,5548262.12531,09477
09477,2023,10432.0,10.0,10432.0,10.0,0.0,7.726933,0.032366894,2489.861,80.58907,686792.922302,5548262.12531,09477
09477,2024,10432.0,10.0,10432.0,10.0,0.0,7.6504498,0.06213572,2306.5283,143.3178,686792.922302,5548262.12531,09477
09477,2025,10432.0,10.0,10432.0,10.0,0.0,7.7209883,0.0029749773,2475.1033,7.3633757,686792.922302,5548262.12531,09477
09478,2007,50955.0,25.0,6919.0,10.0,0.030652609,7.083111,0.024921184,1329.2261,33.12589,659865.773466,5553953.14111,09478
09478,2008,50955.0,25.0,6919.0,10.0,0.030652609,7.170921,0.05646291,1451.2234,81.9403,659865.773466,5553953.14111,09478
09478,2009,50955.0,25.0,6919.0,10.0,0.030652609,6.9871187,0.05023345,1207.5638,60.6601,659865.773466,5553953.14111,09478
09478,2010,50955.0,25.0,6919.0,10.0,0.030652609,7.0276065,0.0091056395,1257.4587,11.449966,659865.773466,5553953.14111,09478
09478,2011,50955.0,25.0,6919.0,10.0,0.030652609,6.949429,0.004108363,1162.898,4.7776065,659865.773466,5553953.14111,09478
09478,2012,50955.0,25.0,6919.0,10.0,0.030652609,7.00477,0.030601548,1229.068,37.61138,659865.773466,5553953.14111,09478
09478,2013,50955.0,25.0,6919.0,10.0,0.030652609,6.92319,0.034274876,1132.7817,38.825954,659865.773466,5553953.14111,09478
09478,2014,50955.0,25.0,6919.0,10.0,0.030652609,6.7984734,0.019585311,999.95966,19.584522,659865.773466,5553953.14111,09478
09478,2015,50955.0,25.0,6919.0,10.0,0.030652609,6.905385,0.02202127,1112.7906,24.505062,659865.773466,5553953.14111,09478
09478,2016,50955.0,25.0,6919.0,10.0,0.030652609,6.9710803,0.074079774,1188.3505,88.03274,659865.773466,5553953.14111,09478
09478,2017,50955.0,25.0,6919.0,10.0,0.030652609,7.03774,0.0023007747,1270.2661,2.922596,659865.773466,5553953.14111,09478
09478,2018,50955.0,25.0,6919.0,10.0,0.030652609,6.8056316,0.21201202,1007.1431,213.52644,659865.773466,5553953.14111,09478
09478,2019,50955.0,25.0,6919.0,10.0,0.030652609,6.826348,0.07926401,1028.2247,81.50122,659865.773466,5553953.14111,09478
09478,2020,50955.0,25.0,6919.0,10.0,0.030652609,7.2934446,0.020923046,1640.3846,34.321846,659865.773466,5553953.14111,09478
09478,2021,50955.0,25.0,6919.0,10.0,0.030652609,7.3417764,0.001529233,1721.6146,2.6327498,659865.773466,5553953.14111,09478
09478,2022,50955.0,25.0,6919.0,10.0,0.030652609,7.424484,0.11247974,1870.0593,210.34378,659865.773466,5553953.14111,09478
09478,2023,50955.0,25.0,6919.0,10.0,0.030652609,7.5376515,0.05954908,2094.129,124.703445,659865.773466,5553953.14111,09478
09478,2024,50955.0,25.0,6919.0,10.0,0.030652609,7.4617376,0.021168256,1941.0398,41.088425,659865.773466,5553953.14111,09478
09478,2025,50955.0,25.0,6919.0,10.0,0.030652609,7.735594,0.08454878,2552.5173,215.81223,659865.773466,5553953.14111,09478
09479,2007,33480.0,25.0,9527.0,10.0,0.10715538,7.0784597,0.013895644,1345.8948,18.702076,727744.847979,5548592.65844,09479
09479,2008,33480.0,25.0,9527.0,10.0,0.10715538,6.828488,0.020062342,1048.2134,21.029617,727744.847979,5548592.65844,09479
09479,2009,33480.0,25.0,9527.0,10.0,0.10715538,6.6809826,0.0076693534,904.4596,6.9366198,727744.847979,5548592.65844,09479
09479,2010,33480.0,25.0,9527.0,10.0,0.10715538,6.6079955,0.025085496,840.79724,21.091816,727744.847979,5548592.65844,09479
09479,2011,33480.0,25.0,9527.0,10.0,0.10715538,6.662511,0.00047036007,887.9057,0.4176354,727744.847979,5548592.65844,09479
09479,2012,33480.0,25.0,9527.0,10.0,0.10715538,6.645092,0.08640875,872.5735,75.39799,727744.847979,5548592.65844,09479
09479,2013,33480.0,25.0,9527.0,10.0,0.10715538,6.5743055,0.1470086,812.94244,119.50953,727744.847979,5548592.65844,09479
09479,2014,33480.0,25.0,9527.0,10.0,0.10715538,6.620776,0.06476263,851.6121,55.15264,727744.847979,5548592.65844,09479
09479,2015,33480.0,25.0,9527.0,10.0,0.10715538,6.997189,0.061872095,1240.8398,76.77336,727744.847979,5548592.65844,09479
09479,2016,33480.0,25.0,9527.0,10.0,0.10715538,7.084831,0.14290603,1354.498,193.56593,727744.847979,5548592.65844,09479
09479,2017,33480.0,25.0,9527.0,10.0,0.10715538,7.1105504,0.15498742,1389.7861,215.39937,727744.847979,5548592.65844,09479
09479,2018,33480.0,25.0,9527.0,10.0,0.10715538,6.5447564,0.024070982,789.27234,18.99856,727744.847979,5548592.65844,09479
09479,2019,33480.0,25.0,9527.0,10.0,0.10715538,6.8318458,0.043102443,1051.7395,45.33254,727744.847979,5548592.65844,09479
09479,2020,33480.0,25.0,9527.0,10.0,0.10715538,7.0048614,0.12287375,1250.3965,153.6409,727744.847979,5548592.65844,09479
09479,2021,33480.0,25.0,9527.0,10.0,0.10715538,7.1874037,0.08252446,1500.8071,123.853294,727744.847979,5548592.65844,09479
09479,2022,33480.0,25.0,9527.0,10.0,0.10715538,7.511632,0.06554939,2075.5615,136.05179,727744.847979,5548592.65844,09479
09479,2023,33480.0,25.0,9527.0,10.0,0.10715538,7.419972,0.0056743403,1893.7733,10.745914,727744.847979,5548592.65844,09479
09479,2024,33480.0,25.0,9527.0,10.0,0.10715538,7.294657,0.09025519,1670.7233,150.79144,727744.847979,5548592.65844,09479
09479,2025,33480.0,25.0,9527.0,10.0,0.10715538,7.2903943,0.011568609,1663.6167,19.24573,727744.847979,5548592.65844,09479
09561,2007,12049.0,10.0,12049.0,10.0,0.0,7.3165336,0.013141472,1613.6028,21.205116,613696.943664,5461113.03473,09561
09561,2008,12049.0,10.0,12049.0,10.0,0.0,7.338749,0.010090565,1649.851,16.647928,613696.943664,5461113.03473,09561
09561,2009,12049.0,10.0,12049.0,10.0,0.0,7.3012967,0.010238204,1589.2029,16.270584,613696.943664,5461113.03473,09561
09561,2010,12049.0,10.0,12049.0,10.0,0.0,7.116272,0.035080403,1320.7606,46.33281,613696.943664,5461113.03473,09561
09561,2011,12049.0,10.0,12049.0,10.0,0.0,7.1871843,0.0236451,1417.8195,33.524483,613696.943664,5461113.03473,09561
09561,2012,12049.0,10.0,12049.0,10.0,0.0,7.175551,0.013383034,1401.4214,18.755268,613696.943664,5461113.03473,09561
09561,2013,12049.0,10.0,12049.0,10.0,0.0,7.3199883,0.016209602,1619.1873,26.24638,613696.943664,5461113.03473,09561
09561,2014,12049.0,10.0,12049.0,10.0,0.0,7.484334,0.016463479,1908.4092,31.419052,613696.943664,5461113.03473,09561
09561,2015,12049.0,10.0,12049.0,10.0,0.0,7.548174,0.0077312193,2034.2144,15.726958,613696.943664,5461113.03473,09561
09561,2016,12049.0,10.0,12049.0,10.0,0.0,7.6322713,0.050797377,2212.6863,112.39867,613696.943664,5461113.03473,09561
09561,2017,12049.0,10.0,12049.0,10.0,0.0,7.5419836,0.031206815,2021.6608,63.089596,613696.943664,5461113.03473,09561
09561,2018,12049.0,10.0,12049.0,10.0,0.0,7.674782,0.039499354,2308.7761,91.19517,613696.943664,5461113.03473,09561
09561,2019,12049.0,10.0,12049.0,10.0,0.0,7.734744,0.08702295,2451.4507,213.33247,613696.943664,5461113.03473,09561
09561,2020,12049.0,10.0,12049.0,10.0,0.0,8.003988,0.07533561,3208.8857,241.74336,613696.943664,5461113.03473,09561
09561,2021,12049.0,10.0,12049.0,10.0,0.0,7.943612,0.105761535,3020.8796,319.49286,613696.943664,5461113.03473,09561
09561,2022,12049.0,10.0,12049.0,10.0,0.0,8.2668495,0.107072584,4173.627,446.881,613696.943664,5461113.03473,09561
09561,2023,12049.0,10.0,12049.0,10.0,0.0,8.025008,0.025696594,3277.0525,84.20909,613696.943664,5461113.03473,09561
09561,2024,12049.0,10.0,12049.0,10.0,0.0,7.928328,0.043839786,2975.0598,130.42598,613696.943664,5461113.03473,09561
09561,2025,12049.0,10.0,12049.0,10.0,0.0,7.989757,0.05483658,3163.5447,173.47797,613696.943664,5461113.03473,09561
09562,2007,46900.0,10.0,46900.0,10.0,0.0,7.648867,0.019681485,2196.59,43.232155,642987.485393,5494074.25968,09562
09562,2008,46900.0,10.0,46900.0,10.0,0.0,7.563383,0.041044418,2016.6188,82.77094,642987.485393,5494074.25968,09562
09562,2009,46900.0,10.0,46900.0,10.0,0.0,7.56842,0.055637997,2026.802,112.767204,642987.485393,5494074.25968,09562
09562,2010,46900.0,10.0,46900.0,10.0,0.0,7.6792574,0.053091906,2264.37,120.21972,642987.485393,5494074.25968,09562
09562,2011,46900.0,10.0,46900.0,10.0,0.0,7.7291417,0.06638078,2380.1912,157.99895,642987.485393,5494074.25968,09562
09562,2012,46900.0,10.0,46900.0,10.0,0.0,7.7829275,0.008772613,2511.7173,22.034323,642987.485393,5494074.25968,09562
09562,2013,46900.0,10.0,46900.0,10.0,0.0,7.8711376,0.052223064,2743.3425,143.26575,642987.485393,5494074.25968,09562
09562,2014,46900.0,10.0,46900.0,10.0,0.0,8.0607,0.072347805,3315.9338,239.90051,642987.485393,5494074.25968,09562
09562,2015,46900.0,10.0,46900.0,10.0,0.0,8.018525,0.02603795,3178.9922,82.774445,642987.485393,5494074.25968,09562
09562,2016,46900.0,10.0,46900.0,10.0,0.0,8.10768,0.0064525134,3475.4358,22.425295,642987.485393,5494074.25968,09562
09562,2017,46900.0,10.0,46900.0,10.0,0.0,8.204604,0.043651756,3829.1523,167.14923,642987.485393,5494074.25968,09562
09562,2018,46900.0,10.0,46900.0,10.0,0.0,8.344239,0.051363107,4402.9653,226.14996,642987.485393,5494074.25968,09562
09562,2019,46900.0,10.0,46900.0,10.0,0.0,8.420156,0.035579167,4750.2407,169.0096,642987.485393,5494074.25968,09562
09562,2020,46900.0,10.0,46900.0,10.0,0.0,8.378732,0.052073527,4557.4844,237.32428,642987.485393,5494074.25968,09562
09562,2021,46900.0,10.0,46900.0,10.0,0.0,8.483403,0.051964283,5060.386,262.95932,642987.485393,5494074.25968,09562
09562,2022,46900.0,10.0,46900.0,10.0,0.0,8.535232,0.018035881,5329.571,96.123505,642987.485393,5494074.25968,09562
09562,2023,46900.0,10.0,46900.0,10.0,0.0,8.540267,0.030278377,5356.4736,162.18533,642987.485393,5494074.25968,09562
09562,2024,46900.0,10.0,46900.0,10.0,0.0,8.44368,0.014791342,4863.311,71.9349,642987.485393,5494074.25968,09562
09562,2025,46900.0,10.0,46900.0,10.0,0.0,8.454848,0.025629139,4917.9287,126.042274,642987.485393,5494074.25968,09562
09563,2007,151778.0,10.0,151778.0,10.0,0.0,7.5453687,0.04683304,1995.5665,93.458435,642337.151956,5483941.45067,09563
09563,2008,151778.0,10.0,151778.0,10.0,0.0,7.4853783,0.031790905,1879.3715,59.746918,642337.151956,5483941.45067,09563
09563,2009,151778.0,10.0,151778.0,10.0,0.0,7.463478,0.028314793,1838.6609,52.061302,642337.151956,5483941.45067,09563
09563,2010,151778.0,10.0,151778.0,10.0,0.0,7.483218,0.03223856,1875.3165,60.45751,642337.151956,5483941.45067,09563
09563,2011,151778.0,10.0,151778.0,10.0,0.0,7.519654,0.06272818,1944.9052,122.00037,642337.151956,5483941.45067,09563
09563,2012,151778.0,10.0,151778.0,10.0,0.0,7.5713053,0.0071986965,2048.0017,14.742942,642337.151956,5483941.45067,09563
09563,2013,151778.0,10.0,151778.0,10.0,0.0,7.681262,0.030696586,2286.041,70.17365,642337.151956,5483941.45067,09563
09563,2014,151778.0,10.0,151778.0,10.0,0.0,7.876597,0.03669871,2779.1816,101.99238,642337.151956,5483941.45067,09563
09563,2015,151778.0,10.0,151778.0,10.0,0.0,7.9855237,0.049623173,3099.0107,153.78275,642337.151956,5483941.45067,09563
09563,2016,151778.0,10.0,151778.0,10.0,0.0,7.88402,0.034304738,2799.887,96.049385,642337.151956,5483941.45067,09563
09563,2017,151778.0,10.0,151778.0,10.0,0.0,7.990957,0.04515302,3115.8945,140.69205,642337.151956,5483941.45067,09563
09563,2018,151778.0,10.0,151778.0,10.0,0.0,8.089617,0.02301872,3438.9858,79.16105,642337.151956,5483941.45067,09563
09563,2019,151778.0,10.0,151778.0,10.0,0.0,8.165984,0.039994936,3711.8975,148.4571,642337.151956,5483941.45067,09563
09563,2020,151778.0,10.0,151778.0,10.0,0.0,8.321488,0.014944171,4336.414,64.80411,642337.151956,5483941.45067,09563
09563,2021,151778.0,10.0,151778.0,10.0,0.0,8.37069,0.010332789,4555.1104,47.066998,642337.151956,5483941.45067,09563
09563,2022,151778.0,10.0,151778.0,10.0,0.0,8.353669,0.032152187,4478.234,143.98502,642337.151956,5483941.45067,09563
09563,2023,151778.0,10.0,151778.0,10.0,0.0,8.293183,0.010223714,4215.3945,43.096985,642337.151956,5483941.45067,09563
09563,2024,151778.0,10.0,151778.0,10.0,0.0,8.288729,0.024939412,4196.658,104.66219,642337.151956,5483941.45067,09563
09563,2025,151778.0,10.0,151778.0,10.0,0.0,8.221073,0.012240124,3922.1199,48.007233,642337.151956,5483941.45067,09563
09564,2007,194894.0,10.0,194894.0,10.0,0.0,7.3525915,0.05475946,1645.2925,90.09533,650995.340471,5478031.24829,09564
09564,2008,194894.0,10.0,194894.0,10.0,0.0,7.3453927,0.03145601,1633.4905,51.38309,650995.340471,5478031.24829,09564
09564,2009,194894.0,10.0,194894.0,10.0,0.0,7.258564,0.025024895,1497.6403,37.478287,650995.340471,5478031.24829,09564
09564,2010,194894.0,10.0,194894.0,10.0,0.0,7.2621026,0.031145366,1502.949,46.809895,650995.340471,5478031.24829,09564
09564,2011,194894.0,10.0,194894.0,10.0,0.0,7.336644,0.03452947,1619.2628,55.91229,650995.340471,5478031.24829,09564
09564,2012,194894.0,10.0,194894.0,10.0,0.0,7.4846573,0.028375512,1877.5807,53.277313,650995.340471,5478031.24829,09564
09564,2013,194894.0,10.0,194894.0,10.0,0.0,7.6417003,0.033011504,2196.8557,72.52151,650995.340471,5478031.24829,09564
09564,2014,194894.0,10.0,194894.0,10.0,0.0,7.6341805,0.028942069,2180.3977,63.105225,650995.340471,5478031.24829,09564
09564,2015,194894.0,10.0,194894.0,10.0,0.0,7.8120303,0.08851553,2604.803,230.5655,650995.340471,5478031.24829,09564
09564,2016,194894.0,10.0,194894.0,10.0,0.0,7.867616,0.010160504,2753.693,27.97891,650995.340471,5478031.24829,09564
09564,2017,194894.0,10.0,194894.0,10.0,0.0,8.0004835,0.032701273,3144.9883,102.84511,650995.340471,5478031.24829,09564
09564,2018,194894.0,10.0,194894.0,10.0,0.0,8.1032295,0.03421868,3485.3057,119.26256,650995.340471,5478031.24829,09564
09564,2019,194894.0,10.0,194894.0,10.0,0.0,8.191904,0.021480901,3808.4836,81.80966,650995.340471,5478031.24829,09564
09564,2020,194894.0,10.0,194894.0,10.0,0.0,8.275568,0.003819029,4140.8237,15.813928,650995.340471,5478031.24829,09564
09564,2021,194894.0,10.0,194894.0,10.0,0.0,8.380619,0.006803971,4599.49,31.294796,650995.340471,5478031.24829,09564
09564,2022,194894.0,10.0,194894.0,10.0,0.0,8.484435,0.010978163,5102.661,56.01785,650995.340471,5478031.24829,09564
09564,2023,194894.0,10.0,194894.0,10.0,0.0,8.3697195,0.014930005,4549.63,67.926,650995.340471,5478031.24829,09564
09564,2024,194894.0,10.0,194894.0,10.0,0.0,8.273593,0.017503114,4132.653,72.33429,650995.340471,5478031.24829,09564
09564,2025,194894.0,10.0,194894.0,10.0,0.0,8.317849,0.00517746,4319.658,22.364859,650995.340471,5478031.24829,09564
09565,2007,53992.0,10.0,53992.0,10.0,0.0,7.4773965,0.050610892,1847.4457,93.50088,647010.715462,5466730.53892,09565
09565,2008,53992.0,10.0,53992.0,10.0,0.0,7.4026117,0.0600372,1714.3245,102.92324,647010.715462,5466730.53892,09565
09565,2009,53992.0,10.0,53992.0,10.0,0.0,7.367634,0.047409173,1655.398,78.48105,647010.715462,5466730.53892,09565
09565,2010,53992.0,10.0,53992.0,10.0,0.0,7.384062,0.04487604,1682.8169,75.51816,647010.715462,5466730.53892,09565
09565,2011,53992.0,10.0,53992.0,10.0,0.0,7.4192424,0.02168912,1743.0734,37.805725,647010.715462,5466730.53892,09565
09565,2012,53992.0,10.0,53992.0,10.0,0.0,7.42128,0.042794168,1746.628,74.7455,647010.715462,5466730.53892,09565
09565,2013,53992.0,10.0,53992.0,10.0,0.0,7.626093,0.018569551,2143.6294,39.806236,647010.715462,5466730.53892,09565
09565,2014,53992.0,10.0,53992.0,10.0,0.0,7.7099404,0.0032044053,2331.1177,7.4698462,647010.715462,5466730.53892,09565
09565,2015,53992.0,10.0,53992.0,10.0,0.0,7.7961655,0.03162802,2541.0388,80.36803,647010.715462,5466730.53892,09565
09565,2016,53992.0,10.0,53992.0,10.0,0.0,7.948347,0.031921305,2958.7134,94.44599,647010.715462,5466730.53892,09565
09565,2017,53992.0,10.0,53992.0,10.0,0.0,7.949124,0.01896207,2961.0125,56.146927,647010.715462,5466730.53892,09565
09565,2018,53992.0,10.0,53992.0,10.0,0.0,8.00394,0.019186806,3127.855,60.013546,647010.715462,5466730.53892,09565
09565,2019,53992.0,10.0,53992.0,10.0,0.0,8.110555,0.036834806,3479.7554,128.17612,647010.715462,5466730.53892,09565
09565,2020,53992.0,10.0,53992.0,10.0,0.0,8.095929,0.025147194,3429.2332,86.23559,647010.715462,5466730.53892,09565
09565,2021,53992.0,10.0,53992.0,10.0,0.0,8.267518,0.017337712,4071.149,70.584404,647010.715462,5466730.53892,09565
09565,2022,53992.0,10.0,53992.0,10.0,0.0,8.287099,0.031319465,4151.653,130.02756,647010.715462,5466730.53892,09565
09565,2023,53992.0,10.0,53992.0,10.0,0.0,8.22182,0.0052132616,3889.294,20.275908,647010.715462,5466730.53892,09565
09565,2024,53992.0,10.0,53992.0,10.0,0.0,8.165677,0.009984482,3676.9534,36.71247,647010.715462,5466730.53892,09565
09565,2025,53992.0,10.0,53992.0,10.0,0.0,8.164256,7.299253e-05,3671.733,0.2680091,647010.715462,5466730.53892,09565
09571,2007,47571.0,25.0,5559.0,10.0,-0.0416272,7.095256,0.10106711,1312.4567,132.64621,617166.8041,5443705.657,09571
09571,2008,47571.0,25.0,5559.0,10.0,-0.0416272,7.071046,0.021488447,1281.0642,27.528078,617166.8041,5443705.657,09571
09571,2009,47571.0,25.0,5559.0,10.0,-0.0416272,7.085938,0.10575363,1300.2842,137.50978,617166.8041,5443705.657,09571
09571,2010,47571.0,25.0,5559.0,10.0,-0.0416272,6.8627696,0.061892718,1040.2017,64.380905,617166.8041,5443705.657,09571
09571,2011,47571.0,25.0,5559.0,10.0,-0.0416272,7.1341677,0.033515852,1364.5336,45.733505,617166.8041,5443705.657,09571
09571,2012,47571.0,25.0,5559.0,10.0,-0.0416272,7.143186,0.1403389,1376.8951,193.23195,617166.8041,5443705.657,09571
09571,2013,47571.0,25.0,5559.0,10.0,-0.0416272,7.175367,0.10166413,1421.9255,144.55882,617166.8041,5443705.657,09571
09571,2014,47571.0,25.0,5559.0,10.0,-0.0416272,7.0516644,0.113682084,1256.4739,142.83858,617166.8041,5443705.657,09571
09571,2015,47571.0,25.0,5559.0,10.0,-0.0416272,7.1070943,0.03100201,1328.0868,41.17336,617166.8041,5443705.657,09571
09571,2016,47571.0,25.0,5559.0,10.0,-0.0416272,6.9455643,0.0716707,1129.9906,80.98723,617166.8041,5443705.657,09571
09571,2017,47571.0,25.0,5559.0,10.0,-0.0416272,7.0022593,0.04705384,1195.9061,56.271976,617166.8041,5443705.657,09571
09571,2018,47571.0,25.0,5559.0,10.0,-0.0416272,7.0971756,0.104560226,1314.9789,137.49449,617166.8041,5443705.657,09571
09571,2019,47571.0,25.0,5559.0,10.0,-0.0416272,7.1207533,0.036257062,1346.3517,48.81476,617166.8041,5443705.657,09571
09571,2020,47571.0,25.0,5559.0,10.0,-0.0416272,7.128178,0.14621812,1356.3849,198.32805,617166.8041,5443705.657,09571
09571,2021,47571.0,25.0,5559.0,10.0,-0.0416272,7.4457827,0.082982734,1863.4468,154.63391,617166.8041,5443705.657,09571
09571,2022,47571.0,25.0,5559.0,10.0,-0.0416272,7.562855,0.11831891,2094.8872,247.86478,617166.8041,5443705.657,09571
09571,2023,47571.0,25.0,5559.0,10.0,-0.0416272,7.8054895,0.012436729,2670.1492,33.20792,617166.8041,5443705.657,09571
09571,2024,47571.0,25.0,5559.0,10.0,-0.0416272,8.069157,0.090056226,3475.7212,313.01035,617166.8041,5443705.657,09571
09571,2025,47571.0,25.0,5559.0,10.0,-0.0416272,7.7699275,0.037011996,2576.8628,95.37483,617166.8041,5443705.657,09571
09572,2007,15072.0,10.0,15072.0,10.0,0.0,7.3579345,0.012943806,1645.046,21.293158,636961.294576,5508074.69041,09572
09572,2008,15072.0,10.0,15072.0,10.0,0.0,7.417339,0.037416343,1745.7291,65.318794,636961.294576,5508074.69041,09572
09572,2009,15072.0,10.0,15072.0,10.0,0.0,7.304142,0.090912424,1558.8926,141.7227,636961.294576,5508074.69041,09572
09572,2010,15072.0,10.0,15072.0,10.0,0.0,7.23412,0.038218364,1453.4696,55.54923,636961.294576,5508074.69041,09572
09572,2011,15072.0,10.0,15072.0,10.0,0.0,7.2876534,0.115290225,1533.3997,176.786,636961.294576,5508074.69041,09572
09572,2012,15072.0,10.0,15072.0,10.0,0.0,7.4108,0.034738235,1734.3516,60.248318,636961.294576,5508074.69041,09572
09572,2013,15072.0,10.0,15072.0,10.0,0.0,7.5555263,0.026923908,2004.4305,53.967102,636961.294576,5508074.69041,09572
09572,2014,15072.0,10.0,15072.0,10.0,0.0,7.4658775,0.006876766,1832.5547,12.60205,636961.294576,5508074.69041,09572
09572,2015,15072.0,10.0,15072.0,10.0,0.0,7.5041327,0.047702186,1904.0183,90.825836,636961.294576,5508074.69041,09572
09572,2016,15072.0,10.0,15072.0,10.0,0.0,7.5683002,0.03247527,2030.1992,65.93127,636961.294576,5508074.69041,09572
09572,2017,15072.0,10.0,15072.0,10.0,0.0,7.735435,0.09304312,2399.5203,223.25885,636961.294576,5508074.69041,09572
09572,2018,15072.0,10.0,15072.0,10.0,0.0,7.722576,0.023047721,2368.8625,54.596886,636961.294576,5508074.69041,09572
09572,2019,15072.0,10.0,15072.0,10.0,0.0,7.7276826,0.03866793,2380.9893,92.067924,636961.294576,5508074.69041,09572
09572,2020,15072.0,10.0,15072.0,10.0,0.0,7.8818946,0.04488628,2777.9915,124.693695,636961.294576,5508074.69041,09572
09572,2021,15072.0,10.0,15072.0,10.0,0.0,8.080118,0.040720053,3387.0242,137.9198,636961.294576,5508074.69041,09572
09572,2022,15072.0,10.0,15072.0,10.0,0.0,8.104343,0.023103552,3470.0776,80.17112,636961.294576,5508074.69041,09572
09572,2023,15072.0,10.0,15072.0,10.0,0.0,8.171601,0.0026580312,3711.497,9.865274,636961.294576,5508074.69041,09572
09572,2024,15072.0,10.0,15072.0,10.0,0.0,8.020083,0.0249485,3189.6687,79.577446,636961.294576,5508074.69041,09572
09572,2025,15072.0,10.0,15072.0,10.0,0.0,8.006751,0.00085264136,3147.4238,2.6836238,636961.294576,5508074.69041,09572
09573,2007,36044.0,10.0,36044.0,10.0,0.0,7.5691304,0.03788339,2019.0422,76.48817,634375.654811,5476149.50455,09573
09573,2008,36044.0,10.0,36044.0,10.0,0.0,7.5045905,0.027968103,1892.8499,52.939423,634375.654811,5476149.50455,09573
09573,2009,36044.0,10.0,36044.0,10.0,0.0,7.5303164,0.010547765,1942.1766,20.485622,634375.654811,5476149.50455,09573
09573,2010,36044.0,10.0,36044.0,10.0,0.0,7.391943,0.074103124,1691.1962,125.32292,634375.654811,5476149.50455,09573
09573,2011,36044.0,10.0,36044.0,10.0,0.0,7.3378673,0.076193236,1602.1718,122.07465,634375.654811,5476149.50455,09573
09573,2012,36044.0,10.0,36044.0,10.0,0.0,7.3469687,0.0839374,1616.8202,135.71169,634375.654811,5476149.50455,09573
09573,2013,36044.0,10.0,36044.0,10.0,0.0,7.4351397,0.013229612,1765.851,23.361523,634375.654811,5476149.50455,09573
09573,2014,36044.0,10.0,36044.0,10.0,0.0,7.3708415,0.055274528,1655.8828,91.52814,634375.654811,5476149.50455,09573
09573,2015,36044.0,10.0,36044.0,10.0,0.0,7.397909,0.005591683,1701.3162,9.513221,634375.654811,5476149.50455,09573
09573,2016,36044.0,10.0,36044.0,10.0,0.0,7.7366104,0.008242278,2387.1575,19.675615,634375.654811,5476149.50455,09573
09573,2017,36044.0,10.0,36044.0,10.0,0.0,7.714362,0.083091095,2334.634,193.9873,634375.654811,5476149.50455,09573
09573,2018,36044.0,10.0,36044.0,10.0,0.0,7.8324366,0.12013274,2627.228,315.6161,634375.654811,5476149.50455,09573
09573,2019,36044.0,10.0,36044.0,10.0,0.0,8.101181,0.28764093,3437.259,988.6964,634375.654811,5476149.50455,09573
09573,2020,36044.0,10.0,36044.0,10.0,0.0,7.91936,0.23442987,2865.8154,671.83276,634375.654811,5476149.50455,09573
09573,2021,36044.0,10.0,36044.0,10.0,0.0,7.988603,0.41476473,3071.2852,1273.8608,634375.654811,5476149.50455,09573
09573,2022,36044.0,10.0,36044.0,10.0,0.0,8.318344,0.05141367,4270.955,219.58546,634375.654811,5476149.50455,09573
09573,2023,36044.0,10.0,36044.0,10.0,0.0,8.34041,0.07174073,4366.2456,313.23764,634375.654811,5476149.50455,09573
09573,2024,36044.0,10.0,36044.0,10.0,0.0,8.205493,0.098248005,3815.1738,374.83322,634375.654811,5476149.50455,09573
09573,2025,36044.0,10.0,36044.0,10.0,0.0,8.233869,0.027748965,3924.9814,108.91418,634375.654811,5476149.50455,09573
09574,2007,16532.0,10.0,16532.0,10.0,0.0,7.4748616,0.0024539717,1851.8848,4.5444727,672806.293971,5473931.79856,09574
09574,2008,16532.0,10.0,16532.0,10.0,0.0,7.3816857,0.022893185,1687.1288,38.623753,672806.293971,5473931.79856,09574
09574,2009,16532.0,10.0,16532.0,10.0,0.0,7.3173523,0.04200659,1582.0073,66.45473,672806.293971,5473931.79856,09574
09574,2010,16532.0,10.0,16532.0,10.0,0.0,7.3345656,0.10071246,1609.4745,162.09415,672806.293971,5473931.79856,09574
09574,2011,16532.0,10.0,16532.0,10.0,0.0,7.370803,0.0102885505,1668.8674,17.170227,672806.293971,5473931.79856,09574
09574,2012,16532.0,10.0,16532.0,10.0,0.0,7.3313084,0.042729165,1604.2407,68.54787,672806.293971,5473931.79856,09574
09574,2013,16532.0,10.0,16532.0,10.0,0.0,7.4725533,0.0023901104,1847.6149,4.4160037,672806.293971,5473931.79856,09574
09574,2014,16532.0,10.0,16532.0,10.0,0.0,7.4174957,0.06791153,1748.6396,118.75279,672806.293971,5473931.79856,09574
09574,2015,16532.0,10.0,16532.0,10.0,0.0,7.534665,0.07182942,1966.0126,141.21754,672806.293971,5473931.79856,09574
09574,2016,16532.0,10.0,16532.0,10.0,0.0,7.5407014,0.13999683,1977.9159,276.90195,672806.293971,5473931.79856,09574
09574,2017,16532.0,10.0,16532.0,10.0,0.0,7.76747,0.10049974,2481.373,249.37735,672806.293971,5473931.79856,09574
09574,2018,16532.0,10.0,16532.0,10.0,0.0,7.746427,0.09084418,2429.7043,220.72449,672806.293971,5473931.79856,09574
09574,2019,16532.0,10.0,16532.0,10.0,0.0,7.9220033,0.015869576,2896.044,45.958992,672806.293971,5473931.79856,09574
09574,2020,16532.0,10.0,16532.0,10.0,0.0,8.135426,0.021397786,3585.0337,76.71178,672806.293971,5473931.79856,09574
09574,2021,16532.0,10.0,16532.0,10.0,0.0,7.982586,0.00941381,3076.9175,28.96552,672806.293971,5473931.79856,09574
09574,2022,16532.0,10.0,16532.0,10.0,0.0,8.061195,0.015359329,3328.5532,51.124344,672806.293971,5473931.79856,09574
09574,2023,16532.0,10.0,16532.0,10.0,0.0,8.123667,0.023617622,3543.1255,83.6802,672806.293971,5473931.79856,09574
09574,2024,16532.0,10.0,16532.0,10.0,0.0,8.236566,0.027996233,3966.594,111.04968,672806.293971,5473931.79856,09574
09574,2025,16532.0,10.0,16532.0,10.0,0.0,8.2165165,0.07712392,3887.8594,299.84692,672806.293971,5473931.79856,09574
09575,2007,38966.0,25.0,4465.0,10.0,-0.035791263,7.3044376,0.033677343,1619.8363,54.551785,603119.301838,5485806.52287,09575
09575,2008,38966.0,25.0,4465.0,10.0,-0.035791263,7.1352735,0.007405919,1367.7413,10.129382,603119.301838,5485806.52287,09575
09575,2009,38966.0,25.0,4465.0,10.0,-0.035791263,7.122401,0.006633188,1350.2483,8.95645,603119.301838,5485806.52287,09575
09575,2010,38966.0,25.0,4465.0,10.0,-0.035791263,7.186787,0.16711244,1440.045,240.64944,603119.301838,5485806.52287,09575
09575,2011,38966.0,25.0,4465.0,10.0,-0.035791263,7.227849,0.2570561,1500.4071,385.68875,603119.301838,5485806.52287,09575
09575,2012,38966.0,25.0,4465.0,10.0,-0.035791263,7.1218314,0.041487638,1349.4789,55.98669,603119.301838,5485806.52287,09575
09575,2013,38966.0,25.0,4465.0,10.0,-0.035791263,7.1751027,0.046995997,1423.3169,66.8902,603119.301838,5485806.52287,09575
09575,2014,38966.0,25.0,4465.0,10.0,-0.035791263,7.147278,0.07789373,1384.2593,107.82512,603119.301838,5485806.52287,09575
09575,2015,38966.0,25.0,4465.0,10.0,-0.035791263,7.0888805,0.04164032,1305.7374,54.371326,603119.301838,5485806.52287,09575
09575,2016,38966.0,25.0,4465.0,10.0,-0.035791263,7.2103224,0.035866667,1474.339,52.879623,603119.301838,5485806.52287,09575
09575,2017,38966.0,25.0,4465.0,10.0,-0.035791263,7.2343564,0.11786373,1510.2024,177.99808,603119.301838,5485806.52287,09575
09575,2018,38966.0,25.0,4465.0,10.0,-0.035791263,7.2898126,0.0457592,1596.3185,73.04626,603119.301838,5485806.52287,09575
09575,2019,38966.0,25.0,4465.0,10.0,-0.035791263,7.32948,0.0897624,1660.9133,149.08757,603119.301838,5485806.52287,09575
09575,2020,38966.0,25.0,4465.0,10.0,-0.035791263,7.51295,0.05761509,1995.3853,114.9643,603119.301838,5485806.52287,09575
09575,2021,38966.0,25.0,4465.0,10.0,-0.035791263,7.1487966,0.17978053,1386.363,249.24107,603119.301838,5485806.52287,09575
09575,2022,38966.0,25.0,4465.0,10.0,-0.035791263,7.5302806,0.0043650623,2030.2677,8.862245,603119.301838,5485806.52287,09575
09575,2023,38966.0,25.0,4465.0,10.0,-0.035791263,7.851621,0.043965682,2799.69,123.09027,603119.301838,5485806.52287,09575
09575,2024,38966.0,25.0,4465.0,10.0,-0.035791263,7.790538,0.096099295,2633.7932,253.10568,603119.301838,5485806.52287,09575
09575,2025,38966.0,25.0,4465.0,10.0,-0.035791263,7.858965,0.07253421,2820.325,204.57004,603119.301838,5485806.52287,09575
09576,2007,146137.0,25.0,9143.0,10.0,0.14669108,7.400329,0.048908353,1737.0691,84.95719,640658.152123,5455353.51487,09576
09576,2008,146137.0,25.0,9143.0,10.0,0.14669108,7.3137984,0.017398883,1593.0793,27.7178,640658.152123,5455353.51487,09576
09576,2009,146137.0,25.0,9143.0,10.0,0.14669108,7.354881,0.04370601,1659.89,72.547165,640658.152123,5455353.51487,09576
09576,2010,146137.0,25.0,9143.0,10.0,0.14669108,7.2851853,0.04390939,1548.142,67.97797,640658.152123,5455353.51487,09576
09576,2011,146137.0,25.0,9143.0,10.0,0.14669108,7.251875,0.05773975,1497.4226,86.46081,640658.152123,5455353.51487,09576
09576,2012,146137.0,25.0,9143.0,10.0,0.14669108,7.2538953,0.029123416,1500.4506,43.698246,640658.152123,5455353.51487,09576
09576,2013,146137.0,25.0,9143.0,10.0,0.14669108,7.2603226,0.05400037,1510.126,81.54736,640658.152123,5455353.51487,09576
09576,2014,146137.0,25.0,9143.0,10.0,0.14669108,7.2373376,0.04933271,1475.8114,72.80578,640658.152123,5455353.51487,09576
09576,2015,146137.0,25.0,9143.0,10.0,0.14669108,7.2142053,0.019045802,1442.0643,27.465271,640658.152123,5455353.51487,09576
09576,2016,146137.0,25.0,9143.0,10.0,0.14669108,7.3105865,0.01706105,1587.9708,27.092445,640658.152123,5455353.51487,09576
09576,2017,146137.0,25.0,9143.0,10.0,0.14669108,7.330935,0.012739663,1620.6144,20.64608,640658.152123,5455353.51487,09576
09576,2018,146137.0,25.0,9143.0,10.0,0.14669108,7.390216,0.02068922,1719.5903,35.57698,640658.152123,5455353.51487,09576
09576,2019,146137.0,25.0,9143.0,10.0,0.14669108,7.2761307,0.074623145,1534.1875,114.48589,640658.152123,5455353.51487,09576
09576,2020,146137.0,25.0,9143.0,10.0,0.14669108,7.547855,0.05277147,2013.199,106.23947,640658.152123,5455353.51487,09576
09576,2021,146137.0,25.0,9143.0,10.0,0.14669108,7.735313,0.0013543221,2428.2808,3.288674,640658.152123,5455353.51487,09576
09576,2022,146137.0,25.0,9143.0,10.0,0.14669108,7.8797216,0.059113625,2805.5286,165.84497,640658.152123,5455353.51487,09576
09576,2023,146137.0,25.0,9143.0,10.0,0.14669108,7.9277506,0.02746395,2943.5637,80.84189,640658.152123,5455353.51487,09576
09576,2024,146137.0,25.0,9143.0,10.0,0.14669108,7.992936,0.02429619,3141.8328,76.33457,640658.152123,5455353.51487,09576
09576,2025,146137.0,25.0,9143.0,10.0,0.14669108,7.918276,0.032565784,2915.806,94.955505,640658.152123,5455353.51487,09576
09577,2007,50988.0,25.0,8646.0,10.0,-0.056787174,7.210402,0.030839542,1462.95,45.11671,625346.520978,5446714.05019,09577
09577,2008,50988.0,25.0,8646.0,10.0,-0.056787174,7.13221,0.01679468,1352.9164,22.721798,625346.520978,5446714.05019,09577
09577,2009,50988.0,25.0,8646.0,10.0,-0.056787174,7.1746945,0.038937412,1411.6337,54.965363,625346.520978,5446714.05019,09577
09577,2010,50988.0,25.0,8646.0,10.0,-0.056787174,7.065605,0.050329346,1265.7417,63.70395,625346.520978,5446714.05019,09577
09577,2011,50988.0,25.0,8646.0,10.0,-0.056787174,7.198962,0.07651811,1446.3096,110.668884,625346.520978,5446714.05019,09577
09577,2012,50988.0,25.0,8646.0,10.0,-0.056787174,7.238907,0.073534735,1505.2512,110.688255,625346.520978,5446714.05019,09577
09577,2013,50988.0,25.0,8646.0,10.0,-0.056787174,7.178504,0.05887893,1417.0211,83.432686,625346.520978,5446714.05019,09577
09577,2014,50988.0,25.0,8646.0,10.0,-0.056787174,7.0987096,0.024097258,1308.3445,31.527515,625346.520978,5446714.05019,09577
09577,2015,50988.0,25.0,8646.0,10.0,-0.056787174,7.155738,0.07923945,1385.1257,109.7566,625346.520978,5446714.05019,09577
09577,2016,50988.0,25.0,8646.0,10.0,-0.056787174,6.9559627,0.14191642,1134.2998,160.97577,625346.520978,5446714.05019,09577
09577,2017,50988.0,25.0,8646.0,10.0,-0.056787174,7.113596,0.053071797,1327.9669,70.47759,625346.520978,5446714.05019,09577
09577,2018,50988.0,25.0,8646.0,10.0,-0.056787174,7.15862,0.14225692,1389.123,197.61238,625346.520978,5446714.05019,09577
09577,2019,50988.0,25.0,8646.0,10.0,-0.056787174,7.055716,0.14546555,1253.2859,182.30992,625346.520978,5446714.05019,09577
09577,2020,50988.0,25.0,8646.0,10.0,-0.056787174,7.202206,0.042342946,1451.0088,61.439987,625346.520978,5446714.05019,09577
09577,2021,50988.0,25.0,8646.0,10.0,-0.056787174,7.3548355,0.0142804505,1690.2703,24.137821,625346.520978,5446714.05019,09577
09577,2022,50988.0,25.0,8646.0,10.0,-0.056787174,7.552458,0.15590376,2059.5984,321.09912,625346.520978,5446714.05019,09577
09577,2023,50988.0,25.0,8646.0,10.0,-0.056787174,7.8505754,0.08942441,2774.9382,248.1472,625346.520978,5446714.05019,09577
09577,2024,50988.0,25.0,8646.0,10.0,-0.056787174,8.169145,0.013212832,3815.98,50.4199,625346.520978,5446714.05019,09577
09577,2025,50988.0,25.0,8646.0,10.0,-0.056787174,7.9176207,0.047106452,2967.3623,139.7819,625346.520978,5446714.05019,09577
09661,2007,50281.0,10.0,50281.0,10.0,0.0,7.6007223,0.0018563451,2097.7139,3.8940806,510460.832286,5534621.83948,09661
09661,2008,50281.0,10.0,50281.0,10.0,0.0,7.570084,0.025602765,2034.419,52.08675,510460.832286,5534621.83948,09661
09661,2009,50281.0,10.0,50281.0,10.0,0.0,7.6001506,0.011649135,2096.5154,24.42259,510460.832286,5534621.83948,09661
09661,2010,50281.0,10.0,50281.0,10.0,0.0,7.5334487,0.029988011,1961.2357,58.813557,510460.832286,5534621.83948,09661
09661,2011,50281.0,10.0,50281.0,10.0,0.0,7.644344,0.01470444,2191.2446,32.221024,510460.832286,5534621.83948,09661
09661,2012,50281.0,10.0,50281.0,10.0,0.0,7.6879315,0.03889732,2288.8687,89.03086,510460.832286,5534621.83948,09661
09661,2013,50281.0,10.0,50281.0,10.0,0.0,7.8796086,0.009597619,2772.459,26.609005,510460.832286,5534621.83948,09661
09661,2014,50281.0,10.0,50281.0,10.0,0.0,7.871819,0.011387422,2750.9458,31.326181,510460.832286,5534621.83948,09661
09661,2015,50281.0,10.0,50281.0,10.0,0.0,7.9888506,0.03245193,3092.4897,100.35727,510460.832286,5534621.83948,09661
09661,2016,50281.0,10.0,50281.0,10.0,0.0,8.082714,0.015037702,3396.821,51.080383,510460.832286,5534621.83948,09661
09661,2017,50281.0,10.0,50281.0,10.0,0.0,8.087736,0.053397905,3413.9238,182.29639,510460.832286,5534621.83948,09661
09661,2018,50281.0,10.0,50281.0,10.0,0.0,8.177256,0.014579335,3733.6313,54.43386,510460.832286,5534621.83948,09661
09661,2019,50281.0,10.0,50281.0,10.0,0.0,8.265315,0.007751298,4077.3237,31.604551,510460.832286,5534621.83948,09661
09661,2020,50281.0,10.0,50281.0,10.0,0.0,8.409137,0.011741497,4707.998,55.27894,510460.832286,5534621.83948,09661
09661,2021,50281.0,10.0,50281.0,10.0,0.0,8.508316,0.045104723,5198.8735,234.49376,510460.832286,5534621.83948,09661
09661,2022,50281.0,10.0,50281.0,10.0,0.0,8.44556,0.003966222,4882.642,19.365644,510460.832286,5534621.83948,09661
09661,2023,50281.0,10.0,50281.0,10.0,0.0,8.448681,0.00919999,4897.9014,45.060646,510460.832286,5534621.83948,09661
09661,2024,50281.0,10.0,50281.0,10.0,0.0,8.480922,0.011436175,5058.387,57.848595,510460.832286,5534621.83948,09661
09661,2025,50281.0,10.0,50281.0,10.0,0.0,8.421413,0.0026464297,4766.1504,12.613282,510460.832286,5534621.83948,09661
09662,2007,17503.0,10.0,17503.0,10.0,0.0,7.1986327,0.0064787823,1424.779,9.230834,587408.238027,5544569.83326,09662
09662,2008,17503.0,10.0,17503.0,10.0,0.0,7.168291,0.00827015,1382.1982,11.430987,587408.238027,5544569.83326,09662
09662,2009,17503.0,10.0,17503.0,10.0,0.0,7.076859,0.007395081,1261.4261,9.328348,587408.238027,5544569.83326,09662
09662,2010,17503.0,10.0,17503.0,10.0,0.0,7.2215877,0.0027846817,1457.8632,4.059685,587408.238027,5544569.83326,09662
09662,2011,17503.0,10.0,17503.0,10.0,0.0,7.189944,0.031665023,1412.453,44.725357,587408.238027,5544569.83326,09662
09662,2012,17503.0,10.0,17503.0,10.0,0.0,7.301822,0.038090196,1579.655,60.16937,587408.238027,5544569.83326,09662
09662,2013,17503.0,10.0,17503.0,10.0,0.0,7.220518,0.04325719,1456.3049,62.99566,587408.238027,5544569.83326,09662
09662,2014,17503.0,10.0,17503.0,10.0,0.0,7.294387,0.0012651702,1567.953,1.9837272,587408.238027,5544569.83326,09662
09662,2015,17503.0,10.0,17503.0,10.0,0.0,7.5248537,4.708753e-05,1974.347,0.09296713,587408.238027,5544569.83326,09662
09662,2016,17503.0,10.0,17503.0,10.0,0.0,7.6252604,0.05140067,2182.8792,112.20144,587408.238027,5544569.83326,09662
09662,2017,17503.0,10.0,17503.0,10.0,0.0,7.7724924,0.043764118,2529.1333,110.68529,587408.238027,5544569.83326,09662
09662,2018,17503.0,10.0,17503.0,10.0,0.0,7.6613283,0.0027596075,2263.0476,6.245123,587408.238027,5544569.83326,09662
09662,2019,17503.0,10.0,17503.0,10.0,0.0,7.9596367,0.017794002,3049.6318,54.265156,587408.238027,5544569.83326,09662
09662,2020,17503.0,10.0,17503.0,10.0,0.0,7.807745,0.0034053791,2619.8813,8.921689,587408.238027,5544569.83326,09662
09662,2021,17503.0,10.0,17503.0,10.0,0.0,8.032518,0.030965004,3280.1943,101.571236,587408.238027,5544569.83326,09662
09662,2022,17503.0,10.0,17503.0,10.0,0.0,8.124965,0.008713208,3597.8943,31.349203,587408.238027,5544569.83326,09662
09662,2023,17503.0,10.0,17503.0,10.0,0.0,8.137362,0.019407088,3642.7747,70.69565,587408.238027,5544569.83326,09662
09662,2024,17503.0,10.0,17503.0,10.0,0.0,8.043015,0.04916567,3314.8054,162.97462,587408.238027,5544569.83326,09662
09662,2025,17503.0,10.0,17503.0,10.0,0.0,8.058001,0.0265432,3364.853,89.313965,587408.238027,5544569.83326,09662
09663,2007,35511.0,10.0,35511.0,10.0,0.0,7.620318,0.03932055,2152.3787,84.63271,567729.192265,5515114.78815,09663
09663,2008,35511.0,10.0,35511.0,10.0,0.0,7.6463227,0.012044783,2209.084,26.607937,567729.192265,5515114.78815,09663
09663,2009,35511.0,10.0,35511.0,10.0,0.0,7.5233483,0.045866642,1953.4629,89.59878,567729.192265,5515114.78815,09663
09663,2010,35511.0,10.0,35511.0,10.0,0.0,7.673303,0.06811993,2269.4976,154.598,567729.192265,5515114.78815,09663
09663,2011,35511.0,10.0,35511.0,10.0,0.0,7.744407,0.06452906,2436.7441,157.24081,567729.192265,5515114.78815,09663
09663,2012,35511.0,10.0,35511.0,10.0,0.0,7.837752,0.04392182,2675.1555,117.497696,567729.192265,5515114.78815,09663
09663,2013,35511.0,10.0,35511.0,10.0,0.0,7.8483276,0.02881677,2703.5964,77.90891,567729.192265,5515114.78815,09663
09663,2014,35511.0,10.0,35511.0,10.0,0.0,7.9506626,0.04865942,2994.922,145.73117,567729.192265,5515114.78815,09663
09663,2015,35511.0,10.0,35511.0,10.0,0.0,8.004616,0.023397481,3160.9465,73.95818,567729.192265,5515114.78815,09663
09663,2016,35511.0,10.0,35511.0,10.0,0.0,8.132299,0.03485034,3591.4475,125.16317,567729.192265,5515114.78815,09663
09663,2017,35511.0,10.0,35511.0,10.0,0.0,8.214268,0.030848663,3898.2314,120.25523,567729.192265,5515114.78815,09663
09663,2018,35511.0,10.0,35511.0,10.0,0.0,8.211794,0.032032438,3888.6016,124.56139,567729.192265,5515114.78815,09663
09663,2019,35511.0,10.0,35511.0,10.0,0.0,8.179802,0.008891739,3766.1643,33.48775,567729.192265,5515114.78815,09663
09663,2020,35511.0,10.0,35511.0,10.0,0.0,8.429883,0.029940438,4836.246,144.79932,567729.192265,5515114.78815,09663
09663,2021,35511.0,10.0,35511.0,10.0,0.0,8.442432,0.0048753927,4897.3164,23.87634,567729.192265,5515114.78815,09663
09663,2022,35511.0,10.0,35511.0,10.0,0.0,8.477505,0.009137365,5072.1284,46.345894,567729.192265,5515114.78815,09663
09663,2023,35511.0,10.0,35511.0,10.0,0.0,8.414566,0.04425509,4762.7314,210.77509,567729.192265,5515114.78815,09663
09663,2024,35511.0,10.0,35511.0,10.0,0.0,8.36644,0.081940435,4538.947,371.92328,567729.192265,5515114.78815,09663
09663,2025,35511.0,10.0,35511.0,10.0,0.0,8.345506,0.008308421,4444.917,36.93024,567729.192265,5515114.78815,09663
09671,2007,56630.0,10.0,56630.0,10.0,0.0,7.613308,0.11961182,2124.1106,254.06874,505726.285716,5548076.29836,09671
09671,2008,56630.0,10.0,56630.0,10.0,0.0,7.5513678,0.10914791,1996.5342,217.91753,505726.285716,5548076.29836,09671
09671,2009,56630.0,10.0,56630.0,10.0,0.0,7.5341396,0.057228148,1962.4321,112.30636,505726.285716,5548076.29836,09671
09671,2010,56630.0,10.0,56630.0,10.0,0.0,7.4819937,0.10427378,1862.7217,194.23302,505726.285716,5548076.29836,09671
09671,2011,56630.0,10.0,56630.0,10.0,0.0,7.486085,0.011232889,1870.3586,21.009531,505726.285716,5548076.29836,09671
09671,2012,56630.0,10.0,56630.0,10.0,0.0,7.447003,0.010134053,1798.6711,18.227829,505726.285716,5548076.29836,09671
09671,2013,56630.0,10.0,56630.0,10.0,0.0,7.504129,0.12981308,1904.4135,247.21776,505726.285716,5548076.29836,09671
09671,2014,56630.0,10.0,56630.0,10.0,0.0,7.6093726,0.067382626,2115.768,142.56601,505726.285716,5548076.29836,09671
09671,2015,56630.0,10.0,56630.0,10.0,0.0,7.561026,0.13358642,2015.9113,269.29837,505726.285716,5548076.29836,09671
09671,2016,56630.0,10.0,56630.0,10.0,0.0,7.631061,0.112617746,2162.157,243.49724,505726.285716,5548076.29836,09671
09671,2017,56630.0,10.0,56630.0,10.0,0.0,7.7589326,0.061185766,2457.0894,150.3389,505726.285716,5548076.29836,09671
09671,2018,56630.0,10.0,56630.0,10.0,0.0,7.886597,0.029070126,2791.6765,81.15439,505726.285716,5548076.29836,09671
09671,2019,56630.0,10.0,56630.0,10.0,0.0,8.033325,0.0026415836,3232.8713,8.5399,505726.285716,5548076.29836,09671
09671,2020,56630.0,10.0,56630.0,10.0,0.0,7.9971375,0.0001259976,3117.9714,0.39285693,505726.285716,5548076.29836,09671
09671,2021,56630.0,10.0,56630.0,10.0,0.0,8.1287,0.040310603,3556.3884,143.36017,505726.285716,5548076.29836,09671
09671,2022,56630.0,10.0,56630.0,10.0,0.0,8.153742,0.12281882,3646.5706,447.8675,505726.285716,5548076.29836,09671
09671,2023,56630.0,10.0,56630.0,10.0,0.0,8.104149,0.14944589,3470.1367,518.5977,505726.285716,5548076.29836,09671
09671,2024,56630.0,10.0,56630.0,10.0,0.0,8.238347,0.07081753,3968.5159,281.0405,505726.285716,5548076.29836,09671
09671,2025,56630.0,10.0,56630.0,10.0,0.0,8.1923,0.027211552,3789.9197,103.1296,505726.285716,5548076.29836,09671
09672,2007,12478.0,10.0,12478.0,10.0,0.0,7.011638,0.109667264,1195.1772,131.07182,576202.275746,5569583.07417,09672
09672,2008,12478.0,10.0,12478.0,10.0,0.0,7.0567083,0.17964976,1250.2765,224.61185,576202.275746,5569583.07417,09672
09672,2009,12478.0,10.0,12478.0,10.0,0.0,6.9807186,0.0881069,1158.7885,102.09726,576202.275746,5569583.07417,09672
09672,2010,12478.0,10.0,12478.0,10.0,0.0,7.069488,0.11054238,1266.3572,139.98613,576202.275746,5569583.07417,09672
09672,2011,12478.0,10.0,12478.0,10.0,0.0,6.944098,0.15344161,1117.1205,171.41275,576202.275746,5569583.07417,09672
09672,2012,12478.0,10.0,12478.0,10.0,0.0,6.6990957,0.06726317,874.3731,58.813107,576202.275746,5569583.07417,09672
09672,2013,12478.0,10.0,12478.0,10.0,0.0,6.8011622,0.003510411,968.3307,3.3992386,576202.275746,5569583.07417,09672
09672,2014,12478.0,10.0,12478.0,10.0,0.0,6.6285353,0.022755895,814.8034,18.541582,576202.275746,5569583.07417,09672
09672,2015,12478.0,10.0,12478.0,10.0,0.0,6.803784,0.039530493,970.87286,38.37908,576202.275746,5569583.07417,09672
09672,2016,12478.0,10.0,12478.0,10.0,0.0,7.0248427,0.061090514,1211.0637,73.984505,576202.275746,5569583.07417,09672
09672,2017,12478.0,10.0,12478.0,10.0,0.0,6.7487574,0.041037444,918.89233,37.708992,576202.275746,5569583.07417,09672
09672,2018,12478.0,10.0,12478.0,10.0,0.0,7.14593,0.1438106,1366.9558,196.58273,576202.275746,5569583.07417,09672
09672,2019,12478.0,10.0,12478.0,10.0,0.0,7.1289086,0.035274286,1343.8856,47.404606,576202.275746,5569583.07417,09672
09672,2020,12478.0,10.0,12478.0,10.0,0.0,7.5160847,0.13178186,1979.2958,260.8353,576202.275746,5569583.07417,09672
09672,2021,12478.0,10.0,12478.0,10.0,0.0,7.521824,0.21380267,1990.6877,425.61435,576202.275746,5569583.07417,09672
09672,2022,12478.0,10.0,12478.0,10.0,0.0,7.60137,0.021357859,2155.5076,46.037025,576202.275746,5569583.07417,09672
09672,2023,12478.0,10.0,12478.0,10.0,0.0,7.7340136,0.011090799,2461.2512,27.297243,576202.275746,5569583.07417,09672
09672,2024,12478.0,10.0,12478.0,10.0,0.0,7.9651628,0.08938091,3101.2935,277.19644,576202.275746,5569583.07417,09672
09672,2025,12478.0,10.0,12478.0,10.0,0.0,7.876734,0.09967074,2838.8247,282.94775,576202.275746,5569583.07417,09672
09673,2007,33372.0,25.0,6031.0,10.0,0.043301746,7.096102,0.066338584,1312.9412,87.098656,586361.50705,5576332.31833,09673
09673,2008,33372.0,25.0,6031.0,10.0,0.043301746,7.096562,0.020114977,1313.545,26.421926,586361.50705,5576332.31833,09673
09673,2009,33372.0,25.0,6031.0,10.0,0.043301746,6.9487805,0.043949746,1133.0895,49.798996,586361.50705,5576332.31833,09673
09673,2010,33372.0,25.0,6031.0,10.0,0.043301746,7.1055284,0.007101923,1325.3756,9.412716,586361.50705,5576332.31833,09673
09673,2011,33372.0,25.0,6031.0,10.0,0.043301746,7.0032234,0.03185489,1196.4883,38.114006,586361.50705,5576332.31833,09673
09673,2012,33372.0,25.0,6031.0,10.0,0.043301746,6.891132,0.24599876,1069.6156,263.12408,586361.50705,5576332.31833,09673
09673,2013,33372.0,25.0,6031.0,10.0,0.043301746,6.9149046,0.15040274,1095.3479,164.74333,586361.50705,5576332.31833,09673
09673,2014,33372.0,25.0,6031.0,10.0,0.043301746,6.986639,0.12962833,1176.8092,152.54782,586361.50705,5576332.31833,09673
09673,2015,33372.0,25.0,6031.0,10.0,0.043301746,7.0530176,0.03431318,1257.5748,43.15139,586361.50705,5576332.31833,09673
09673,2016,33372.0,25.0,6031.0,10.0,0.043301746,7.122983,0.021261107,1348.7124,28.67512,586361.50705,5576332.31833,09673
09673,2017,33372.0,25.0,6031.0,10.0,0.043301746,7.0974464,0.04265435,1314.7073,56.077984,586361.50705,5576332.31833,09673
09673,2018,33372.0,25.0,6031.0,10.0,0.043301746,7.37492,0.046164475,1735.1388,80.10177,586361.50705,5576332.31833,09673
09673,2019,33372.0,25.0,6031.0,10.0,0.043301746,7.321631,0.10084081,1645.096,165.8928,586361.50705,5576332.31833,09673
09673,2020,33372.0,25.0,6031.0,10.0,0.043301746,7.239852,0.2023167,1515.9152,306.69495,586361.50705,5576332.31833,09673
09673,2021,33372.0,25.0,6031.0,10.0,0.043301746,7.606127,0.107307374,2186.483,234.62575,586361.50705,5576332.31833,09673
09673,2022,33372.0,25.0,6031.0,10.0,0.043301746,7.575414,0.0017973456,2120.3513,3.8110042,586361.50705,5576332.31833,09673
09673,2023,33372.0,25.0,6031.0,10.0,0.043301746,7.7250767,0.021415012,2462.6655,52.738014,586361.50705,5576332.31833,09673
09673,2024,33372.0,25.0,6031.0,10.0,0.043301746,8.070039,0.028794693,3477.1272,100.12281,586361.50705,5576332.31833,09673
09673,2025,33372.0,25.0,6031.0,10.0,0.043301746,7.9006286,0.026490694,2935.2603,77.75708,586361.50705,5576332.31833,09673
09674,2007,52159.0,25.0,6828.0,10.0,0.27487752,7.2403708,0.107864924,1507.2104,162.57515,619697.304282,5535394.07258,09674
09674,2008,52159.0,25.0,6828.0,10.0,0.27487752,7.180256,0.021644006,1419.2749,30.718794,619697.304282,5535394.07258,09674
09674,2009,52159.0,25.0,6828.0,10.0,0.27487752,6.975396,0.11255524,1156.3702,130.15553,619697.304282,5535394.07258,09674
09674,2010,52159.0,25.0,6828.0,10.0,0.27487752,7.1104817,0.12565315,1323.6221,166.31728,619697.304282,5535394.07258,09674
09674,2011,52159.0,25.0,6828.0,10.0,0.27487752,7.057967,0.032373805,1255.906,40.658455,619697.304282,5535394.07258,09674
09674,2012,52159.0,25.0,6828.0,10.0,0.27487752,7.100279,0.039179526,1310.1859,51.332462,619697.304282,5535394.07258,09674
09674,2013,52159.0,25.0,6828.0,10.0,0.27487752,7.2191653,0.10727681,1475.586,158.29616,619697.304282,5535394.07258,09674
09674,2014,52159.0,25.0,6828.0,10.0,0.27487752,7.1692166,0.22411786,1403.6929,314.59262,619697.304282,5535394.07258,09674
09674,2015,52159.0,25.0,6828.0,10.0,0.27487752,7.3376827,0.15546678,1661.2539,258.2698,619697.304282,5535394.07258,09674
09674,2016,52159.0,25.0,6828.0,10.0,0.27487752,7.336469,0.26813528,1659.2395,444.90063,619697.304282,5535394.07258,09674
09674,2017,52159.0,25.0,6828.0,10.0,0.27487752,7.33725,0.120254904,1660.536,199.68759,619697.304282,5535394.07258,09674
09674,2018,52159.0,25.0,6828.0,10.0,0.27487752,7.510035,0.1208034,1973.7299,238.43327,619697.304282,5535394.07258,09674
09674,2019,52159.0,25.0,6828.0,10.0,0.27487752,7.50889,0.16678438,1971.4717,328.81067,619697.304282,5535394.07258,09674
09674,2020,52159.0,25.0,6828.0,10.0,0.27487752,7.508195,0.12698779,1970.1017,250.17885,619697.304282,5535394.07258,09674
09674,2021,52159.0,25.0,6828.0,10.0,0.27487752,7.5251184,0.130009,2003.7255,260.50232,619697.304282,5535394.07258,09674
09674,2022,52159.0,25.0,6828.0,10.0,0.27487752,7.668912,0.14000078,2313.5935,323.90488,619697.304282,5535394.07258,09674
09674,2023,52159.0,25.0,6828.0,10.0,0.27487752,7.7548285,0.13311502,2521.1577,335.60394,619697.304282,5535394.07258,09674
09674,2024,52159.0,25.0,6828.0,10.0,0.27487752,7.7496037,0.08213666,2508.0203,206.00041,619697.304282,5535394.07258,09674
09674,2025,52159.0,25.0,6828.0,10.0,0.27487752,7.969309,0.07013682,3124.2646,219.12599,619697.304282,5535394.07258,09674
09675,2007,11987.0,10.0,11987.0,10.0,0.0,7.27291,0.034345984,1530.6486,52.57163,581375.265133,5518276.39833,09675
09675,2008,11987.0,10.0,11987.0,10.0,0.0,7.315701,0.019617591,1597.5673,31.340422,581375.265133,5518276.39833,09675
09675,2009,11987.0,10.0,11987.0,10.0,0.0,7.190812,0.05114632,1410.0052,72.116585,581375.265133,5518276.39833,09675
09675,2010,11987.0,10.0,11987.0,10.0,0.0,7.1396403,0.045040753,1339.6674,60.339626,581375.265133,5518276.39833,09675
09675,2011,11987.0,10.0,11987.0,10.0,0.0,6.9175553,0.07796776,1072.869,83.6492,581375.265133,5518276.39833,09675
09675,2012,11987.0,10.0,11987.0,10.0,0.0,6.8999095,0.09870036,1054.1034,104.04038,581375.265133,5518276.39833,09675
09675,2013,11987.0,10.0,11987.0,10.0,0.0,7.134885,0.024029342,1333.3121,32.038612,581375.265133,5518276.39833,09675
09675,2014,11987.0,10.0,11987.0,10.0,0.0,6.885141,0.0418618,1038.6505,43.47978,581375.265133,5518276.39833,09675
09675,2015,11987.0,10.0,11987.0,10.0,0.0,6.8346934,0.4062764,987.5526,401.21933,581375.265133,5518276.39833,09675
09675,2016,11987.0,10.0,11987.0,10.0,0.0,7.462806,0.26733032,1850.7437,494.7599,581375.265133,5518276.39833,09675
09675,2017,11987.0,10.0,11987.0,10.0,0.0,7.186424,0.013130542,1403.8308,18.43306,581375.265133,5518276.39833,09675
09675,2018,11987.0,10.0,11987.0,10.0,0.0,6.935304,0.008437104,1092.0814,9.214004,581375.265133,5518276.39833,09675
09675,2019,11987.0,10.0,11987.0,10.0,0.0,7.337842,0.11869328,1633.3339,193.86575,581375.265133,5518276.39833,09675
09675,2020,11987.0,10.0,11987.0,10.0,0.0,7.4180756,0.1405369,1769.7825,248.71974,581375.265133,5518276.39833,09675
09675,2021,11987.0,10.0,11987.0,10.0,0.0,7.7080855,0.08774953,2365.2095,207.54604,581375.265133,5518276.39833,09675
09675,2022,11987.0,10.0,11987.0,10.0,0.0,7.836601,0.04167964,2689.5713,112.100365,581375.265133,5518276.39833,09675
09675,2023,11987.0,10.0,11987.0,10.0,0.0,8.1198845,0.105660684,3570.356,377.24625,581375.265133,5518276.39833,09675
09675,2024,11987.0,10.0,11987.0,10.0,0.0,7.7419453,0.002378228,2446.6667,5.8187313,581375.265133,5518276.39833,09675
09675,2025,11987.0,10.0,11987.0,10.0,0.0,7.765329,0.16330533,2504.5525,409.00677,581375.265133,5518276.39833,09675
09676,2007,84355.0,25.0,9385.0,10.0,-0.042217147,7.239645,0.0071542,1504.1702,10.761134,514011.916984,5498958.02529,09676
09676,2008,84355.0,25.0,9385.0,10.0,-0.042217147,7.184316,0.05359538,1423.2067,76.2773,514011.916984,5498958.02529,09676
09676,2009,84355.0,25.0,9385.0,10.0,-0.042217147,7.1485996,0.058241628,1373.2715,79.98157,514011.916984,5498958.02529,09676
09676,2010,84355.0,25.0,9385.0,10.0,-0.042217147,7.04605,0.029703679,1239.4232,36.81543,514011.916984,5498958.02529,09676
09676,2011,84355.0,25.0,9385.0,10.0,-0.042217147,7.1059194,0.024134181,1315.8932,31.758007,514011.916984,5498958.02529,09676
09676,2012,84355.0,25.0,9385.0,10.0,-0.042217147,7.1720586,0.1550883,1405.8678,218.03366,514011.916984,5498958.02529,09676
09676,2013,84355.0,25.0,9385.0,10.0,-0.042217147,7.12781,0.048461653,1345.0168,65.18174,514011.916984,5498958.02529,09676
09676,2014,84355.0,25.0,9385.0,10.0,-0.042217147,7.096847,0.07120706,1304.0093,92.85467,514011.916984,5498958.02529,09676
09676,2015,84355.0,25.0,9385.0,10.0,-0.042217147,7.05404,0.02629381,1249.3661,32.850594,514011.916984,5498958.02529,09676
09676,2016,84355.0,25.0,9385.0,10.0,-0.042217147,7.2471676,0.09492092,1515.5282,143.85532,514011.916984,5498958.02529,09676
09676,2017,84355.0,25.0,9385.0,10.0,-0.042217147,7.4148726,0.12600026,1792.2448,225.82329,514011.916984,5498958.02529,09676
09676,2018,84355.0,25.0,9385.0,10.0,-0.042217147,7.3840876,0.078554675,1737.9111,136.52104,514011.916984,5498958.02529,09676
09676,2019,84355.0,25.0,9385.0,10.0,-0.042217147,7.4945855,0.20090275,1940.9583,389.94385,514011.916984,5498958.02529,09676
09676,2020,84355.0,25.0,9385.0,10.0,-0.042217147,7.6880064,0.12178446,2355.1462,286.82022,514011.916984,5498958.02529,09676
09676,2021,84355.0,25.0,9385.0,10.0,-0.042217147,7.6994247,0.0064204317,2382.1917,15.294699,514011.916984,5498958.02529,09676
09676,2022,84355.0,25.0,9385.0,10.0,-0.042217147,7.8663974,0.0037299895,2815.0886,10.500252,514011.916984,5498958.02529,09676
09676,2023,84355.0,25.0,9385.0,10.0,-0.042217147,8.09385,0.10503453,3534.0571,371.198,514011.916984,5498958.02529,09676
09676,2024,84355.0,25.0,9385.0,10.0,-0.042217147,8.0802355,0.010123254,3486.2686,35.29238,514011.916984,5498958.02529,09676
09676,2025,84355.0,25.0,9385.0,10.0,-0.042217147,7.90969,0.012490359,2939.6372,36.717125,514011.916984,5498958.02529,09676
09677,2007,76313.0,25.0,4762.0,10.0,-0.04393749,7.072156,0.007243349,1270.3129,9.20132,568893.560202,5537635.08208,09677
09677,2008,76313.0,25.0,4762.0,10.0,-0.04393749,6.9738197,0.03302358,1151.3408,38.0214,568893.560202,5537635.08208,09677
09677,2009,76313.0,25.0,4762.0,10.0,-0.04393749,6.9235177,0.030071976,1094.8585,32.92456,568893.560202,5537635.08208,09677
09677,2010,76313.0,25.0,4762.0,10.0,-0.04393749,6.8980184,0.000987659,1067.2933,1.0541217,568893.560202,5537635.08208,09677
09677,2011,76313.0,25.0,4762.0,10.0,-0.04393749,6.926171,0.007521906,1097.7668,8.257298,568893.560202,5537635.08208,09677
09677,2012,76313.0,25.0,4762.0,10.0,-0.04393749,6.737781,0.030805895,909.27155,28.010925,568893.560202,5537635.08208,09677
09677,2013,76313.0,25.0,4762.0,10.0,-0.04393749,6.820796,0.009218672,987.976,9.107826,568893.560202,5537635.08208,09677
09677,2014,76313.0,25.0,4762.0,10.0,-0.04393749,6.776378,0.09294791,945.0529,87.8407,568893.560202,5537635.08208,09677
09677,2015,76313.0,25.0,4762.0,10.0,-0.04393749,6.866322,0.06559393,1033.9943,67.823746,568893.560202,5537635.08208,09677
09677,2016,76313.0,25.0,4762.0,10.0,-0.04393749,6.956752,0.093863726,1131.8563,106.24025,568893.560202,5537635.08208,09677
09677,2017,76313.0,25.0,4762.0,10.0,-0.04393749,7.0055523,0.03911745,1188.4614,46.489586,568893.560202,5537635.08208,09677
09677,2018,76313.0,25.0,4762.0,10.0,-0.04393749,7.132395,0.009981993,1349.1871,13.467577,568893.560202,5537635.08208,09677
09677,2019,76313.0,25.0,4762.0,10.0,-0.04393749,7.121654,0.10149876,1334.7733,135.47783,568893.560202,5537635.08208,09677
09677,2020,76313.0,25.0,4762.0,10.0,-0.04393749,7.2598133,0.035472218,1532.5309,54.362274,568893.560202,5537635.08208,09677
09677,2021,76313.0,25.0,4762.0,10.0,-0.04393749,7.369116,0.11446801,1709.5377,195.68738,568893.560202,5537635.08208,09677
09677,2022,76313.0,25.0,4762.0,10.0,-0.04393749,7.5758624,0.048648715,2102.169,102.267815,568893.560202,5537635.08208,09677
09677,2023,76313.0,25.0,4762.0,10.0,-0.04393749,7.740444,0.02406372,2478.2468,59.635838,568893.560202,5537635.08208,09677
09677,2024,76313.0,25.0,4762.0,10.0,-0.04393749,7.8907285,0.05555052,2880.1316,159.99281,568893.560202,5537635.08208,09677
09677,2025,76313.0,25.0,4762.0,10.0,-0.04393749,7.81446,0.044553816,2668.635,118.89788,568893.560202,5537635.08208,09677
09678,2007,15637.0,10.0,15637.0,10.0,0.0,7.0541573,0.17020644,1240.6694,211.16992,583664.580566,5539293.92916,09678
09678,2008,15637.0,10.0,15637.0,10.0,0.0,7.2085533,0.04815469,1447.8026,69.71848,583664.580566,5539293.92916,09678
09678,2009,15637.0,10.0,15637.0,10.0,0.0,7.049457,0.17937468,1234.8518,221.50116,583664.580566,5539293.92916,09678
09678,2010,15637.0,10.0,15637.0,10.0,0.0,7.0315995,0.13436323,1212.9963,162.98212,583664.580566,5539293.92916,09678
09678,2011,15637.0,10.0,15637.0,10.0,0.0,7.035519,0.069478944,1217.7598,84.60866,583664.580566,5539293.92916,09678
09678,2012,15637.0,10.0,15637.0,10.0,0.0,6.9850183,0.2288341,1157.7888,264.94156,583664.580566,5539293.92916,09678
09678,2013,15637.0,10.0,15637.0,10.0,0.0,7.1609397,0.29151216,1380.4835,402.4277,583664.580566,5539293.92916,09678
09678,2014,15637.0,10.0,15637.0,10.0,0.0,6.966205,0.06923555,1136.2109,78.66619,583664.580566,5539293.92916,09678
09678,2015,15637.0,10.0,15637.0,10.0,0.0,7.1712775,0.08024283,1394.8286,111.924995,583664.580566,5539293.92916,09678
09678,2016,15637.0,10.0,15637.0,10.0,0.0,7.276639,0.16741495,1549.8112,259.46155,583664.580566,5539293.92916,09678
09678,2017,15637.0,10.0,15637.0,10.0,0.0,7.711505,0.32679445,2394.0798,782.37195,583664.580566,5539293.92916,09678
09678,2018,15637.0,10.0,15637.0,10.0,0.0,7.240623,0.1097807,1494.9861,164.12062,583664.580566,5539293.92916,09678
09678,2019,15637.0,10.0,15637.0,10.0,0.0,7.8186145,0.104962856,2664.7449,279.69922,583664.580566,5539293.92916,09678
09678,2020,15637.0,10.0,15637.0,10.0,0.0,7.789455,0.01667757,2588.164,43.164288,583664.580566,5539293.92916,09678
09678,2021,15637.0,10.0,15637.0,10.0,0.0,7.9699955,0.17949158,3100.2705,556.4725,583664.580566,5539293.92916,09678
09678,2022,15637.0,10.0,15637.0,10.0,0.0,7.784678,0.063669294,2575.8303,164.0013,583664.580566,5539293.92916,09678
09678,2023,15637.0,10.0,15637.0,10.0,0.0,7.7278066,0.060534917,2433.4268,147.30728,583664.580566,5539293.92916,09678
09678,2024,15637.0,10.0,15637.0,10.0,0.0,7.4106913,0.1648045,1772.1355,292.0559,583664.580566,5539293.92916,09678
09678,2025,15637.0,10.0,15637.0,10.0,0.0,7.7448697,0.012399271,2475.305,30.691977,583664.580566,5539293.92916,09678
09679,2007,22475.0,10.0,22475.0,10.0,0.0,7.4948125,0.01853748,1913.211,35.46611,559494.327445,5512277.23252,09679
09679,2008,22475.0,10.0,22475.0,10.0,0.0,7.558634,0.11654493,2039.2949,237.66948,559494.327445,5512277.23252,09679
09679,2009,22475.0,10.0,22475.0,10.0,0.0,7.4855075,0.09374294,1895.4913,177.68893,559494.327445,5512277.23252,09679
09679,2010,22475.0,10.0,22475.0,10.0,0.0,7.2873282,0.028638411,1554.7251,44.52486,559494.327445,5512277.23252,09679
09679,2011,22475.0,10.0,22475.0,10.0,0.0,7.436644,0.040400974,1805.097,72.92768,559494.327445,5512277.23252,09679
09679,2012,22475.0,10.0,22475.0,10.0,0.0,7.3281083,0.02101169,1619.4371,34.02711,559494.327445,5512277.23252,09679
09679,2013,22475.0,10.0,22475.0,10.0,0.0,7.294005,0.08043232,1565.1399,125.88783,559494.327445,5512277.23252,09679
09679,2014,22475.0,10.0,22475.0,10.0,0.0,7.197483,0.08544228,1421.1317,121.424736,559494.327445,5512277.23252,09679
09679,2015,22475.0,10.0,22475.0,10.0,0.0,7.496678,0.020597735,1916.783,39.481388,559494.327445,5512277.23252,09679
09679,2016,22475.0,10.0,22475.0,10.0,0.0,7.5845284,0.06327989,2092.7913,132.43161,559494.327445,5512277.23252,09679
09679,2017,22475.0,10.0,22475.0,10.0,0.0,7.6733108,0.012184085,2287.092,27.866125,559494.327445,5512277.23252,09679
09679,2018,22475.0,10.0,22475.0,10.0,0.0,7.740046,0.047965016,2444.9302,117.27112,559494.327445,5512277.23252,09679
09679,2019,22475.0,10.0,22475.0,10.0,0.0,7.8262863,0.15171435,2665.1401,404.34,559494.327445,5512277.23252,09679
09679,2020,22475.0,10.0,22475.0,10.0,0.0,7.8332467,0.025251938,2683.7551,67.77002,559494.327445,5512277.23252,09679
09679,2021,22475.0,10.0,22475.0,10.0,0.0,8.035976,0.06003785,3286.9058,197.33876,559494.327445,5512277.23252,09679
09679,2022,22475.0,10.0,22475.0,10.0,0.0,8.138791,0.06045097,3642.8335,220.21283,559494.327445,5512277.23252,09679
09679,2023,22475.0,10.0,22475.0,10.0,0.0,8.071864,0.11353299,3407.009,386.80792,559494.327445,5512277.23252,09679
09679,2024,22475.0,10.0,22475.0,10.0,0.0,7.945909,0.09871555,3003.8037,296.52216,559494.327445,5512277.23252,09679
09679,2025,22475.0,10.0,22475.0,10.0,0.0,8.000347,0.012419428,3171.857,39.392647,559494.327445,5512277.23252,09679
09761,2007,151561.0,10.0,151561.0,10.0,0.0,7.4630537,0.031743065,1816.5889,57.664097,639704.313375,5356427.6849,09761
09761,2008,151561.0,10.0,151561.0,10.0,0.0,7.4846,0.043075636,1856.1543,79.955025,639704.313375,5356427.6849,09761
09761,2009,151561.0,10.0,151561.0,10.0,0.0,7.4792805,0.039790772,1846.3068,73.46597,639704.313375,5356427.6849,09761
09761,2010,151561.0,10.0,151561.0,10.0,0.0,7.4763355,0.04792064,1840.8773,88.21602,639704.313375,5356427.6849,09761
09761,2011,151561.0,10.0,151561.0,10.0,0.0,7.473232,0.054043707,1835.1729,99.17954,639704.313375,5356427.6849,09761
09761,2012,151561.0,10.0,151561.0,10.0,0.0,7.615827,0.03843257,2116.4373,81.34012,639704.313375,5356427.6849,09761
09761,2013,151561.0,10.0,151561.0,10.0,0.0,7.720615,0.03663063,2350.2505,86.09116,639704.313375,5356427.6849,09761
09761,2014,151561.0,10.0,151561.0,10.0,0.0,7.849951,0.03635751,2674.7546,97.24742,639704.313375,5356427.6849,09761
09761,2015,151561.0,10.0,151561.0,10.0,0.0,7.9603944,0.0036905024,2987.095,11.023881,639704.313375,5356427.6849,09761
09761,2016,151561.0,10.0,151561.0,10.0,0.0,8.060057,0.0015137997,3300.136,4.9957447,639704.313375,5356427.6849,09761
09761,2017,151561.0,10.0,151561.0,10.0,0.0,8.177078,0.014092037,3709.8274,52.279026,639704.313375,5356427.6849,09761
09761,2018,151561.0,10.0,151561.0,10.0,0.0,8.300488,0.0074085393,4197.1055,31.094421,639704.313375,5356427.6849,09761
09761,2019,151561.0,10.0,151561.0,10.0,0.0,8.446379,0.0070066685,4856.344,34.026794,639704.313375,5356427.6849,09761
09761,2020,151561.0,10.0,151561.0,10.0,0.0,8.602813,0.018461877,5678.685,104.83919,639704.313375,5356427.6849,09761
09761,2021,151561.0,10.0,151561.0,10.0,0.0,8.667885,0.0031532259,6060.4966,19.110115,639704.313375,5356427.6849,09761
09761,2022,151561.0,10.0,151561.0,10.0,0.0,8.605726,0.0026307693,5695.2563,14.982905,639704.313375,5356427.6849,09761
09761,2023,151561.0,10.0,151561.0,10.0,0.0,8.526878,0.026386565,5263.4443,138.88422,639704.313375,5356427.6849,09761
09761,2024,151561.0,10.0,151561.0,10.0,0.0,8.513943,0.036547337,5195.7944,189.89244,639704.313375,5356427.6849,09761
09761,2025,151561.0,10.0,151561.0,10.0,0.0,8.508806,0.0061044977,5169.176,31.555222,639704.313375,5356427.6849,09761
09762,2007,16952.0,10.0,16952.0,10.0,0.0,7.2479353,0.038624775,1475.747,57.000393,620830.647477,5304219.5335,09762
09762,2008,16952.0,10.0,16952.0,10.0,0.0,7.208818,0.020931609,1419.1338,29.704752,620830.647477,5304219.5335,09762
09762,2009,16952.0,10.0,16952.0,10.0,0.0,7.2065926,0.026251229,1415.9795,37.1712,620830.647477,5304219.5335,09762
09762,2010,16952.0,10.0,16952.0,10.0,0.0,7.142606,0.0073498515,1328.2134,9.762172,620830.647477,5304219.5335,09762
09762,2011,16952.0,10.0,16952.0,10.0,0.0,7.290535,0.025998227,1539.9713,40.036526,620830.647477,5304219.5335,09762
09762,2012,16952.0,10.0,16952.0,10.0,0.0,7.299778,0.053438973,1554.2715,83.05867,620830.647477,5304219.5335,09762
09762,2013,16952.0,10.0,16952.0,10.0,0.0,7.3638206,0.03390166,1657.0669,56.17732,620830.647477,5304219.5335,09762
09762,2014,16952.0,10.0,16952.0,10.0,0.0,7.4767394,0.037030924,1855.1548,68.69809,620830.647477,5304219.5335,09762
09762,2015,16952.0,10.0,16952.0,10.0,0.0,7.4787583,0.03393755,1858.9043,63.086662,620830.647477,5304219.5335,09762
09762,2016,16952.0,10.0,16952.0,10.0,0.0,7.661604,0.07558111,2231.8545,168.68604,620830.647477,5304219.5335,09762
09762,2017,16952.0,10.0,16952.0,10.0,0.0,7.835688,0.049192544,2656.2544,130.66791,620830.647477,5304219.5335,09762
09762,2018,16952.0,10.0,16952.0,10.0,0.0,7.9292784,0.025986077,2916.859,75.79772,620830.647477,5304219.5335,09762
09762,2019,16952.0,10.0,16952.0,10.0,0.0,8.051426,0.03086236,3295.82,101.71678,620830.647477,5304219.5335,09762
09762,2020,16952.0,10.0,16952.0,10.0,0.0,8.11867,0.010440896,3525.0671,36.80486,620830.647477,5304219.5335,09762
09762,2021,16952.0,10.0,16952.0,10.0,0.0,8.169398,0.024198769,3708.4983,89.74109,620830.647477,5304219.5335,09762
09762,2022,16952.0,10.0,16952.0,10.0,0.0,8.313793,0.025811577,4284.5786,110.591736,620830.647477,5304219.5335,09762
09762,2023,16952.0,10.0,16952.0,10.0,0.0,8.200846,0.012158176,3826.9727,46.529007,620830.647477,5304219.5335,09762
09762,2024,16952.0,10.0,16952.0,10.0,0.0,8.178395,0.057938512,3742.0137,216.80672,620830.647477,5304219.5335,09762
09762,2025,16952.0,10.0,16952.0,10.0,0.0,8.187529,0.006054028,3776.3486,22.86212,620830.647477,5304219.5335,09762
09763,2007,26853.0,10.0,26853.0,10.0,0.0,7.367044,0.023733059,1663.661,39.483765,598071.325382,5288032.33896,09763
09763,2008,26853.0,10.0,26853.0,10.0,0.0,7.3994956,0.014696608,1718.5353,25.25664,598071.325382,5288032.33896,09763
09763,2009,26853.0,10.0,26853.0,10.0,0.0,7.416608,0.010255915,1748.1965,17.929356,598071.325382,5288032.33896,09763
09763,2010,26853.0,10.0,26853.0,10.0,0.0,7.4932137,0.007700641,1887.3815,14.534048,598071.325382,5288032.33896,09763
09763,2011,26853.0,10.0,26853.0,10.0,0.0,7.545172,0.014391258,1988.0396,28.610392,598071.325382,5288032.33896,09763
09763,2012,26853.0,10.0,26853.0,10.0,0.0,7.566759,0.028156515,2031.4219,57.19776,598071.325382,5288032.33896,09763
09763,2013,26853.0,10.0,26853.0,10.0,0.0,7.638288,0.012760854,2182.0498,27.84482,598071.325382,5288032.33896,09763
09763,2014,26853.0,10.0,26853.0,10.0,0.0,7.6949577,0.031075971,2309.277,71.76303,598071.325382,5288032.33896,09763
09763,2015,26853.0,10.0,26853.0,10.0,0.0,7.769843,0.036823615,2488.8474,91.64836,598071.325382,5288032.33896,09763
09763,2016,26853.0,10.0,26853.0,10.0,0.0,7.9110403,0.017985804,2866.2861,51.552464,598071.325382,5288032.33896,09763
09763,2017,26853.0,10.0,26853.0,10.0,0.0,7.931065,0.03117416,2924.2607,91.16138,598071.325382,5288032.33896,09763
09763,2018,26853.0,10.0,26853.0,10.0,0.0,8.052577,0.024941921,3302.085,82.360344,598071.325382,5288032.33896,09763
09763,2019,26853.0,10.0,26853.0,10.0,0.0,8.13578,0.034316972,3588.5806,123.14922,598071.325382,5288032.33896,09763
09763,2020,26853.0,10.0,26853.0,10.0,0.0,8.2813,0.032466333,4150.6973,134.75792,598071.325382,5288032.33896,09763
09763,2021,26853.0,10.0,26853.0,10.0,0.0,8.471623,0.09512223,5020.8545,477.59488,598071.325382,5288032.33896,09763
09763,2022,26853.0,10.0,26853.0,10.0,0.0,8.38337,0.024626013,4596.7393,113.19935,598071.325382,5288032.33896,09763
09763,2023,26853.0,10.0,26853.0,10.0,0.0,8.3881035,0.005079083,4618.5474,23.457987,598071.325382,5288032.33896,09763
09763,2024,26853.0,10.0,26853.0,10.0,0.0,8.418221,0.008504021,4759.764,40.47714,598071.325382,5288032.33896,09763
09763,2025,26853.0,10.0,26853.0,10.0,0.0,8.479739,0.036318332,5061.767,183.83493,598071.325382,5288032.33896,09763
09764,2007,15591.0,10.0,15591.0,10.0,0.0,7.408139,0.013582992,1728.4476,23.477491,586792.050152,5314593.50084,09764
09764,2008,15591.0,10.0,15591.0,10.0,0.0,7.3879223,0.0028200333,1693.8551,4.7767277,586792.050152,5314593.50084,09764
09764,2009,15591.0,10.0,15591.0,10.0,0.0,7.36793,0.0085178185,1660.3267,14.142362,586792.050152,5314593.50084,09764
09764,2010,15591.0,10.0,15591.0,10.0,0.0,7.4883084,0.016021552,1872.722,30.003912,586792.050152,5314593.50084,09764
09764,2011,15591.0,10.0,15591.0,10.0,0.0,7.4917817,0.014890904,1879.2382,27.983555,586792.050152,5314593.50084,09764
09764,2012,15591.0,10.0,15591.0,10.0,0.0,7.482786,0.03046165,1862.4093,56.73206,586792.050152,5314593.50084,09764
09764,2013,15591.0,10.0,15591.0,10.0,0.0,7.5838075,0.0049141096,2060.3835,10.124951,586792.050152,5314593.50084,09764
09764,2014,15591.0,10.0,15591.0,10.0,0.0,7.6514254,0.0053421846,2204.5203,11.776954,586792.050152,5314593.50084,09764
09764,2015,15591.0,10.0,15591.0,10.0,0.0,7.7576137,0.008610516,2451.495,21.108639,586792.050152,5314593.50084,09764
09764,2016,15591.0,10.0,15591.0,10.0,0.0,7.8468413,0.007985683,2680.292,21.403963,586792.050152,5314593.50084,09764
09764,2017,15591.0,10.0,15591.0,10.0,0.0,7.8821516,0.012172757,2776.6248,33.799175,586792.050152,5314593.50084,09764
09764,2018,15591.0,10.0,15591.0,10.0,0.0,7.995838,0.0034998625,3110.933,10.887837,586792.050152,5314593.50084,09764
09764,2019,15591.0,10.0,15591.0,10.0,0.0,8.144118,0.005407433,3608.1775,19.510979,586792.050152,5314593.50084,09764
09764,2020,15591.0,10.0,15591.0,10.0,0.0,8.211259,0.01081281,3858.7522,41.723953,586792.050152,5314593.50084,09764
09764,2021,15591.0,10.0,15591.0,10.0,0.0,8.192417,0.053991094,3786.7253,204.44943,586792.050152,5314593.50084,09764
09764,2022,15591.0,10.0,15591.0,10.0,0.0,8.279695,0.05153631,4132.0747,212.95189,586792.050152,5314593.50084,09764
09764,2023,15591.0,10.0,15591.0,10.0,0.0,8.220011,0.03275855,3892.6711,127.51826,586792.050152,5314593.50084,09764
09764,2024,15591.0,10.0,15591.0,10.0,0.0,8.154282,0.012869238,3645.037,46.90885,586792.050152,5314593.50084,09764
09764,2025,15591.0,10.0,15591.0,10.0,0.0,8.232161,0.052462857,3940.2554,206.71706,586792.050152,5314593.50084,09764
09771,2007,58005.0,10.0,58005.0,10.0,0.0,7.6189713,0.035467375,2123.606,75.31873,645204.354884,5368080.13726,09771
09771,2008,58005.0,10.0,58005.0,10.0,0.0,7.7323394,0.22321293,2378.5315,530.91895,645204.354884,5368080.13726,09771
09771,2009,58005.0,10.0,58005.0,10.0,0.0,7.5938206,0.15258005,2070.8616,315.97217,645204.354884,5368080.13726,09771
09771,2010,58005.0,10.0,58005.0,10.0,0.0,7.6383224,0.13464817,2165.1,291.52676,645204.354884,5368080.13726,09771
09771,2011,58005.0,10.0,58005.0,10.0,0.0,7.924654,0.14877145,2882.9043,428.89383,645204.354884,5368080.13726,09771
09771,2012,58005.0,10.0,58005.0,10.0,0.0,7.6311975,0.018223682,2149.7288,39.175976,645204.354884,5368080.13726,09771
09771,2013,58005.0,10.0,58005.0,10.0,0.0,7.750906,0.077622235,2423.106,188.08688,645204.354884,5368080.13726,09771
09771,2014,58005.0,10.0,58005.0,10.0,0.0,7.7116146,0.014071105,2329.7446,32.78208,645204.354884,5368080.13726,09771
09771,2015,58005.0,10.0,58005.0,10.0,0.0,7.509116,0.012540747,1902.6741,23.860954,645204.354884,5368080.13726,09771
09771,2016,58005.0,10.0,58005.0,10.0,0.0,7.9251895,0.119799316,2884.448,345.5549,645204.354884,5368080.13726,09771
09771,2017,58005.0,10.0,58005.0,10.0,0.0,7.9736633,0.060456548,3027.7126,183.04506,645204.354884,5368080.13726,09771
09771,2018,58005.0,10.0,58005.0,10.0,0.0,8.005058,0.13446496,3124.2747,420.10547,645204.354884,5368080.13726,09771
09771,2019,58005.0,10.0,58005.0,10.0,0.0,8.215133,0.0330594,3854.638,127.432014,645204.354884,5368080.13726,09771
09771,2020,58005.0,10.0,58005.0,10.0,0.0,8.084161,0.048751228,3381.4492,164.84981,645204.354884,5368080.13726,09771
09771,2021,58005.0,10.0,58005.0,10.0,0.0,8.314185,0.023908557,4255.998,101.754776,645204.354884,5368080.13726,09771
09771,2022,58005.0,10.0,58005.0,10.0,0.0,8.4887295,0.09529441,5067.631,482.91687,645204.354884,5368080.13726,09771
09771,2023,58005.0,10.0,58005.0,10.0,0.0,8.435474,0.13669035,4804.8125,656.77155,645204.354884,5368080.13726,09771
09771,2024,58005.0,10.0,58005.0,10.0,0.0,8.47578,0.061195407,5002.4287,306.12567,645204.354884,5368080.13726,09771
09771,2025,58005.0,10.0,58005.0,10.0,0.0,8.372762,0.08779903,4512.7456,396.21466,645204.354884,5368080.13726,09771
09772,2007,32439.0,10.0,32439.0,10.0,0.0,7.633223,0.009090894,2156.5876,19.60531,627111.618538,5364962.56174,09772
09772,2008,32439.0,10.0,32439.0,10.0,0.0,7.64987,0.035894983,2192.7883,78.710106,627111.618538,5364962.56174,09772
09772,2009,32439.0,10.0,32439.0,10.0,0.0,7.509962,0.0053019216,1906.4952,10.108088,627111.618538,5364962.56174,09772
09772,2010,32439.0,10.0,32439.0,10.0,0.0,7.5242987,0.0015147175,1934.0247,2.929501,627111.618538,5364962.56174,09772
09772,2011,32439.0,10.0,32439.0,10.0,0.0,7.532166,0.007649493,1949.3003,14.9111595,627111.618538,5364962.56174,09772
09772,2012,32439.0,10.0,32439.0,10.0,0.0,7.4591417,0.0446275,1812.0272,80.86624,627111.618538,5364962.56174,09772
09772,2013,32439.0,10.0,32439.0,10.0,0.0,7.6041436,0.0061842664,2094.779,12.954672,627111.618538,5364962.56174,09772
09772,2014,32439.0,10.0,32439.0,10.0,0.0,7.7014003,0.020721631,2308.7463,47.84099,627111.618538,5364962.56174,09772
09772,2015,32439.0,10.0,32439.0,10.0,0.0,7.7343,0.06022774,2385.9673,143.70142,627111.618538,5364962.56174,09772
09772,2016,32439.0,10.0,32439.0,10.0,0.0,7.8339515,0.015601428,2635.9822,41.125088,627111.618538,5364962.56174,09772
09772,2017,32439.0,10.0,32439.0,10.0,0.0,7.8107066,0.11443017,2575.4155,294.70523,627111.618538,5364962.56174,09772
09772,2018,32439.0,10.0,32439.0,10.0,0.0,7.659651,0.08471039,2214.3413,187.57771,627111.618538,5364962.56174,09772
09772,2019,32439.0,10.0,32439.0,10.0,0.0,7.6691165,0.08099181,2235.4014,181.04921,627111.618538,5364962.56174,09772
09772,2020,32439.0,10.0,32439.0,10.0,0.0,8.163295,0.008860842,3664.1611,32.467552,627111.618538,5364962.56174,09772
09772,2021,32439.0,10.0,32439.0,10.0,0.0,8.184105,0.013721631,3741.2112,51.33552,627111.618538,5364962.56174,09772
09772,2022,32439.0,10.0,32439.0,10.0,0.0,8.185722,0.020186955,3747.2659,75.64588,627111.618538,5364962.56174,09772
09772,2023,32439.0,10.0,32439.0,10.0,0.0,8.290879,0.1344458,4162.782,559.6686,627111.618538,5364962.56174,09772
09772,2024,32439.0,10.0,32439.0,10.0,0.0,8.281276,0.100775935,4122.996,415.4988,627111.618538,5364962.56174,09772
09772,2025,32439.0,10.0,32439.0,10.0,0.0,8.122249,0.030737912,3516.8054,108.09926,627111.618538,5364962.56174,09772
09773,2007,53130.0,25.0,3128.0,10.0,0.17380255,6.9794574,0.012332002,1145.3138,14.124013,616170.898531,5397390.05624,09773
09773,2008,53130.0,25.0,3128.0,10.0,0.17380255,7.0562234,0.04452656,1236.6975,55.06588,616170.898531,5397390.05624,09773
09773,2009,53130.0,25.0,3128.0,10.0,0.17380255,6.97385,0.011452718,1138.9094,13.043608,616170.898531,5397390.05624,09773
09773,2010,53130.0,25.0,3128.0,10.0,0.17380255,7.0336103,0.042983387,1209.046,51.96889,616170.898531,5397390.05624,09773
09773,2011,53130.0,25.0,3128.0,10.0,0.17380255,7.1970263,0.03342747,1423.6831,47.590126,616170.898531,5397390.05624,09773
09773,2012,53130.0,25.0,3128.0,10.0,0.17380255,6.8769317,0.09388178,1033.7083,97.04637,616170.898531,5397390.05624,09773
09773,2013,53130.0,25.0,3128.0,10.0,0.17380255,7.0232177,0.016853876,1196.5455,20.16643,616170.898531,5397390.05624,09773
09773,2014,53130.0,25.0,3128.0,10.0,0.17380255,7.157007,0.01253433,1367.8341,17.144882,616170.898531,5397390.05624,09773
09773,2015,53130.0,25.0,3128.0,10.0,0.17380255,7.1705875,0.01757436,1386.5363,24.367487,616170.898531,5397390.05624,09773
09773,2016,53130.0,25.0,3128.0,10.0,0.17380255,7.447148,0.12324584,1828.268,225.32642,616170.898531,5397390.05624,09773
09773,2017,53130.0,25.0,3128.0,10.0,0.17380255,7.5981207,0.032397244,2126.2117,68.8834,616170.898531,5397390.05624,09773
09773,2018,53130.0,25.0,3128.0,10.0,0.17380255,7.462895,0.07976818,1857.2855,148.1523,616170.898531,5397390.05624,09773
09773,2019,53130.0,25.0,3128.0,10.0,0.17380255,7.6268086,0.011886033,2188.092,26.007734,616170.898531,5397390.05624,09773
09773,2020,53130.0,25.0,3128.0,10.0,0.17380255,7.6783266,0.024516009,2303.772,56.479298,616170.898531,5397390.05624,09773
09773,2021,53130.0,25.0,3128.0,10.0,0.17380255,7.635411,0.0944918,2206.9946,208.5429,616170.898531,5397390.05624,09773
09773,2022,53130.0,25.0,3128.0,10.0,0.17380255,7.8281465,0.0021647392,2676.119,5.7930994,616170.898531,5397390.05624,09773
09773,2023,53130.0,25.0,3128.0,10.0,0.17380255,7.8309903,0.048825495,2683.7407,131.03497,616170.898531,5397390.05624,09773
09773,2024,53130.0,25.0,3128.0,10.0,0.17380255,7.933388,0.072614044,2973.113,215.88976,616170.898531,5397390.05624,09773
09773,2025,53130.0,25.0,3128.0,10.0,0.17380255,7.8277535,0.03628397,2675.0671,97.06205,616170.898531,5397390.05624,09773
09774,2007,10908.0,10.0,10908.0,10.0,0.0,7.2611165,0.05776179,1505.213,86.9438,607096.503997,5344755.18115,09774
09774,2008,10908.0,10.0,10908.0,10.0,0.0,7.2881484,0.07021987,1546.457,108.592,607096.503997,5344755.18115,09774
09774,2009,10908.0,10.0,10908.0,10.0,0.0,7.341619,0.05283597,1631.3976,86.19647,607096.503997,5344755.18115,09774
09774,2010,10908.0,10.0,10908.0,10.0,0.0,7.4942513,0.11791607,1900.4099,224.08888,607096.503997,5344755.18115,09774
09774,2011,10908.0,10.0,10908.0,10.0,0.0,7.184895,0.057279672,1394.7473,79.89067,607096.503997,5344755.18115,09774
09774,2012,10908.0,10.0,10908.0,10.0,0.0,7.260053,0.025080506,1503.6139,37.7114,607096.503997,5344755.18115,09774
09774,2013,10908.0,10.0,10908.0,10.0,0.0,7.409466,0.00092841324,1745.9241,1.620939,607096.503997,5344755.18115,09774
09774,2014,10908.0,10.0,10908.0,10.0,0.0,7.37183,0.16498755,1681.4359,277.416,607096.503997,5344755.18115,09774
09774,2015,10908.0,10.0,10908.0,10.0,0.0,7.5289946,0.078818314,1967.5961,155.0826,607096.503997,5344755.18115,09774
09774,2016,10908.0,10.0,10908.0,10.0,0.0,7.4830084,0.05252511,1879.1628,98.70323,607096.503997,5344755.18115,09774
09774,2017,10908.0,10.0,10908.0,10.0,0.0,7.4862437,0.06557221,1885.2524,123.62017,607096.503997,5344755.18115,09774
09774,2018,10908.0,10.0,10908.0,10.0,0.0,7.6340346,0.08110006,2185.5178,177.24564,607096.503997,5344755.18115,09774
09774,2019,10908.0,10.0,10908.0,10.0,0.0,7.897498,0.09912356,2844.2983,281.93698,607096.503997,5344755.18115,09774
09774,2020,10908.0,10.0,10908.0,10.0,0.0,7.8487453,0.027868355,2708.956,75.49415,607096.503997,5344755.18115,09774
09774,2021,10908.0,10.0,10908.0,10.0,0.0,7.9793515,0.04934291,3086.9065,152.31696,607096.503997,5344755.18115,09774
09774,2022,10908.0,10.0,10908.0,10.0,0.0,8.101673,0.02559511,3488.5667,89.290245,607096.503997,5344755.18115,09774
09774,2023,10908.0,10.0,10908.0,10.0,0.0,8.131773,0.10055927,3595.1694,361.52762,607096.503997,5344755.18115,09774
09774,2024,10908.0,10.0,10908.0,10.0,0.0,8.080904,0.11118525,3416.8596,379.9044,607096.503997,5344755.18115,09774
09774,2025,10908.0,10.0,10908.0,10.0,0.0,8.234988,0.07300177,3986.0725,290.99036,607096.503997,5344755.18115,09774
09775,2007,30035.0,10.0,30035.0,10.0,0.0,7.447008,0.03986445,1794.4196,71.53355,581360.684743,5345603.67883,09775
09775,2008,30035.0,10.0,30035.0,10.0,0.0,7.364246,0.018618997,1651.8892,30.75652,581360.684743,5345603.67883,09775
09775,2009,30035.0,10.0,30035.0,10.0,0.0,7.3601546,0.022403916,1645.1442,36.857674,581360.684743,5345603.67883,09775
09775,2010,30035.0,10.0,30035.0,10.0,0.0,7.325553,0.01678807,1589.1931,26.679483,581360.684743,5345603.67883,09775
09775,2011,30035.0,10.0,30035.0,10.0,0.0,7.298829,0.007842678,1547.2863,12.134868,581360.684743,5345603.67883,09775
09775,2012,30035.0,10.0,30035.0,10.0,0.0,7.243449,0.018729255,1463.9271,27.418264,581360.684743,5345603.67883,09775
09775,2013,30035.0,10.0,30035.0,10.0,0.0,7.254445,0.0026047507,1480.1132,3.8553255,581360.684743,5345603.67883,09775
09775,2014,30035.0,10.0,30035.0,10.0,0.0,7.409041,0.040489238,1727.5675,69.94789,581360.684743,5345603.67883,09775
09775,2015,30035.0,10.0,30035.0,10.0,0.0,7.609548,0.06441317,2111.1262,135.98433,581360.684743,5345603.67883,09775
09775,2016,30035.0,10.0,30035.0,10.0,0.0,7.656302,0.035404153,2212.174,78.320145,581360.684743,5345603.67883,09775
09775,2017,30035.0,10.0,30035.0,10.0,0.0,7.7304573,0.037978064,2382.4536,90.48097,581360.684743,5345603.67883,09775
09775,2018,30035.0,10.0,30035.0,10.0,0.0,7.864919,0.030723276,2725.3386,83.73133,581360.684743,5345603.67883,09775
09775,2019,30035.0,10.0,30035.0,10.0,0.0,7.9255104,0.008071227,2895.576,23.37085,581360.684743,5345603.67883,09775
09775,2020,30035.0,10.0,30035.0,10.0,0.0,8.013849,0.072114766,3163.0051,228.09937,581360.684743,5345603.67883,09775
09775,2021,30035.0,10.0,30035.0,10.0,0.0,8.087982,0.05744923,3406.4,195.69504,581360.684743,5345603.67883,09775
09775,2022,30035.0,10.0,30035.0,10.0,0.0,8.127494,0.05163005,3543.6858,182.96066,581360.684743,5345603.67883,09775
09775,2023,30035.0,10.0,30035.0,10.0,0.0,8.095415,0.021808598,3431.8142,74.843056,581360.684743,5345603.67883,09775
09775,2024,30035.0,10.0,30035.0,10.0,0.0,8.089384,0.06458681,3411.1768,220.31703,581360.684743,5345603.67883,09775
09775,2025,30035.0,10.0,30035.0,10.0,0.0,8.247583,0.058493245,3995.8528,233.7304,581360.684743,5345603.67883,09775
09776,2007,15660.0,10.0,15660.0,10.0,0.0,7.763948,0.040923357,2477.9434,101.40577,549607.370175,5269146.69916,09776
09776,2008,15660.0,10.0,15660.0,10.0,0.0,7.7759147,0.062322542,2507.7742,156.29086,549607.370175,5269146.69916,09776
09776,2009,15660.0,10.0,15660.0,10.0,0.0,7.7205477,0.06897869,2372.7004,163.66577,549607.370175,5269146.69916,09776
09776,2010,15660.0,10.0,15660.0,10.0,0.0,7.8392262,0.05237812,2671.6787,139.93752,549607.370175,5269146.69916,09776
09776,2011,15660.0,10.0,15660.0,10.0,0.0,7.7687016,0.06201079,2489.75,154.39136,549607.370175,5269146.69916,09776
09776,2012,15660.0,10.0,15660.0,10.0,0.0,7.9450717,0.03920295,2969.9722,116.43168,549607.370175,5269146.69916,09776
09776,2013,15660.0,10.0,15660.0,10.0,0.0,7.970579,0.03933711,3046.703,119.84849,549607.370175,5269146.69916,09776
09776,2014,15660.0,10.0,15660.0,10.0,0.0,7.998063,0.050729237,3131.6,158.8637,549607.370175,5269146.69916,09776
09776,2015,15660.0,10.0,15660.0,10.0,0.0,8.069633,0.022495113,3363.9407,75.672226,549607.370175,5269146.69916,09776
09776,2016,15660.0,10.0,15660.0,10.0,0.0,8.181424,0.09140267,3761.8298,343.8413,549607.370175,5269146.69916,09776
09776,2017,15660.0,10.0,15660.0,10.0,0.0,8.273686,0.04375998,4125.4175,180.52818,549607.370175,5269146.69916,09776
09776,2018,15660.0,10.0,15660.0,10.0,0.0,8.33586,0.05874667,4390.052,257.9009,549607.370175,5269146.69916,09776
09776,2019,15660.0,10.0,15660.0,10.0,0.0,8.461742,0.06327996,4978.9736,315.06924,549607.370175,5269146.69916,09776
09776,2020,15660.0,10.0,15660.0,10.0,0.0,8.4586735,0.047283817,4963.713,234.70328,549607.370175,5269146.69916,09776
09776,2021,15660.0,10.0,15660.0,10.0,0.0,8.511456,0.04734671,5232.749,247.75345,549607.370175,5269146.69916,09776
09776,2022,15660.0,10.0,15660.0,10.0,0.0,8.617341,0.013271829,5817.219,77.20514,549607.370175,5269146.69916,09776
09776,2023,15660.0,10.0,15660.0,10.0,0.0,8.648548,0.0324854,6001.6196,194.96501,549607.370175,5269146.69916,09776
09776,2024,15660.0,10.0,15660.0,10.0,0.0,8.570423,0.091265924,5550.591,506.5798,549607.370175,5269146.69916,09776
09776,2025,15660.0,10.0,15660.0,10.0,0.0,8.618307,0.07523318,5822.8413,438.07086,549607.370175,5269146.69916,09776
09777,2007,10716.0,10.0,10716.0,10.0,0.0,7.5688148,0.027672589,2045.9824,56.617626,625090.59592,5271311.51233,09777
09777,2008,10716.0,10.0,10716.0,10.0,0.0,7.5782223,0.039104737,2065.3213,80.76385,625090.59592,5271311.51233,09777
09777,2009,10716.0,10.0,10716.0,10.0,0.0,7.545955,0.02469323,1999.7427,49.380104,625090.59592,5271311.51233,09777
09777,2010,10716.0,10.0,10716.0,10.0,0.0,7.607816,0.028625753,2127.3552,60.897144,625090.59592,5271311.51233,09777
09777,2011,10716.0,10.0,10716.0,10.0,0.0,7.6470313,0.022211313,2212.437,49.141132,625090.59592,5271311.51233,09777
09777,2012,10716.0,10.0,10716.0,10.0,0.0,7.6605945,0.0035928155,2242.6497,8.057426,625090.59592,5271311.51233,09777
09777,2013,10716.0,10.0,10716.0,10.0,0.0,7.6756406,0.029673219,2276.6472,67.55545,625090.59592,5271311.51233,09777
09777,2014,10716.0,10.0,10716.0,10.0,0.0,7.7064157,0.01819732,2347.801,42.723686,625090.59592,5271311.51233,09777
09777,2015,10716.0,10.0,10716.0,10.0,0.0,7.8107953,0.024674134,2606.1099,64.303505,625090.59592,5271311.51233,09777
09777,2016,10716.0,10.0,10716.0,10.0,0.0,7.824298,0.0584601,2641.5374,154.42453,625090.59592,5271311.51233,09777
09777,2017,10716.0,10.0,10716.0,10.0,0.0,7.7946477,0.07774101,2564.3655,199.35637,625090.59592,5271311.51233,09777
09777,2018,10716.0,10.0,10716.0,10.0,0.0,7.9693136,0.017000737,3053.7708,51.91635,625090.59592,5271311.51233,09777
09777,2019,10716.0,10.0,10716.0,10.0,0.0,8.141774,0.033286653,3628.5676,120.78287,625090.59592,5271311.51233,09777
09777,2020,10716.0,10.0,10716.0,10.0,0.0,8.095646,0.05645254,3464.99,195.60748,625090.59592,5271311.51233,09777
09777,2021,10716.0,10.0,10716.0,10.0,0.0,8.358933,0.10162699,4508.647,458.2002,625090.59592,5271311.51233,09777
09777,2022,10716.0,10.0,10716.0,10.0,0.0,8.433359,0.08415025,4857.007,408.71832,625090.59592,5271311.51233,09777
09777,2023,10716.0,10.0,10716.0,10.0,0.0,8.280517,0.0053144745,4168.601,22.153923,625090.59592,5271311.51233,09777
09777,2024,10716.0,10.0,10716.0,10.0,0.0,8.348564,0.05826941,4462.1343,260.00595,625090.59592,5271311.51233,09777
09777,2025,10716.0,10.0,10716.0,10.0,0.0,8.348866,0.080974475,4463.4844,361.4283,625090.59592,5271311.51233,09777
09778,2007,19415.0,10.0,19415.0,10.0,0.0,7.4910693,0.01941381,1886.8037,36.63005,619323.713628,5317679.567,09778
09778,2008,19415.0,10.0,19415.0,10.0,0.0,7.3973985,0.016450264,1718.0906,28.263044,619323.713628,5317679.567,09778
09778,2009,19415.0,10.0,19415.0,10.0,0.0,7.341754,0.020646252,1625.0999,33.55222,619323.713628,5317679.567,09778
09778,2010,19415.0,10.0,19415.0,10.0,0.0,7.3848724,0.016405739,1696.7041,27.835686,619323.713628,5317679.567,09778
09778,2011,19415.0,10.0,19415.0,10.0,0.0,7.4973326,0.042137608,1898.6583,80.00491,619323.713628,5317679.567,09778
09778,2012,19415.0,10.0,19415.0,10.0,0.0,7.5081477,0.01717459,1919.3048,32.963276,619323.713628,5317679.567,09778
09778,2013,19415.0,10.0,19415.0,10.0,0.0,7.565829,0.021753386,2033.2666,44.230434,619323.713628,5317679.567,09778
09778,2014,19415.0,10.0,19415.0,10.0,0.0,7.657891,0.02605862,2229.3403,58.093533,619323.713628,5317679.567,09778
09778,2015,19415.0,10.0,19415.0,10.0,0.0,7.738712,0.010721985,2416.9995,25.915033,619323.713628,5317679.567,09778
09778,2016,19415.0,10.0,19415.0,10.0,0.0,7.847057,0.017163334,2693.5818,46.230843,619323.713628,5317679.567,09778
09778,2017,19415.0,10.0,19415.0,10.0,0.0,7.9803934,0.030604906,3077.7793,94.19515,619323.713628,5317679.567,09778
09778,2018,19415.0,10.0,19415.0,10.0,0.0,7.939475,0.02510019,2954.3838,74.155594,619323.713628,5317679.567,09778
09778,2019,19415.0,10.0,19415.0,10.0,0.0,8.110379,0.022793645,3505.013,79.89202,619323.713628,5317679.567,09778
09778,2020,19415.0,10.0,19415.0,10.0,0.0,8.264634,0.045571312,4089.607,186.36874,619323.713628,5317679.567,09778
09778,2021,19415.0,10.0,19415.0,10.0,0.0,8.324912,0.028799672,4343.7036,125.097244,619323.713628,5317679.567,09778
09778,2022,19415.0,10.0,19415.0,10.0,0.0,8.423832,0.02770646,4795.3516,132.86221,619323.713628,5317679.567,09778
09778,2023,19415.0,10.0,19415.0,10.0,0.0,8.283979,0.00206832,4169.4927,8.623845,619323.713628,5317679.567,09778
09778,2024,19415.0,10.0,19415.0,10.0,0.0,8.301931,0.022443982,4245.018,95.27511,619323.713628,5317679.567,09778
09778,2025,19415.0,10.0,19415.0,10.0,0.0,8.253294,0.0035811123,4043.492,14.480198,619323.713628,5317679.567,09778
09779,2007,47021.0,25.0,9133.0,10.0,-0.11170426,7.2905445,0.04738085,1543.5743,73.135864,634147.127121,5394315.248,09779
09779,2008,47021.0,25.0,9133.0,10.0,-0.11170426,7.2822804,0.022728298,1530.871,34.79409,634147.127121,5394315.248,09779
09779,2009,47021.0,25.0,9133.0,10.0,-0.11170426,7.2232327,0.036986165,1443.0939,53.374508,634147.127121,5394315.248,09779
09779,2010,47021.0,25.0,9133.0,10.0,-0.11170426,7.2346025,0.025387473,1459.5944,37.055412,634147.127121,5394315.248,09779
09779,2011,47021.0,25.0,9133.0,10.0,-0.11170426,7.1682525,0.06587692,1365.8937,89.98088,634147.127121,5394315.248,09779
09779,2012,47021.0,25.0,9133.0,10.0,-0.11170426,7.3492484,0.025496613,1636.9011,41.735435,634147.127121,5394315.248,09779
09779,2013,47021.0,25.0,9133.0,10.0,-0.11170426,7.3301077,0.053760357,1605.8676,86.332016,634147.127121,5394315.248,09779
09779,2014,47021.0,25.0,9133.0,10.0,-0.11170426,7.481045,0.012315783,1867.5011,22.999739,634147.127121,5394315.248,09779
09779,2015,47021.0,25.0,9133.0,10.0,-0.11170426,7.46194,0.012457354,1832.1614,22.823883,634147.127121,5394315.248,09779
09779,2016,47021.0,25.0,9133.0,10.0,-0.11170426,7.54086,0.11089308,1982.6144,219.8582,634147.127121,5394315.248,09779
09779,2017,47021.0,25.0,9133.0,10.0,-0.11170426,7.6224494,0.014749142,2151.1565,31.727713,634147.127121,5394315.248,09779
09779,2018,47021.0,25.0,9133.0,10.0,-0.11170426,7.5360594,0.15775986,1973.1196,311.27908,634147.127121,5394315.248,09779
09779,2019,47021.0,25.0,9133.0,10.0,-0.11170426,7.4815884,0.14176978,1868.5165,264.89917,634147.127121,5394315.248,09779
09779,2020,47021.0,25.0,9133.0,10.0,-0.11170426,7.8457017,0.03800983,2689.238,102.21748,634147.127121,5394315.248,09779
09779,2021,47021.0,25.0,9133.0,10.0,-0.11170426,7.947845,0.048133217,2978.4456,143.36217,634147.127121,5394315.248,09779
09779,2022,47021.0,25.0,9133.0,10.0,-0.11170426,8.028858,0.010815288,3229.7803,34.931004,634147.127121,5394315.248,09779
09779,2023,47021.0,25.0,9133.0,10.0,-0.11170426,8.050418,0.009731686,3300.1702,32.11622,634147.127121,5394315.248,09779
09779,2024,47021.0,25.0,9133.0,10.0,-0.11170426,7.9501734,0.008757727,2985.3875,26.145208,634147.127121,5394315.248,09779
09779,2025,47021.0,25.0,9133.0,10.0,-0.11170426,7.9838467,0.010324601,3087.6277,31.878523,634147.127121,5394315.248,09779
09780,2007,72006.0,25.0,7517.0,10.0,0.053097747,7.327652,0.11147456,1605.1646,178.93501,588165.741158,5293712.77632,09780
09780,2008,72006.0,25.0,7517.0,10.0,0.053097747,7.317822,0.027015345,1589.4629,42.939888,588165.741158,5293712.77632,09780
09780,2009,72006.0,25.0,7517.0,10.0,0.053097747,7.35035,0.024115492,1642.0144,39.59798,588165.741158,5293712.77632,09780
09780,2010,72006.0,25.0,7517.0,10.0,0.053097747,7.308424,0.02584318,1574.5947,40.69254,588165.741158,5293712.77632,09780
09780,2011,72006.0,25.0,7517.0,10.0,0.053097747,7.3812113,0.055861928,1693.4797,94.60104,588165.741158,5293712.77632,09780
09780,2012,72006.0,25.0,7517.0,10.0,0.053097747,7.474723,0.028357433,1859.4801,52.730083,588165.741158,5293712.77632,09780
09780,2013,72006.0,25.0,7517.0,10.0,0.053097747,7.4727244,0.023017544,1855.7678,42.715218,588165.741158,5293712.77632,09780
09780,2014,72006.0,25.0,7517.0,10.0,0.053097747,7.4517164,0.13074203,1817.1882,237.58289,588165.741158,5293712.77632,09780
09780,2015,72006.0,25.0,7517.0,10.0,0.053097747,7.6187406,0.0006010669,2147.5222,1.2908045,588165.741158,5293712.77632,09780
09780,2016,72006.0,25.0,7517.0,10.0,0.053097747,7.6813064,0.019992221,2286.1763,45.705738,588165.741158,5293712.77632,09780
09780,2017,72006.0,25.0,7517.0,10.0,0.053097747,7.8075757,0.00476547,2593.8665,12.360992,588165.741158,5293712.77632,09780
09780,2018,72006.0,25.0,7517.0,10.0,0.053097747,7.8563313,0.006562025,2723.466,17.871452,588165.741158,5293712.77632,09780
09780,2019,72006.0,25.0,7517.0,10.0,0.053097747,7.946778,0.032899544,2981.2778,98.08269,588165.741158,5293712.77632,09780
09780,2020,72006.0,25.0,7517.0,10.0,0.053097747,7.9278975,0.10201759,2925.5183,298.4543,588165.741158,5293712.77632,09780
09780,2021,72006.0,25.0,7517.0,10.0,0.053097747,8.209703,0.11024921,3877.8386,427.52863,588165.741158,5293712.77632,09780
09780,2022,72006.0,25.0,7517.0,10.0,0.053097747,8.204369,0.014366097,3857.2056,55.41299,588165.741158,5293712.77632,09780
09780,2023,72006.0,25.0,7517.0,10.0,0.053097747,8.312328,0.014395417,4296.936,61.856182,588165.741158,5293712.77632,09780
09780,2024,72006.0,25.0,7517.0,10.0,0.053097747,8.245623,0.015562355,4019.6572,62.555332,588165.741158,5293712.77632,09780
09780,2025,72006.0,25.0,7517.0,10.0,0.053097747,8.36323,0.016071843,4521.319,72.665924,588165.741158,5293712.77632,09780
10041,2007,58647.0,10.0,58647.0,10.0,0.0,7.2764792,0.0035599815,1583.3973,5.6368656,354920.460193,5456024.28496,10041
10041,2008,58647.0,10.0,58647.0,10.0,0.0,7.1776204,0.004155988,1434.3535,5.961156,354920.460193,5456024.28496,10041
10041,2009,58647.0,10.0,58647.0,10.0,0.0,7.100737,0.06519338,1328.2079,86.590355,354920.460193,5456024.28496,10041
10041,2010,58647.0,10.0,58647.0,10.0,0.0,7.1924458,0.042302746,1455.7767,61.58335,354920.460193,5456024.28496,10041
10041,2011,58647.0,10.0,58647.0,10.0,0.0,7.2063713,0.03993848,1476.191,58.956825,354920.460193,5456024.28496,10041
10041,2012,58647.0,10.0,58647.0,10.0,0.0,7.2769804,0.093522415,1584.1913,148.1574,354920.460193,5456024.28496,10041
10041,2013,58647.0,10.0,58647.0,10.0,0.0,7.392993,0.011633893,1779.0624,20.69742,354920.460193,5456024.28496,10041
10041,2014,58647.0,10.0,58647.0,10.0,0.0,7.587968,0.017801706,2162.06,38.48836,354920.460193,5456024.28496,10041
10041,2015,58647.0,10.0,58647.0,10.0,0.0,8.144017,0.033949178,3770.134,127.99294,354920.460193,5456024.28496,10041
10041,2016,58647.0,10.0,58647.0,10.0,0.0,7.708094,0.08475471,2438.024,206.63402,354920.460193,5456024.28496,10041
10041,2017,58647.0,10.0,58647.0,10.0,0.0,7.7409697,0.068798244,2519.5068,173.33766,354920.460193,5456024.28496,10041
10041,2018,58647.0,10.0,58647.0,10.0,0.0,7.726123,0.052030586,2482.377,129.15953,354920.460193,5456024.28496,10041
10041,2019,58647.0,10.0,58647.0,10.0,0.0,7.6875386,0.097295634,2388.4207,232.3829,354920.460193,5456024.28496,10041
10041,2020,58647.0,10.0,58647.0,10.0,0.0,7.500876,0.06380316,1981.7292,126.44058,354920.460193,5456024.28496,10041
10041,2021,58647.0,10.0,58647.0,10.0,0.0,7.7116947,0.059946936,2446.8176,146.67921,354920.460193,5456024.28496,10041
10041,2022,58647.0,10.0,58647.0,10.0,0.0,7.699049,0.035293475,2416.0713,85.27155,354920.460193,5456024.28496,10041
10041,2023,58647.0,10.0,58647.0,10.0,0.0,7.7821956,0.030052444,2625.547,78.90411,354920.460193,5456024.28496,10041
10041,2024,58647.0,10.0,58647.0,10.0,0.0,8.002436,0.20727135,3272.4197,678.2789,354920.460193,5456024.28496,10041
10041,2025,58647.0,10.0,58647.0,10.0,0.0,7.7882004,0.038215626,2641.3606,100.941246,354920.460193,5456024.28496,10041
10042,2007,29968.0,10.0,29968.0,10.0,0.0,7.1755548,0.021872897,1436.4053,31.418344,336203.185132,5476805.83195,10042
10042,2008,29968.0,10.0,29968.0,10.0,0.0,7.091847,0.056726072,1321.0615,74.93863,336203.185132,5476805.83195,10042
10042,2009,29968.0,10.0,29968.0,10.0,0.0,7.210798,0.15718983,1487.931,233.88763,336203.185132,5476805.83195,10042
10042,2010,29968.0,10.0,29968.0,10.0,0.0,7.343264,0.34687278,1698.6821,589.22656,336203.185132,5476805.83195,10042
10042,2011,29968.0,10.0,29968.0,10.0,0.0,7.0019875,0.22013026,1207.529,265.8137,336203.185132,5476805.83195,10042
10042,2012,29968.0,10.0,29968.0,10.0,0.0,7.1565,0.018534115,1409.2936,26.120007,336203.185132,5476805.83195,10042
10042,2013,29968.0,10.0,29968.0,10.0,0.0,7.1195354,0.05584009,1358.1511,75.83928,336203.185132,5476805.83195,10042
10042,2014,29968.0,10.0,29968.0,10.0,0.0,7.0884132,0.07707922,1316.5333,101.47736,336203.185132,5476805.83195,10042
10042,2015,29968.0,10.0,29968.0,10.0,0.0,6.893519,0.037888665,1083.4039,41.04873,336203.185132,5476805.83195,10042
10042,2016,29968.0,10.0,29968.0,10.0,0.0,7.0432277,0.045640204,1258.369,57.43222,336203.185132,5476805.83195,10042
10042,2017,29968.0,10.0,29968.0,10.0,0.0,7.077683,0.05886307,1302.4819,76.66808,336203.185132,5476805.83195,10042
10042,2018,29968.0,10.0,29968.0,10.0,0.0,7.1561236,0.034294683,1408.7635,48.3131,336203.185132,5476805.83195,10042
10042,2019,29968.0,10.0,29968.0,10.0,0.0,7.2366915,0.087282054,1526.962,133.27638,336203.185132,5476805.83195,10042
10042,2020,29968.0,10.0,29968.0,10.0,0.0,7.329272,0.15856299,1675.0795,265.60562,336203.185132,5476805.83195,10042
10042,2021,29968.0,10.0,29968.0,10.0,0.0,7.447212,0.09574561,1884.7612,180.45761,336203.185132,5476805.83195,10042
10042,2022,29968.0,10.0,29968.0,10.0,0.0,7.582866,0.10040958,2158.59,216.74313,336203.185132,5476805.83195,10042
10042,2023,29968.0,10.0,29968.0,10.0,0.0,7.666324,0.13029008,2346.472,305.722,336203.185132,5476805.83195,10042
10042,2024,29968.0,10.0,29968.0,10.0,0.0,7.827228,0.11038059,2756.1006,304.22003,336203.185132,5476805.83195,10042
10042,2025,29968.0,10.0,29968.0,10.0,0.0,7.733393,0.06826416,2509.2458,171.29155,336203.185132,5476805.83195,10042
10043,2007,30613.0,10.0,30613.0,10.0,0.0,7.015891,0.084100604,1236.0621,103.953575,353426.330335,5474131.50416,10043
10043,2008,30613.0,10.0,30613.0,10.0,0.0,7.041491,0.04832671,1268.1138,61.283768,353426.330335,5474131.50416,10043
10043,2009,30613.0,10.0,30613.0,10.0,0.0,7.217456,0.06853803,1512.094,103.635956,353426.330335,5474131.50416,10043
10043,2010,30613.0,10.0,30613.0,10.0,0.0,7.3228087,0.090256326,1680.091,151.63884,353426.330335,5474131.50416,10043
10043,2011,30613.0,10.0,30613.0,10.0,0.0,7.059123,0.010687566,1290.6715,13.794137,353426.330335,5474131.50416,10043
10043,2012,30613.0,10.0,30613.0,10.0,0.0,6.658453,0.11110281,864.5833,96.05763,353426.330335,5474131.50416,10043
10043,2013,30613.0,10.0,30613.0,10.0,0.0,6.860377,0.030482804,1058.0382,32.251972,353426.330335,5474131.50416,10043
10043,2014,30613.0,10.0,30613.0,10.0,0.0,6.8022194,0.06957536,998.26013,69.45431,353426.330335,5474131.50416,10043
10043,2015,30613.0,10.0,30613.0,10.0,0.0,6.8971334,0.005574342,1097.6516,6.1186852,353426.330335,5474131.50416,10043
10043,2016,30613.0,10.0,30613.0,10.0,0.0,6.8450365,0.021625508,1041.9314,22.532297,353426.330335,5474131.50416,10043
10043,2017,30613.0,10.0,30613.0,10.0,0.0,6.916762,0.055857196,1119.4097,62.52709,353426.330335,5474131.50416,10043
10043,2018,30613.0,10.0,30613.0,10.0,0.0,6.832305,0.053900767,1028.7498,55.4504,353426.330335,5474131.50416,10043
10043,2019,30613.0,10.0,30613.0,10.0,0.0,6.84551,0.1854395,1042.4247,193.3067,353426.330335,5474131.50416,10043
10043,2020,30613.0,10.0,30613.0,10.0,0.0,7.0166245,0.21564108,1236.9686,266.74124,353426.330335,5474131.50416,10043
10043,2021,30613.0,10.0,30613.0,10.0,0.0,7.2285953,0.17376842,1529.032,265.69748,353426.330335,5474131.50416,10043
10043,2022,30613.0,10.0,30613.0,10.0,0.0,7.2050066,0.22726767,1493.3862,339.3984,353426.330335,5474131.50416,10043
10043,2023,30613.0,10.0,30613.0,10.0,0.0,7.367108,0.14891101,1756.1909,261.51614,353426.330335,5474131.50416,10043
10043,2024,30613.0,10.0,30613.0,10.0,0.0,7.347068,0.14459398,1721.3475,248.8965,353426.330335,5474131.50416,10043
10043,2025,30613.0,10.0,30613.0,10.0,0.0,7.42904,0.018891225,1868.3939,35.29625,353426.330335,5474131.50416,10043
10044,2007,32522.0,10.0,32522.0,10.0,0.0,7.2015076,0.05516372,1474.4493,81.336105,335387.338653,5470659.18725,10044
10044,2008,32522.0,10.0,32522.0,10.0,0.0,7.1995096,0.050503038,1471.5065,74.31555,335387.338653,5470659.18725,10044
10044,2009,32522.0,10.0,32522.0,10.0,0.0,7.0292563,0.101878606,1241.1442,126.44604,335387.338653,5470659.18725,10044
10044,2010,32522.0,10.0,32522.0,10.0,0.0,7.204396,0.17764501,1478.7142,262.68622,335387.338653,5470659.18725,10044
10044,2011,32522.0,10.0,32522.0,10.0,0.0,7.0630317,0.076273024,1283.7798,97.91776,335387.338653,5470659.18725,10044
10044,2012,32522.0,10.0,32522.0,10.0,0.0,7.078952,0.013229612,1304.3813,17.256458,335387.338653,5470659.18725,10044
10044,2013,32522.0,10.0,32522.0,10.0,0.0,7.061134,0.05581806,1281.346,71.52225,335387.338653,5470659.18725,10044
10044,2014,32522.0,10.0,32522.0,10.0,0.0,7.110902,0.030316452,1346.729,40.828045,335387.338653,5470659.18725,10044
10044,2015,32522.0,10.0,32522.0,10.0,0.0,6.892293,0.084055915,1082.2799,90.97203,335387.338653,5470659.18725,10044
10044,2016,32522.0,10.0,32522.0,10.0,0.0,7.1229663,0.030709714,1363.0751,41.859646,335387.338653,5470659.18725,10044
10044,2017,32522.0,10.0,32522.0,10.0,0.0,7.3940907,0.06768069,1787.5885,120.985214,335387.338653,5470659.18725,10044
10044,2018,32522.0,10.0,32522.0,10.0,0.0,7.404292,0.12125987,1805.9182,218.98541,335387.338653,5470659.18725,10044
10044,2019,32522.0,10.0,32522.0,10.0,0.0,7.3785667,0.0714608,1760.0525,125.77476,335387.338653,5470659.18725,10044
10044,2020,32522.0,10.0,32522.0,10.0,0.0,7.2897234,0.09380938,1610.4288,151.07333,335387.338653,5470659.18725,10044
10044,2021,32522.0,10.0,32522.0,10.0,0.0,7.2240677,0.006619204,1508.0913,9.982364,335387.338653,5470659.18725,10044
10044,2022,32522.0,10.0,32522.0,10.0,0.0,7.3627515,0.02391879,1732.436,41.437775,335387.338653,5470659.18725,10044
10044,2023,32522.0,10.0,32522.0,10.0,0.0,7.528019,0.011099452,2043.7694,22.684721,335387.338653,5470659.18725,10044
10044,2024,32522.0,10.0,32522.0,10.0,0.0,7.847715,0.028503364,2813.6763,80.199234,335387.338653,5470659.18725,10044
10044,2025,32522.0,10.0,32522.0,10.0,0.0,7.719878,0.023694614,2476.0273,58.66851,335387.338653,5470659.18725,10044
10045,2007,51046.0,10.0,51046.0,10.0,0.0,7.077674,0.01830132,1304.1609,23.867865,374046.822061,5469126.38858,10045
10045,2008,51046.0,10.0,51046.0,10.0,0.0,7.1304827,0.011152108,1374.8829,15.332844,374046.822061,5469126.38858,10045
10045,2009,51046.0,10.0,51046.0,10.0,0.0,6.9426866,0.09747232,1139.4806,111.06782,374046.822061,5469126.38858,10045
10045,2010,51046.0,10.0,51046.0,10.0,0.0,7.086694,0.010115218,1315.9774,13.311399,374046.822061,5469126.38858,10045
10045,2011,51046.0,10.0,51046.0,10.0,0.0,6.8315287,0.004753851,1019.6042,4.8470464,374046.822061,5469126.38858,10045
10045,2012,51046.0,10.0,51046.0,10.0,0.0,6.9750743,0.0127838915,1176.9897,15.046509,374046.822061,5469126.38858,10045
10045,2013,51046.0,10.0,51046.0,10.0,0.0,6.9922595,0.0048416755,1197.3915,5.797381,374046.822061,5469126.38858,10045
10045,2014,51046.0,10.0,51046.0,10.0,0.0,6.869675,0.012603176,1059.2502,13.349917,374046.822061,5469126.38858,10045
10045,2015,51046.0,10.0,51046.0,10.0,0.0,6.990148,0.04976506,1194.8662,59.46259,374046.822061,5469126.38858,10045
10045,2016,51046.0,10.0,51046.0,10.0,0.0,7.043406,0.04007337,1260.227,50.50154,374046.822061,5469126.38858,10045
10045,2017,51046.0,10.0,51046.0,10.0,0.0,6.993864,0.03716709,1199.3142,44.57502,374046.822061,5469126.38858,10045
10045,2018,51046.0,10.0,51046.0,10.0,0.0,6.966157,0.047815282,1166.541,55.778484,374046.822061,5469126.38858,10045
10045,2019,51046.0,10.0,51046.0,10.0,0.0,6.9750853,0.08557712,1177.0026,100.7245,374046.822061,5469126.38858,10045
10045,2020,51046.0,10.0,51046.0,10.0,0.0,7.272159,0.014732167,1584.145,23.337889,374046.822061,5469126.38858,10045
10045,2021,51046.0,10.0,51046.0,10.0,0.0,7.3503838,0.079846054,1713.0402,136.7795,374046.822061,5469126.38858,10045
10045,2022,51046.0,10.0,51046.0,10.0,0.0,7.298899,0.22376035,1627.0767,364.07526,374046.822061,5469126.38858,10045
10045,2023,51046.0,10.0,51046.0,10.0,0.0,7.49632,0.029922908,1982.197,59.3131,374046.822061,5469126.38858,10045
10045,2024,51046.0,10.0,51046.0,10.0,0.0,7.5275097,0.13557005,2044.9952,277.2401,374046.822061,5469126.38858,10045
10045,2025,51046.0,10.0,51046.0,10.0,0.0,7.905027,0.08566377,2982.9504,255.53078,374046.822061,5469126.38858,10045
10046,2007,17930.0,10.0,17930.0,10.0,0.0,6.9247026,0.15105143,1126.4052,170.14511,372633.679978,5488645.42234,10046
10046,2008,17930.0,10.0,17930.0,10.0,0.0,7.166499,0.029456407,1434.5159,42.255684,372633.679978,5488645.42234,10046
10046,2009,17930.0,10.0,17930.0,10.0,0.0,6.8457108,0.29976198,1040.8516,312.00772,372633.679978,5488645.42234,10046
10046,2010,17930.0,10.0,17930.0,10.0,0.0,7.060833,0.29333758,1290.6699,378.602,372633.679978,5488645.42234,10046
10046,2011,17930.0,10.0,17930.0,10.0,0.0,6.5930552,0.03794939,808.46643,30.680809,372633.679978,5488645.42234,10046
10046,2012,17930.0,10.0,17930.0,10.0,0.0,6.6962748,0.2052532,896.3749,183.98381,372633.679978,5488645.42234,10046
10046,2013,17930.0,10.0,17930.0,10.0,0.0,6.701461,0.06504209,901.0357,58.605247,372633.679978,5488645.42234,10046
10046,2014,17930.0,10.0,17930.0,10.0,0.0,7.117504,0.1863964,1365.9259,254.60368,372633.679978,5488645.42234,10046
10046,2015,17930.0,10.0,17930.0,10.0,0.0,6.5575805,0.20334704,780.2889,158.66943,372633.679978,5488645.42234,10046
10046,2016,17930.0,10.0,17930.0,10.0,0.0,6.5284243,0.31703627,757.86707,240.27136,372633.679978,5488645.42234,10046
10046,2017,17930.0,10.0,17930.0,10.0,0.0,6.7405796,0.12001726,936.98145,112.45394,372633.679978,5488645.42234,10046
10046,2018,17930.0,10.0,17930.0,10.0,0.0,6.8124576,0.01941586,1006.80914,19.548065,372633.679978,5488645.42234,10046
10046,2019,17930.0,10.0,17930.0,10.0,0.0,7.174226,0.08489565,1445.6431,122.72881,372633.679978,5488645.42234,10046
10046,2020,17930.0,10.0,17930.0,10.0,0.0,7.3644786,0.08151262,1748.5851,142.53175,372633.679978,5488645.42234,10046
10046,2021,17930.0,10.0,17930.0,10.0,0.0,7.373664,0.06325347,1764.7207,111.624695,372633.679978,5488645.42234,10046
10046,2022,17930.0,10.0,17930.0,10.0,0.0,7.3335333,0.10687151,1695.3037,181.17966,372633.679978,5488645.42234,10046
10046,2023,17930.0,10.0,17930.0,10.0,0.0,7.5024996,0.04341197,2007.3752,87.14411,372633.679978,5488645.42234,10046
10046,2024,17930.0,10.0,17930.0,10.0,0.0,7.6875052,0.04536847,2415.3242,109.579575,372633.679978,5488645.42234,10046
10046,2025,17930.0,10.0,17930.0,10.0,0.0,7.6054344,0.042159982,2225.0137,93.80653,372633.679978,5488645.42234,10046
11000,2007,1250397.0,10.0,1250397.0,10.0,0.0,7.7816987,0.03668508,2530.1917,92.82029,798734.794766,5825933.13539,11000
11000,2008,1250397.0,10.0,1250397.0,10.0,0.0,7.964727,0.05809425,3038.3772,176.51224,798734.794766,5825933.13539,11000
11000,2009,1250397.0,10.0,1250397.0,10.0,0.0,7.989273,0.057318825,3113.8796,178.48393,798734.794766,5825933.13539,11000
11000,2010,1250397.0,10.0,1250397.0,10.0,0.0,8.054496,0.003108022,3323.7458,10.330276,798734.794766,5825933.13539,11000
11000,2011,1250397.0,10.0,1250397.0,10.0,0.0,8.151315,8.025346e-05,3661.6409,0.29385936,798734.794766,5825933.13539,11000
11000,2012,1250397.0,10.0,1250397.0,10.0,0.0,8.243854,0.042869195,4016.6575,172.19087,798734.794766,5825933.13539,11000
11000,2013,1250397.0,10.0,1250397.0,10.0,0.0,8.3052225,0.042842817,4270.8765,182.97638,798734.794766,5825933.13539,11000
11000,2014,1250397.0,10.0,1250397.0,10.0,0.0,8.46205,0.037079886,4996.0454,185.2528,798734.794766,5825933.13539,11000
11000,2015,1250397.0,10.0,1250397.0,10.0,0.0,8.5108,0.028054373,5245.639,147.16312,798734.794766,5825933.13539,11000
11000,2016,1250397.0,10.0,1250397.0,10.0,0.0,8.53591,0.055690832,5379.021,299.56216,798734.794766,5825933.13539,11000
11000,2017,1250397.0,10.0,1250397.0,10.0,0.0,8.712618,0.0059652207,6418.6885,38.288895,798734.794766,5825933.13539,11000
11000,2018,1250397.0,10.0,1250397.0,10.0,0.0,8.789945,0.0033784478,6934.7197,23.428589,798734.794766,5825933.13539,11000
11000,2019,1250397.0,10.0,1250397.0,10.0,0.0,8.92091,0.034341674,7905.083,271.4738,798734.794766,5825933.13539,11000
11000,2020,1250397.0,10.0,1250397.0,10.0,0.0,8.974348,0.031226734,8339.013,260.40012,798734.794766,5825933.13539,11000
11000,2021,1250397.0,10.0,1250397.0,10.0,0.0,9.056318,0.03758364,9051.356,340.18292,798734.794766,5825933.13539,11000
11000,2022,1250397.0,10.0,1250397.0,10.0,0.0,9.144079,0.006329927,9881.608,62.549866,798734.794766,5825933.13539,11000
11000,2023,1250397.0,10.0,1250397.0,10.0,0.0,9.151867,0.05198082,9958.871,517.6703,798734.794766,5825933.13539,11000
11000,2024,1250397.0,10.0,1250397.0,10.0,0.0,9.152288,0.064605884,9963.069,643.6729,798734.794766,5825933.13539,11000
11000,2025,1250397.0,10.0,1250397.0,10.0,0.0,9.111741,0.07366443,9567.174,704.7603,798734.794766,5825933.13539,11000
12051,2007,14591.0,10.0,14591.0,10.0,0.0,7.0074472,0.05291603,1189.2688,62.93138,739395.502681,5811669.80303,12051
12051,2008,14591.0,10.0,14591.0,10.0,0.0,7.0005956,0.010773706,1181.1481,12.725342,739395.502681,5811669.80303,12051
12051,2009,14591.0,10.0,14591.0,10.0,0.0,6.8153305,0.025589133,981.39685,25.113094,739395.502681,5811669.80303,12051
12051,2010,14591.0,10.0,14591.0,10.0,0.0,6.9297647,0.0076809498,1100.3807,8.451969,739395.502681,5811669.80303,12051
12051,2011,14591.0,10.0,14591.0,10.0,0.0,7.1629043,0.0675094,1389.2935,93.790375,739395.502681,5811669.80303,12051
12051,2012,14591.0,10.0,14591.0,10.0,0.0,7.1214004,0.035353076,1332.813,47.11904,739395.502681,5811669.80303,12051
12051,2013,14591.0,10.0,14591.0,10.0,0.0,7.051913,0.03449821,1243.3433,42.89312,739395.502681,5811669.80303,12051
12051,2014,14591.0,10.0,14591.0,10.0,0.0,6.8613057,0.033287246,1027.57,34.204975,739395.502681,5811669.80303,12051
12051,2015,14591.0,10.0,14591.0,10.0,0.0,7.00191,0.04332877,1182.7019,51.24502,739395.502681,5811669.80303,12051
12051,2016,14591.0,10.0,14591.0,10.0,0.0,7.2412515,0.109862,1502.5187,165.06972,739395.502681,5811669.80303,12051
12051,2017,14591.0,10.0,14591.0,10.0,0.0,7.3171024,0.12322794,1620.9193,199.74254,739395.502681,5811669.80303,12051
12051,2018,14591.0,10.0,14591.0,10.0,0.0,7.3852286,0.052857965,1735.1951,91.71888,739395.502681,5811669.80303,12051
12051,2019,14591.0,10.0,14591.0,10.0,0.0,7.5424676,0.009766195,2030.6564,19.831785,739395.502681,5811669.80303,12051
12051,2020,14591.0,10.0,14591.0,10.0,0.0,7.6085086,0.04546835,2169.2903,98.63404,739395.502681,5811669.80303,12051
12051,2021,14591.0,10.0,14591.0,10.0,0.0,7.821477,0.04702889,2684.1606,126.23309,739395.502681,5811669.80303,12051
12051,2022,14591.0,10.0,14591.0,10.0,0.0,7.8923845,0.06112912,2881.3984,176.13736,739395.502681,5811669.80303,12051
12051,2023,14591.0,10.0,14591.0,10.0,0.0,7.8749743,0.025232231,2831.6672,71.44928,739395.502681,5811669.80303,12051
12051,2024,14591.0,10.0,14591.0,10.0,0.0,7.793487,0.10113242,2610.0735,263.96304,739395.502681,5811669.80303,12051
12051,2025,14591.0,10.0,14591.0,10.0,0.0,7.8490195,0.032708377,2759.1172,90.24624,739395.502681,5811669.80303,12051
12052,2007,17389.0,10.0,17389.0,10.0,0.0,7.106862,0.0062517994,1296.9344,8.108173,870137.325372,5749376.636,12052
12052,2008,17389.0,10.0,17389.0,10.0,0.0,7.1113997,0.017836502,1302.8331,23.237986,870137.325372,5749376.636,12052
12052,2009,17389.0,10.0,17389.0,10.0,0.0,7.00415,0.047477797,1170.3365,55.565002,870137.325372,5749376.636,12052
12052,2010,17389.0,10.0,17389.0,10.0,0.0,7.1258483,0.019145604,1321.7935,25.306534,870137.325372,5749376.636,12052
12052,2011,17389.0,10.0,17389.0,10.0,0.0,7.080372,0.053116135,1263.0293,67.087234,870137.325372,5749376.636,12052
12052,2012,17389.0,10.0,17389.0,10.0,0.0,7.3100157,0.10362793,1589.0828,164.67336,870137.325372,5749376.636,12052
12052,2013,17389.0,10.0,17389.0,10.0,0.0,7.308283,0.15765972,1586.3317,250.1006,870137.325372,5749376.636,12052
12052,2014,17389.0,10.0,17389.0,10.0,0.0,7.23326,0.060767405,1471.6757,89.42991,870137.325372,5749376.636,12052
12052,2015,17389.0,10.0,17389.0,10.0,0.0,7.115329,0.03457901,1307.9622,45.228035,870137.325372,5749376.636,12052
12052,2016,17389.0,10.0,17389.0,10.0,0.0,7.157829,0.038015738,1364.7487,51.88193,870137.325372,5749376.636,12052
12052,2017,17389.0,10.0,17389.0,10.0,0.0,7.3380604,0.05300506,1634.2793,86.62507,870137.325372,5749376.636,12052
12052,2018,17389.0,10.0,17389.0,10.0,0.0,7.3197126,0.048746314,1604.5671,78.21673,870137.325372,5749376.636,12052
12052,2019,17389.0,10.0,17389.0,10.0,0.0,7.3157415,0.02231991,1598.2083,35.671864,870137.325372,5749376.636,12052
12052,2020,17389.0,10.0,17389.0,10.0,0.0,7.33462,0.08215264,1628.6664,133.79924,870137.325372,5749376.636,12052
12052,2021,17389.0,10.0,17389.0,10.0,0.0,7.43324,0.0046252594,1797.4723,8.313775,870137.325372,5749376.636,12052
12052,2022,17389.0,10.0,17389.0,10.0,0.0,7.5062327,0.05508373,1933.5815,106.50889,870137.325372,5749376.636,12052
12052,2023,17389.0,10.0,17389.0,10.0,0.0,7.5472603,0.096910544,2014.5614,195.23224,870137.325372,5749376.636,12052
12052,2024,17389.0,10.0,17389.0,10.0,0.0,7.7815676,0.025281452,2546.473,64.37853,870137.325372,5749376.636,12052
12052,2025,17389.0,10.0,17389.0,10.0,0.0,7.899848,0.0023480514,2866.2063,6.7299995,870137.325372,5749376.636,12052
12053,2007,21101.0,25.0,7628.0,10.0,-0.056752574,7.0453463,0.049700294,1225.9407,60.929615,874034.574311,5811363.87332,12053
12053,2008,21101.0,25.0,7628.0,10.0,-0.056752574,7.100058,0.022887722,1294.8834,29.63693,874034.574311,5811363.87332,12053
12053,2009,21101.0,25.0,7628.0,10.0,-0.056752574,7.0261207,0.008631065,1202.5964,10.379687,874034.574311,5811363.87332,12053
12053,2010,21101.0,25.0,7628.0,10.0,-0.056752574,7.035431,0.017487692,1213.8451,21.227348,874034.574311,5811363.87332,12053
12053,2011,21101.0,25.0,7628.0,10.0,-0.056752574,6.95142,0.010911482,1116.0348,12.177593,874034.574311,5811363.87332,12053
12053,2012,21101.0,25.0,7628.0,10.0,-0.056752574,6.9379954,0.12382462,1101.1528,136.34982,874034.574311,5811363.87332,12053
12053,2013,21101.0,25.0,7628.0,10.0,-0.056752574,6.9624104,0.029041499,1128.3684,32.76951,874034.574311,5811363.87332,12053
12053,2014,21101.0,25.0,7628.0,10.0,-0.056752574,7.041536,0.03081806,1221.2782,37.637424,874034.574311,5811363.87332,12053
12053,2015,21101.0,25.0,7628.0,10.0,-0.056752574,6.992334,0.0319788,1162.6434,37.179943,874034.574311,5811363.87332,12053
12053,2016,21101.0,25.0,7628.0,10.0,-0.056752574,7.125451,0.084528096,1328.1852,112.26897,874034.574311,5811363.87332,12053
12053,2017,21101.0,25.0,7628.0,10.0,-0.056752574,7.192393,0.09356664,1420.1393,132.87767,874034.574311,5811363.87332,12053
12053,2018,21101.0,25.0,7628.0,10.0,-0.056752574,7.1757874,0.014171047,1396.7521,19.79344,874034.574311,5811363.87332,12053
12053,2019,21101.0,25.0,7628.0,10.0,-0.056752574,7.316556,0.033780165,1607.883,54.314556,874034.574311,5811363.87332,12053
12053,2020,21101.0,25.0,7628.0,10.0,-0.056752574,7.401213,0.024362432,1749.9294,42.632538,874034.574311,5811363.87332,12053
12053,2021,21101.0,25.0,7628.0,10.0,-0.056752574,7.4414315,0.03918488,1821.743,71.38478,874034.574311,5811363.87332,12053
12053,2022,21101.0,25.0,7628.0,10.0,-0.056752574,7.518376,0.042164028,1967.4503,82.95563,874034.574311,5811363.87332,12053
12053,2023,21101.0,25.0,7628.0,10.0,-0.056752574,7.712965,0.03669805,2390.0808,87.7113,874034.574311,5811363.87332,12053
12053,2024,21101.0,25.0,7628.0,10.0,-0.056752574,7.837936,0.06283513,2708.2378,170.17247,874034.574311,5811363.87332,12053
12053,2025,21101.0,25.0,7628.0,10.0,-0.056752574,7.8787556,0.033594,2821.0752,94.7712,874034.574311,5811363.87332,12053
12054,2007,106282.0,10.0,106282.0,10.0,0.0,7.71429,0.029968748,2395.244,71.782455,773884.108575,5816073.21688,12054
12054,2008,106282.0,10.0,106282.0,10.0,0.0,7.724569,0.07690337,2419.9912,186.10548,773884.108575,5816073.21688,12054
12054,2009,106282.0,10.0,106282.0,10.0,0.0,7.6628766,0.041217163,2275.208,93.777626,773884.108575,5816073.21688,12054
12054,2010,106282.0,10.0,106282.0,10.0,0.0,7.708193,0.026936311,2380.6833,64.12682,773884.108575,5816073.21688,12054
12054,2011,106282.0,10.0,106282.0,10.0,0.0,7.7080235,0.019295402,2380.2805,45.928467,773884.108575,5816073.21688,12054
12054,2012,106282.0,10.0,106282.0,10.0,0.0,7.8198967,0.024904607,2662.037,66.29699,773884.108575,5816073.21688,12054
12054,2013,106282.0,10.0,106282.0,10.0,0.0,7.9876056,0.010225715,3148.1038,32.191612,773884.108575,5816073.21688,12054
12054,2014,106282.0,10.0,106282.0,10.0,0.0,8.0197315,0.004015141,3250.883,13.052754,773884.108575,5816073.21688,12054
12054,2015,106282.0,10.0,106282.0,10.0,0.0,8.060614,0.026609393,3386.5383,90.11372,773884.108575,5816073.21688,12054
12054,2016,106282.0,10.0,106282.0,10.0,0.0,8.173597,0.006374591,3791.6138,24.169987,773884.108575,5816073.21688,12054
12054,2017,106282.0,10.0,106282.0,10.0,0.0,8.253899,0.025345536,4108.6465,104.13585,773884.108575,5816073.21688,12054
12054,2018,106282.0,10.0,106282.0,10.0,0.0,8.266129,0.011062658,4159.201,46.01182,773884.108575,5816073.21688,12054
12054,2019,106282.0,10.0,106282.0,10.0,0.0,8.420321,0.0023549993,4852.607,11.427885,773884.108575,5816073.21688,12054
12054,2020,106282.0,10.0,106282.0,10.0,0.0,8.399918,0.038975377,4754.6,185.31232,773884.108575,5816073.21688,12054
12054,2021,106282.0,10.0,106282.0,10.0,0.0,8.780899,0.015288366,6959.4033,106.3979,773884.108575,5816073.21688,12054
12054,2022,106282.0,10.0,106282.0,10.0,0.0,8.795522,0.059420336,7061.9204,419.6217,773884.108575,5816073.21688,12054
12054,2023,106282.0,10.0,106282.0,10.0,0.0,8.65457,0.009788647,6133.4956,60.038624,773884.108575,5816073.21688,12054
12054,2024,106282.0,10.0,106282.0,10.0,0.0,8.601588,0.07856374,5816.989,457.00443,773884.108575,5816073.21688,12054
12054,2025,106282.0,10.0,106282.0,10.0,0.0,8.621534,0.049117748,5934.1816,291.47363,773884.108575,5816073.21688,12054
12060,2007,104730.0,10.0,104730.0,10.0,0.0,7.02264,0.14938593,1173.6415,175.32553,811438.90284,5837177.23423,12060
12060,2008,104730.0,10.0,104730.0,10.0,0.0,7.01108,0.047883768,1160.1515,55.552425,811438.90284,5837177.23423,12060
12060,2009,104730.0,10.0,104730.0,10.0,0.0,6.9111753,0.09511168,1049.8488,99.852875,811438.90284,5837177.23423,12060
12060,2010,104730.0,10.0,104730.0,10.0,0.0,6.9658575,0.19398676,1108.8555,215.10329,811438.90284,5837177.23423,12060
12060,2011,104730.0,10.0,104730.0,10.0,0.0,6.848039,0.18093412,985.6146,178.33131,811438.90284,5837177.23423,12060
12060,2012,104730.0,10.0,104730.0,10.0,0.0,6.905146,0.18589753,1043.5382,193.99117,811438.90284,5837177.23423,12060
12060,2013,104730.0,10.0,104730.0,10.0,0.0,6.9402847,0.122882575,1080.8583,132.81865,811438.90284,5837177.23423,12060
12060,2014,104730.0,10.0,104730.0,10.0,0.0,7.0236654,0.124866225,1174.8452,146.69849,811438.90284,5837177.23423,12060
12060,2015,104730.0,10.0,104730.0,10.0,0.0,7.180188,0.06965683,1373.908,95.702065,811438.90284,5837177.23423,12060
12060,2016,104730.0,10.0,104730.0,10.0,0.0,7.3537025,0.112213984,1634.2329,183.38379,811438.90284,5837177.23423,12060
12060,2017,104730.0,10.0,104730.0,10.0,0.0,7.4640183,0.1819493,1824.8346,332.02737,811438.90284,5837177.23423,12060
12060,2018,104730.0,10.0,104730.0,10.0,0.0,7.7319655,0.14716254,2385.5657,351.06592,811438.90284,5837177.23423,12060
12060,2019,104730.0,10.0,104730.0,10.0,0.0,7.885746,0.12347089,2782.1304,343.51212,811438.90284,5837177.23423,12060
12060,2020,104730.0,10.0,104730.0,10.0,0.0,8.070749,0.16384354,3347.523,548.47003,811438.90284,5837177.23423,12060
12060,2021,104730.0,10.0,104730.0,10.0,0.0,8.115411,0.097635806,3500.4167,341.76602,811438.90284,5837177.23423,12060
12060,2022,104730.0,10.0,104730.0,10.0,0.0,8.1196995,0.15271464,3515.461,536.86237,811438.90284,5837177.23423,12060
12060,2023,104730.0,10.0,104730.0,10.0,0.0,8.024513,0.02977845,3196.2695,95.179955,811438.90284,5837177.23423,12060
12060,2024,104730.0,10.0,104730.0,10.0,0.0,7.975132,0.030080117,3042.267,91.51176,811438.90284,5837177.23423,12060
12060,2025,104730.0,10.0,104730.0,10.0,0.0,8.008254,0.019727604,3144.719,62.03777,811438.90284,5837177.23423,12060
12061,2007,33382.0,10.0,33382.0,10.0,0.0,7.137034,0.08117273,1345.2959,109.20134,817078.505279,5796724.82224,12061
12061,2008,33382.0,10.0,33382.0,10.0,0.0,7.1100135,0.061030447,1309.4323,79.91524,817078.505279,5796724.82224,12061
12061,2009,33382.0,10.0,33382.0,10.0,0.0,7.113006,0.10410096,1313.3568,136.7217,817078.505279,5796724.82224,12061
12061,2010,33382.0,10.0,33382.0,10.0,0.0,7.1398525,0.06528016,1349.0933,88.06903,817078.505279,5796724.82224,12061
12061,2011,33382.0,10.0,33382.0,10.0,0.0,7.2378116,0.05176989,1487.9388,77.030426,817078.505279,5796724.82224,12061
12061,2012,33382.0,10.0,33382.0,10.0,0.0,7.265528,0.09130086,1529.7557,139.66801,817078.505279,5796724.82224,12061
12061,2013,33382.0,10.0,33382.0,10.0,0.0,7.244982,0.056206163,1498.6456,84.23312,817078.505279,5796724.82224,12061
12061,2014,33382.0,10.0,33382.0,10.0,0.0,7.331482,0.05925305,1634.0508,96.82249,817078.505279,5796724.82224,12061
12061,2015,33382.0,10.0,33382.0,10.0,0.0,7.4407735,0.008292225,1822.7634,15.114765,817078.505279,5796724.82224,12061
12061,2016,33382.0,10.0,33382.0,10.0,0.0,7.393832,0.028198494,1739.1771,49.04217,817078.505279,5796724.82224,12061
12061,2017,33382.0,10.0,33382.0,10.0,0.0,7.467259,0.0008399507,1871.6848,1.572123,817078.505279,5796724.82224,12061
12061,2018,33382.0,10.0,33382.0,10.0,0.0,7.608562,0.025530135,2155.7578,55.03679,817078.505279,5796724.82224,12061
12061,2019,33382.0,10.0,33382.0,10.0,0.0,7.79795,0.0818202,2605.2534,213.16235,817078.505279,5796724.82224,12061
12061,2020,33382.0,10.0,33382.0,10.0,0.0,8.045282,0.04951801,3336.3015,165.20702,817078.505279,5796724.82224,12061
12061,2021,33382.0,10.0,33382.0,10.0,0.0,8.29268,0.07216891,4272.759,308.36035,817078.505279,5796724.82224,12061
12061,2022,33382.0,10.0,33382.0,10.0,0.0,8.424971,0.021572785,4877.101,105.21265,817078.505279,5796724.82224,12061
12061,2023,33382.0,10.0,33382.0,10.0,0.0,8.173288,0.019885732,3791.9033,75.40477,817078.505279,5796724.82224,12061
12061,2024,33382.0,10.0,33382.0,10.0,0.0,8.293303,0.055853233,4275.42,238.79602,817078.505279,5796724.82224,12061
12061,2025,33382.0,10.0,33382.0,10.0,0.0,8.148019,0.020266462,3697.2847,74.93088,817078.505279,5796724.82224,12061
12062,2007,36098.0,25.0,4925.0,10.0,-0.1041207,6.4885883,0.065498926,723.8246,47.409733,804398.351267,5713968.45499,12062
12062,2008,36098.0,25.0,4925.0,10.0,-0.1041207,6.658146,0.08964956,857.5731,76.88106,804398.351267,5713968.45499,12062
12062,2009,36098.0,25.0,4925.0,10.0,-0.1041207,6.370311,0.20634888,643.0813,132.69911,804398.351267,5713968.45499,12062
12062,2010,36098.0,25.0,4925.0,10.0,-0.1041207,6.289421,0.108466916,593.1111,64.33293,804398.351267,5713968.45499,12062
12062,2011,36098.0,25.0,4925.0,10.0,-0.1041207,6.265077,0.04183086,578.84674,24.213657,804398.351267,5713968.45499,12062
12062,2012,36098.0,25.0,4925.0,10.0,-0.1041207,6.4456306,0.2652352,693.3889,183.91115,804398.351267,5713968.45499,12062
12062,2013,36098.0,25.0,4925.0,10.0,-0.1041207,6.522917,0.17384131,749.10376,130.22517,804398.351267,5713968.45499,12062
12062,2014,36098.0,25.0,4925.0,10.0,-0.1041207,6.4220247,0.07302796,677.2127,49.455463,804398.351267,5713968.45499,12062
12062,2015,36098.0,25.0,4925.0,10.0,-0.1041207,6.4792895,0.047679666,717.12506,34.192284,804398.351267,5713968.45499,12062
12062,2016,36098.0,25.0,4925.0,10.0,-0.1041207,6.550081,0.11402072,769.73126,87.765305,804398.351267,5713968.45499,12062
12062,2017,36098.0,25.0,4925.0,10.0,-0.1041207,6.4005704,0.026207836,662.8382,17.371555,804398.351267,5713968.45499,12062
12062,2018,36098.0,25.0,4925.0,10.0,-0.1041207,6.289735,0.10304803,593.297,61.13809,804398.351267,5713968.45499,12062
12062,2019,36098.0,25.0,4925.0,10.0,-0.1041207,6.554107,0.023884667,772.83673,18.458948,804398.351267,5713968.45499,12062
12062,2020,36098.0,25.0,4925.0,10.0,-0.1041207,6.595498,0.07968204,805.4964,64.18359,804398.351267,5713968.45499,12062
12062,2021,36098.0,25.0,4925.0,10.0,-0.1041207,6.759858,0.04882008,949.3888,46.349236,804398.351267,5713968.45499,12062
12062,2022,36098.0,25.0,4925.0,10.0,-0.1041207,7.182485,0.05172761,1448.7347,74.93959,804398.351267,5713968.45499,12062
12062,2023,36098.0,25.0,4925.0,10.0,-0.1041207,6.9215484,0.02115728,1116.0032,23.611591,804398.351267,5713968.45499,12062
12062,2024,36098.0,25.0,4925.0,10.0,-0.1041207,7.105712,0.04743421,1341.673,63.6412,804398.351267,5713968.45499,12062
12062,2025,36098.0,25.0,4925.0,10.0,-0.1041207,7.104032,0.06637465,1339.4205,88.903564,804398.351267,5713968.45499,12062
12063,2007,52430.0,10.0,52430.0,10.0,0.0,7.201691,0.04392758,1404.9362,61.715446,768889.886966,5834000.67825,12063
12063,2008,52430.0,10.0,52430.0,10.0,0.0,7.1038885,0.054568365,1274.0352,69.52202,768889.886966,5834000.67825,12063
12063,2009,52430.0,10.0,52430.0,10.0,0.0,7.057514,0.014333739,1216.3019,17.434153,768889.886966,5834000.67825,12063
12063,2010,52430.0,10.0,52430.0,10.0,0.0,7.0793805,0.08455676,1243.1907,105.12018,768889.886966,5834000.67825,12063
12063,2011,52430.0,10.0,52430.0,10.0,0.0,7.12836,0.060437307,1305.5972,78.906784,768889.886966,5834000.67825,12063
12063,2012,52430.0,10.0,52430.0,10.0,0.0,7.206948,0.24113078,1412.3406,340.5588,768889.886966,5834000.67825,12063
12063,2013,52430.0,10.0,52430.0,10.0,0.0,7.210514,0.052452102,1417.3866,74.34491,768889.886966,5834000.67825,12063
12063,2014,52430.0,10.0,52430.0,10.0,0.0,7.290054,0.03718406,1534.7305,57.06751,768889.886966,5834000.67825,12063
12063,2015,52430.0,10.0,52430.0,10.0,0.0,7.331758,0.0462338,1600.0879,73.97815,768889.886966,5834000.67825,12063
12063,2016,52430.0,10.0,52430.0,10.0,0.0,7.3888288,0.01831948,1694.0626,31.034348,768889.886966,5834000.67825,12063
12063,2017,52430.0,10.0,52430.0,10.0,0.0,7.4103837,0.007195167,1730.974,12.454646,768889.886966,5834000.67825,12063
12063,2018,52430.0,10.0,52430.0,10.0,0.0,7.5017667,0.05961603,1896.6088,113.06828,768889.886966,5834000.67825,12063
12063,2019,52430.0,10.0,52430.0,10.0,0.0,7.6367598,0.02057663,2170.7231,44.66617,768889.886966,5834000.67825,12063
12063,2020,52430.0,10.0,52430.0,10.0,0.0,7.762438,0.063225165,2461.4197,155.62367,768889.886966,5834000.67825,12063
12063,2021,52430.0,10.0,52430.0,10.0,0.0,8.081674,0.10004849,3387.0996,338.8742,768889.886966,5834000.67825,12063
12063,2022,52430.0,10.0,52430.0,10.0,0.0,8.158439,0.06863263,3657.3528,251.01375,768889.886966,5834000.67825,12063
12063,2023,52430.0,10.0,52430.0,10.0,0.0,8.034353,0.047744647,3230.555,154.2417,768889.886966,5834000.67825,12063
12063,2024,52430.0,10.0,52430.0,10.0,0.0,8.135847,0.02303109,3575.6526,82.35117,768889.886966,5834000.67825,12063
12063,2025,52430.0,10.0,52430.0,10.0,0.0,8.2452,0.08309961,3988.8416,331.4712,768889.886966,5834000.67825,12063
12064,2007,35379.0,10.0,35379.0,10.0,0.0,7.0056667,0.085110076,1156.1378,98.39898,824939.623952,5837747.87834,12064
12064,2008,35379.0,10.0,35379.0,10.0,0.0,6.9074454,0.01308474,1047.9794,13.712538,824939.623952,5837747.87834,12064
12064,2009,35379.0,10.0,35379.0,10.0,0.0,6.870556,0.065387525,1010.0242,66.042984,824939.623952,5837747.87834,12064
12064,2010,35379.0,10.0,35379.0,10.0,0.0,6.853386,0.07427692,992.8302,73.74437,824939.623952,5837747.87834,12064
12064,2011,35379.0,10.0,35379.0,10.0,0.0,7.1163297,0.14351626,1291.427,185.34077,824939.623952,5837747.87834,12064
12064,2012,35379.0,10.0,35379.0,10.0,0.0,7.2628984,0.14844203,1495.285,221.96315,824939.623952,5837747.87834,12064
12064,2013,35379.0,10.0,35379.0,10.0,0.0,7.331057,0.10340578,1600.755,165.52731,824939.623952,5837747.87834,12064
12064,2014,35379.0,10.0,35379.0,10.0,0.0,7.414815,0.16431865,1740.6057,286.01398,824939.623952,5837747.87834,12064
12064,2015,35379.0,10.0,35379.0,10.0,0.0,7.3198915,0.14241241,1582.9807,225.43608,824939.623952,5837747.87834,12064
12064,2016,35379.0,10.0,35379.0,10.0,0.0,6.996923,0.04859332,1146.073,55.69149,824939.623952,5837747.87834,12064
12064,2017,35379.0,10.0,35379.0,10.0,0.0,7.032241,0.052829385,1187.2731,62.722908,824939.623952,5837747.87834,12064
12064,2018,35379.0,10.0,35379.0,10.0,0.0,7.3580384,0.080035746,1644.5336,131.62148,824939.623952,5837747.87834,12064
12064,2019,35379.0,10.0,35379.0,10.0,0.0,7.4928412,0.16225171,1881.8582,305.33472,824939.623952,5837747.87834,12064
12064,2020,35379.0,10.0,35379.0,10.0,0.0,7.707218,0.023539262,2331.7908,54.888634,824939.623952,5837747.87834,12064
12064,2021,35379.0,10.0,35379.0,10.0,0.0,7.713828,0.061973985,2347.2544,145.4687,824939.623952,5837747.87834,12064
12064,2022,35379.0,10.0,35379.0,10.0,0.0,8.1728735,0.1207888,3714.676,448.69125,824939.623952,5837747.87834,12064
12064,2023,35379.0,10.0,35379.0,10.0,0.0,7.995679,0.0088299075,3111.4753,27.474041,824939.623952,5837747.87834,12064
12064,2024,35379.0,10.0,35379.0,10.0,0.0,7.9827123,0.11447254,3071.391,351.58994,824939.623952,5837747.87834,12064
12064,2025,35379.0,10.0,35379.0,10.0,0.0,8.131166,0.037261494,3562.9363,132.76033,824939.623952,5837747.87834,12064
12065,2007,95036.0,10.0,95036.0,10.0,0.0,7.233877,0.055779267,1461.8192,81.5392,790882.578535,5847827.81255,12065
12065,2008,95036.0,10.0,95036.0,10.0,0.0,7.2538137,0.03905178,1491.2552,58.23617,790882.578535,5847827.81255,12065
12065,2009,95036.0,10.0,95036.0,10.0,0.0,7.173947,0.07891472,1376.7855,108.648636,790882.578535,5847827.81255,12065
12065,2010,95036.0,10.0,95036.0,10.0,0.0,7.2134414,0.043316573,1432.2485,62.040096,790882.578535,5847827.81255,12065
12065,2011,95036.0,10.0,95036.0,10.0,0.0,7.2788053,0.05963383,1528.9934,91.17973,790882.578535,5847827.81255,12065
12065,2012,95036.0,10.0,95036.0,10.0,0.0,7.327558,0.031617716,1605.3832,50.758553,790882.578535,5847827.81255,12065
12065,2013,95036.0,10.0,95036.0,10.0,0.0,7.3838086,0.05726728,1698.2751,97.2556,790882.578535,5847827.81255,12065
12065,2014,95036.0,10.0,95036.0,10.0,0.0,7.4794188,0.057713773,1868.6628,107.84759,790882.578535,5847827.81255,12065
12065,2015,95036.0,10.0,95036.0,10.0,0.0,7.458566,0.035665106,1830.1001,65.27071,790882.578535,5847827.81255,12065
12065,2016,95036.0,10.0,95036.0,10.0,0.0,7.646242,0.06703154,2207.9106,147.99963,790882.578535,5847827.81255,12065
12065,2017,95036.0,10.0,95036.0,10.0,0.0,7.72814,0.00958687,2396.3442,22.97344,790882.578535,5847827.81255,12065
12065,2018,95036.0,10.0,95036.0,10.0,0.0,7.785363,0.032994017,2537.47,83.72133,790882.578535,5847827.81255,12065
12065,2019,95036.0,10.0,95036.0,10.0,0.0,7.8593273,0.008295529,2732.2668,22.665596,790882.578535,5847827.81255,12065
12065,2020,95036.0,10.0,95036.0,10.0,0.0,8.037425,0.0006005987,3264.9023,1.960896,790882.578535,5847827.81255,12065
12065,2021,95036.0,10.0,95036.0,10.0,0.0,8.251093,0.0884168,4042.6392,357.43723,790882.578535,5847827.81255,12065
12065,2022,95036.0,10.0,95036.0,10.0,0.0,8.377071,0.05195382,4585.391,238.22858,790882.578535,5847827.81255,12065
12065,2023,95036.0,10.0,95036.0,10.0,0.0,8.194813,0.093602866,3821.3997,357.69394,790882.578535,5847827.81255,12065
12065,2024,95036.0,10.0,95036.0,10.0,0.0,8.150336,0.13044313,3655.1638,476.791,790882.578535,5847827.81255,12065
12065,2025,95036.0,10.0,95036.0,10.0,0.0,8.137389,0.05607266,3608.1433,202.31819,790882.578535,5847827.81255,12065
12066,2007,24652.0,25.0,2576.0,10.0,0.074449964,6.7288413,0.051830303,910.6819,47.200916,838691.796386,5744435.1064,12066
12066,2008,24652.0,25.0,2576.0,10.0,0.074449964,6.6827245,0.0011422476,869.6375,0.9933413,838691.796386,5744435.1064,12066
12066,2009,24652.0,25.0,2576.0,10.0,0.074449964,6.4628887,0.011323043,698.0153,7.903658,838691.796386,5744435.1064,12066
12066,2010,24652.0,25.0,2576.0,10.0,0.074449964,6.7393026,0.08612455,920.2585,79.25684,838691.796386,5744435.1064,12066
12066,2011,24652.0,25.0,2576.0,10.0,0.074449964,7.01711,0.10623366,1214.9547,129.06908,838691.796386,5744435.1064,12066
12066,2012,24652.0,25.0,2576.0,10.0,0.074449964,6.8179593,0.18471512,995.5658,183.89606,838691.796386,5744435.1064,12066
12066,2013,24652.0,25.0,2576.0,10.0,0.074449964,6.700602,0.14897409,885.3244,131.8904,838691.796386,5744435.1064,12066
12066,2014,24652.0,25.0,2576.0,10.0,0.074449964,6.738949,0.018300593,919.93317,16.835321,838691.796386,5744435.1064,12066
12066,2015,24652.0,25.0,2576.0,10.0,0.074449964,6.7509828,0.09907474,931.07043,92.24556,838691.796386,5744435.1064,12066
12066,2016,24652.0,25.0,2576.0,10.0,0.074449964,6.5458226,0.038429204,758.3727,29.143658,838691.796386,5744435.1064,12066
12066,2017,24652.0,25.0,2576.0,10.0,0.074449964,6.49134,0.04091937,718.15985,29.386648,838691.796386,5744435.1064,12066
12066,2018,24652.0,25.0,2576.0,10.0,0.074449964,6.7537045,0.096576534,933.6081,90.164635,838691.796386,5744435.1064,12066
12066,2019,24652.0,25.0,2576.0,10.0,0.074449964,6.8746033,0.038707368,1053.5864,40.78156,838691.796386,5744435.1064,12066
12066,2020,24652.0,25.0,2576.0,10.0,0.074449964,6.9470687,0.00038207002,1132.7697,0.4327973,838691.796386,5744435.1064,12066
12066,2021,24652.0,25.0,2576.0,10.0,0.074449964,6.9370933,0.18104157,1121.5259,203.04282,838691.796386,5744435.1064,12066
12066,2022,24652.0,25.0,2576.0,10.0,0.074449964,7.316232,0.0073054023,1638.5784,11.970474,838691.796386,5744435.1064,12066
12066,2023,24652.0,25.0,2576.0,10.0,0.074449964,7.377808,0.061873943,1742.6467,107.824425,838691.796386,5744435.1064,12066
12066,2024,24652.0,25.0,2576.0,10.0,0.074449964,7.2800455,0.13611345,1580.3439,215.10605,838691.796386,5744435.1064,12066
12066,2025,24652.0,25.0,2576.0,10.0,0.074449964,7.482592,0.09238086,1935.1581,178.77158,838691.796386,5744435.1064,12066
12067,2007,29760.0,25.0,4106.0,10.0,0.33754808,7.2406907,0.17308338,1520.0399,263.09363,860302.660245,5793681.03224,12067
12067,2008,29760.0,25.0,4106.0,10.0,0.33754808,7.139416,0.023309894,1373.6372,32.019337,860302.660245,5793681.03224,12067
12067,2009,29760.0,25.0,4106.0,10.0,0.33754808,6.8395467,0.16902599,1017.7484,172.02592,860302.660245,5793681.03224,12067
12067,2010,29760.0,25.0,4106.0,10.0,0.33754808,7.0452647,0.19004256,1250.2087,237.59285,860302.660245,5793681.03224,12067
12067,2011,29760.0,25.0,4106.0,10.0,0.33754808,6.9954524,0.14100462,1189.4587,167.7192,860302.660245,5793681.03224,12067
12067,2012,29760.0,25.0,4106.0,10.0,0.33754808,6.9289074,0.119589195,1112.8824,133.08871,860302.660245,5793681.03224,12067
12067,2013,29760.0,25.0,4106.0,10.0,0.33754808,6.898673,0.08762522,1079.7388,94.61235,860302.660245,5793681.03224,12067
12067,2014,29760.0,25.0,4106.0,10.0,0.33754808,7.0060515,0.27734765,1202.1332,333.40878,860302.660245,5793681.03224,12067
12067,2015,29760.0,25.0,4106.0,10.0,0.33754808,6.9147763,0.14839235,1097.2667,162.82599,860302.660245,5793681.03224,12067
12067,2016,29760.0,25.0,4106.0,10.0,0.33754808,6.965222,0.012846843,1154.039,14.825757,860302.660245,5793681.03224,12067
12067,2017,29760.0,25.0,4106.0,10.0,0.33754808,7.026171,0.08573122,1226.5643,105.15486,860302.660245,5793681.03224,12067
12067,2018,29760.0,25.0,4106.0,10.0,0.33754808,7.1112823,0.08738903,1335.5304,116.71071,860302.660245,5793681.03224,12067
12067,2019,29760.0,25.0,4106.0,10.0,0.33754808,7.399803,0.09068046,1782.2007,161.61078,860302.660245,5793681.03224,12067
12067,2020,29760.0,25.0,4106.0,10.0,0.33754808,7.6028547,0.0061007612,2183.4377,13.320632,860302.660245,5793681.03224,12067
12067,2021,29760.0,25.0,4106.0,10.0,0.33754808,7.7233133,0.19266824,2462.9482,474.5319,860302.660245,5793681.03224,12067
12067,2022,29760.0,25.0,4106.0,10.0,0.33754808,7.8320985,0.0018528589,2745.997,5.0879455,860302.660245,5793681.03224,12067
12067,2023,29760.0,25.0,4106.0,10.0,0.33754808,7.939628,0.018092016,3057.7341,55.320576,860302.660245,5793681.03224,12067
12067,2024,29760.0,25.0,4106.0,10.0,0.33754808,8.036429,0.002925201,3368.5273,9.85362,860302.660245,5793681.03224,12067
12067,2025,29760.0,25.0,4106.0,10.0,0.33754808,7.971999,0.006875629,3158.3357,21.715544,860302.660245,5793681.03224,12067
12068,2007,40324.0,25.0,2798.0,10.0,0.14016224,7.0630994,0.034433305,1254.9635,43.21254,755921.423898,5855293.57865,12068
12068,2008,40324.0,25.0,2798.0,10.0,0.14016224,6.871364,0.10542698,1036.0044,109.22281,755921.423898,5855293.57865,12068
12068,2009,40324.0,25.0,2798.0,10.0,0.14016224,6.8022103,0.06800629,966.78174,65.74724,755921.423898,5855293.57865,12068
12068,2010,40324.0,25.0,2798.0,10.0,0.14016224,6.828901,0.19554318,992.9335,194.16136,755921.423898,5855293.57865,12068
12068,2011,40324.0,25.0,2798.0,10.0,0.14016224,6.821616,0.10665119,985.7265,105.1289,755921.423898,5855293.57865,12068
12068,2012,40324.0,25.0,2798.0,10.0,0.14016224,6.925577,0.30786946,1093.7198,336.72293,755921.423898,5855293.57865,12068
12068,2013,40324.0,25.0,2798.0,10.0,0.14016224,6.9427853,0.04354061,1112.7036,48.447792,755921.423898,5855293.57865,12068
12068,2014,40324.0,25.0,2798.0,10.0,0.14016224,7.26682,0.15917562,1538.5295,244.8964,755921.423898,5855293.57865,12068
12068,2015,40324.0,25.0,2798.0,10.0,0.14016224,7.277238,0.089140385,1554.6417,138.58136,755921.423898,5855293.57865,12068
12068,2016,40324.0,25.0,2798.0,10.0,0.14016224,7.259639,0.07580928,1527.5208,115.80025,755921.423898,5855293.57865,12068
12068,2017,40324.0,25.0,2798.0,10.0,0.14016224,7.0482755,0.10133631,1236.4973,125.30207,755921.423898,5855293.57865,12068
12068,2018,40324.0,25.0,2798.0,10.0,0.14016224,7.0815377,0.09380425,1278.3179,119.911644,755921.423898,5855293.57865,12068
12068,2019,40324.0,25.0,2798.0,10.0,0.14016224,7.4120817,0.0099003,1779.0669,17.613295,755921.423898,5855293.57865,12068
12068,2020,40324.0,25.0,2798.0,10.0,0.14016224,7.5634127,0.026045866,2069.7336,53.90801,755921.423898,5855293.57865,12068
12068,2021,40324.0,25.0,2798.0,10.0,0.14016224,7.675222,0.14008734,2314.5828,324.24374,755921.423898,5855293.57865,12068
12068,2022,40324.0,25.0,2798.0,10.0,0.14016224,7.740536,0.022892289,2470.8037,56.562355,755921.423898,5855293.57865,12068
12068,2023,40324.0,25.0,2798.0,10.0,0.14016224,7.639114,0.18234861,2232.4978,407.09286,755921.423898,5855293.57865,12068
12068,2024,40324.0,25.0,2798.0,10.0,0.14016224,7.6419444,0.12853277,2238.8267,287.7626,755921.423898,5855293.57865,12068
12068,2025,40324.0,25.0,2798.0,10.0,0.14016224,7.674954,0.030083375,2313.9617,69.61178,755921.423898,5855293.57865,12068
12069,2007,18232.0,10.0,18232.0,10.0,0.0,6.9558635,0.025614975,1110.3218,28.440865,769577.247986,5793664.02367,12069
12069,2008,18232.0,10.0,18232.0,10.0,0.0,7.054202,0.07661648,1225.0585,93.85967,769577.247986,5793664.02367,12069
12069,2009,18232.0,10.0,18232.0,10.0,0.0,7.0067573,0.08829011,1168.2933,103.14874,769577.247986,5793664.02367,12069
12069,2010,18232.0,10.0,18232.0,10.0,0.0,7.041881,0.075476915,1210.0574,91.331406,769577.247986,5793664.02367,12069
12069,2011,18232.0,10.0,18232.0,10.0,0.0,6.986207,0.018651783,1144.5295,21.347517,769577.247986,5793664.02367,12069
12069,2012,18232.0,10.0,18232.0,10.0,0.0,6.964136,0.011975457,1119.5454,13.407067,769577.247986,5793664.02367,12069
12069,2013,18232.0,10.0,18232.0,10.0,0.0,6.981001,0.1919309,1138.5862,218.52988,769577.247986,5793664.02367,12069
12069,2014,18232.0,10.0,18232.0,10.0,0.0,6.8107653,0.08355139,960.35876,80.23932,769577.247986,5793664.02367,12069
12069,2015,18232.0,10.0,18232.0,10.0,0.0,6.9122515,0.0478786,1062.9392,50.89204,769577.247986,5793664.02367,12069
12069,2016,18232.0,10.0,18232.0,10.0,0.0,7.010202,0.09161943,1172.3247,107.40772,769577.247986,5793664.02367,12069
12069,2017,18232.0,10.0,18232.0,10.0,0.0,7.075684,0.047121633,1251.6598,58.980255,769577.247986,5793664.02367,12069
12069,2018,18232.0,10.0,18232.0,10.0,0.0,7.2583523,0.11011323,1502.5123,165.4465,769577.247986,5793664.02367,12069
12069,2019,18232.0,10.0,18232.0,10.0,0.0,7.474118,0.16849284,1864.3354,314.1272,769577.247986,5793664.02367,12069
12069,2020,18232.0,10.0,18232.0,10.0,0.0,7.3658648,0.0789063,1673.0552,132.01459,769577.247986,5793664.02367,12069
12069,2021,18232.0,10.0,18232.0,10.0,0.0,7.9700794,0.19913705,3061.3804,609.6342,769577.247986,5793664.02367,12069
12069,2022,18232.0,10.0,18232.0,10.0,0.0,8.093842,0.23535958,3464.707,815.45197,769577.247986,5793664.02367,12069
12069,2023,18232.0,10.0,18232.0,10.0,0.0,7.9923215,0.066893436,3130.2344,209.39214,769577.247986,5793664.02367,12069
12069,2024,18232.0,10.0,18232.0,10.0,0.0,7.8743224,0.063165456,2781.8298,175.71555,769577.247986,5793664.02367,12069
12069,2025,18232.0,10.0,18232.0,10.0,0.0,7.9854784,0.036156222,3108.888,112.405655,769577.247986,5793664.02367,12069
12070,2007,13698.0,25.0,1852.0,10.0,0.0036368053,6.536951,0.08444141,772.3091,65.21487,705446.970114,5889348.84299,12070
12070,2008,13698.0,25.0,1852.0,10.0,0.0036368053,6.5587025,0.09365367,789.2917,73.92006,705446.970114,5889348.84299,12070
12070,2009,13698.0,25.0,1852.0,10.0,0.0036368053,6.5027947,0.17422424,746.375,130.03662,705446.970114,5889348.84299,12070
12070,2010,13698.0,25.0,1852.0,10.0,0.0036368053,6.2721686,0.1974345,592.64905,117.00937,705446.970114,5889348.84299,12070
12070,2011,13698.0,25.0,1852.0,10.0,0.0036368053,6.6837077,0.24278826,894.38965,217.14731,705446.970114,5889348.84299,12070
12070,2012,13698.0,25.0,1852.0,10.0,0.0036368053,6.3510675,0.21181084,641.30255,135.83482,705446.970114,5889348.84299,12070
12070,2013,13698.0,25.0,1852.0,10.0,0.0036368053,6.565991,0.2050232,795.0656,163.0069,705446.970114,5889348.84299,12070
12070,2014,13698.0,25.0,1852.0,10.0,0.0036368053,6.9326024,0.18942451,1147.1501,217.29836,705446.970114,5889348.84299,12070
12070,2015,13698.0,25.0,1852.0,10.0,0.0036368053,6.7987103,0.03843905,1003.39453,38.569534,705446.970114,5889348.84299,12070
12070,2016,13698.0,25.0,1852.0,10.0,0.0036368053,6.696308,0.005595796,905.7304,5.0682826,705446.970114,5889348.84299,12070
12070,2017,13698.0,25.0,1852.0,10.0,0.0036368053,6.796288,0.049172502,1000.96686,49.220047,705446.970114,5889348.84299,12070
12070,2018,13698.0,25.0,1852.0,10.0,0.0036368053,6.882806,0.1303498,1091.4253,142.26706,705446.970114,5889348.84299,12070
12070,2019,13698.0,25.0,1852.0,10.0,0.0036368053,6.893156,0.014105585,1102.7802,15.55536,705446.970114,5889348.84299,12070
12070,2020,13698.0,25.0,1852.0,10.0,0.0036368053,7.2595286,0.15579256,1590.7524,247.8274,705446.970114,5889348.84299,12070
12070,2021,13698.0,25.0,1852.0,10.0,0.0036368053,6.9778595,0.06685735,1200.2596,80.246185,705446.970114,5889348.84299,12070
12070,2022,13698.0,25.0,1852.0,10.0,0.0036368053,7.350529,0.04029217,1742.3027,70.20116,705446.970114,5889348.84299,12070
12070,2023,13698.0,25.0,1852.0,10.0,0.0036368053,7.3137593,0.13135527,1679.402,220.5983,705446.970114,5889348.84299,12070
12070,2024,13698.0,25.0,1852.0,10.0,0.0036368053,7.18581,0.042239625,1477.7028,62.41761,705446.970114,5889348.84299,12070
12070,2025,13698.0,25.0,1852.0,10.0,0.0036368053,7.342574,0.0036346444,1728.4977,6.2824745,705446.970114,5889348.84299,12070
12071,2007,39185.0,25.0,4024.0,10.0,0.1566166,6.8583703,0.029793153,1041.3259,31.024382,860669.097071,5736719.72689,12071
12071,2008,39185.0,25.0,4024.0,10.0,0.1566166,6.8537216,0.00028294203,1036.4962,0.29326835,860669.097071,5736719.72689,12071
12071,2009,39185.0,25.0,4024.0,10.0,0.1566166,6.679757,0.0020224843,870.9955,1.7615746,860669.097071,5736719.72689,12071
12071,2010,39185.0,25.0,4024.0,10.0,0.1566166,6.675906,0.02531681,867.64777,21.966074,860669.097071,5736719.72689,12071
12071,2011,39185.0,25.0,4024.0,10.0,0.1566166,6.758645,0.008903194,942.4894,8.391166,860669.097071,5736719.72689,12071
12071,2012,39185.0,25.0,4024.0,10.0,0.1566166,6.713634,0.122498415,901.0075,110.37199,860669.097071,5736719.72689,12071
12071,2013,39185.0,25.0,4024.0,10.0,0.1566166,6.9143505,0.27460578,1101.2821,302.41843,860669.097071,5736719.72689,12071
12071,2014,39185.0,25.0,4024.0,10.0,0.1566166,6.879202,0.3491788,1063.2458,371.2629,860669.097071,5736719.72689,12071
12071,2015,39185.0,25.0,4024.0,10.0,0.1566166,6.8844852,0.05198111,1068.8785,55.561493,860669.097071,5736719.72689,12071
12071,2016,39185.0,25.0,4024.0,10.0,0.1566166,6.8316345,0.05842699,1013.854,59.236443,860669.097071,5736719.72689,12071
12071,2017,39185.0,25.0,4024.0,10.0,0.1566166,7.0435324,0.21243443,1253.1456,266.21127,860669.097071,5736719.72689,12071
12071,2018,39185.0,25.0,4024.0,10.0,0.1566166,6.9976115,0.16182445,1196.9011,193.68787,860669.097071,5736719.72689,12071
12071,2019,39185.0,25.0,4024.0,10.0,0.1566166,6.856242,0.109333575,1039.1123,113.60987,860669.097071,5736719.72689,12071
12071,2020,39185.0,25.0,4024.0,10.0,0.1566166,6.910048,0.051177546,1096.5537,56.11893,860669.097071,5736719.72689,12071
12071,2021,39185.0,25.0,4024.0,10.0,0.1566166,7.1273603,0.12176384,1362.723,165.93037,860669.097071,5736719.72689,12071
12071,2022,39185.0,25.0,4024.0,10.0,0.1566166,7.4296994,0.06300824,1843.7911,116.17404,860669.097071,5736719.72689,12071
12071,2023,39185.0,25.0,4024.0,10.0,0.1566166,7.417981,0.0036570767,1822.3113,6.664332,860669.097071,5736719.72689,12071
12071,2024,39185.0,25.0,4024.0,10.0,0.1566166,7.3763556,0.10167944,1748.0138,177.73706,860669.097071,5736719.72689,12071
12071,2025,39185.0,25.0,4024.0,10.0,0.1566166,7.7112846,0.034531284,2443.445,84.3753,860669.097071,5736719.72689,12071
12072,2007,12930.0,10.0,12930.0,10.0,0.0,7.2039394,0.008870096,1423.1073,12.623097,799208.271777,5786343.53867,12072
12072,2008,12930.0,10.0,12930.0,10.0,0.0,6.807587,0.037943956,957.4234,36.328434,799208.271777,5786343.53867,12072
12072,2009,12930.0,10.0,12930.0,10.0,0.0,6.8030505,0.09080712,953.0897,86.54733,799208.271777,5786343.53867,12072
12072,2010,12930.0,10.0,12930.0,10.0,0.0,7.1919565,0.04142548,1406.156,58.250687,799208.271777,5786343.53867,12072
12072,2011,12930.0,10.0,12930.0,10.0,0.0,6.8615217,0.0068477434,1010.47955,6.919504,799208.271777,5786343.53867,12072
12072,2012,12930.0,10.0,12930.0,10.0,0.0,6.9474306,0.21303661,1101.1271,234.58038,799208.271777,5786343.53867,12072
12072,2013,12930.0,10.0,12930.0,10.0,0.0,7.070586,0.13510258,1245.441,168.2623,799208.271777,5786343.53867,12072
12072,2014,12930.0,10.0,12930.0,10.0,0.0,7.1319942,0.19473286,1324.3181,257.88828,799208.271777,5786343.53867,12072
12072,2015,12930.0,10.0,12930.0,10.0,0.0,7.1197224,0.045472134,1308.1654,59.485073,799208.271777,5786343.53867,12072
12072,2016,12930.0,10.0,12930.0,10.0,0.0,7.1513977,0.08015649,1350.2654,108.23254,799208.271777,5786343.53867,12072
12072,2017,12930.0,10.0,12930.0,10.0,0.0,7.297734,0.01686214,1563.0472,26.35632,799208.271777,5786343.53867,12072
12072,2018,12930.0,10.0,12930.0,10.0,0.0,7.487244,0.072113335,1889.1891,136.23572,799208.271777,5786343.53867,12072
12072,2019,12930.0,10.0,12930.0,10.0,0.0,7.5883894,0.015506106,2090.2693,32.411938,799208.271777,5786343.53867,12072
12072,2020,12930.0,10.0,12930.0,10.0,0.0,7.750278,0.022658128,2457.5908,55.68441,799208.271777,5786343.53867,12072
12072,2021,12930.0,10.0,12930.0,10.0,0.0,7.8381243,0.06447602,2683.2473,173.00511,799208.271777,5786343.53867,12072
12072,2022,12930.0,10.0,12930.0,10.0,0.0,7.95994,0.09933233,3030.8503,301.06143,799208.271777,5786343.53867,12072
12072,2023,12930.0,10.0,12930.0,10.0,0.0,8.081964,0.09905626,3424.1963,339.18808,799208.271777,5786343.53867,12072
12072,2024,12930.0,10.0,12930.0,10.0,0.0,8.225685,0.07419394,3953.4485,293.32193,799208.271777,5786343.53867,12072
12072,2025,12930.0,10.0,12930.0,10.0,0.0,8.178261,0.060649857,3770.3374,228.67041,799208.271777,5786343.53867,12072
12073,2007,16271.0,25.0,3264.0,10.0,0.0016973683,6.990756,0.15231581,1191.5752,181.49573,833111.843918,5888575.16371,12073
12073,2008,16271.0,25.0,3264.0,10.0,0.0016973683,6.8520336,0.033495437,1037.2301,34.742477,833111.843918,5888575.16371,12073
12073,2009,16271.0,25.0,3264.0,10.0,0.0016973683,6.5179415,0.16332638,742.6441,121.29338,833111.843918,5888575.16371,12073
12073,2010,16271.0,25.0,3264.0,10.0,0.0016973683,6.734379,0.08838038,922.1004,81.49559,833111.843918,5888575.16371,12073
12073,2011,16271.0,25.0,3264.0,10.0,0.0016973683,6.8623514,0.16616024,1047.9874,174.13385,833111.843918,5888575.16371,12073
12073,2012,16271.0,25.0,3264.0,10.0,0.0016973683,7.074076,0.039220642,1295.1107,50.795074,833111.843918,5888575.16371,12073
12073,2013,16271.0,25.0,3264.0,10.0,0.0016973683,6.996197,0.054848094,1198.0764,65.712204,833111.843918,5888575.16371,12073
12073,2014,16271.0,25.0,3264.0,10.0,0.0016973683,7.0112333,0.15741953,1216.2268,191.45786,833111.843918,5888575.16371,12073
12073,2015,16271.0,25.0,3264.0,10.0,0.0016973683,6.95824,0.0046915677,1153.4531,5.4115033,833111.843918,5888575.16371,12073
12073,2016,16271.0,25.0,3264.0,10.0,0.0016973683,6.771981,0.03621598,957.4335,34.674393,833111.843918,5888575.16371,12073
12073,2017,16271.0,25.0,3264.0,10.0,0.0016973683,6.795177,0.008610112,979.9015,8.437062,833111.843918,5888575.16371,12073
12073,2018,16271.0,25.0,3264.0,10.0,0.0016973683,6.9368253,0.018839948,1129.0148,21.27058,833111.843918,5888575.16371,12073
12073,2019,16271.0,25.0,3264.0,10.0,0.0016973683,7.075528,0.011085328,1296.9923,14.377585,833111.843918,5888575.16371,12073
12073,2020,16271.0,25.0,3264.0,10.0,0.0016973683,7.1097317,0.05215973,1342.1218,70.004715,833111.843918,5888575.16371,12073
12073,2021,16271.0,25.0,3264.0,10.0,0.0016973683,7.2934737,0.08185244,1612.8357,132.01454,833111.843918,5888575.16371,12073
12073,2022,16271.0,25.0,3264.0,10.0,0.0016973683,7.643517,0.004808787,2288.821,11.006452,833111.843918,5888575.16371,12073
12073,2023,16271.0,25.0,3264.0,10.0,0.0016973683,7.688681,0.009613735,2394.5637,23.020702,833111.843918,5888575.16371,12073
12073,2024,16271.0,25.0,3264.0,10.0,0.0016973683,7.739982,0.08433101,2520.613,212.56586,833111.843918,5888575.16371,12073
12073,2025,16271.0,25.0,3264.0,10.0,0.0016973683,7.5820427,0.083895266,2152.3555,180.57242,833111.843918,5888575.16371,12073
13003,2007,28882.0,10.0,28882.0,10.0,0.0,7.2186036,0.112044394,1462.1893,163.83012,705269.111152,6004473.56888,13003
13003,2008,28882.0,10.0,28882.0,10.0,0.0,7.2714906,0.1787345,1541.6011,275.5373,705269.111152,6004473.56888,13003
13003,2009,28882.0,10.0,28882.0,10.0,0.0,7.2122364,0.20574622,1452.9084,298.93042,705269.111152,6004473.56888,13003
13003,2010,28882.0,10.0,28882.0,10.0,0.0,7.3289847,0.04117623,1632.8324,67.23388,705269.111152,6004473.56888,13003
13003,2011,28882.0,10.0,28882.0,10.0,0.0,7.347794,0.26780602,1663.835,445.58502,705269.111152,6004473.56888,13003
13003,2012,28882.0,10.0,28882.0,10.0,0.0,7.3949056,0.15672325,1744.097,273.34058,705269.111152,6004473.56888,13003
13003,2013,28882.0,10.0,28882.0,10.0,0.0,7.4104514,0.4076754,1771.4221,722.16516,705269.111152,6004473.56888,13003
13003,2014,28882.0,10.0,28882.0,10.0,0.0,7.573138,0.53012174,2084.376,1104.973,705269.111152,6004473.56888,13003
13003,2015,28882.0,10.0,28882.0,10.0,0.0,7.7551856,0.29041082,2500.5652,726.19116,705269.111152,6004473.56888,13003
13003,2016,28882.0,10.0,28882.0,10.0,0.0,7.7700977,0.2836709,2538.1335,719.9947,705269.111152,6004473.56888,13003
13003,2017,28882.0,10.0,28882.0,10.0,0.0,7.8321977,0.36903656,2700.7483,996.67487,705269.111152,6004473.56888,13003
13003,2018,28882.0,10.0,28882.0,10.0,0.0,7.908713,0.23982297,2915.508,699.2058,705269.111152,6004473.56888,13003
13003,2019,28882.0,10.0,28882.0,10.0,0.0,7.660774,0.0024091732,2275.2856,5.4815574,705269.111152,6004473.56888,13003
13003,2020,28882.0,10.0,28882.0,10.0,0.0,7.765774,0.112375356,2527.182,283.99298,705269.111152,6004473.56888,13003
13003,2021,28882.0,10.0,28882.0,10.0,0.0,8.071245,0.07256587,3430.057,248.90504,705269.111152,6004473.56888,13003
13003,2022,28882.0,10.0,28882.0,10.0,0.0,8.218827,0.25327295,3975.5327,1006.89484,705269.111152,6004473.56888,13003
13003,2023,28882.0,10.0,28882.0,10.0,0.0,8.065532,0.037405726,3410.5122,127.572685,705269.111152,6004473.56888,13003
13003,2024,28882.0,10.0,28882.0,10.0,0.0,8.044996,0.0042290566,3341.1929,14.130095,705269.111152,6004473.56888,13003
13003,2025,28882.0,10.0,28882.0,10.0,0.0,8.231984,0.1026638,4028.1829,413.54855,705269.111152,6004473.56888,13003
13004,2007,22804.0,10.0,22804.0,10.0,0.0,7.342939,0.00872849,1649.9458,14.401536,659832.895466,5944119.56178,13004
13004,2008,22804.0,10.0,22804.0,10.0,0.0,7.3333836,0.0032064286,1634.2548,5.2401214,659832.895466,5944119.56178,13004
13004,2009,22804.0,10.0,22804.0,10.0,0.0,7.154594,0.022799257,1366.6975,31.159687,659832.895466,5944119.56178,13004
13004,2010,22804.0,10.0,22804.0,10.0,0.0,7.218914,0.020030146,1457.4921,29.193779,659832.895466,5944119.56178,13004
13004,2011,22804.0,10.0,22804.0,10.0,0.0,7.1960797,0.007251516,1424.5885,10.330426,659832.895466,5944119.56178,13004
13004,2012,22804.0,10.0,22804.0,10.0,0.0,7.3276544,0.028214065,1624.9186,45.845562,659832.895466,5944119.56178,13004
13004,2013,22804.0,10.0,22804.0,10.0,0.0,7.3734803,0.039146513,1701.1143,66.59269,659832.895466,5944119.56178,13004
13004,2014,22804.0,10.0,22804.0,10.0,0.0,7.4863133,0.021288976,1904.3046,40.540695,659832.895466,5944119.56178,13004
13004,2015,22804.0,10.0,22804.0,10.0,0.0,7.465372,0.0095881205,1864.84,17.88031,659832.895466,5944119.56178,13004
13004,2016,22804.0,10.0,22804.0,10.0,0.0,7.545071,0.0063330843,2019.5499,12.789981,659832.895466,5944119.56178,13004
13004,2017,22804.0,10.0,22804.0,10.0,0.0,7.692785,0.013107747,2341.023,30.685535,659832.895466,5944119.56178,13004
13004,2018,22804.0,10.0,22804.0,10.0,0.0,7.6515207,0.0133949295,2246.3887,30.090218,659832.895466,5944119.56178,13004
13004,2019,22804.0,10.0,22804.0,10.0,0.0,7.6314106,0.044532828,2201.6648,98.046364,659832.895466,5944119.56178,13004
13004,2020,22804.0,10.0,22804.0,10.0,0.0,7.7710223,0.03911494,2531.534,99.020805,659832.895466,5944119.56178,13004
13004,2021,22804.0,10.0,22804.0,10.0,0.0,7.9745073,0.02237825,3102.8176,69.43562,659832.895466,5944119.56178,13004
13004,2022,22804.0,10.0,22804.0,10.0,0.0,7.99004,0.012888548,3151.3882,40.616817,659832.895466,5944119.56178,13004
13004,2023,22804.0,10.0,22804.0,10.0,0.0,7.8949537,0.02217822,2865.5415,63.55261,659832.895466,5944119.56178,13004
13004,2024,22804.0,10.0,22804.0,10.0,0.0,7.8959703,0.013721964,2868.4558,39.360847,659832.895466,5944119.56178,13004
13004,2025,22804.0,10.0,22804.0,10.0,0.0,7.884879,0.030135361,2836.816,85.48847,659832.895466,5944119.56178,13004
13071,2007,20581.0,25.0,3125.0,10.0,-0.10487605,6.7090335,0.0502981,907.3923,45.640106,752655.46018,5980733.12636,13071
13071,2008,20581.0,25.0,3125.0,10.0,-0.10487605,6.6431117,0.138258,849.50433,117.45077,752655.46018,5980733.12636,13071
13071,2009,20581.0,25.0,3125.0,10.0,-0.10487605,6.5858593,0.118018545,802.23425,94.67852,752655.46018,5980733.12636,13071
13071,2010,20581.0,25.0,3125.0,10.0,-0.10487605,6.978777,0.17107318,1188.3469,203.2943,752655.46018,5980733.12636,13071
13071,2011,20581.0,25.0,3125.0,10.0,-0.10487605,6.8151445,0.20403723,1008.97095,205.86765,752655.46018,5980733.12636,13071
13071,2012,20581.0,25.0,3125.0,10.0,-0.10487605,6.5991693,0.0012015247,812.9835,0.9768198,752655.46018,5980733.12636,13071
13071,2013,20581.0,25.0,3125.0,10.0,-0.10487605,6.5829554,0.13022812,799.90814,104.17053,752655.46018,5980733.12636,13071
13071,2014,20581.0,25.0,3125.0,10.0,-0.10487605,6.6610928,0.09845354,864.9176,85.1542,752655.46018,5980733.12636,13071
13071,2015,20581.0,25.0,3125.0,10.0,-0.10487605,6.9218097,0.05638502,1122.5422,63.29457,752655.46018,5980733.12636,13071
13071,2016,20581.0,25.0,3125.0,10.0,-0.10487605,6.907421,0.100777544,1106.5062,111.51099,752655.46018,5980733.12636,13071
13071,2017,20581.0,25.0,3125.0,10.0,-0.10487605,6.7387486,0.12913063,934.7604,120.7062,752655.46018,5980733.12636,13071
13071,2018,20581.0,25.0,3125.0,10.0,-0.10487605,6.9000654,0.10436867,1098.3971,114.63824,752655.46018,5980733.12636,13071
13071,2019,20581.0,25.0,3125.0,10.0,-0.10487605,7.005465,0.1047381,1220.4886,127.831665,752655.46018,5980733.12636,13071
13071,2020,20581.0,25.0,3125.0,10.0,-0.10487605,6.913462,0.13789885,1113.2106,153.51045,752655.46018,5980733.12636,13071
13071,2021,20581.0,25.0,3125.0,10.0,-0.10487605,7.0176907,0.07850072,1235.5016,96.98776,752655.46018,5980733.12636,13071
13071,2022,20581.0,25.0,3125.0,10.0,-0.10487605,7.1200314,0.026233863,1368.6398,35.90471,752655.46018,5980733.12636,13071
13071,2023,20581.0,25.0,3125.0,10.0,-0.10487605,7.19608,0.066966355,1476.7838,98.89483,752655.46018,5980733.12636,13071
13071,2024,20581.0,25.0,3125.0,10.0,-0.10487605,7.229429,0.12475105,1526.8627,190.47772,752655.46018,5980733.12636,13071
13071,2025,20581.0,25.0,3125.0,10.0,-0.10487605,7.284583,0.011745177,1613.441,18.95015,752655.46018,5980733.12636,13071
13072,2007,18318.0,10.0,18318.0,10.0,0.0,7.2216163,0.05862654,1450.7698,85.05361,688829.811024,6000221.57403,13072
13072,2008,18318.0,10.0,18318.0,10.0,0.0,7.2098455,0.061849356,1433.793,88.67917,688829.811024,6000221.57403,13072
13072,2009,18318.0,10.0,18318.0,10.0,0.0,7.0803003,0.047939077,1259.5798,60.383095,688829.811024,6000221.57403,13072
13072,2010,18318.0,10.0,18318.0,10.0,0.0,7.109394,0.07918902,1296.7639,102.68947,688829.811024,6000221.57403,13072
13072,2011,18318.0,10.0,18318.0,10.0,0.0,7.223219,0.023264982,1453.0969,33.806274,688829.811024,6000221.57403,13072
13072,2012,18318.0,10.0,18318.0,10.0,0.0,7.1843348,0.09895349,1397.6783,138.30516,688829.811024,6000221.57403,13072
13072,2013,18318.0,10.0,18318.0,10.0,0.0,7.2308607,0.06425787,1464.2434,94.089165,688829.811024,6000221.57403,13072
13072,2014,18318.0,10.0,18318.0,10.0,0.0,7.223014,0.062512144,1452.7987,90.81757,688829.811024,6000221.57403,13072
13072,2015,18318.0,10.0,18318.0,10.0,0.0,7.429703,0.009080178,1786.3625,16.22049,688829.811024,6000221.57403,13072
13072,2016,18318.0,10.0,18318.0,10.0,0.0,7.5844197,0.061411444,2085.269,128.05939,688829.811024,6000221.57403,13072
13072,2017,18318.0,10.0,18318.0,10.0,0.0,7.732939,0.018611623,2419.1506,45.024323,688829.811024,6000221.57403,13072
13072,2018,18318.0,10.0,18318.0,10.0,0.0,7.649104,0.013900636,2224.6108,30.923506,688829.811024,6000221.57403,13072
13072,2019,18318.0,10.0,18318.0,10.0,0.0,7.7104635,0.018813131,2365.387,44.500336,688829.811024,6000221.57403,13072
13072,2020,18318.0,10.0,18318.0,10.0,0.0,7.8848777,0.031592082,2816.1084,88.96673,688829.811024,6000221.57403,13072
13072,2021,18318.0,10.0,18318.0,10.0,0.0,7.900085,0.042038895,2859.2603,120.200134,688829.811024,6000221.57403,13072
13072,2022,18318.0,10.0,18318.0,10.0,0.0,8.234662,0.09755923,3995.3865,389.78683,688829.811024,6000221.57403,13072
13072,2023,18318.0,10.0,18318.0,10.0,0.0,8.209013,0.038235575,3894.2097,148.89735,688829.811024,6000221.57403,13072
13072,2024,18318.0,10.0,18318.0,10.0,0.0,8.153757,0.037119262,3684.871,136.7797,688829.811024,6000221.57403,13072
13072,2025,18318.0,10.0,18318.0,10.0,0.0,8.110598,0.046902798,3529.2168,165.53015,688829.811024,6000221.57403,13072
13073,2007,29029.0,25.0,9660.0,10.0,-0.26237053,7.614516,0.13855503,2207.397,305.84598,797963.747716,6039673.69145,13073
13073,2008,29029.0,25.0,9660.0,10.0,-0.26237053,7.470577,0.07799207,1911.4741,149.07982,797963.747716,6039673.69145,13073
13073,2009,29029.0,25.0,9660.0,10.0,-0.26237053,7.3885,0.045079805,1760.8529,79.37891,797963.747716,6039673.69145,13073
13073,2010,29029.0,25.0,9660.0,10.0,-0.26237053,7.3807793,0.04285691,1747.3096,74.88429,797963.747716,6039673.69145,13073
13073,2011,29029.0,25.0,9660.0,10.0,-0.26237053,7.4379964,0.15156513,1850.2015,280.42606,797963.747716,6039673.69145,13073
13073,2012,29029.0,25.0,9660.0,10.0,-0.26237053,7.5992947,0.13011886,2174.0515,282.8851,797963.747716,6039673.69145,13073
13073,2013,29029.0,25.0,9660.0,10.0,-0.26237053,7.7577744,0.17172168,2547.3984,437.44354,797963.747716,6039673.69145,13073
13073,2014,29029.0,25.0,9660.0,10.0,-0.26237053,7.774999,0.14865875,2591.6565,385.27243,797963.747716,6039673.69145,13073
13073,2015,29029.0,25.0,9660.0,10.0,-0.26237053,7.6599073,0.13673504,2309.9028,315.84464,797963.747716,6039673.69145,13073
13073,2016,29029.0,25.0,9660.0,10.0,-0.26237053,7.6823936,0.19685863,2362.4326,465.06522,797963.747716,6039673.69145,13073
13073,2017,29029.0,25.0,9660.0,10.0,-0.26237053,7.8727684,0.15336311,2857.8418,438.2875,797963.747716,6039673.69145,13073
13073,2018,29029.0,25.0,9660.0,10.0,-0.26237053,7.9046464,0.09411667,2950.4106,277.68283,797963.747716,6039673.69145,13073
13073,2019,29029.0,25.0,9660.0,10.0,-0.26237053,8.023603,0.14883061,3323.1123,494.58084,797963.747716,6039673.69145,13073
13073,2020,29029.0,25.0,9660.0,10.0,-0.26237053,7.911888,0.20042333,2971.854,595.62885,797963.747716,6039673.69145,13073
13073,2021,29029.0,25.0,9660.0,10.0,-0.26237053,8.0628605,0.1473989,3456.1604,509.43423,797963.747716,6039673.69145,13073
13073,2022,29029.0,25.0,9660.0,10.0,-0.26237053,8.342623,0.13328737,4571.865,609.3719,797963.747716,6039673.69145,13073
13073,2023,29029.0,25.0,9660.0,10.0,-0.26237053,8.306153,0.07570156,4408.1343,333.70264,797963.747716,6039673.69145,13073
13073,2024,29029.0,25.0,9660.0,10.0,-0.26237053,8.198247,0.13443285,3957.232,531.982,797963.747716,6039673.69145,13073
13073,2025,29029.0,25.0,9660.0,10.0,-0.26237053,8.180811,0.18149363,3888.8325,705.7983,797963.747716,6039673.69145,13073
13074,2007,46900.0,25.0,4660.0,10.0,-0.10961294,6.997018,0.089216575,1191.2316,106.2776,644775.606257,5970530.2523,13074
13074,2008,46900.0,25.0,4660.0,10.0,-0.10961294,6.971954,0.062231205,1161.7455,72.29682,644775.606257,5970530.2523,13074
13074,2009,46900.0,25.0,4660.0,10.0,-0.10961294,6.8303757,0.004949272,1008.38055,4.99075,644775.606257,5970530.2523,13074
13074,2010,46900.0,25.0,4660.0,10.0,-0.10961294,6.8916607,0.0048454916,1072.1122,5.1949105,644775.606257,5970530.2523,13074
13074,2011,46900.0,25.0,4660.0,10.0,-0.10961294,6.9114494,0.029236475,1093.5392,31.971233,644775.606257,5970530.2523,13074
13074,2012,46900.0,25.0,4660.0,10.0,-0.10961294,6.6603165,0.04505494,850.6845,38.327538,644775.606257,5970530.2523,13074
13074,2013,46900.0,25.0,4660.0,10.0,-0.10961294,6.864722,0.09952975,1043.6158,103.87083,644775.606257,5970530.2523,13074
13074,2014,46900.0,25.0,4660.0,10.0,-0.10961294,6.7457457,0.07295659,926.55237,67.5981,644775.606257,5970530.2523,13074
13074,2015,46900.0,25.0,4660.0,10.0,-0.10961294,6.755992,0.008698418,936.09503,8.142547,644775.606257,5970530.2523,13074
13074,2016,46900.0,25.0,4660.0,10.0,-0.10961294,6.9096847,0.032422323,1091.6108,35.392555,644775.606257,5970530.2523,13074
13074,2017,46900.0,25.0,4660.0,10.0,-0.10961294,6.9674377,0.04379436,1156.5109,50.648655,644775.606257,5970530.2523,13074
13074,2018,46900.0,25.0,4660.0,10.0,-0.10961294,7.0892677,0.065407135,1306.3506,85.44464,644775.606257,5970530.2523,13074
13074,2019,46900.0,25.0,4660.0,10.0,-0.10961294,7.1799326,0.060344942,1430.3259,86.312935,644775.606257,5970530.2523,13074
13074,2020,46900.0,25.0,4660.0,10.0,-0.10961294,7.3950987,0.020634819,1773.701,36.6,644775.606257,5970530.2523,13074
13074,2021,46900.0,25.0,4660.0,10.0,-0.10961294,7.509326,0.060244262,1988.3318,119.78558,644775.606257,5970530.2523,13074
13074,2022,46900.0,25.0,4660.0,10.0,-0.10961294,7.5702834,0.0032033105,2113.3052,6.7695727,644775.606257,5970530.2523,13074
13074,2023,46900.0,25.0,4660.0,10.0,-0.10961294,7.4983926,0.012030192,1966.7101,23.659899,644775.606257,5970530.2523,13074
13074,2024,46900.0,25.0,4660.0,10.0,-0.10961294,7.473508,0.0045155054,1918.3732,8.662424,644775.606257,5970530.2523,13074
13074,2025,46900.0,25.0,4660.0,10.0,-0.10961294,7.470668,0.036491722,1912.9326,69.806206,644775.606257,5970530.2523,13074
13075,2007,20554.0,25.0,4131.0,10.0,-0.09769523,6.5856175,0.0959202,809.11426,77.6104,809043.200742,5975552.69839,13075
13075,2008,20554.0,25.0,4131.0,10.0,-0.09769523,6.643969,0.13740806,857.7318,117.85927,809043.200742,5975552.69839,13075
13075,2009,20554.0,25.0,4131.0,10.0,-0.09769523,6.6062083,0.19367656,825.94727,159.96663,809043.200742,5975552.69839,13075
13075,2010,20554.0,25.0,4131.0,10.0,-0.09769523,6.5606275,0.04463891,789.1449,35.226566,809043.200742,5975552.69839,13075
13075,2011,20554.0,25.0,4131.0,10.0,-0.09769523,6.684325,0.106345855,893.0545,94.97265,809043.200742,5975552.69839,13075
13075,2012,20554.0,25.0,4131.0,10.0,-0.09769523,6.7268786,0.030112863,931.87756,28.0615,809043.200742,5975552.69839,13075
13075,2013,20554.0,25.0,4131.0,10.0,-0.09769523,6.8026195,0.06606167,1005.2003,66.405205,809043.200742,5975552.69839,13075
13075,2014,20554.0,25.0,4131.0,10.0,-0.09769523,6.6211605,0.009637836,838.3898,8.080263,809043.200742,5975552.69839,13075
13075,2015,20554.0,25.0,4131.0,10.0,-0.09769523,6.5505524,0.02237162,781.2342,17.477474,809043.200742,5975552.69839,13075
13075,2016,20554.0,25.0,4131.0,10.0,-0.09769523,6.5280223,0.08125857,763.8298,62.06772,809043.200742,5975552.69839,13075
13075,2017,20554.0,25.0,4131.0,10.0,-0.09769523,6.543216,0.09803971,775.52405,76.03215,809043.200742,5975552.69839,13075
13075,2018,20554.0,25.0,4131.0,10.0,-0.09769523,6.625876,0.16444229,842.3526,138.51839,809043.200742,5975552.69839,13075
13075,2019,20554.0,25.0,4131.0,10.0,-0.09769523,6.9395537,0.048114054,1152.7163,55.461857,809043.200742,5975552.69839,13075
13075,2020,20554.0,25.0,4131.0,10.0,-0.09769523,7.0255003,0.100924075,1256.1703,126.777824,809043.200742,5975552.69839,13075
13075,2021,20554.0,25.0,4131.0,10.0,-0.09769523,7.1570263,0.022026079,1432.7473,31.557806,809043.200742,5975552.69839,13075
13075,2022,20554.0,25.0,4131.0,10.0,-0.09769523,7.4341455,0.00074718014,1890.2566,1.4123622,809043.200742,5975552.69839,13075
13075,2023,20554.0,25.0,4131.0,10.0,-0.09769523,7.3439107,0.083652966,1727.1598,144.48204,809043.200742,5975552.69839,13075
13075,2024,20554.0,25.0,4131.0,10.0,-0.09769523,7.5374846,0.39983037,2096.0447,838.0624,809043.200742,5975552.69839,13075
13075,2025,20554.0,25.0,4131.0,10.0,-0.09769523,7.444012,0.15526375,1909.0,296.3985,809043.200742,5975552.69839,13075
13076,2007,58296.0,25.0,4026.0,10.0,0.017151339,6.9867353,0.060833603,1151.3917,70.04331,614870.658473,5916585.92784,13076
13076,2008,58296.0,25.0,4026.0,10.0,0.017151339,6.9716783,0.012132126,1134.1848,13.760073,614870.658473,5916585.92784,13076
13076,2009,58296.0,25.0,4026.0,10.0,0.017151339,6.801047,0.080971666,956.268,77.43062,614870.658473,5916585.92784,13076
13076,2010,58296.0,25.0,4026.0,10.0,0.017151339,6.9167566,0.020836728,1073.5734,22.369757,614870.658473,5916585.92784,13076
13076,2011,58296.0,25.0,4026.0,10.0,0.017151339,6.895053,0.04259483,1050.5239,44.74689,614870.658473,5916585.92784,13076
13076,2012,58296.0,25.0,4026.0,10.0,0.017151339,6.8652196,0.04015519,1019.6463,40.94409,614870.658473,5916585.92784,13076
13076,2013,58296.0,25.0,4026.0,10.0,0.017151339,6.917537,0.0016738783,1074.4117,1.7984345,614870.658473,5916585.92784,13076
13076,2014,58296.0,25.0,4026.0,10.0,0.017151339,6.9234767,0.001760325,1080.8121,1.9025806,614870.658473,5916585.92784,13076
13076,2015,58296.0,25.0,4026.0,10.0,0.017151339,6.9092164,0.0066915257,1065.5088,7.1298795,614870.658473,5916585.92784,13076
13076,2016,58296.0,25.0,4026.0,10.0,0.017151339,6.916956,0.03343946,1073.7872,35.906864,614870.658473,5916585.92784,13076
13076,2017,58296.0,25.0,4026.0,10.0,0.017151339,6.987481,0.029879093,1152.2507,34.428207,614870.658473,5916585.92784,13076
13076,2018,58296.0,25.0,4026.0,10.0,0.017151339,6.89753,0.047010105,1053.1295,49.50773,614870.658473,5916585.92784,13076
13076,2019,58296.0,25.0,4026.0,10.0,0.017151339,7.093776,0.13641608,1281.4758,174.81392,614870.658473,5916585.92784,13076
13076,2020,58296.0,25.0,4026.0,10.0,0.017151339,7.319454,0.14271663,1605.9093,229.18999,614870.658473,5916585.92784,13076
13076,2021,58296.0,25.0,4026.0,10.0,0.017151339,7.473117,0.049916286,1872.6465,93.47556,614870.658473,5916585.92784,13076
13076,2022,58296.0,25.0,4026.0,10.0,0.017151339,7.653393,0.18773107,2242.5837,421.00266,614870.658473,5916585.92784,13076
13076,2023,58296.0,25.0,4026.0,10.0,0.017151339,7.5724096,0.013596445,2068.1318,28.11924,614870.658473,5916585.92784,13076
13076,2024,58296.0,25.0,4026.0,10.0,0.017151339,7.5668306,0.03546091,2056.626,72.92983,614870.658473,5916585.92784,13076
13076,2025,58296.0,25.0,4026.0,10.0,0.017151339,7.5662894,0.12383627,2055.5125,254.547,614870.658473,5916585.92784,13076
14511,2007,105029.0,10.0,105029.0,10.0,0.0,7.146931,0.0047879987,1385.8547,6.6354704,775473.188386,5637804.17614,14511
14511,2008,105029.0,10.0,105029.0,10.0,0.0,7.04291,0.0026168698,1248.941,3.2683163,775473.188386,5637804.17614,14511
14511,2009,105029.0,10.0,105029.0,10.0,0.0,7.004134,0.016674608,1201.4395,20.033531,775473.188386,5637804.17614,14511
14511,2010,105029.0,10.0,105029.0,10.0,0.0,6.9669404,0.0021328426,1157.5737,2.4689224,775473.188386,5637804.17614,14511
14511,2011,105029.0,10.0,105029.0,10.0,0.0,6.9505215,0.05379021,1138.7229,61.252148,775473.188386,5637804.17614,14511
14511,2012,105029.0,10.0,105029.0,10.0,0.0,6.962355,0.055440754,1152.2784,63.88319,775473.188386,5637804.17614,14511
14511,2013,105029.0,10.0,105029.0,10.0,0.0,6.9251413,0.033244606,1110.1859,36.907692,775473.188386,5637804.17614,14511
14511,2014,105029.0,10.0,105029.0,10.0,0.0,6.882677,0.057610407,1064.0295,61.29918,775473.188386,5637804.17614,14511
14511,2015,105029.0,10.0,105029.0,10.0,0.0,6.8963103,0.041017454,1078.6349,44.24286,775473.188386,5637804.17614,14511
14511,2016,105029.0,10.0,105029.0,10.0,0.0,7.012277,0.019868264,1211.2626,24.065685,775473.188386,5637804.17614,14511
14511,2017,105029.0,10.0,105029.0,10.0,0.0,7.0979247,0.050016895,1319.5762,66.0011,775473.188386,5637804.17614,14511
14511,2018,105029.0,10.0,105029.0,10.0,0.0,7.155207,0.015057411,1397.3717,21.0408,775473.188386,5637804.17614,14511
14511,2019,105029.0,10.0,105029.0,10.0,0.0,7.097672,0.019380083,1319.2428,25.567034,775473.188386,5637804.17614,14511
14511,2020,105029.0,10.0,105029.0,10.0,0.0,7.1786833,0.021838605,1430.5647,31.241537,775473.188386,5637804.17614,14511
14511,2021,105029.0,10.0,105029.0,10.0,0.0,7.385709,0.004398413,1759.6145,7.739511,775473.188386,5637804.17614,14511
14511,2022,105029.0,10.0,105029.0,10.0,0.0,7.4774275,0.010601524,1928.6372,20.446495,775473.188386,5637804.17614,14511
14511,2023,105029.0,10.0,105029.0,10.0,0.0,7.401063,0.046982747,1786.8407,83.95068,775473.188386,5637804.17614,14511
14511,2024,105029.0,10.0,105029.0,10.0,0.0,7.3869123,0.0007014819,1761.7333,1.235824,775473.188386,5637804.17614,14511
14511,2025,105029.0,10.0,105029.0,10.0,0.0,7.359747,0.0015206166,1714.5198,2.6071272,775473.188386,5637804.17614,14511
14521,2007,38716.0,10.0,38716.0,10.0,0.0,7.022482,0.023784038,1220.1167,29.019302,782585.063021,5628947.51723,14521
14521,2008,38716.0,10.0,38716.0,10.0,0.0,7.020206,0.021349948,1217.343,25.990208,782585.063021,5628947.51723,14521
14521,2009,38716.0,10.0,38716.0,10.0,0.0,7.0003934,0.0966565,1193.4615,115.35581,782585.063021,5628947.51723,14521
14521,2010,38716.0,10.0,38716.0,10.0,0.0,6.803299,0.12044002,979.9667,118.027214,782585.063021,5628947.51723,14521
14521,2011,38716.0,10.0,38716.0,10.0,0.0,6.7731647,0.076157466,950.87665,72.41636,782585.063021,5628947.51723,14521
14521,2012,38716.0,10.0,38716.0,10.0,0.0,6.830624,0.046833534,1007.11395,47.166706,782585.063021,5628947.51723,14521
14521,2013,38716.0,10.0,38716.0,10.0,0.0,6.8475833,0.095946185,1024.3395,98.28146,782585.063021,5628947.51723,14521
14521,2014,38716.0,10.0,38716.0,10.0,0.0,7.0062833,0.03622276,1200.5117,43.485844,782585.063021,5628947.51723,14521
14521,2015,38716.0,10.0,38716.0,10.0,0.0,6.784119,0.047357332,961.3505,45.526993,782585.063021,5628947.51723,14521
14521,2016,38716.0,10.0,38716.0,10.0,0.0,6.744316,0.099419676,923.8374,91.84762,782585.063021,5628947.51723,14521
14521,2017,38716.0,10.0,38716.0,10.0,0.0,6.738069,0.098914236,918.08374,90.811554,782585.063021,5628947.51723,14521
14521,2018,38716.0,10.0,38716.0,10.0,0.0,6.9766726,0.049825747,1165.4849,58.071148,782585.063021,5628947.51723,14521
14521,2019,38716.0,10.0,38716.0,10.0,0.0,6.9569354,0.06699673,1142.7072,76.55764,782585.063021,5628947.51723,14521
14521,2020,38716.0,10.0,38716.0,10.0,0.0,6.9277215,0.035516664,1109.8071,39.416645,782585.063021,5628947.51723,14521
14521,2021,38716.0,10.0,38716.0,10.0,0.0,7.0965695,0.06288704,1313.9452,82.63013,782585.063021,5628947.51723,14521
14521,2022,38716.0,10.0,38716.0,10.0,0.0,7.2410564,0.0040281625,1518.1932,6.1155286,782585.063021,5628947.51723,14521
14521,2023,38716.0,10.0,38716.0,10.0,0.0,7.38841,0.03072024,1759.2269,54.043873,782585.063021,5628947.51723,14521
14521,2024,38716.0,10.0,38716.0,10.0,0.0,7.4291267,0.116614796,1832.3348,213.67737,782585.063021,5628947.51723,14521
14521,2025,38716.0,10.0,38716.0,10.0,0.0,7.590597,0.25566694,2153.43,550.56085,782585.063021,5628947.51723,14521
14522,2007,31730.0,10.0,31730.0,10.0,0.0,6.9428,0.010332235,1133.9908,11.71666,787869.105657,5637200.21936,14522
14522,2008,31730.0,10.0,31730.0,10.0,0.0,6.970773,0.06682059,1166.1602,77.923515,787869.105657,5637200.21936,14522
14522,2009,31730.0,10.0,31730.0,10.0,0.0,6.929661,0.05191791,1119.1887,58.10594,787869.105657,5637200.21936,14522
14522,2010,31730.0,10.0,31730.0,10.0,0.0,6.7918544,0.2631371,975.1124,256.58826,787869.105657,5637200.21936,14522
14522,2011,31730.0,10.0,31730.0,10.0,0.0,6.7637672,0.27190936,948.1055,257.79877,787869.105657,5637200.21936,14522
14522,2012,31730.0,10.0,31730.0,10.0,0.0,6.4589143,0.1520159,698.97327,106.25504,787869.105657,5637200.21936,14522
14522,2013,31730.0,10.0,31730.0,10.0,0.0,6.5966024,0.15227862,802.15405,122.15091,787869.105657,5637200.21936,14522
14522,2014,31730.0,10.0,31730.0,10.0,0.0,6.734207,0.23297198,920.4894,214.44824,787869.105657,5637200.21936,14522
14522,2015,31730.0,10.0,31730.0,10.0,0.0,6.9961934,0.15520279,1196.1843,185.65115,787869.105657,5637200.21936,14522
14522,2016,31730.0,10.0,31730.0,10.0,0.0,7.04619,0.14561696,1257.5093,183.11469,787869.105657,5637200.21936,14522
14522,2017,31730.0,10.0,31730.0,10.0,0.0,7.252975,0.18638745,1546.3821,288.22623,787869.105657,5637200.21936,14522
14522,2018,31730.0,10.0,31730.0,10.0,0.0,6.793516,0.27027833,976.7344,263.99014,787869.105657,5637200.21936,14522
14522,2019,31730.0,10.0,31730.0,10.0,0.0,6.919188,0.2956534,1107.5287,327.44464,787869.105657,5637200.21936,14522
14522,2020,31730.0,10.0,31730.0,10.0,0.0,7.0890574,0.10052409,1312.5876,131.94669,787869.105657,5637200.21936,14522
14522,2021,31730.0,10.0,31730.0,10.0,0.0,7.2810946,0.012643394,1590.4832,20.109106,787869.105657,5637200.21936,14522
14522,2022,31730.0,10.0,31730.0,10.0,0.0,7.5247025,0.30280018,2029.208,614.4445,787869.105657,5637200.21936,14522
14522,2023,31730.0,10.0,31730.0,10.0,0.0,7.6105146,0.0069226264,2211.0286,15.306124,787869.105657,5637200.21936,14522
14522,2024,31730.0,10.0,31730.0,10.0,0.0,7.4640417,0.15984045,1909.7738,305.25912,787869.105657,5637200.21936,14522
14522,2025,31730.0,10.0,31730.0,10.0,0.0,7.573066,0.34302035,2129.76,730.551,787869.105657,5637200.21936,14522
14523,2007,64056.0,25.0,4652.0,10.0,-0.21678254,6.454711,0.0016552837,708.4699,1.1727188,730869.326536,5579830.30538,14523
14523,2008,64056.0,25.0,4652.0,10.0,-0.21678254,6.5270095,0.10340915,761.5881,78.75517,730869.326536,5579830.30538,14523
14523,2009,64056.0,25.0,4652.0,10.0,-0.21678254,6.6814694,0.16294551,888.79425,144.82503,730869.326536,5579830.30538,14523
14523,2010,64056.0,25.0,4652.0,10.0,-0.21678254,6.5201507,0.02782853,756.3824,21.04901,730869.326536,5579830.30538,14523
14523,2011,64056.0,25.0,4652.0,10.0,-0.21678254,6.551641,0.04389693,780.5804,34.265083,730869.326536,5579830.30538,14523
14523,2012,64056.0,25.0,4652.0,10.0,-0.21678254,6.494769,0.15811624,737.4258,116.599,730869.326536,5579830.30538,14523
14523,2013,64056.0,25.0,4652.0,10.0,-0.21678254,6.4828477,0.022759024,728.6869,16.584202,730869.326536,5579830.30538,14523
14523,2014,64056.0,25.0,4652.0,10.0,-0.21678254,6.571658,0.03867113,796.36255,30.79624,730869.326536,5579830.30538,14523
14523,2015,64056.0,25.0,4652.0,10.0,-0.21678254,6.569203,0.090811424,794.4098,72.14149,730869.326536,5579830.30538,14523
14523,2016,64056.0,25.0,4652.0,10.0,-0.21678254,6.6017632,0.14427538,820.70197,118.40708,730869.326536,5579830.30538,14523
14523,2017,64056.0,25.0,4652.0,10.0,-0.21678254,6.6292076,0.016441543,843.53723,13.869054,730869.326536,5579830.30538,14523
14523,2018,64056.0,25.0,4652.0,10.0,-0.21678254,6.328571,0.14250395,624.50995,88.995125,730869.326536,5579830.30538,14523
14523,2019,64056.0,25.0,4652.0,10.0,-0.21678254,6.435068,0.032098245,694.6893,22.298307,730869.326536,5579830.30538,14523
14523,2020,64056.0,25.0,4652.0,10.0,-0.21678254,6.562131,0.11547445,788.81165,91.08759,730869.326536,5579830.30538,14523
14523,2021,64056.0,25.0,4652.0,10.0,-0.21678254,6.5944633,0.07700345,814.73267,62.737225,730869.326536,5579830.30538,14523
14523,2022,64056.0,25.0,4652.0,10.0,-0.21678254,6.8335953,0.031781238,1034.8291,32.888153,730869.326536,5579830.30538,14523
14523,2023,64056.0,25.0,4652.0,10.0,-0.21678254,6.9091115,0.033070896,1116.0023,36.907192,730869.326536,5579830.30538,14523
14523,2024,64056.0,25.0,4652.0,10.0,-0.21678254,6.9244647,0.060904957,1133.2687,69.021675,730869.326536,5579830.30538,14523
14523,2025,64056.0,25.0,4652.0,10.0,-0.21678254,6.9946523,0.037651595,1215.668,45.771835,730869.326536,5579830.30538,14523
14524,2007,26852.0,10.0,26852.0,10.0,0.0,6.7812724,0.0030853911,971.65875,2.9979472,758398.416074,5638772.35297,14524
14524,2008,26852.0,10.0,26852.0,10.0,0.0,6.7504115,0.051166426,942.13055,48.205456,758398.416074,5638772.35297,14524
14524,2009,26852.0,10.0,26852.0,10.0,0.0,6.6317916,0.0023945174,836.7488,2.0036094,758398.416074,5638772.35297,14524
14524,2010,26852.0,10.0,26852.0,10.0,0.0,6.7721896,0.1661056,962.8736,159.93869,758398.416074,5638772.35297,14524
14524,2011,26852.0,10.0,26852.0,10.0,0.0,6.7800074,0.05739925,970.4307,55.701996,758398.416074,5638772.35297,14524
14524,2012,26852.0,10.0,26852.0,10.0,0.0,6.9419374,0.1298987,1141.011,148.21584,758398.416074,5638772.35297,14524
14524,2013,26852.0,10.0,26852.0,10.0,0.0,6.7457767,0.082446404,937.7742,77.31611,758398.416074,5638772.35297,14524
14524,2014,26852.0,10.0,26852.0,10.0,0.0,6.4303756,0.0015394508,684.10266,1.0531424,758398.416074,5638772.35297,14524
14524,2015,26852.0,10.0,26852.0,10.0,0.0,6.6032224,0.08354661,813.182,67.9386,758398.416074,5638772.35297,14524
14524,2016,26852.0,10.0,26852.0,10.0,0.0,6.8078794,0.35049585,997.8587,349.74533,758398.416074,5638772.35297,14524
14524,2017,26852.0,10.0,26852.0,10.0,0.0,6.48352,0.103500016,721.4422,74.66928,758398.416074,5638772.35297,14524
14524,2018,26852.0,10.0,26852.0,10.0,0.0,7.056342,0.34532028,1279.308,441.771,758398.416074,5638772.35297,14524
14524,2019,26852.0,10.0,26852.0,10.0,0.0,6.607319,0.009370412,816.5199,7.651128,758398.416074,5638772.35297,14524
14524,2020,26852.0,10.0,26852.0,10.0,0.0,6.4935465,0.05195805,728.7123,37.86247,758398.416074,5638772.35297,14524
14524,2021,26852.0,10.0,26852.0,10.0,0.0,6.579075,0.15826797,793.7809,125.63009,758398.416074,5638772.35297,14524
14524,2022,26852.0,10.0,26852.0,10.0,0.0,6.8932295,0.22381471,1086.7662,243.23425,758398.416074,5638772.35297,14524
14524,2023,26852.0,10.0,26852.0,10.0,0.0,6.880235,0.02926089,1072.736,31.389212,758398.416074,5638772.35297,14524
14524,2024,26852.0,10.0,26852.0,10.0,0.0,6.7360053,0.20015493,928.65533,185.87494,758398.416074,5638772.35297,14524
14524,2025,26852.0,10.0,26852.0,10.0,0.0,7.189408,0.009475011,1461.3855,13.846644,758398.416074,5638772.35297,14524
14612,2007,217145.0,10.0,217145.0,10.0,0.0,7.5579696,0.024450472,2043.0864,49.954426,835091.853231,5668104.80086,14612
14612,2008,217145.0,10.0,217145.0,10.0,0.0,7.4997373,0.041413657,1927.5104,79.82526,835091.853231,5668104.80086,14612
14612,2009,217145.0,10.0,217145.0,10.0,0.0,7.4520173,0.030676091,1837.6892,56.373123,835091.853231,5668104.80086,14612
14612,2010,217145.0,10.0,217145.0,10.0,0.0,7.5064526,0.0052564438,1940.4977,10.200117,835091.853231,5668104.80086,14612
14612,2011,217145.0,10.0,217145.0,10.0,0.0,7.636347,0.0063893865,2209.66,14.118371,835091.853231,5668104.80086,14612
14612,2012,217145.0,10.0,217145.0,10.0,0.0,7.6883955,0.014482554,2327.7153,33.71126,835091.853231,5668104.80086,14612
14612,2013,217145.0,10.0,217145.0,10.0,0.0,7.8257513,0.040376272,2670.4402,107.82242,835091.853231,5668104.80086,14612
14612,2014,217145.0,10.0,217145.0,10.0,0.0,7.934285,0.0031081333,2976.5857,9.251625,835091.853231,5668104.80086,14612
14612,2015,217145.0,10.0,217145.0,10.0,0.0,7.888662,0.01022099,2843.8362,29.066818,835091.853231,5668104.80086,14612
14612,2016,217145.0,10.0,217145.0,10.0,0.0,7.8626347,0.027048923,2770.774,74.94645,835091.853231,5668104.80086,14612
14612,2017,217145.0,10.0,217145.0,10.0,0.0,7.9339247,0.008922051,2975.5137,26.547684,835091.853231,5668104.80086,14612
14612,2018,217145.0,10.0,217145.0,10.0,0.0,7.950273,0.042552065,3024.558,128.70119,835091.853231,5668104.80086,14612
14612,2019,217145.0,10.0,217145.0,10.0,0.0,8.127923,0.034499943,3612.5547,124.63293,835091.853231,5668104.80086,14612
14612,2020,217145.0,10.0,217145.0,10.0,0.0,8.259499,0.08882886,4120.565,366.0251,835091.853231,5668104.80086,14612
14612,2021,217145.0,10.0,217145.0,10.0,0.0,8.403846,0.10265623,4760.4277,488.6876,835091.853231,5668104.80086,14612
14612,2022,217145.0,10.0,217145.0,10.0,0.0,8.284952,0.034960546,4226.7954,147.77107,835091.853231,5668104.80086,14612
14612,2023,217145.0,10.0,217145.0,10.0,0.0,8.2548275,0.03102635,4101.3623,127.250305,835091.853231,5668104.80086,14612
14612,2024,217145.0,10.0,217145.0,10.0,0.0,8.30833,0.010945741,4326.769,47.35969,835091.853231,5668104.80086,14612
14612,2025,217145.0,10.0,217145.0,10.0,0.0,8.307047,0.029929645,4321.223,129.33267,835091.853231,5668104.80086,14612
14625,2007,34414.0,10.0,34414.0,10.0,0.0,6.867645,0.02228525,1045.4053,23.297117,848902.021883,5671882.45526,14625
14625,2008,34414.0,10.0,34414.0,10.0,0.0,6.802725,0.013485698,979.6934,13.211849,848902.021883,5671882.45526,14625
14625,2009,34414.0,10.0,34414.0,10.0,0.0,6.704971,0.15248534,888.4566,135.47661,848902.021883,5671882.45526,14625
14625,2010,34414.0,10.0,34414.0,10.0,0.0,6.7038155,0.12591967,887.43054,111.74497,848902.021883,5671882.45526,14625
14625,2011,34414.0,10.0,34414.0,10.0,0.0,6.5736895,0.18846485,779.15063,146.8425,848902.021883,5671882.45526,14625
14625,2012,34414.0,10.0,34414.0,10.0,0.0,6.9018245,0.13719979,1081.7543,148.41646,848902.021883,5671882.45526,14625
14625,2013,34414.0,10.0,34414.0,10.0,0.0,6.8971763,0.18585388,1076.7377,200.11589,848902.021883,5671882.45526,14625
14625,2014,34414.0,10.0,34414.0,10.0,0.0,6.767681,0.035361566,945.9563,33.450497,848902.021883,5671882.45526,14625
14625,2015,34414.0,10.0,34414.0,10.0,0.0,6.9238577,0.11027112,1105.8534,121.943695,848902.021883,5671882.45526,14625
14625,2016,34414.0,10.0,34414.0,10.0,0.0,7.1026855,0.007562863,1322.3959,10.001099,848902.021883,5671882.45526,14625
14625,2017,34414.0,10.0,34414.0,10.0,0.0,7.107002,0.11319863,1328.1162,150.34093,848902.021883,5671882.45526,14625
14625,2018,34414.0,10.0,34414.0,10.0,0.0,7.05574,0.029941354,1261.7502,37.77851,848902.021883,5671882.45526,14625
14625,2019,34414.0,10.0,34414.0,10.0,0.0,7.2879305,0.0062919175,1591.5209,10.013719,848902.021883,5671882.45526,14625
14625,2020,34414.0,10.0,34414.0,10.0,0.0,7.2146907,0.14924496,1479.1244,220.75186,848902.021883,5671882.45526,14625
14625,2021,34414.0,10.0,34414.0,10.0,0.0,7.443101,0.0549211,1858.6694,102.08018,848902.021883,5671882.45526,14625
14625,2022,34414.0,10.0,34414.0,10.0,0.0,7.5015974,0.11033644,1970.6378,217.43315,848902.021883,5671882.45526,14625
14625,2023,34414.0,10.0,34414.0,10.0,0.0,7.500588,0.15115808,1968.6498,297.57733,848902.021883,5671882.45526,14625
14625,2024,34414.0,10.0,34414.0,10.0,0.0,7.675512,0.18281393,2344.9675,428.69275,848902.021883,5671882.45526,14625
14625,2025,34414.0,10.0,34414.0,10.0,0.0,7.645165,0.29493392,2274.8743,670.9376,848902.021883,5671882.45526,14625
14626,2007,20088.0,25.0,4036.0,15.0,0.020710096,6.882262,0.15443273,1066.3972,164.68661,889213.295782,5708178.6651,14626
14626,2008,20088.0,25.0,4036.0,15.0,0.020710096,6.6361403,0.16466635,833.7379,137.28857,889213.295782,5708178.6651,14626
14626,2009,20088.0,25.0,4036.0,15.0,0.020710096,6.470125,0.032770682,706.2039,23.142786,889213.295782,5708178.6651,14626
14626,2010,20088.0,25.0,4036.0,15.0,0.020710096,6.109551,0.05851453,492.41904,28.81367,889213.295782,5708178.6651,14626
14626,2011,20088.0,25.0,4036.0,15.0,0.020710096,6.5228415,0.14827889,744.431,110.38341,889213.295782,5708178.6651,14626
14626,2012,20088.0,25.0,4036.0,15.0,0.020710096,6.6272464,0.019773576,826.3559,16.340012,889213.295782,5708178.6651,14626
14626,2013,20088.0,25.0,4036.0,15.0,0.020710096,6.063758,0.15968604,470.3782,75.11284,889213.295782,5708178.6651,14626
14626,2014,20088.0,25.0,4036.0,15.0,0.020710096,6.563407,0.09570939,775.2503,74.19874,889213.295782,5708178.6651,14626
14626,2015,20088.0,25.0,4036.0,15.0,0.020710096,6.7076263,0.09209248,895.52057,82.4707,889213.295782,5708178.6651,14626
14626,2016,20088.0,25.0,4036.0,15.0,0.020710096,6.7435784,0.20671302,928.30206,191.89212,889213.295782,5708178.6651,14626
14626,2017,20088.0,25.0,4036.0,15.0,0.020710096,6.649573,0.043521553,845.0127,36.776264,889213.295782,5708178.6651,14626
14626,2018,20088.0,25.0,4036.0,15.0,0.020710096,6.5451517,0.10585383,761.2263,80.57872,889213.295782,5708178.6651,14626
14626,2019,20088.0,25.0,4036.0,15.0,0.020710096,6.7080274,0.034033958,895.8799,30.490337,889213.295782,5708178.6651,14626
14626,2020,20088.0,25.0,4036.0,15.0,0.020710096,6.6855135,0.059842087,875.93536,52.4178,889213.295782,5708178.6651,14626
14626,2021,20088.0,25.0,4036.0,15.0,0.020710096,7.0015674,0.09711143,1201.5243,116.68173,889213.295782,5708178.6651,14626
14626,2022,20088.0,25.0,4036.0,15.0,0.020710096,7.0795355,0.08522337,1298.9535,110.701195,889213.295782,5708178.6651,14626
14626,2023,20088.0,25.0,4036.0,15.0,0.020710096,6.8573833,0.07569262,1040.1938,78.735,889213.295782,5708178.6651,14626
14626,2024,20088.0,25.0,4036.0,15.0,0.020710096,6.8566995,0.14890058,1039.4827,154.77959,889213.295782,5708178.6651,14626
14626,2025,20088.0,25.0,4036.0,15.0,0.020710096,7.092735,0.2838017,1316.2126,373.5434,889213.295782,5708178.6651,14626
14627,2007,66115.0,10.0,66115.0,10.0,0.0,7.1064043,0.06948666,1320.8534,91.78169,820171.190904,5675124.41086,14627
14627,2008,66115.0,10.0,66115.0,10.0,0.0,7.0652413,0.0643326,1267.5868,81.54715,820171.190904,5675124.41086,14627
14627,2009,66115.0,10.0,66115.0,10.0,0.0,7.0289855,0.030794308,1222.4525,37.644577,820171.190904,5675124.41086,14627
14627,2010,66115.0,10.0,66115.0,10.0,0.0,7.088787,0.04268748,1297.7875,55.399273,820171.190904,5675124.41086,14627
14627,2011,66115.0,10.0,66115.0,10.0,0.0,7.1720405,0.08660514,1410.4575,122.15286,820171.190904,5675124.41086,14627
14627,2012,66115.0,10.0,66115.0,10.0,0.0,7.37559,0.10943823,1728.8623,189.20364,820171.190904,5675124.41086,14627
14627,2013,66115.0,10.0,66115.0,10.0,0.0,7.325742,0.081039615,1644.7941,133.29347,820171.190904,5675124.41086,14627
14627,2014,66115.0,10.0,66115.0,10.0,0.0,7.303356,0.17705756,1608.384,284.77658,820171.190904,5675124.41086,14627
14627,2015,66115.0,10.0,66115.0,10.0,0.0,7.393224,0.10584234,1759.619,186.24219,820171.190904,5675124.41086,14627
14627,2016,66115.0,10.0,66115.0,10.0,0.0,7.6211376,0.15794757,2210.041,349.0706,820171.190904,5675124.41086,14627
14627,2017,66115.0,10.0,66115.0,10.0,0.0,7.504087,0.14130941,1965.9207,277.80307,820171.190904,5675124.41086,14627
14627,2018,66115.0,10.0,66115.0,10.0,0.0,7.2562785,0.0682686,1534.4193,104.752655,820171.190904,5675124.41086,14627
14627,2019,66115.0,10.0,66115.0,10.0,0.0,7.5824113,0.04345045,2126.0903,92.379585,820171.190904,5675124.41086,14627
14627,2020,66115.0,10.0,66115.0,10.0,0.0,7.6498604,0.09393551,2274.4407,213.65076,820171.190904,5675124.41086,14627
14627,2021,66115.0,10.0,66115.0,10.0,0.0,7.5766454,0.017891938,2113.8667,37.821175,820171.190904,5675124.41086,14627
14627,2022,66115.0,10.0,66115.0,10.0,0.0,7.8919773,0.0103242,2897.5078,29.914448,820171.190904,5675124.41086,14627
14627,2023,66115.0,10.0,66115.0,10.0,0.0,7.9535007,0.03770548,3081.3708,116.18456,820171.190904,5675124.41086,14627
14627,2024,66115.0,10.0,66115.0,10.0,0.0,7.886334,0.042796005,2881.2014,123.30391,820171.190904,5675124.41086,14627
14627,2025,66115.0,10.0,66115.0,10.0,0.0,7.9697437,0.053702693,3131.8298,168.18771,820171.190904,5675124.41086,14627
14628,2007,159789.0,10.0,159789.0,10.0,0.0,7.093023,0.024117723,1283.9077,30.964931,831502.277926,5658388.27597,14628
14628,2008,159789.0,10.0,159789.0,10.0,0.0,7.1791005,0.0016470879,1399.3192,2.3048017,831502.277926,5658388.27597,14628
14628,2009,159789.0,10.0,159789.0,10.0,0.0,7.0795474,0.001016128,1266.7225,1.2871523,831502.277926,5658388.27597,14628
14628,2010,159789.0,10.0,159789.0,10.0,0.0,7.093675,0.041111957,1284.7454,52.818394,831502.277926,5658388.27597,14628
14628,2011,159789.0,10.0,159789.0,10.0,0.0,7.105765,0.045590002,1300.3717,59.28395,831502.277926,5658388.27597,14628
14628,2012,159789.0,10.0,159789.0,10.0,0.0,7.299388,0.08006624,1578.182,126.3591,831502.277926,5658388.27597,14628
14628,2013,159789.0,10.0,159789.0,10.0,0.0,7.305388,0.08806681,1587.6797,139.82188,831502.277926,5658388.27597,14628
14628,2014,159789.0,10.0,159789.0,10.0,0.0,7.3725705,0.012533503,1698.0083,21.281992,831502.277926,5658388.27597,14628
14628,2015,159789.0,10.0,159789.0,10.0,0.0,7.441507,0.0045357016,1819.1915,8.25131,831502.277926,5658388.27597,14628
14628,2016,159789.0,10.0,159789.0,10.0,0.0,7.406824,0.0038641132,1757.1787,6.789938,831502.277926,5658388.27597,14628
14628,2017,159789.0,10.0,159789.0,10.0,0.0,7.338861,0.046522252,1641.7229,76.37664,831502.277926,5658388.27597,14628
14628,2018,159789.0,10.0,159789.0,10.0,0.0,7.35774,0.09032128,1673.0114,151.10852,831502.277926,5658388.27597,14628
14628,2019,159789.0,10.0,159789.0,10.0,0.0,7.35104,0.04704884,1661.8402,78.18765,831502.277926,5658388.27597,14628
14628,2020,159789.0,10.0,159789.0,10.0,0.0,7.580266,0.27127612,2089.974,566.96,831502.277926,5658388.27597,14628
14628,2021,159789.0,10.0,159789.0,10.0,0.0,7.591774,0.31915316,2114.1643,674.74225,831502.277926,5658388.27597,14628
14628,2022,159789.0,10.0,159789.0,10.0,0.0,8.026198,0.16602592,3264.4258,541.9793,831502.277926,5658388.27597,14628
14628,2023,159789.0,10.0,159789.0,10.0,0.0,7.80203,0.14647293,2608.8657,382.1282,831502.277926,5658388.27597,14628
14628,2024,159789.0,10.0,159789.0,10.0,0.0,7.7362833,0.07729596,2442.858,188.82306,831502.277926,5658388.27597,14628
14628,2025,159789.0,10.0,159789.0,10.0,0.0,7.8812866,0.10488806,2824.0496,296.20908,831502.277926,5658388.27597,14628
14713,2007,329825.0,10.0,329825.0,10.0,0.0,7.4554625,0.012281832,1860.1357,22.845875,735030.749375,5693285.90235,14713
14713,2008,329825.0,10.0,329825.0,10.0,0.0,7.3852253,0.03274437,1733.9681,56.777695,735030.749375,5693285.90235,14713
14713,2009,329825.0,10.0,329825.0,10.0,0.0,7.316482,0.03565032,1618.7742,57.709816,735030.749375,5693285.90235,14713
14713,2010,329825.0,10.0,329825.0,10.0,0.0,7.312672,0.023757353,1612.6187,38.31155,735030.749375,5693285.90235,14713
14713,2011,329825.0,10.0,329825.0,10.0,0.0,7.3290243,0.008188829,1639.2054,13.423173,735030.749375,5693285.90235,14713
14713,2012,329825.0,10.0,329825.0,10.0,0.0,7.4742894,0.00833177,1895.4883,15.792773,735030.749375,5693285.90235,14713
14713,2013,329825.0,10.0,329825.0,10.0,0.0,7.5467863,0.008181537,2038.0095,16.674047,735030.749375,5693285.90235,14713
14713,2014,329825.0,10.0,329825.0,10.0,0.0,7.516061,0.0070840917,1976.343,14.000595,735030.749375,5693285.90235,14713
14713,2015,329825.0,10.0,329825.0,10.0,0.0,7.519977,0.020366775,1984.0977,40.40967,735030.749375,5693285.90235,14713
14713,2016,329825.0,10.0,329825.0,10.0,0.0,7.640361,0.06861551,2237.9229,153.55621,735030.749375,5693285.90235,14713
14713,2017,329825.0,10.0,329825.0,10.0,0.0,7.722984,0.02395355,2430.6797,58.223408,735030.749375,5693285.90235,14713
14713,2018,329825.0,10.0,329825.0,10.0,0.0,7.881216,0.029543962,2847.3914,84.12322,735030.749375,5693285.90235,14713
14713,2019,329825.0,10.0,329825.0,10.0,0.0,7.945914,0.008190225,3037.7002,24.879446,735030.749375,5693285.90235,14713
14713,2020,329825.0,10.0,329825.0,10.0,0.0,8.049039,0.0067190425,3367.6848,22.627617,735030.749375,5693285.90235,14713
14713,2021,329825.0,10.0,329825.0,10.0,0.0,8.28152,0.010427964,4249.1,44.309464,735030.749375,5693285.90235,14713
14713,2022,329825.0,10.0,329825.0,10.0,0.0,8.340642,0.0008527295,4507.888,3.8440092,735030.749375,5693285.90235,14713
14713,2023,329825.0,10.0,329825.0,10.0,0.0,8.28462,0.015117343,4262.295,64.43458,735030.749375,5693285.90235,14713
14713,2024,329825.0,10.0,329825.0,10.0,0.0,8.2687435,0.04908378,4195.157,205.91417,735030.749375,5693285.90235,14713
14713,2025,329825.0,10.0,329825.0,10.0,0.0,8.28064,0.041004557,4245.3613,174.07916,735030.749375,5693285.90235,14713
14729,2007,24937.0,10.0,24937.0,10.0,0.0,6.9507794,0.18425284,1102.8633,203.20569,757715.225981,5694451.97108,14729
14729,2008,24937.0,10.0,24937.0,10.0,0.0,7.0401216,0.016844375,1205.9309,20.31315,757715.225981,5694451.97108,14729
14729,2009,24937.0,10.0,24937.0,10.0,0.0,6.9912186,0.056831926,1148.3757,65.264404,757715.225981,5694451.97108,14729
14729,2010,24937.0,10.0,24937.0,10.0,0.0,6.931871,0.022208186,1082.2054,24.03382,757715.225981,5694451.97108,14729
14729,2011,24937.0,10.0,24937.0,10.0,0.0,6.7732797,0.01333943,923.4948,12.318894,757715.225981,5694451.97108,14729
14729,2012,24937.0,10.0,24937.0,10.0,0.0,6.802623,0.0671746,950.9946,63.88268,757715.225981,5694451.97108,14729
14729,2013,24937.0,10.0,24937.0,10.0,0.0,7.0010357,0.05098283,1159.7051,59.12505,757715.225981,5694451.97108,14729
14729,2014,24937.0,10.0,24937.0,10.0,0.0,6.8990755,0.03795675,1047.2899,39.75172,757715.225981,5694451.97108,14729
14729,2015,24937.0,10.0,24937.0,10.0,0.0,6.959014,0.0056106416,1111.9822,6.2389336,757715.225981,5694451.97108,14729
14729,2016,24937.0,10.0,24937.0,10.0,0.0,7.178632,0.0068272566,1385.0858,9.456337,757715.225981,5694451.97108,14729
14729,2017,24937.0,10.0,24937.0,10.0,0.0,7.002718,0.08300878,1161.6577,96.42779,757715.225981,5694451.97108,14729
14729,2018,24937.0,10.0,24937.0,10.0,0.0,6.9738846,0.15401484,1128.6416,173.82756,757715.225981,5694451.97108,14729
14729,2019,24937.0,10.0,24937.0,10.0,0.0,7.4128523,0.041862994,1750.6416,73.2871,757715.225981,5694451.97108,14729
14729,2020,24937.0,10.0,24937.0,10.0,0.0,7.518117,0.013601859,1944.9708,26.45522,757715.225981,5694451.97108,14729
14729,2021,24937.0,10.0,24937.0,10.0,0.0,7.576947,0.029238889,2062.8271,60.314774,757715.225981,5694451.97108,14729
14729,2022,24937.0,10.0,24937.0,10.0,0.0,7.68277,0.07504231,2293.0889,172.07869,757715.225981,5694451.97108,14729
14729,2023,24937.0,10.0,24937.0,10.0,0.0,7.661393,0.024822187,2244.5913,55.71566,757715.225981,5694451.97108,14729
14729,2024,24937.0,10.0,24937.0,10.0,0.0,7.644874,0.0036773065,2207.8171,8.11882,757715.225981,5694451.97108,14729
14729,2025,24937.0,10.0,24937.0,10.0,0.0,7.6932516,0.036617093,2317.251,84.851,757715.225981,5694451.97108,14729
14730,2007,12267.0,10.0,12267.0,10.0,0.0,6.9033623,0.032856505,1067.1501,35.062824,746581.337,5721025.98296,14730
14730,2008,12267.0,10.0,12267.0,10.0,0.0,6.937965,0.07112524,1104.7229,78.573685,746581.337,5721025.98296,14730
14730,2009,12267.0,10.0,12267.0,10.0,0.0,6.929559,0.0075752316,1095.4755,8.29848,746581.337,5721025.98296,14730
14730,2010,12267.0,10.0,12267.0,10.0,0.0,6.7960496,0.19522129,958.5619,187.13168,746581.337,5721025.98296,14730
14730,2011,12267.0,10.0,12267.0,10.0,0.0,6.9087176,0.05194317,1072.8805,55.728813,746581.337,5721025.98296,14730
14730,2012,12267.0,10.0,12267.0,10.0,0.0,6.951311,0.01264333,1119.5653,14.155034,746581.337,5721025.98296,14730
14730,2013,12267.0,10.0,12267.0,10.0,0.0,6.9110065,0.03447646,1075.339,37.07388,746581.337,5721025.98296,14730
14730,2014,12267.0,10.0,12267.0,10.0,0.0,7.1871233,0.050929,1417.299,72.18162,746581.337,5721025.98296,14730
14730,2015,12267.0,10.0,12267.0,10.0,0.0,7.0280623,0.098253824,1208.8768,118.77677,746581.337,5721025.98296,14730
14730,2016,12267.0,10.0,12267.0,10.0,0.0,6.924764,0.11522811,1090.2351,125.625725,746581.337,5721025.98296,14730
14730,2017,12267.0,10.0,12267.0,10.0,0.0,7.233511,0.1072862,1484.5924,159.27629,746581.337,5721025.98296,14730
14730,2018,12267.0,10.0,12267.0,10.0,0.0,7.3782983,0.012191675,1715.8829,20.919487,746581.337,5721025.98296,14730
14730,2019,12267.0,10.0,12267.0,10.0,0.0,7.2229214,0.056720693,1468.9543,83.32011,746581.337,5721025.98296,14730
14730,2020,12267.0,10.0,12267.0,10.0,0.0,7.5530925,0.06761812,2043.6179,138.1856,746581.337,5721025.98296,14730
14730,2021,12267.0,10.0,12267.0,10.0,0.0,7.361718,0.116440795,1687.6678,196.51338,746581.337,5721025.98296,14730
14730,2022,12267.0,10.0,12267.0,10.0,0.0,7.6277075,0.036821842,2201.9363,81.079346,746581.337,5721025.98296,14730
14730,2023,12267.0,10.0,12267.0,10.0,0.0,7.6355352,0.04712739,2219.24,104.58699,746581.337,5721025.98296,14730
14730,2024,12267.0,10.0,12267.0,10.0,0.0,7.611589,0.04658346,2166.728,100.933685,746581.337,5721025.98296,14730
14730,2025,12267.0,10.0,12267.0,10.0,0.0,7.664759,0.015366987,2285.0518,35.11436,746581.337,5721025.98296,14730
15001,2007,16871.0,10.0,16871.0,10.0,0.0,6.979556,0.07551005,1167.5973,88.16534,722506.983201,5749700.68142,15001
15001,2008,16871.0,10.0,16871.0,10.0,0.0,6.865845,0.036452096,1042.0991,37.986694,722506.983201,5749700.68142,15001
15001,2009,16871.0,10.0,16871.0,10.0,0.0,6.941538,0.037589762,1124.0408,42.252422,722506.983201,5749700.68142,15001
15001,2010,16871.0,10.0,16871.0,10.0,0.0,6.7191525,0.05273652,899.91425,47.458347,722506.983201,5749700.68142,15001
15001,2011,16871.0,10.0,16871.0,10.0,0.0,6.855956,0.06772264,1031.8444,69.87923,722506.983201,5749700.68142,15001
15001,2012,16871.0,10.0,16871.0,10.0,0.0,6.8415713,0.019843431,1017.1079,20.182909,722506.983201,5749700.68142,15001
15001,2013,16871.0,10.0,16871.0,10.0,0.0,7.0596833,0.025103688,1265.004,31.756266,722506.983201,5749700.68142,15001
15001,2014,16871.0,10.0,16871.0,10.0,0.0,7.062161,0.023960412,1268.1421,30.385204,722506.983201,5749700.68142,15001
15001,2015,16871.0,10.0,16871.0,10.0,0.0,7.019713,0.016467987,1215.4381,20.01582,722506.983201,5749700.68142,15001
15001,2016,16871.0,10.0,16871.0,10.0,0.0,6.9950767,0.052416004,1185.8601,62.158047,722506.983201,5749700.68142,15001
15001,2017,16871.0,10.0,16871.0,10.0,0.0,7.168449,0.013719767,1410.3539,19.349728,722506.983201,5749700.68142,15001
15001,2018,16871.0,10.0,16871.0,10.0,0.0,6.8075013,0.069123395,983.0388,67.95098,722506.983201,5749700.68142,15001
15001,2019,16871.0,10.0,16871.0,10.0,0.0,7.0660706,0.009125832,1273.1095,11.618182,722506.983201,5749700.68142,15001
15001,2020,16871.0,10.0,16871.0,10.0,0.0,6.9161844,0.0025182627,1095.9004,2.759765,722506.983201,5749700.68142,15001
15001,2021,16871.0,10.0,16871.0,10.0,0.0,7.2969713,0.036389925,1603.7797,58.36142,722506.983201,5749700.68142,15001
15001,2022,16871.0,10.0,16871.0,10.0,0.0,7.180111,0.020917615,1426.8981,29.847303,722506.983201,5749700.68142,15001
15001,2023,16871.0,10.0,16871.0,10.0,0.0,7.399439,0.07714194,1776.8296,137.06808,722506.983201,5749700.68142,15001
15001,2024,16871.0,10.0,16871.0,10.0,0.0,7.4011135,0.009828737,1779.8076,17.493261,722506.983201,5749700.68142,15001
15001,2025,16871.0,10.0,16871.0,10.0,0.0,7.569897,0.017402073,2107.0508,36.667053,722506.983201,5749700.68142,15001
15002,2007,49104.0,10.0,49104.0,10.0,0.0,7.2411304,0.056150526,1496.7563,84.043655,706124.575477,5707359.41324,15002
15002,2008,49104.0,10.0,49104.0,10.0,0.0,7.1093845,0.09361122,1312.0024,122.81815,706124.575477,5707359.41324,15002
15002,2009,49104.0,10.0,49104.0,10.0,0.0,6.9853096,0.068987824,1158.9095,79.95065,706124.575477,5707359.41324,15002
15002,2010,49104.0,10.0,49104.0,10.0,0.0,7.086241,0.110291235,1281.986,141.39182,706124.575477,5707359.41324,15002
15002,2011,49104.0,10.0,49104.0,10.0,0.0,7.1063433,0.08320012,1308.0181,108.82726,706124.575477,5707359.41324,15002
15002,2012,49104.0,10.0,49104.0,10.0,0.0,7.1839466,0.05794585,1413.5675,81.91037,706124.575477,5707359.41324,15002
15002,2013,49104.0,10.0,49104.0,10.0,0.0,7.37771,0.06347028,1715.8005,108.90234,706124.575477,5707359.41324,15002
15002,2014,49104.0,10.0,49104.0,10.0,0.0,7.268621,0.046589863,1538.4733,71.67726,706124.575477,5707359.41324,15002
15002,2015,49104.0,10.0,49104.0,10.0,0.0,7.391539,0.08157273,1739.6938,141.91158,706124.575477,5707359.41324,15002
15002,2016,49104.0,10.0,49104.0,10.0,0.0,7.4906006,0.07693227,1920.8547,147.77571,706124.575477,5707359.41324,15002
15002,2017,49104.0,10.0,49104.0,10.0,0.0,7.384572,0.10630914,1727.615,183.66127,706124.575477,5707359.41324,15002
15002,2018,49104.0,10.0,49104.0,10.0,0.0,7.6301703,0.066410184,2208.559,146.6708,706124.575477,5707359.41324,15002
15002,2019,49104.0,10.0,49104.0,10.0,0.0,7.7352157,0.031802773,2453.1814,78.017975,706124.575477,5707359.41324,15002
15002,2020,49104.0,10.0,49104.0,10.0,0.0,7.958803,0.07450422,3067.8374,228.56683,706124.575477,5707359.41324,15002
15002,2021,49104.0,10.0,49104.0,10.0,0.0,7.908732,0.033623867,2918.01,98.11478,706124.575477,5707359.41324,15002
15002,2022,49104.0,10.0,49104.0,10.0,0.0,8.039397,0.03984065,3325.323,132.48303,706124.575477,5707359.41324,15002
15002,2023,49104.0,10.0,49104.0,10.0,0.0,7.9966764,0.10561198,3186.2556,336.50677,706124.575477,5707359.41324,15002
15002,2024,49104.0,10.0,49104.0,10.0,0.0,7.839098,0.06334333,2721.7297,172.40343,706124.575477,5707359.41324,15002
15002,2025,49104.0,10.0,49104.0,10.0,0.0,7.964396,0.100256786,3085.0437,309.29654,706124.575477,5707359.41324,15002
15003,2007,59940.0,10.0,59940.0,10.0,0.0,7.2551513,0.013147963,1504.1594,19.776632,680846.152194,5777288.95667,15003
15003,2008,59940.0,10.0,59940.0,10.0,0.0,7.2981133,0.046887062,1570.189,73.62155,680846.152194,5777288.95667,15003
15003,2009,59940.0,10.0,59940.0,10.0,0.0,7.002489,0.013605677,1168.3259,15.895865,680846.152194,5777288.95667,15003
15003,2010,59940.0,10.0,59940.0,10.0,0.0,7.046367,0.07790787,1220.7312,95.10457,680846.152194,5777288.95667,15003
15003,2011,59940.0,10.0,59940.0,10.0,0.0,7.208532,0.08472745,1435.6456,121.63859,680846.152194,5777288.95667,15003
15003,2012,59940.0,10.0,59940.0,10.0,0.0,7.2334766,0.075905345,1471.9081,111.725685,680846.152194,5777288.95667,15003
15003,2013,59940.0,10.0,59940.0,10.0,0.0,7.214574,0.08010531,1444.3462,115.69981,680846.152194,5777288.95667,15003
15003,2014,59940.0,10.0,59940.0,10.0,0.0,7.165466,0.014552439,1375.1306,20.011505,680846.152194,5777288.95667,15003
15003,2015,59940.0,10.0,59940.0,10.0,0.0,7.218477,0.0058709444,1449.9943,8.5128355,680846.152194,5777288.95667,15003
15003,2016,59940.0,10.0,59940.0,10.0,0.0,7.36565,0.017018419,1679.8978,28.589205,680846.152194,5777288.95667,15003
15003,2017,59940.0,10.0,59940.0,10.0,0.0,7.2924094,0.02620537,1561.2585,40.91336,680846.152194,5777288.95667,15003
15003,2018,59940.0,10.0,59940.0,10.0,0.0,7.409583,0.0059562456,1755.3457,10.45527,680846.152194,5777288.95667,15003
15003,2019,59940.0,10.0,59940.0,10.0,0.0,7.60127,0.06449726,2126.2354,137.13635,680846.152194,5777288.95667,15003
15003,2020,59940.0,10.0,59940.0,10.0,0.0,7.6393685,0.015233998,2208.804,33.64892,680846.152194,5777288.95667,15003
15003,2021,59940.0,10.0,59940.0,10.0,0.0,7.8213263,0.035238005,2649.6006,93.36664,680846.152194,5777288.95667,15003
15003,2022,59940.0,10.0,59940.0,10.0,0.0,7.825442,0.07718992,2660.5286,205.36598,680846.152194,5777288.95667,15003
15003,2023,59940.0,10.0,59940.0,10.0,0.0,7.870629,0.0287455,2783.5073,80.01331,680846.152194,5777288.95667,15003
15003,2024,59940.0,10.0,59940.0,10.0,0.0,7.928975,0.039612144,2950.7463,116.88539,680846.152194,5777288.95667,15003
15003,2025,59940.0,10.0,59940.0,10.0,0.0,7.929908,0.02166023,2953.499,63.973465,680846.152194,5777288.95667,15003
15081,2007,21236.0,25.0,2632.0,10.0,-0.13496731,6.590158,0.14515874,812.6528,117.96364,665038.290427,5858262.72946,15081
15081,2008,21236.0,25.0,2632.0,10.0,-0.13496731,6.69834,0.0053445725,905.49866,4.8395033,665038.290427,5858262.72946,15081
15081,2009,21236.0,25.0,2632.0,10.0,-0.13496731,6.407261,0.07674175,676.821,51.940422,665038.290427,5858262.72946,15081
15081,2010,21236.0,25.0,2632.0,10.0,-0.13496731,6.6522174,0.017285619,864.6834,14.946588,665038.290427,5858262.72946,15081
15081,2011,21236.0,25.0,2632.0,10.0,-0.13496731,6.6263504,0.17111395,842.60333,144.18118,665038.290427,5858262.72946,15081
15081,2012,21236.0,25.0,2632.0,10.0,-0.13496731,7.020817,0.019604133,1250.0798,24.506735,665038.290427,5858262.72946,15081
15081,2013,21236.0,25.0,2632.0,10.0,-0.13496731,6.66419,0.065827616,875.0978,57.6056,665038.290427,5858262.72946,15081
15081,2014,21236.0,25.0,2632.0,10.0,-0.13496731,6.6577644,0.051066246,869.49304,44.401745,665038.290427,5858262.72946,15081
15081,2015,21236.0,25.0,2632.0,10.0,-0.13496731,6.7836566,0.20036392,986.1441,197.58769,665038.290427,5858262.72946,15081
15081,2016,21236.0,25.0,2632.0,10.0,-0.13496731,6.7426624,0.07434913,946.5353,70.37407,665038.290427,5858262.72946,15081
15081,2017,21236.0,25.0,2632.0,10.0,-0.13496731,6.668715,0.23094973,879.0666,203.02019,665038.290427,5858262.72946,15081
15081,2018,21236.0,25.0,2632.0,10.0,-0.13496731,6.7833185,0.06598467,985.811,65.04841,665038.290427,5858262.72946,15081
15081,2019,21236.0,25.0,2632.0,10.0,-0.13496731,7.054941,0.31780088,1293.4742,411.0673,665038.290427,5858262.72946,15081
15081,2020,21236.0,25.0,2632.0,10.0,-0.13496731,7.2150736,0.011861684,1518.1067,18.007303,665038.290427,5858262.72946,15081
15081,2021,21236.0,25.0,2632.0,10.0,-0.13496731,6.8451753,0.24796231,1048.7155,260.0419,665038.290427,5858262.72946,15081
15081,2022,21236.0,25.0,2632.0,10.0,-0.13496731,7.3321857,0.19222614,1706.7247,328.07712,665038.290427,5858262.72946,15081
15081,2023,21236.0,25.0,2632.0,10.0,-0.13496731,8.007804,0.022914967,3354.1365,76.859924,665038.290427,5858262.72946,15081
15081,2024,21236.0,25.0,2632.0,10.0,-0.13496731,7.409812,0.21854201,1844.4899,403.0985,665038.290427,5858262.72946,15081
15081,2025,21236.0,25.0,2632.0,10.0,-0.13496731,7.3238473,0.16635151,1692.5524,281.55865,665038.290427,5858262.72946,15081
15082,2007,55576.0,25.0,4625.0,10.0,0.10097434,6.9407063,0.051932603,1167.6229,60.6377,710203.598483,5748262.07616,15082
15082,2008,55576.0,25.0,4625.0,10.0,0.10097434,6.743721,0.030613247,958.855,29.353666,710203.598483,5748262.07616,15082
15082,2009,55576.0,25.0,4625.0,10.0,0.10097434,6.828567,0.15821564,1043.7611,165.13934,710203.598483,5748262.07616,15082
15082,2010,55576.0,25.0,4625.0,10.0,0.10097434,6.624518,0.052402277,851.10614,44.5999,710203.598483,5748262.07616,15082
15082,2011,55576.0,25.0,4625.0,10.0,0.10097434,6.69008,0.036356144,908.7765,33.039608,710203.598483,5748262.07616,15082
15082,2012,55576.0,25.0,4625.0,10.0,0.10097434,6.575454,0.064913146,810.3554,52.60272,710203.598483,5748262.07616,15082
15082,2013,55576.0,25.0,4625.0,10.0,0.10097434,6.645698,0.21703134,869.32495,188.67076,710203.598483,5748262.07616,15082
15082,2014,55576.0,25.0,4625.0,10.0,0.10097434,6.858789,0.18093601,1075.7872,194.64865,710203.598483,5748262.07616,15082
15082,2015,55576.0,25.0,4625.0,10.0,0.10097434,6.6704082,0.17864183,891.0738,159.18304,710203.598483,5748262.07616,15082
15082,2016,55576.0,25.0,4625.0,10.0,0.10097434,6.5097036,0.07854002,758.7881,59.59523,710203.598483,5748262.07616,15082
15082,2017,55576.0,25.0,4625.0,10.0,0.10097434,6.691332,0.0301963,909.9145,27.476051,710203.598483,5748262.07616,15082
15082,2018,55576.0,25.0,4625.0,10.0,0.10097434,6.7915497,0.07320247,1005.8304,73.629265,710203.598483,5748262.07616,15082
15082,2019,55576.0,25.0,4625.0,10.0,0.10097434,7.003845,0.17992543,1243.7225,223.7773,710203.598483,5748262.07616,15082
15082,2020,55576.0,25.0,4625.0,10.0,0.10097434,6.9104347,0.007635881,1132.8066,8.649977,710203.598483,5748262.07616,15082
15082,2021,55576.0,25.0,4625.0,10.0,0.10097434,7.026923,0.12279483,1272.759,156.28822,710203.598483,5748262.07616,15082
15082,2022,55576.0,25.0,4625.0,10.0,0.10097434,7.1895466,0.06052187,1497.5198,90.632706,710203.598483,5748262.07616,15082
15082,2023,55576.0,25.0,4625.0,10.0,0.10097434,7.2005396,0.0042621777,1514.0724,6.4532456,710203.598483,5748262.07616,15082
15082,2024,55576.0,25.0,4625.0,10.0,0.10097434,7.2870955,0.053826008,1650.9633,88.86476,710203.598483,5748262.07616,15082
15082,2025,55576.0,25.0,4625.0,10.0,0.10097434,7.237599,0.10021241,1571.2357,157.45732,710203.598483,5748262.07616,15082
15083,2007,44169.0,10.0,44169.0,10.0,0.0,6.937947,0.058735322,1094.0721,64.26068,677493.617819,5786898.47856,15083
15083,2008,44169.0,10.0,44169.0,10.0,0.0,6.9113617,0.0608487,1065.3694,64.82634,677493.617819,5786898.47856,15083
15083,2009,44169.0,10.0,44169.0,10.0,0.0,6.906998,0.065943725,1060.731,69.94855,677493.617819,5786898.47856,15083
15083,2010,44169.0,10.0,44169.0,10.0,0.0,6.9078846,0.2055801,1061.6716,218.25854,677493.617819,5786898.47856,15083
15083,2011,44169.0,10.0,44169.0,10.0,0.0,6.7923746,0.088176206,945.8556,83.40196,677493.617819,5786898.47856,15083
15083,2012,44169.0,10.0,44169.0,10.0,0.0,6.9977345,0.13601813,1161.4796,157.98228,677493.617819,5786898.47856,15083
15083,2013,44169.0,10.0,44169.0,10.0,0.0,6.912662,0.09867568,1066.7557,105.26285,677493.617819,5786898.47856,15083
15083,2014,44169.0,10.0,44169.0,10.0,0.0,7.0136046,0.039260488,1180.0593,46.329704,677493.617819,5786898.47856,15083
15083,2015,44169.0,10.0,44169.0,10.0,0.0,6.870551,0.003706698,1022.7663,3.791086,677493.617819,5786898.47856,15083
15083,2016,44169.0,10.0,44169.0,10.0,0.0,7.1563945,0.02033574,1361.1835,27.680672,677493.617819,5786898.47856,15083
15083,2017,44169.0,10.0,44169.0,10.0,0.0,7.226395,0.018198865,1459.8815,26.568186,677493.617819,5786898.47856,15083
15083,2018,44169.0,10.0,44169.0,10.0,0.0,7.2845063,0.089149885,1547.2305,137.93541,677493.617819,5786898.47856,15083
15083,2019,44169.0,10.0,44169.0,10.0,0.0,7.2123804,0.047320135,1439.564,68.12036,677493.617819,5786898.47856,15083
15083,2020,44169.0,10.0,44169.0,10.0,0.0,7.488392,0.10691866,1897.1486,202.84058,677493.617819,5786898.47856,15083
15083,2021,44169.0,10.0,44169.0,10.0,0.0,7.666266,0.055031355,2266.4758,124.727234,677493.617819,5786898.47856,15083
15083,2022,44169.0,10.0,44169.0,10.0,0.0,7.6566505,0.09677582,2244.787,217.24112,677493.617819,5786898.47856,15083
15083,2023,44169.0,10.0,44169.0,10.0,0.0,7.5249124,0.042843483,1967.7136,84.3037,677493.617819,5786898.47856,15083
15083,2024,44169.0,10.0,44169.0,10.0,0.0,7.709305,0.057935186,2366.1511,137.08339,677493.617819,5786898.47856,15083
15083,2025,44169.0,10.0,44169.0,10.0,0.0,7.738854,0.08182728,2437.1128,199.42232,677493.617819,5786898.47856,15083
15084,2007,16836.0,10.0,16836.0,10.0,0.0,6.9487686,0.25183338,1159.8964,292.10062,725274.637319,5663457.97852,15084
15084,2008,16836.0,10.0,16836.0,10.0,0.0,6.5698447,0.1521712,794.06244,120.83343,725274.637319,5663457.97852,15084
15084,2009,16836.0,10.0,16836.0,10.0,0.0,6.659724,0.17997825,868.73804,156.35396,725274.637319,5663457.97852,15084
15084,2010,16836.0,10.0,16836.0,10.0,0.0,6.4383535,0.18048973,696.2237,125.66122,725274.637319,5663457.97852,15084
15084,2011,16836.0,10.0,16836.0,10.0,0.0,6.1693115,0.05715375,531.9923,30.405354,725274.637319,5663457.97852,15084
15084,2012,16836.0,10.0,16836.0,10.0,0.0,6.5914574,0.3323291,811.41125,269.65558,725274.637319,5663457.97852,15084
15084,2013,16836.0,10.0,16836.0,10.0,0.0,6.736226,0.47807878,937.80634,448.3453,725274.637319,5663457.97852,15084
15084,2014,16836.0,10.0,16836.0,10.0,0.0,6.47174,0.12634371,719.8603,90.94982,725274.637319,5663457.97852,15084
15084,2015,16836.0,10.0,16836.0,10.0,0.0,6.7287574,0.098688714,930.8282,91.862236,725274.637319,5663457.97852,15084
15084,2016,16836.0,10.0,16836.0,10.0,0.0,6.530964,0.05676417,763.7814,43.355415,725274.637319,5663457.97852,15084
15084,2017,16836.0,10.0,16836.0,10.0,0.0,6.292309,0.23318323,601.6201,140.28773,725274.637319,5663457.97852,15084
15084,2018,16836.0,10.0,16836.0,10.0,0.0,6.2364616,0.0014791458,568.9423,0.8415486,725274.637319,5663457.97852,15084
15084,2019,16836.0,10.0,16836.0,10.0,0.0,6.3187504,0.15158878,617.74023,93.642494,725274.637319,5663457.97852,15084
15084,2020,16836.0,10.0,16836.0,10.0,0.0,6.5463696,0.090647385,775.6388,70.30963,725274.637319,5663457.97852,15084
15084,2021,16836.0,10.0,16836.0,10.0,0.0,6.9955244,0.19685432,1215.4161,239.25993,725274.637319,5663457.97852,15084
15084,2022,16836.0,10.0,16836.0,10.0,0.0,7.429394,0.1765859,1875.6512,331.21356,725274.637319,5663457.97852,15084
15084,2023,16836.0,10.0,16836.0,10.0,0.0,7.203858,0.050631654,1496.9357,75.79233,725274.637319,5663457.97852,15084
15084,2024,16836.0,10.0,16836.0,10.0,0.0,7.2372355,0.39509934,1547.7428,611.51215,725274.637319,5663457.97852,15084
15084,2025,16836.0,10.0,16836.0,10.0,0.0,7.12434,0.3186542,1382.5118,440.54324,725274.637319,5663457.97852,15084
15085,2007,11225.0,10.0,11225.0,10.0,0.0,6.843289,0.13297682,1038.241,138.06198,653500.523935,5733269.34556,15085
15085,2008,11225.0,10.0,11225.0,10.0,0.0,6.8895583,0.19670036,1087.4083,213.8936,653500.523935,5733269.34556,15085
15085,2009,11225.0,10.0,11225.0,10.0,0.0,6.560075,0.17523026,782.1674,137.0594,653500.523935,5733269.34556,15085
15085,2010,11225.0,10.0,11225.0,10.0,0.0,6.899745,0.5587806,1098.5419,613.84393,653500.523935,5733269.34556,15085
15085,2011,11225.0,10.0,11225.0,10.0,0.0,6.5756006,0.0018064531,794.40607,1.4350573,653500.523935,5733269.34556,15085
15085,2012,11225.0,10.0,11225.0,10.0,0.0,6.610643,0.20935358,822.73724,172.24298,653500.523935,5733269.34556,15085
15085,2013,11225.0,10.0,11225.0,10.0,0.0,6.732022,0.08030379,928.9136,74.59528,653500.523935,5733269.34556,15085
15085,2014,11225.0,10.0,11225.0,10.0,0.0,6.9989343,0.08314594,1213.0929,100.86374,653500.523935,5733269.34556,15085
15085,2015,11225.0,10.0,11225.0,10.0,0.0,6.808239,0.02111691,1002.4808,21.169296,653500.523935,5733269.34556,15085
15085,2016,11225.0,10.0,11225.0,10.0,0.0,6.6514626,0.10362534,857.01587,88.80856,653500.523935,5733269.34556,15085
15085,2017,11225.0,10.0,11225.0,10.0,0.0,6.869812,0.13224706,1066.1464,140.99472,653500.523935,5733269.34556,15085
15085,2018,11225.0,10.0,11225.0,10.0,0.0,6.883936,0.061413325,1081.3116,66.406944,653500.523935,5733269.34556,15085
15085,2019,11225.0,10.0,11225.0,10.0,0.0,6.9353633,0.06539039,1138.3752,74.438805,653500.523935,5733269.34556,15085
15085,2020,11225.0,10.0,11225.0,10.0,0.0,6.795918,0.0055057732,990.2049,5.4518437,653500.523935,5733269.34556,15085
15085,2021,11225.0,10.0,11225.0,10.0,0.0,7.503031,0.024252396,2008.262,48.705166,653500.523935,5733269.34556,15085
15085,2022,11225.0,10.0,11225.0,10.0,0.0,7.1987576,0.032762546,1481.4132,48.53487,653500.523935,5733269.34556,15085
15085,2023,11225.0,10.0,11225.0,10.0,0.0,7.7476645,0.060620807,2564.8586,155.48381,653500.523935,5733269.34556,15085
15085,2024,11225.0,10.0,11225.0,10.0,0.0,7.3106847,0.086116575,1656.8585,142.68298,653500.523935,5733269.34556,15085
15085,2025,11225.0,10.0,11225.0,10.0,0.0,7.090363,0.09875785,1329.2327,131.27216,653500.523935,5733269.34556,15085
15086,2007,37034.0,10.0,37034.0,10.0,0.0,6.882736,0.16995652,1043.1771,177.29475,688102.356352,5781205.56874,15086
15086,2008,37034.0,10.0,37034.0,10.0,0.0,6.941548,0.27829224,1106.3684,307.89374,688102.356352,5781205.56874,15086
15086,2009,37034.0,10.0,37034.0,10.0,0.0,7.0518436,0.33811176,1235.3799,417.69647,688102.356352,5781205.56874,15086
15086,2010,37034.0,10.0,37034.0,10.0,0.0,7.053194,0.20030776,1237.0491,247.79053,688102.356352,5781205.56874,15086
15086,2011,37034.0,10.0,37034.0,10.0,0.0,7.0561943,0.2243905,1240.7665,278.41623,688102.356352,5781205.56874,15086
15086,2012,37034.0,10.0,37034.0,10.0,0.0,6.891888,0.13056302,1052.7683,137.45262,688102.356352,5781205.56874,15086
15086,2013,37034.0,10.0,37034.0,10.0,0.0,6.965611,0.043499205,1133.3138,49.29825,688102.356352,5781205.56874,15086
15086,2014,37034.0,10.0,37034.0,10.0,0.0,7.285166,0.3948066,1560.0232,615.9074,688102.356352,5781205.56874,15086
15086,2015,37034.0,10.0,37034.0,10.0,0.0,7.2108593,0.0016760159,1448.3054,2.427383,688102.356352,5781205.56874,15086
15086,2016,37034.0,10.0,37034.0,10.0,0.0,7.4001603,0.2694909,1750.1395,471.64667,688102.356352,5781205.56874,15086
15086,2017,37034.0,10.0,37034.0,10.0,0.0,7.2530704,0.04107401,1510.7487,62.05251,688102.356352,5781205.56874,15086
15086,2018,37034.0,10.0,37034.0,10.0,0.0,7.293372,0.08987111,1572.8779,141.3563,688102.356352,5781205.56874,15086
15086,2019,37034.0,10.0,37034.0,10.0,0.0,7.439523,0.19600712,1820.4031,356.81195,688102.356352,5781205.56874,15086
15086,2020,37034.0,10.0,37034.0,10.0,0.0,7.54736,0.07015943,2027.6849,142.2612,688102.356352,5781205.56874,15086
15086,2021,37034.0,10.0,37034.0,10.0,0.0,7.656549,0.1097787,2261.6255,248.2783,688102.356352,5781205.56874,15086
15086,2022,37034.0,10.0,37034.0,10.0,0.0,7.715274,0.01801912,2398.417,43.21736,688102.356352,5781205.56874,15086
15086,2023,37034.0,10.0,37034.0,10.0,0.0,7.6936283,0.07868341,2347.0598,184.67468,688102.356352,5781205.56874,15086
15086,2024,37034.0,10.0,37034.0,10.0,0.0,7.768931,0.018990763,2530.624,48.05848,688102.356352,5781205.56874,15086
15086,2025,37034.0,10.0,37034.0,10.0,0.0,7.767319,0.10044566,2526.5483,253.7808,688102.356352,5781205.56874,15086
15087,2007,29429.0,25.0,4673.0,10.0,-0.09578188,6.7046175,0.12353506,934.24817,115.4124,667320.029788,5701397.634,15087
15087,2008,29429.0,25.0,4673.0,10.0,-0.09578188,6.8811345,0.016235018,1114.6095,18.095705,667320.029788,5701397.634,15087
15087,2009,29429.0,25.0,4673.0,10.0,-0.09578188,6.6641507,0.09742626,897.1971,87.41055,667320.029788,5701397.634,15087
15087,2010,29429.0,25.0,4673.0,10.0,-0.09578188,6.521584,0.09851622,777.9862,76.64426,667320.029788,5701397.634,15087
15087,2011,29429.0,25.0,4673.0,10.0,-0.09578188,6.51341,0.13832363,771.6528,106.73781,667320.029788,5701397.634,15087
15087,2012,29429.0,25.0,4673.0,10.0,-0.09578188,6.7008047,0.138737,930.6932,129.12158,667320.029788,5701397.634,15087
15087,2013,29429.0,25.0,4673.0,10.0,-0.09578188,6.523966,0.027184803,779.8415,21.199837,667320.029788,5701397.634,15087
15087,2014,29429.0,25.0,4673.0,10.0,-0.09578188,6.478968,0.06904686,745.5281,51.476376,667320.029788,5701397.634,15087
15087,2015,29429.0,25.0,4673.0,10.0,-0.09578188,6.553099,0.041168526,802.89514,33.05401,667320.029788,5701397.634,15087
15087,2016,29429.0,25.0,4673.0,10.0,-0.09578188,6.5049014,0.030062607,765.1151,23.001354,667320.029788,5701397.634,15087
15087,2017,29429.0,25.0,4673.0,10.0,-0.09578188,6.535237,0.04679528,788.68085,36.90654,667320.029788,5701397.634,15087
15087,2018,29429.0,25.0,4673.0,10.0,-0.09578188,6.744753,0.21058634,972.5074,204.79677,667320.029788,5701397.634,15087
15087,2019,29429.0,25.0,4673.0,10.0,-0.09578188,6.756495,0.004297403,983.9941,4.228619,667320.029788,5701397.634,15087
15087,2020,29429.0,25.0,4673.0,10.0,-0.09578188,6.6850924,0.016841037,916.18414,15.429491,667320.029788,5701397.634,15087
15087,2021,29429.0,25.0,4673.0,10.0,-0.09578188,6.8899713,0.16524987,1124.5024,185.8239,667320.029788,5701397.634,15087
15087,2022,29429.0,25.0,4673.0,10.0,-0.09578188,7.0535016,0.28767848,1324.2827,380.96765,667320.029788,5701397.634,15087
15087,2023,29429.0,25.0,4673.0,10.0,-0.09578188,6.9558444,0.0003480592,1201.0712,0.41804385,667320.029788,5701397.634,15087
15087,2024,29429.0,25.0,4673.0,10.0,-0.09578188,7.1644306,0.13116634,1479.642,194.07922,667320.029788,5701397.634,15087
15087,2025,29429.0,25.0,4673.0,10.0,-0.09578188,7.3146257,0.06489632,1719.4346,111.584984,667320.029788,5701397.634,15087
15088,2007,21109.0,10.0,21109.0,10.0,0.0,6.839263,0.29858366,989.0513,295.3145,715862.928398,5685991.95292,15088
15088,2008,21109.0,10.0,21109.0,10.0,0.0,6.599009,0.12855709,777.81793,99.99402,715862.928398,5685991.95292,15088
15088,2009,21109.0,10.0,21109.0,10.0,0.0,6.382884,0.0023254554,626.6371,1.4572166,715862.928398,5685991.95292,15088
15088,2010,21109.0,10.0,21109.0,10.0,0.0,6.5835004,0.013346733,765.8481,10.221569,715862.928398,5685991.95292,15088
15088,2011,21109.0,10.0,21109.0,10.0,0.0,6.679076,0.16197027,842.6566,136.48532,715862.928398,5685991.95292,15088
15088,2012,21109.0,10.0,21109.0,10.0,0.0,6.6994433,0.08649159,859.99506,74.38235,715862.928398,5685991.95292,15088
15088,2013,21109.0,10.0,21109.0,10.0,0.0,6.6865563,0.16533023,848.9836,140.36266,715862.928398,5685991.95292,15088
15088,2014,21109.0,10.0,21109.0,10.0,0.0,6.744485,0.0560717,899.61615,50.443005,715862.928398,5685991.95292,15088
15088,2015,21109.0,10.0,21109.0,10.0,0.0,6.6191163,0.06446889,793.61615,51.163555,715862.928398,5685991.95292,15088
15088,2016,21109.0,10.0,21109.0,10.0,0.0,6.7128544,0.008784506,871.60626,7.65663,715862.928398,5685991.95292,15088
15088,2017,21109.0,10.0,21109.0,10.0,0.0,6.7986736,0.01633105,949.7104,15.5097685,715862.928398,5685991.95292,15088
15088,2018,21109.0,10.0,21109.0,10.0,0.0,6.792876,0.03179021,944.21985,30.016949,715862.928398,5685991.95292,15088
15088,2019,21109.0,10.0,21109.0,10.0,0.0,7.0405574,0.011003054,1209.5948,13.309237,715862.928398,5685991.95292,15088
15088,2020,21109.0,10.0,21109.0,10.0,0.0,6.979816,0.04757174,1138.3096,54.151363,715862.928398,5685991.95292,15088
15088,2021,21109.0,10.0,21109.0,10.0,0.0,7.4610558,0.03551551,1841.8745,65.415115,715862.928398,5685991.95292,15088
15088,2022,21109.0,10.0,21109.0,10.0,0.0,7.3348746,0.06571675,1623.5298,106.6931,715862.928398,5685991.95292,15088
15088,2023,21109.0,10.0,21109.0,10.0,0.0,7.5134063,0.061057474,1940.8663,118.504395,715862.928398,5685991.95292,15088
15088,2024,21109.0,10.0,21109.0,10.0,0.0,7.5568066,0.07767928,2026.9552,157.45242,715862.928398,5685991.95292,15088
15088,2025,21109.0,10.0,21109.0,10.0,0.0,7.5650916,0.050489295,2043.818,103.19093,715862.928398,5685991.95292,15088
15089,2007,48723.0,25.0,7324.0,10.0,0.00216998,6.794181,0.06703123,1028.2053,68.92187,671752.867887,5737389.37436,15089
15089,2008,48723.0,25.0,7324.0,10.0,0.00216998,6.7099004,0.15221648,945.09906,143.85963,671752.867887,5737389.37436,15089
15089,2009,48723.0,25.0,7324.0,10.0,0.00216998,6.6642666,0.03330766,902.93964,30.074804,671752.867887,5737389.37436,15089
15089,2010,48723.0,25.0,7324.0,10.0,0.00216998,6.5229363,0.0052177883,783.9344,4.0904036,671752.867887,5737389.37436,15089
15089,2011,48723.0,25.0,7324.0,10.0,0.00216998,6.512719,0.050894625,775.9656,39.492477,671752.867887,5737389.37436,15089
15089,2012,48723.0,25.0,7324.0,10.0,0.00216998,6.501945,0.11478245,767.65015,88.11276,671752.867887,5737389.37436,15089
15089,2013,48723.0,25.0,7324.0,10.0,0.00216998,6.462373,0.13382496,737.86584,98.74487,671752.867887,5737389.37436,15089
15089,2014,48723.0,25.0,7324.0,10.0,0.00216998,6.4344378,0.1399294,717.5387,100.40476,671752.867887,5737389.37436,15089
15089,2015,48723.0,25.0,7324.0,10.0,0.00216998,6.553218,0.03197265,808.0363,25.835062,671752.867887,5737389.37436,15089
15089,2016,48723.0,25.0,7324.0,10.0,0.00216998,6.500008,0.030525275,766.16473,23.387388,671752.867887,5737389.37436,15089
15089,2017,48723.0,25.0,7324.0,10.0,0.00216998,6.4010377,0.023073742,693.9687,16.012455,671752.867887,5737389.37436,15089
15089,2018,48723.0,25.0,7324.0,10.0,0.00216998,6.677473,0.1529877,914.94354,139.97511,671752.867887,5737389.37436,15089
15089,2019,48723.0,25.0,7324.0,10.0,0.00216998,6.5915217,0.103039764,839.5875,86.5109,671752.867887,5737389.37436,15089
15089,2020,48723.0,25.0,7324.0,10.0,0.00216998,6.686796,0.009013138,923.5137,8.323755,671752.867887,5737389.37436,15089
15089,2021,48723.0,25.0,7324.0,10.0,0.00216998,7.100263,0.1785192,1396.3995,249.28413,671752.867887,5737389.37436,15089
15089,2022,48723.0,25.0,7324.0,10.0,0.00216998,7.3185434,0.085042976,1737.0308,147.72227,671752.867887,5737389.37436,15089
15089,2023,48723.0,25.0,7324.0,10.0,0.00216998,7.4803743,0.0999761,2042.1603,204.16722,671752.867887,5737389.37436,15089
15089,2024,48723.0,25.0,7324.0,10.0,0.00216998,7.4271884,0.011963534,1936.3842,23.165997,671752.867887,5737389.37436,15089
15089,2025,48723.0,25.0,7324.0,10.0,0.00216998,7.216361,0.06981457,1568.3041,109.49047,671752.867887,5737389.37436,15089
15090,2007,17833.0,25.0,2254.0,10.0,0.13157645,6.6615214,0.085392416,882.86053,75.389595,676525.850838,5837161.73665,15090
15090,2008,17833.0,25.0,2254.0,10.0,0.13157645,6.549865,0.026689472,789.5875,21.073673,676525.850838,5837161.73665,15090
15090,2009,17833.0,25.0,2254.0,10.0,0.13157645,6.489818,0.08024717,743.5709,59.66946,676525.850838,5837161.73665,15090
15090,2010,17833.0,25.0,2254.0,10.0,0.13157645,6.4154887,0.0012149436,690.3057,0.83868253,676525.850838,5837161.73665,15090
15090,2011,17833.0,25.0,2254.0,10.0,0.13157645,6.235592,0.20744477,576.65137,119.623314,676525.850838,5837161.73665,15090
15090,2012,17833.0,25.0,2254.0,10.0,0.13157645,6.25921,0.059441198,590.43286,35.096035,676525.850838,5837161.73665,15090
15090,2013,17833.0,25.0,2254.0,10.0,0.13157645,6.4243827,0.043727595,696.4725,30.455069,676525.850838,5837161.73665,15090
15090,2014,17833.0,25.0,2254.0,10.0,0.13157645,6.3587294,0.12756339,652.2157,83.198845,676525.850838,5837161.73665,15090
15090,2015,17833.0,25.0,2254.0,10.0,0.13157645,6.4988503,0.10787723,750.3171,80.94213,676525.850838,5837161.73665,15090
15090,2016,17833.0,25.0,2254.0,10.0,0.13157645,6.5270405,0.14321652,771.7699,110.530205,676525.850838,5837161.73665,15090
15090,2017,17833.0,25.0,2254.0,10.0,0.13157645,6.4610186,0.021422172,722.4618,15.476702,676525.850838,5837161.73665,15090
15090,2018,17833.0,25.0,2254.0,10.0,0.13157645,6.6709046,0.17292267,891.18353,154.10583,676525.850838,5837161.73665,15090
15090,2019,17833.0,25.0,2254.0,10.0,0.13157645,6.7304707,0.080307014,945.88055,75.960846,676525.850838,5837161.73665,15090
15090,2020,17833.0,25.0,2254.0,10.0,0.13157645,6.674117,0.14696608,894.0513,131.39522,676525.850838,5837161.73665,15090
15090,2021,17833.0,25.0,2254.0,10.0,0.13157645,7.179423,0.17013033,1481.8828,252.11322,676525.850838,5837161.73665,15090
15090,2022,17833.0,25.0,2254.0,10.0,0.13157645,7.0511312,0.15034471,1303.4594,195.96823,676525.850838,5837161.73665,15090
15090,2023,17833.0,25.0,2254.0,10.0,0.13157645,7.1799774,0.07195734,1482.7048,106.69149,676525.850838,5837161.73665,15090
15090,2024,17833.0,25.0,2254.0,10.0,0.13157645,7.4282465,0.6673809,1900.5376,1268.3826,676525.850838,5837161.73665,15090
15090,2025,17833.0,25.0,2254.0,10.0,0.13157645,7.391561,0.25317022,1832.0796,463.82797,676525.850838,5837161.73665,15090
15091,2007,16567.0,25.0,2042.0,10.0,0.0401129,6.7162347,0.1909068,914.64246,174.61145,777415.646778,5736116.26772,15091
15091,2008,16567.0,25.0,2042.0,10.0,0.0401129,6.7871985,0.15127927,981.9075,148.54225,777415.646778,5736116.26772,15091
15091,2009,16567.0,25.0,2042.0,10.0,0.0401129,6.574235,0.21408911,793.5633,169.89326,777415.646778,5736116.26772,15091
15091,2010,16567.0,25.0,2042.0,10.0,0.0401129,6.4045725,0.07527578,669.7277,50.414276,777415.646778,5736116.26772,15091
15091,2011,16567.0,25.0,2042.0,10.0,0.0401129,6.6171546,0.12581897,828.3643,104.22394,777415.646778,5736116.26772,15091
15091,2012,16567.0,25.0,2042.0,10.0,0.0401129,6.6328545,0.2422945,841.47217,203.8841,777415.646778,5736116.26772,15091
15091,2013,16567.0,25.0,2042.0,10.0,0.0401129,6.373897,0.3124593,649.4952,202.9408,777415.646778,5736116.26772,15091
15091,2014,16567.0,25.0,2042.0,10.0,0.0401129,6.8027625,0.11533081,997.3094,115.02049,777415.646778,5736116.26772,15091
15091,2015,16567.0,25.0,2042.0,10.0,0.0401129,6.6514244,0.13136119,857.24445,112.60866,777415.646778,5736116.26772,15091
15091,2016,16567.0,25.0,2042.0,10.0,0.0401129,6.419607,0.004571034,679.8729,3.1077225,777415.646778,5736116.26772,15091
15091,2017,16567.0,25.0,2042.0,10.0,0.0401129,6.561951,0.0071461727,783.87524,5.601708,777415.646778,5736116.26772,15091
15091,2018,16567.0,25.0,2042.0,10.0,0.0401129,6.9825554,0.050125338,1193.749,59.83707,777415.646778,5736116.26772,15091
15091,2019,16567.0,25.0,2042.0,10.0,0.0401129,7.1581564,0.041065674,1422.9039,58.432507,777415.646778,5736116.26772,15091
15091,2020,16567.0,25.0,2042.0,10.0,0.0401129,6.849317,0.048685715,1044.8365,50.86861,777415.646778,5736116.26772,15091
15091,2021,16567.0,25.0,2042.0,10.0,0.0401129,7.082374,0.04863294,1319.0573,64.149635,777415.646778,5736116.26772,15091
15091,2022,16567.0,25.0,2042.0,10.0,0.0401129,7.24034,0.058430936,1544.7834,90.263145,777415.646778,5736116.26772,15091
15091,2023,16567.0,25.0,2042.0,10.0,0.0401129,6.78509,0.14296772,979.8392,140.08536,777415.646778,5736116.26772,15091
15091,2024,16567.0,25.0,2042.0,10.0,0.0401129,7.043213,0.13688423,1268.4,173.62395,777415.646778,5736116.26772,15091
15091,2025,16567.0,25.0,2042.0,10.0,0.0401129,7.098255,0.05158325,1340.1729,69.13047,777415.646778,5736116.26772,15091
16051,2007,36655.0,10.0,36655.0,10.0,0.0,7.357707,0.0556154,1671.0713,92.9373,641802.745805,5649903.02447,16051
16051,2008,36655.0,10.0,36655.0,10.0,0.0,7.3460174,0.044598043,1651.6505,73.66038,641802.745805,5649903.02447,16051
16051,2009,36655.0,10.0,36655.0,10.0,0.0,7.2852683,0.067134604,1554.3014,104.34741,641802.745805,5649903.02447,16051
16051,2010,36655.0,10.0,36655.0,10.0,0.0,7.3123016,0.039358597,1596.8921,62.851433,641802.745805,5649903.02447,16051
16051,2011,36655.0,10.0,36655.0,10.0,0.0,7.358776,0.077025115,1672.8589,128.85216,641802.745805,5649903.02447,16051
16051,2012,36655.0,10.0,36655.0,10.0,0.0,7.5232296,0.089650124,1971.8798,176.77927,641802.745805,5649903.02447,16051
16051,2013,36655.0,10.0,36655.0,10.0,0.0,7.5757394,0.06957775,2078.1897,144.59576,641802.745805,5649903.02447,16051
16051,2014,36655.0,10.0,36655.0,10.0,0.0,7.5479865,0.057764154,2021.3066,116.75907,641802.745805,5649903.02447,16051
16051,2015,36655.0,10.0,36655.0,10.0,0.0,7.515197,0.07585201,1956.1041,148.37442,641802.745805,5649903.02447,16051
16051,2016,36655.0,10.0,36655.0,10.0,0.0,7.4851713,0.07451053,1898.2433,141.43912,641802.745805,5649903.02447,16051
16051,2017,36655.0,10.0,36655.0,10.0,0.0,7.701387,0.046382263,2356.423,109.29624,641802.745805,5649903.02447,16051
16051,2018,36655.0,10.0,36655.0,10.0,0.0,7.830217,0.08388892,2680.4236,224.85783,641802.745805,5649903.02447,16051
16051,2019,36655.0,10.0,36655.0,10.0,0.0,7.7131343,0.13052069,2384.2683,311.19635,641802.745805,5649903.02447,16051
16051,2020,36655.0,10.0,36655.0,10.0,0.0,8.050607,0.08454649,3341.3154,282.4965,641802.745805,5649903.02447,16051
16051,2021,36655.0,10.0,36655.0,10.0,0.0,8.194572,0.061040927,3858.7004,235.53865,641802.745805,5649903.02447,16051
16051,2022,36655.0,10.0,36655.0,10.0,0.0,8.246764,0.06028726,4065.4392,245.0942,641802.745805,5649903.02447,16051
16051,2023,36655.0,10.0,36655.0,10.0,0.0,7.960102,0.06401051,3052.1917,195.37233,641802.745805,5649903.02447,16051
16051,2024,36655.0,10.0,36655.0,10.0,0.0,7.9815273,0.054354444,3118.291,169.49298,641802.745805,5649903.02447,16051
16051,2025,36655.0,10.0,36655.0,10.0,0.0,7.982714,0.041792627,3121.9949,130.47636,641802.745805,5649903.02447,16051
16052,2007,25850.0,10.0,25850.0,10.0,0.0,7.0401535,0.012587402,1267.7329,15.957463,716781.616479,5642561.62562,16052
16052,2008,25850.0,10.0,25850.0,10.0,0.0,6.9779434,0.0002459034,1191.2704,0.29293743,716781.616479,5642561.62562,16052
16052,2009,25850.0,10.0,25850.0,10.0,0.0,6.9289675,0.030014232,1134.3324,34.046116,716781.616479,5642561.62562,16052
16052,2010,25850.0,10.0,25850.0,10.0,0.0,6.9277887,0.01327032,1132.9961,15.035222,716781.616479,5642561.62562,16052
16052,2011,25850.0,10.0,25850.0,10.0,0.0,6.9863434,0.07115907,1201.3191,85.48476,716781.616479,5642561.62562,16052
16052,2012,25850.0,10.0,25850.0,10.0,0.0,6.997771,0.073831476,1215.1255,89.71451,716781.616479,5642561.62562,16052
16052,2013,25850.0,10.0,25850.0,10.0,0.0,6.946551,0.03876499,1154.454,44.7524,716781.616479,5642561.62562,16052
16052,2014,25850.0,10.0,25850.0,10.0,0.0,7.0300837,0.04691758,1255.031,58.883022,716781.616479,5642561.62562,16052
16052,2015,25850.0,10.0,25850.0,10.0,0.0,6.9730716,0.017552933,1185.4805,20.808659,716781.616479,5642561.62562,16052
16052,2016,25850.0,10.0,25850.0,10.0,0.0,7.018014,0.05969262,1239.9744,74.01732,716781.616479,5642561.62562,16052
16052,2017,25850.0,10.0,25850.0,10.0,0.0,7.0155053,0.093087465,1236.8674,115.13685,716781.616479,5642561.62562,16052
16052,2018,25850.0,10.0,25850.0,10.0,0.0,6.8834286,0.01294529,1083.8346,14.030553,716781.616479,5642561.62562,16052
16052,2019,25850.0,10.0,25850.0,10.0,0.0,6.934195,0.058712613,1140.2778,66.94869,716781.616479,5642561.62562,16052
16052,2020,25850.0,10.0,25850.0,10.0,0.0,7.1251554,0.07966197,1380.2056,109.9499,716781.616479,5642561.62562,16052
16052,2021,25850.0,10.0,25850.0,10.0,0.0,7.1669993,0.057637677,1439.1836,82.951195,716781.616479,5642561.62562,16052
16052,2022,25850.0,10.0,25850.0,10.0,0.0,7.122501,0.0074801515,1376.5466,10.296777,716781.616479,5642561.62562,16052
16052,2023,25850.0,10.0,25850.0,10.0,0.0,7.095713,0.019368248,1340.1614,25.95658,716781.616479,5642561.62562,16052
16052,2024,25850.0,10.0,25850.0,10.0,0.0,7.1892414,0.039688908,1471.5525,58.404312,716781.616479,5642561.62562,16052
16052,2025,25850.0,10.0,25850.0,10.0,0.0,7.2860312,0.0015802913,1621.1049,2.561818,716781.616479,5642561.62562,16052
16053,2007,18093.0,10.0,18093.0,10.0,0.0,7.5185475,0.011814413,1951.0101,23.050037,681810.070944,5644588.08088,16053
16053,2008,18093.0,10.0,18093.0,10.0,0.0,7.537413,0.015931396,1988.1666,31.674269,681810.070944,5644588.08088,16053
16053,2009,18093.0,10.0,18093.0,10.0,0.0,7.542965,0.002191485,1999.2347,4.381293,681810.070944,5644588.08088,16053
16053,2010,18093.0,10.0,18093.0,10.0,0.0,7.600318,0.014925674,2117.2488,31.601366,681810.070944,5644588.08088,16053
16053,2011,18093.0,10.0,18093.0,10.0,0.0,7.7435317,0.030711018,2443.2554,75.03486,681810.070944,5644588.08088,16053
16053,2012,18093.0,10.0,18093.0,10.0,0.0,7.694319,0.029329432,2325.926,68.21809,681810.070944,5644588.08088,16053
16053,2013,18093.0,10.0,18093.0,10.0,0.0,7.806251,0.02179766,2601.4026,56.70449,681810.070944,5644588.08088,16053
16053,2014,18093.0,10.0,18093.0,10.0,0.0,7.825036,0.036085103,2650.732,95.65194,681810.070944,5644588.08088,16053
16053,2015,18093.0,10.0,18093.0,10.0,0.0,7.927476,0.10418724,2936.6672,305.9633,681810.070944,5644588.08088,16053
16053,2016,18093.0,10.0,18093.0,10.0,0.0,7.872477,0.07351469,2779.5159,204.33525,681810.070944,5644588.08088,16053
16053,2017,18093.0,10.0,18093.0,10.0,0.0,7.994695,0.14622293,3140.8542,459.26492,681810.070944,5644588.08088,16053
16053,2018,18093.0,10.0,18093.0,10.0,0.0,8.0912,0.09219587,3459.0696,318.9119,681810.070944,5644588.08088,16053
16053,2019,18093.0,10.0,18093.0,10.0,0.0,8.23106,0.00945825,3978.32,37.62795,681810.070944,5644588.08088,16053
16053,2020,18093.0,10.0,18093.0,10.0,0.0,8.345678,0.03847892,4461.4683,171.67247,681810.070944,5644588.08088,16053
16053,2021,18093.0,10.0,18093.0,10.0,0.0,8.3519335,0.051573828,4489.4644,231.53886,681810.070944,5644588.08088,16053
16053,2022,18093.0,10.0,18093.0,10.0,0.0,8.447114,0.0075737373,4937.7695,37.397366,681810.070944,5644588.08088,16053
16053,2023,18093.0,10.0,18093.0,10.0,0.0,8.134525,0.044114012,3612.2292,159.34993,681810.070944,5644588.08088,16053
16053,2024,18093.0,10.0,18093.0,10.0,0.0,8.180627,0.006713535,3782.6562,25.394995,681810.070944,5644588.08088,16053
16053,2025,18093.0,10.0,18093.0,10.0,0.0,8.0365,0.0081499545,3274.94,26.69061,681810.070944,5644588.08088,16053
16054,2007,12968.0,10.0,12968.0,10.0,0.0,6.931304,0.026738605,1106.695,29.591478,621552.296765,5609099.78684,16054
16054,2008,12968.0,10.0,12968.0,10.0,0.0,7.07612,0.018901909,1279.1473,24.178328,621552.296765,5609099.78684,16054
16054,2009,12968.0,10.0,12968.0,10.0,0.0,6.983001,0.016846962,1165.4126,19.633663,621552.296765,5609099.78684,16054
16054,2010,12968.0,10.0,12968.0,10.0,0.0,6.9321713,0.044738546,1107.6548,49.554867,621552.296765,5609099.78684,16054
16054,2011,12968.0,10.0,12968.0,10.0,0.0,6.8597674,0.02852844,1030.2911,29.3926,621552.296765,5609099.78684,16054
16054,2012,12968.0,10.0,12968.0,10.0,0.0,7.039273,0.024498103,1232.8723,30.203033,621552.296765,5609099.78684,16054
16054,2013,12968.0,10.0,12968.0,10.0,0.0,6.742284,0.043430146,916.0883,39.78585,621552.296765,5609099.78684,16054
16054,2014,12968.0,10.0,12968.0,10.0,0.0,7.26705,0.023874762,1548.2474,36.96404,621552.296765,5609099.78684,16054
16054,2015,12968.0,10.0,12968.0,10.0,0.0,7.2017674,0.09833703,1450.4027,142.6283,621552.296765,5609099.78684,16054
16054,2016,12968.0,10.0,12968.0,10.0,0.0,7.0540876,0.045663357,1251.273,57.13732,621552.296765,5609099.78684,16054
16054,2017,12968.0,10.0,12968.0,10.0,0.0,7.0914674,4.8516562e-05,1298.9307,0.06301965,621552.296765,5609099.78684,16054
16054,2018,12968.0,10.0,12968.0,10.0,0.0,7.238212,0.0029665697,1504.237,4.4624243,621552.296765,5609099.78684,16054
16054,2019,12968.0,10.0,12968.0,10.0,0.0,7.3839493,0.045938414,1740.2404,79.94388,621552.296765,5609099.78684,16054
16054,2020,12968.0,10.0,12968.0,10.0,0.0,7.348336,0.037944704,1679.3558,63.72266,621552.296765,5609099.78684,16054
16054,2021,12968.0,10.0,12968.0,10.0,0.0,7.4677944,0.04088115,1892.4421,77.36521,621552.296765,5609099.78684,16054
16054,2022,12968.0,10.0,12968.0,10.0,0.0,7.5023117,0.028435973,1958.9053,55.70338,621552.296765,5609099.78684,16054
16054,2023,12968.0,10.0,12968.0,10.0,0.0,7.573146,0.0014826746,2102.6948,3.1176121,621552.296765,5609099.78684,16054
16054,2024,12968.0,10.0,12968.0,10.0,0.0,7.5865154,0.033483546,2130.995,71.35327,621552.296765,5609099.78684,16054
16054,2025,12968.0,10.0,12968.0,10.0,0.0,7.5894685,0.031865727,2137.2979,68.106544,621552.296765,5609099.78684,16054
16055,2007,14599.0,10.0,14599.0,10.0,0.0,7.2474394,0.025448954,1496.5394,38.08536,662713.670571,5649968.17841,16055
16055,2008,14599.0,10.0,14599.0,10.0,0.0,7.2299175,0.010439275,1470.5461,15.351435,662713.670571,5649968.17841,16055
16055,2009,14599.0,10.0,14599.0,10.0,0.0,7.134406,0.0011181494,1336.5908,1.4945083,662713.670571,5649968.17841,16055
16055,2010,14599.0,10.0,14599.0,10.0,0.0,7.196699,0.010155976,1422.4989,14.446863,662713.670571,5649968.17841,16055
16055,2011,14599.0,10.0,14599.0,10.0,0.0,7.2365284,0.022515848,1480.2998,33.330208,662713.670571,5649968.17841,16055
16055,2012,14599.0,10.0,14599.0,10.0,0.0,7.4103355,0.063185655,1761.2991,111.28883,662713.670571,5649968.17841,16055
16055,2013,14599.0,10.0,14599.0,10.0,0.0,7.461733,0.087406285,1854.1924,162.06807,662713.670571,5649968.17841,16055
16055,2014,14599.0,10.0,14599.0,10.0,0.0,7.450868,0.017909762,1834.1555,32.84929,662713.670571,5649968.17841,16055
16055,2015,14599.0,10.0,14599.0,10.0,0.0,7.547713,0.0020062542,2020.6696,4.053977,662713.670571,5649968.17841,16055
16055,2016,14599.0,10.0,14599.0,10.0,0.0,7.5586762,0.030993575,2042.945,63.31817,662713.670571,5649968.17841,16055
16055,2017,14599.0,10.0,14599.0,10.0,0.0,7.6399965,0.028104039,2216.0195,62.279095,662713.670571,5649968.17841,16055
16055,2018,14599.0,10.0,14599.0,10.0,0.0,7.531522,0.023540867,1988.2161,46.804333,662713.670571,5649968.17841,16055
16055,2019,14599.0,10.0,14599.0,10.0,0.0,7.6197944,0.007914189,2171.7,17.187244,662713.670571,5649968.17841,16055
16055,2020,14599.0,10.0,14599.0,10.0,0.0,7.954814,0.10611235,3035.9678,322.1537,662713.670571,5649968.17841,16055
16055,2021,14599.0,10.0,14599.0,10.0,0.0,8.051684,0.054755695,3344.777,183.14558,662713.670571,5649968.17841,16055
16055,2022,14599.0,10.0,14599.0,10.0,0.0,8.078335,0.08684225,3435.116,298.3132,662713.670571,5649968.17841,16055
16055,2023,14599.0,10.0,14599.0,10.0,0.0,7.9986005,0.07967913,3171.8545,252.7306,662713.670571,5649968.17841,16055
16055,2024,14599.0,10.0,14599.0,10.0,0.0,8.123759,0.024815375,3594.753,89.20514,662713.670571,5649968.17841,16055
16055,2025,14599.0,10.0,14599.0,10.0,0.0,7.994566,0.028813906,3159.0835,91.025536,662713.670571,5649968.17841,16055
16056,2007,15387.0,10.0,15387.0,10.0,0.0,7.1232076,0.009406578,1327.711,12.489217,591246.991886,5649479.9669,16056
16056,2008,15387.0,10.0,15387.0,10.0,0.0,7.00722,0.02838489,1182.3082,33.559692,591246.991886,5649479.9669,16056
16056,2009,15387.0,10.0,15387.0,10.0,0.0,6.8570533,0.029997708,1017.45294,30.521257,591246.991886,5649479.9669,16056
16056,2010,15387.0,10.0,15387.0,10.0,0.0,6.8895516,0.0925475,1051.0616,97.273125,591246.991886,5649479.9669,16056
16056,2011,15387.0,10.0,15387.0,10.0,0.0,7.154222,0.0012548086,1369.5345,1.7185037,591246.991886,5649479.9669,16056
16056,2012,15387.0,10.0,15387.0,10.0,0.0,7.077847,0.043420404,1268.8314,55.093174,591246.991886,5649479.9669,16056
16056,2013,15387.0,10.0,15387.0,10.0,0.0,7.1393204,0.015760593,1349.2775,21.265413,591246.991886,5649479.9669,16056
16056,2014,15387.0,10.0,15387.0,10.0,0.0,7.1274242,0.026468392,1333.3217,35.290882,591246.991886,5649479.9669,16056
16056,2015,15387.0,10.0,15387.0,10.0,0.0,7.138341,0.02145503,1347.9569,28.920456,591246.991886,5649479.9669,16056
16056,2016,15387.0,10.0,15387.0,10.0,0.0,7.2686987,0.048837606,1535.6406,74.99701,591246.991886,5649479.9669,16056
16056,2017,15387.0,10.0,15387.0,10.0,0.0,7.251509,0.062018733,1509.4694,93.61537,591246.991886,5649479.9669,16056
16056,2018,15387.0,10.0,15387.0,10.0,0.0,7.2069564,0.049795832,1443.6943,71.88996,591246.991886,5649479.9669,16056
16056,2019,15387.0,10.0,15387.0,10.0,0.0,7.2125454,0.092157215,1451.7856,133.79253,591246.991886,5649479.9669,16056
16056,2020,15387.0,10.0,15387.0,10.0,0.0,7.263015,0.042997386,1526.937,65.654305,591246.991886,5649479.9669,16056
16056,2021,15387.0,10.0,15387.0,10.0,0.0,7.37866,0.02519285,1714.1359,43.183968,591246.991886,5649479.9669,16056
16056,2022,15387.0,10.0,15387.0,10.0,0.0,7.605644,0.028641762,2150.915,61.605995,591246.991886,5649479.9669,16056
16056,2023,15387.0,10.0,15387.0,10.0,0.0,7.3992305,0.05562061,1749.7614,97.32279,591246.991886,5649479.9669,16056
16056,2024,15387.0,10.0,15387.0,10.0,0.0,7.351214,0.08678535,1667.7295,144.7345,591246.991886,5649479.9669,16056
16056,2025,15387.0,10.0,15387.0,10.0,0.0,7.386623,0.023293477,1727.8397,40.247395,591246.991886,5649479.9669,16056
16061,2007,54819.0,25.0,4660.0,10.0,-0.26876733,7.0002203,0.13009226,1227.3173,159.66447,579695.680685,5690197.98876,16061
16061,2008,54819.0,25.0,4660.0,10.0,-0.26876733,7.019234,0.032211497,1250.877,40.292618,579695.680685,5690197.98876,16061
16061,2009,54819.0,25.0,4660.0,10.0,-0.26876733,6.9161034,0.11651388,1128.3022,131.46288,579695.680685,5690197.98876,16061
16061,2010,54819.0,25.0,4660.0,10.0,-0.26876733,6.930174,0.18604544,1144.2903,212.88997,579695.680685,5690197.98876,16061
16061,2011,54819.0,25.0,4660.0,10.0,-0.26876733,6.9348807,0.1292735,1149.6885,148.62427,579695.680685,5690197.98876,16061
16061,2012,54819.0,25.0,4660.0,10.0,-0.26876733,6.9276147,0.111677036,1141.3652,127.46428,579695.680685,5690197.98876,16061
16061,2013,54819.0,25.0,4660.0,10.0,-0.26876733,6.8346605,0.1921958,1040.0521,199.89365,579695.680685,5690197.98876,16061
16061,2014,54819.0,25.0,4660.0,10.0,-0.26876733,6.705805,0.116562285,914.3107,106.57414,579695.680685,5690197.98876,16061
16061,2015,54819.0,25.0,4660.0,10.0,-0.26876733,7.149599,0.016848488,1425.0535,24.009996,579695.680685,5690197.98876,16061
16061,2016,54819.0,25.0,4660.0,10.0,-0.26876733,7.1717625,0.08916219,1456.9907,129.9085,579695.680685,5690197.98876,16061
16061,2017,54819.0,25.0,4660.0,10.0,-0.26876733,7.2603264,0.055959173,1591.9135,89.08216,579695.680685,5690197.98876,16061
16061,2018,54819.0,25.0,4660.0,10.0,-0.26876733,6.992621,0.17568429,1218.0258,213.98798,579695.680685,5690197.98876,16061
16061,2019,54819.0,25.0,4660.0,10.0,-0.26876733,7.394653,0.24560787,1820.7772,447.19724,579695.680685,5690197.98876,16061
16061,2020,54819.0,25.0,4660.0,10.0,-0.26876733,7.37446,0.107132405,1784.3792,191.16484,579695.680685,5690197.98876,16061
16061,2021,54819.0,25.0,4660.0,10.0,-0.26876733,7.2919765,0.010951414,1643.1038,17.99431,579695.680685,5690197.98876,16061
16061,2022,54819.0,25.0,4660.0,10.0,-0.26876733,7.424241,0.17448393,1875.4556,327.23688,579695.680685,5690197.98876,16061
16061,2023,54819.0,25.0,4660.0,10.0,-0.26876733,7.4383707,0.012823528,1902.1432,24.392185,579695.680685,5690197.98876,16061
16061,2024,54819.0,25.0,4660.0,10.0,-0.26876733,7.4255424,0.09452303,1877.8978,177.5046,579695.680685,5690197.98876,16061
16061,2025,54819.0,25.0,4660.0,10.0,-0.26876733,7.5823956,0.16800383,2196.8093,369.07236,579695.680685,5690197.98876,16061
16062,2007,40245.0,25.0,8724.0,10.0,0.33731058,6.831399,0.028052842,1040.7296,29.195423,617843.404158,5717512.48762,16062
16062,2008,40245.0,25.0,8724.0,10.0,0.33731058,6.631827,0.049719684,852.4421,42.383152,617843.404158,5717512.48762,16062
16062,2009,40245.0,25.0,8724.0,10.0,0.33731058,6.617994,0.06136096,840.73145,51.58809,617843.404158,5717512.48762,16062
16062,2010,40245.0,25.0,8724.0,10.0,0.33731058,6.6437736,0.02911104,862.6873,25.113724,617843.404158,5717512.48762,16062
16062,2011,40245.0,25.0,8724.0,10.0,0.33731058,6.7171917,0.0220552,928.40686,20.4762,617843.404158,5717512.48762,16062
16062,2012,40245.0,25.0,8724.0,10.0,0.33731058,6.491928,0.27259946,741.15283,202.03786,617843.404158,5717512.48762,16062
16062,2013,40245.0,25.0,8724.0,10.0,0.33731058,6.5854535,0.35175535,813.81433,286.26355,617843.404158,5717512.48762,16062
16062,2014,40245.0,25.0,8724.0,10.0,0.33731058,6.6003346,0.20195915,826.0154,166.82137,617843.404158,5717512.48762,16062
16062,2015,40245.0,25.0,8724.0,10.0,0.33731058,6.5588226,0.12566777,792.42773,99.58263,617843.404158,5717512.48762,16062
16062,2016,40245.0,25.0,8724.0,10.0,0.33731058,6.656822,0.040190052,874.018,35.12683,617843.404158,5717512.48762,16062
16062,2017,40245.0,25.0,8724.0,10.0,0.33731058,6.600346,0.02449379,826.02454,20.232471,617843.404158,5717512.48762,16062
16062,2018,40245.0,25.0,8724.0,10.0,0.33731058,6.655326,0.013007254,872.7112,11.351576,617843.404158,5717512.48762,16062
16062,2019,40245.0,25.0,8724.0,10.0,0.33731058,6.74504,0.2754351,954.62494,262.9372,617843.404158,5717512.48762,16062
16062,2020,40245.0,25.0,8724.0,10.0,0.33731058,6.803566,0.18659288,1012.1628,188.86237,617843.404158,5717512.48762,16062
16062,2021,40245.0,25.0,8724.0,10.0,0.33731058,6.859055,0.12375358,1069.9143,132.40572,617843.404158,5717512.48762,16062
16062,2022,40245.0,25.0,8724.0,10.0,0.33731058,7.0436873,0.11915143,1286.8671,153.33205,617843.404158,5717512.48762,16062
16062,2023,40245.0,25.0,8724.0,10.0,0.33731058,7.1945467,0.12679109,1496.4115,189.73164,617843.404158,5717512.48762,16062
16062,2024,40245.0,25.0,8724.0,10.0,0.33731058,7.0335903,0.09988219,1273.939,127.24382,617843.404158,5717512.48762,16062
16062,2025,40245.0,25.0,8724.0,10.0,0.33731058,7.066952,0.18146844,1317.1567,239.02238,617843.404158,5717512.48762,16062
16063,2007,55490.0,25.0,9220.0,10.0,-0.043288983,6.8160973,0.022634443,1002.1667,22.683485,590928.728801,5627587.85166,16063
16063,2008,55490.0,25.0,9220.0,10.0,-0.043288983,6.831915,0.016539438,1018.1449,16.839544,590928.728801,5627587.85166,16063
16063,2009,55490.0,25.0,9220.0,10.0,-0.043288983,6.8644595,0.013097588,1051.8247,13.776367,590928.728801,5627587.85166,16063
16063,2010,55490.0,25.0,9220.0,10.0,-0.043288983,6.716048,0.005435118,906.7532,4.9283104,590928.728801,5627587.85166,16063
16063,2011,55490.0,25.0,9220.0,10.0,-0.043288983,6.72494,0.06361686,914.85175,58.19999,590928.728801,5627587.85166,16063
16063,2012,55490.0,25.0,9220.0,10.0,-0.043288983,6.867297,0.3780277,1054.8138,398.74884,590928.728801,5627587.85166,16063
16063,2013,55490.0,25.0,9220.0,10.0,-0.043288983,6.6285167,0.09070109,830.75836,75.35069,590928.728801,5627587.85166,16063
16063,2014,55490.0,25.0,9220.0,10.0,-0.043288983,6.9162264,0.15832375,1107.7084,175.37656,590928.728801,5627587.85166,16063
16063,2015,55490.0,25.0,9220.0,10.0,-0.043288983,7.0213404,0.20753306,1230.4838,255.36606,590928.728801,5627587.85166,16063
16063,2016,55490.0,25.0,9220.0,10.0,-0.043288983,6.933347,0.14752752,1126.8368,166.23943,590928.728801,5627587.85166,16063
16063,2017,55490.0,25.0,9220.0,10.0,-0.043288983,6.936744,0.13579106,1130.6711,153.53503,590928.728801,5627587.85166,16063
16063,2018,55490.0,25.0,9220.0,10.0,-0.043288983,7.004801,0.13710816,1210.2997,165.94197,590928.728801,5627587.85166,16063
16063,2019,55490.0,25.0,9220.0,10.0,-0.043288983,7.1215725,0.02550507,1360.2108,34.69227,590928.728801,5627587.85166,16063
16063,2020,55490.0,25.0,9220.0,10.0,-0.043288983,7.13575,0.11287651,1379.6323,155.72809,590928.728801,5627587.85166,16063
16063,2021,55490.0,25.0,9220.0,10.0,-0.043288983,7.3540826,0.017153002,1716.264,29.43908,590928.728801,5627587.85166,16063
16063,2022,55490.0,25.0,9220.0,10.0,-0.043288983,7.3558173,0.033755705,1719.2435,58.03428,590928.728801,5627587.85166,16063
16063,2023,55490.0,25.0,9220.0,10.0,-0.043288983,7.379894,0.0045351917,1761.1396,7.9871063,590928.728801,5627587.85166,16063
16063,2024,55490.0,25.0,9220.0,10.0,-0.043288983,7.347169,0.038216073,1704.439,65.13696,590928.728801,5627587.85166,16063
16063,2025,55490.0,25.0,9220.0,10.0,-0.043288983,7.3953805,0.08193883,1788.626,146.55792,590928.728801,5627587.85166,16063
16064,2007,54624.0,25.0,8130.0,10.0,-0.0075735454,6.738134,0.019189255,930.20715,17.849983,615413.354259,5662239.38904,16064
16064,2008,54624.0,25.0,8130.0,10.0,-0.0075735454,6.7747617,0.07806419,964.9104,75.32495,615413.354259,5662239.38904,16064
16064,2009,54624.0,25.0,8130.0,10.0,-0.0075735454,6.747217,0.14379774,938.69525,134.98225,615413.354259,5662239.38904,16064
16064,2010,54624.0,25.0,8130.0,10.0,-0.0075735454,6.806712,0.0435412,996.2374,43.377373,615413.354259,5662239.38904,16064
16064,2011,54624.0,25.0,8130.0,10.0,-0.0075735454,6.736184,0.06477908,928.39526,60.14059,615413.354259,5662239.38904,16064
16064,2012,54624.0,25.0,8130.0,10.0,-0.0075735454,6.7478633,0.040924594,939.3017,38.44054,615413.354259,5662239.38904,16064
16064,2013,54624.0,25.0,8130.0,10.0,-0.0075735454,6.6682053,0.08068286,867.3813,69.9828,615413.354259,5662239.38904,16064
16064,2014,54624.0,25.0,8130.0,10.0,-0.0075735454,6.594422,0.15283889,805.6872,123.140335,615413.354259,5662239.38904,16064
16064,2015,54624.0,25.0,8130.0,10.0,-0.0075735454,6.741117,0.12668934,932.9862,118.1994,615413.354259,5662239.38904,16064
16064,2016,54624.0,25.0,8130.0,10.0,-0.0075735454,6.835755,0.10156365,1025.595,104.16316,615413.354259,5662239.38904,16064
16064,2017,54624.0,25.0,8130.0,10.0,-0.0075735454,6.79825,0.13217446,987.8429,130.5676,615413.354259,5662239.38904,16064
16064,2018,54624.0,25.0,8130.0,10.0,-0.0075735454,6.745796,0.13779353,937.362,129.1624,615413.354259,5662239.38904,16064
16064,2019,54624.0,25.0,8130.0,10.0,-0.0075735454,7.046368,0.05978037,1266.0303,75.68376,615413.354259,5662239.38904,16064
16064,2020,54624.0,25.0,8130.0,10.0,-0.0075735454,7.196061,0.22959907,1470.4663,337.6177,615413.354259,5662239.38904,16064
16064,2021,54624.0,25.0,8130.0,10.0,-0.0075735454,7.241518,0.16114627,1538.8516,247.98018,615413.354259,5662239.38904,16064
16064,2022,54624.0,25.0,8130.0,10.0,-0.0075735454,7.0665474,0.07392288,1291.8374,95.49633,615413.354259,5662239.38904,16064
16064,2023,54624.0,25.0,8130.0,10.0,-0.0075735454,7.1098685,0.00078587484,1349.031,1.0601695,615413.354259,5662239.38904,16064
16064,2024,54624.0,25.0,8130.0,10.0,-0.0075735454,7.1290026,0.023636496,1375.0923,32.50236,615413.354259,5662239.38904,16064
16064,2025,54624.0,25.0,8130.0,10.0,-0.0075735454,7.293309,0.026461475,1620.65,42.884792,615413.354259,5662239.38904,16064
16065,2007,23320.0,25.0,2918.0,10.0,0.16153643,6.593464,0.28573793,827.3726,236.41174,649506.804845,5692644.52979,16065
16065,2008,23320.0,25.0,2918.0,10.0,0.16153643,6.586058,0.051390346,821.26807,42.20525,649506.804845,5692644.52979,16065
16065,2009,23320.0,25.0,2918.0,10.0,0.16153643,6.613836,0.074943244,844.4009,63.28214,649506.804845,5692644.52979,16065
16065,2010,23320.0,25.0,2918.0,10.0,0.16153643,6.530405,0.06583604,776.8103,51.142117,649506.804845,5692644.52979,16065
16065,2011,23320.0,25.0,2918.0,10.0,0.16153643,6.356029,0.06402415,652.506,41.776142,649506.804845,5692644.52979,16065
16065,2012,23320.0,25.0,2918.0,10.0,0.16153643,6.2318745,0.29939458,576.32166,172.54758,649506.804845,5692644.52979,16065
16065,2013,23320.0,25.0,2918.0,10.0,0.16153643,6.2911744,0.022512019,611.531,13.766798,649506.804845,5692644.52979,16065
16065,2014,23320.0,25.0,2918.0,10.0,0.16153643,6.174133,0.092624396,543.9864,50.38641,649506.804845,5692644.52979,16065
16065,2015,23320.0,25.0,2918.0,10.0,0.16153643,6.7661486,0.22647703,983.32526,222.70058,649506.804845,5692644.52979,16065
16065,2016,23320.0,25.0,2918.0,10.0,0.16153643,6.682949,0.19349997,904.82385,175.08339,649506.804845,5692644.52979,16065
16065,2017,23320.0,25.0,2918.0,10.0,0.16153643,6.435915,0.07388133,706.7707,52.21716,649506.804845,5692644.52979,16065
16065,2018,23320.0,25.0,2918.0,10.0,0.16153643,6.4209247,0.10304867,696.255,71.748146,649506.804845,5692644.52979,16065
16065,2019,23320.0,25.0,2918.0,10.0,0.16153643,6.462591,0.11156957,725.8785,80.985954,649506.804845,5692644.52979,16065
16065,2020,23320.0,25.0,2918.0,10.0,0.16153643,6.771004,0.104308814,988.1113,103.068726,649506.804845,5692644.52979,16065
16065,2021,23320.0,25.0,2918.0,10.0,0.16153643,6.6980176,0.12216498,918.5614,112.21604,649506.804845,5692644.52979,16065
16065,2022,23320.0,25.0,2918.0,10.0,0.16153643,6.5973206,0.14074138,830.5697,116.89553,649506.804845,5692644.52979,16065
16065,2023,23320.0,25.0,2918.0,10.0,0.16153643,6.822057,0.0011722211,1039.8672,1.2189543,649506.804845,5692644.52979,16065
16065,2024,23320.0,25.0,2918.0,10.0,0.16153643,6.9935293,0.26760283,1234.3757,330.32245,649506.804845,5692644.52979,16065
16065,2025,23320.0,25.0,2918.0,10.0,0.16153643,7.1478806,0.11248531,1440.3942,162.0232,649506.804845,5692644.52979,16065
16066,2007,10202.0,10.0,10202.0,10.0,0.0,6.5332227,0.16903636,767.5674,129.7468,606440.428757,5626407.61409,16066
16066,2008,10202.0,10.0,10202.0,10.0,0.0,6.7949705,0.07887624,997.2228,78.65719,606440.428757,5626407.61409,16066
16066,2009,10202.0,10.0,10202.0,10.0,0.0,6.3346334,0.056377202,629.31824,35.479202,606440.428757,5626407.61409,16066
16066,2010,10202.0,10.0,10202.0,10.0,0.0,6.2366467,0.08309966,570.5784,47.414875,606440.428757,5626407.61409,16066
16066,2011,10202.0,10.0,10202.0,10.0,0.0,7.3528695,0.23300177,1742.1465,405.9232,606440.428757,5626407.61409,16066
16066,2012,10202.0,10.0,10202.0,10.0,0.0,8.168133,0.11301434,3936.8533,444.92087,606440.428757,5626407.61409,16066
16066,2013,10202.0,10.0,10202.0,10.0,0.0,7.642081,0.09717023,2326.417,226.05846,606440.428757,5626407.61409,16066
16066,2014,10202.0,10.0,10202.0,10.0,0.0,7.211656,0.07674528,1512.7125,116.09355,606440.428757,5626407.61409,16066
16066,2015,10202.0,10.0,10202.0,10.0,0.0,6.1638217,0.33905736,530.50305,179.87096,606440.428757,5626407.61409,16066
16066,2016,10202.0,10.0,10202.0,10.0,0.0,6.1665525,0.19663379,531.9536,104.60005,606440.428757,5626407.61409,16066
16066,2017,10202.0,10.0,10202.0,10.0,0.0,6.6688113,0.2914048,879.02673,256.15262,606440.428757,5626407.61409,16066
16066,2018,10202.0,10.0,10202.0,10.0,0.0,6.794321,0.37240884,996.5757,371.13358,606440.428757,5626407.61409,16066
16066,2019,10202.0,10.0,10202.0,10.0,0.0,7.1880684,0.1290427,1477.4489,190.65399,606440.428757,5626407.61409,16066
16066,2020,10202.0,10.0,10202.0,10.0,0.0,7.0268064,0.2034108,1257.4111,255.771,606440.428757,5626407.61409,16066
16066,2021,10202.0,10.0,10202.0,10.0,0.0,6.8380117,0.13493711,1041.0815,140.48051,606440.428757,5626407.61409,16066
16066,2022,10202.0,10.0,10202.0,10.0,0.0,6.8378983,0.30984744,1040.9635,322.5399,606440.428757,5626407.61409,16066
16066,2023,10202.0,10.0,10202.0,10.0,0.0,7.1642175,0.0058006146,1442.6274,8.368126,606440.428757,5626407.61409,16066
16066,2024,10202.0,10.0,10202.0,10.0,0.0,6.954446,0.097480685,1169.6381,114.01712,606440.428757,5626407.61409,16066
16066,2025,10202.0,10.0,10202.0,10.0,0.0,6.96129,0.030483847,1177.6705,35.89993,606440.428757,5626407.61409,16066
16067,2007,63535.0,25.0,9444.0,10.0,0.045631357,6.8711042,0.057386268,1059.244,60.786064,610875.834967,5634630.02373,16067
16067,2008,63535.0,25.0,9444.0,10.0,0.045631357,6.960596,0.09114053,1158.4092,105.57803,610875.834967,5634630.02373,16067
16067,2009,63535.0,25.0,9444.0,10.0,0.045631357,6.794066,0.11707753,980.7059,114.81862,610875.834967,5634630.02373,16067
16067,2010,63535.0,25.0,9444.0,10.0,0.045631357,6.8591146,0.0028350377,1046.62,2.9672072,610875.834967,5634630.02373,16067
16067,2011,63535.0,25.0,9444.0,10.0,0.045631357,6.868721,0.091250956,1056.7229,96.42697,610875.834967,5634630.02373,16067
16067,2012,63535.0,25.0,9444.0,10.0,0.045631357,6.697882,0.08902958,890.7725,79.3051,610875.834967,5634630.02373,16067
16067,2013,63535.0,25.0,9444.0,10.0,0.045631357,6.8161182,0.019590544,1002.5732,19.640953,610875.834967,5634630.02373,16067
16067,2014,63535.0,25.0,9444.0,10.0,0.045631357,6.876691,0.013024741,1065.1783,13.873671,610875.834967,5634630.02373,16067
16067,2015,63535.0,25.0,9444.0,10.0,0.045631357,6.879238,0.066322096,1067.8951,70.82504,610875.834967,5634630.02373,16067
16067,2016,63535.0,25.0,9444.0,10.0,0.045631357,6.6979337,0.06515847,890.8183,58.04436,610875.834967,5634630.02373,16067
16067,2017,63535.0,25.0,9444.0,10.0,0.045631357,6.5858674,0.1469094,796.378,116.99541,610875.834967,5634630.02373,16067
16067,2018,63535.0,25.0,9444.0,10.0,0.045631357,6.693508,0.2342626,886.88464,207.7639,610875.834967,5634630.02373,16067
16067,2019,63535.0,25.0,9444.0,10.0,0.045631357,7.0822215,0.06602687,1308.227,86.37813,610875.834967,5634630.02373,16067
16067,2020,63535.0,25.0,9444.0,10.0,0.045631357,7.327423,0.023207897,1671.7559,38.79794,610875.834967,5634630.02373,16067
16067,2021,63535.0,25.0,9444.0,10.0,0.045631357,7.3831244,0.042868406,1767.5173,75.770645,610875.834967,5634630.02373,16067
16067,2022,63535.0,25.0,9444.0,10.0,0.045631357,7.336885,0.04893736,1687.649,82.589096,610875.834967,5634630.02373,16067
16067,2023,63535.0,25.0,9444.0,10.0,0.045631357,7.25574,0.10580848,1556.1136,164.65002,610875.834967,5634630.02373,16067
16067,2024,63535.0,25.0,9444.0,10.0,0.045631357,7.3461113,0.035648823,1703.2917,60.720345,610875.834967,5634630.02373,16067
16067,2025,63535.0,25.0,9444.0,10.0,0.045631357,7.274552,0.10871227,1585.6642,172.38115,610875.834967,5634630.02373,16067
16068,2007,62514.0,25.0,5655.0,10.0,-0.11374951,6.810139,0.06493143,989.9747,64.28047,650035.967299,5670748.01776,16068
16068,2008,62514.0,25.0,5655.0,10.0,-0.11374951,6.885104,0.015964244,1067.0409,17.0345,650035.967299,5670748.01776,16068
16068,2009,62514.0,25.0,5655.0,10.0,-0.11374951,6.6900897,0.057464078,877.9855,50.452625,650035.967299,5670748.01776,16068
16068,2010,62514.0,25.0,5655.0,10.0,-0.11374951,6.651604,0.07240247,844.83734,61.16831,650035.967299,5670748.01776,16068
16068,2011,62514.0,25.0,5655.0,10.0,-0.11374951,6.7059116,0.023174603,891.98737,20.671452,650035.967299,5670748.01776,16068
16068,2012,62514.0,25.0,5655.0,10.0,-0.11374951,6.5463014,0.32209912,760.3978,244.92346,650035.967299,5670748.01776,16068
16068,2013,62514.0,25.0,5655.0,10.0,-0.11374951,6.4488654,0.32081565,689.8027,221.2995,650035.967299,5670748.01776,16068
16068,2014,62514.0,25.0,5655.0,10.0,-0.11374951,6.440527,0.03337723,684.07477,22.83252,650035.967299,5670748.01776,16068
16068,2015,62514.0,25.0,5655.0,10.0,-0.11374951,6.841564,0.0405757,1021.57874,41.451275,650035.967299,5670748.01776,16068
16068,2016,62514.0,25.0,5655.0,10.0,-0.11374951,6.902275,0.17084105,1085.5208,185.4515,650035.967299,5670748.01776,16068
16068,2017,62514.0,25.0,5655.0,10.0,-0.11374951,6.9662256,0.05738146,1157.2083,66.402306,650035.967299,5670748.01776,16068
16068,2018,62514.0,25.0,5655.0,10.0,-0.11374951,6.8490634,0.0052716075,1029.2687,5.4259005,650035.967299,5670748.01776,16068
16068,2019,62514.0,25.0,5655.0,10.0,-0.11374951,7.2073884,0.094145484,1472.8115,138.65855,650035.967299,5670748.01776,16068
16068,2020,62514.0,25.0,5655.0,10.0,-0.11374951,7.0740404,0.057549633,1288.9468,74.17841,650035.967299,5670748.01776,16068
16068,2021,62514.0,25.0,5655.0,10.0,-0.11374951,7.113786,0.04278989,1341.2085,57.39017,650035.967299,5670748.01776,16068
16068,2022,62514.0,25.0,5655.0,10.0,-0.11374951,7.2656393,0.18791533,1561.1521,293.3644,650035.967299,5670748.01776,16068
16068,2023,62514.0,25.0,5655.0,10.0,-0.11374951,7.2636175,0.052215777,1557.9993,81.35214,650035.967299,5670748.01776,16068
16068,2024,62514.0,25.0,5655.0,10.0,-0.11374951,7.3792605,0.016164338,1749.0021,28.271461,650035.967299,5670748.01776,16068
16068,2025,62514.0,25.0,5655.0,10.0,-0.11374951,7.454349,0.08323665,1885.3884,156.93341,650035.967299,5670748.01776,16068
16069,2007,48475.0,25.0,4080.0,10.0,0.1008876,6.7973056,0.08753451,998.52014,87.40497,637301.078965,5589093.06202,16069
16069,2008,48475.0,25.0,4080.0,10.0,0.1008876,6.85096,0.13281646,1053.5583,139.9299,637301.078965,5589093.06202,16069
16069,2009,48475.0,25.0,4080.0,10.0,0.1008876,6.6268597,0.18629079,842.0406,156.8644,637301.078965,5589093.06202,16069
16069,2010,48475.0,25.0,4080.0,10.0,0.1008876,6.5626655,0.04617875,789.685,36.466663,637301.078965,5589093.06202,16069
16069,2011,48475.0,25.0,4080.0,10.0,0.1008876,6.5572667,0.13114868,785.43335,103.00855,637301.078965,5589093.06202,16069
16069,2012,48475.0,25.0,4080.0,10.0,0.1008876,6.696305,0.002182803,902.5944,1.9701858,637301.078965,5589093.06202,16069
16069,2013,48475.0,25.0,4080.0,10.0,0.1008876,6.6244364,0.06878303,840.00287,57.777943,637301.078965,5589093.06202,16069
16069,2014,48475.0,25.0,4080.0,10.0,0.1008876,6.6920123,0.13570184,898.7287,121.95914,637301.078965,5589093.06202,16069
16069,2015,48475.0,25.0,4080.0,10.0,0.1008876,6.8088565,0.04853965,1010.12085,49.03091,637301.078965,5589093.06202,16069
16069,2016,48475.0,25.0,4080.0,10.0,0.1008876,6.644327,0.0975185,856.8782,83.56148,637301.078965,5589093.06202,16069
16069,2017,48475.0,25.0,4080.0,10.0,0.1008876,6.5886135,0.0061124708,810.444,4.953815,637301.078965,5589093.06202,16069
16069,2018,48475.0,25.0,4080.0,10.0,0.1008876,6.640412,0.18330815,853.5298,156.45897,637301.078965,5589093.06202,16069
16069,2019,48475.0,25.0,4080.0,10.0,0.1008876,6.8913183,0.31676757,1096.9478,347.47748,637301.078965,5589093.06202,16069
16069,2020,48475.0,25.0,4080.0,10.0,0.1008876,6.975436,0.18314692,1193.213,218.5333,637301.078965,5589093.06202,16069
16069,2021,48475.0,25.0,4080.0,10.0,0.1008876,7.188094,0.0981157,1475.9586,144.8147,637301.078965,5589093.06202,16069
16069,2022,48475.0,25.0,4080.0,10.0,0.1008876,7.290454,0.07370307,1635.0398,120.507454,637301.078965,5589093.06202,16069
16069,2023,48475.0,25.0,4080.0,10.0,0.1008876,7.1965685,0.21649979,1488.5192,322.2641,637301.078965,5589093.06202,16069
16069,2024,48475.0,25.0,4080.0,10.0,0.1008876,6.9671593,0.09834839,1183.3774,116.383255,637301.078965,5589093.06202,16069
16069,2025,48475.0,25.0,4080.0,10.0,0.1008876,7.194238,0.05510581,1485.0547,81.835144,637301.078965,5589093.06202,16069
16070,2007,75275.0,25.0,9449.0,10.0,0.26408377,7.210459,0.12582761,1478.0702,185.98204,638295.608966,5630095.56849,16070
16070,2008,75275.0,25.0,9449.0,10.0,0.26408377,7.0430746,0.0030201057,1250.2616,3.775922,638295.608966,5630095.56849,16070
16070,2009,75275.0,25.0,9449.0,10.0,0.26408377,7.073679,0.08143203,1289.1165,104.97537,638295.608966,5630095.56849,16070
16070,2010,75275.0,25.0,9449.0,10.0,0.26408377,7.017425,0.049664393,1218.6008,60.521072,638295.608966,5630095.56849,16070
16070,2011,75275.0,25.0,9449.0,10.0,0.26408377,7.057643,0.05436837,1268.6093,68.97221,638295.608966,5630095.56849,16070
16070,2012,75275.0,25.0,9449.0,10.0,0.26408377,6.9689875,0.14162433,1160.9816,164.42323,638295.608966,5630095.56849,16070
16070,2013,75275.0,25.0,9449.0,10.0,0.26408377,7.030032,0.030007849,1234.0613,37.031525,638295.608966,5630095.56849,16070
16070,2014,75275.0,25.0,9449.0,10.0,0.26408377,7.1537085,0.0029918314,1396.5249,4.178167,638295.608966,5630095.56849,16070
16070,2015,75275.0,25.0,9449.0,10.0,0.26408377,7.2072487,0.12993546,1473.3328,191.43817,638295.608966,5630095.56849,16070
16070,2016,75275.0,25.0,9449.0,10.0,0.26408377,7.3923073,0.0033247212,1772.8452,5.894216,638295.608966,5630095.56849,16070
16070,2017,75275.0,25.0,9449.0,10.0,0.26408377,7.186606,0.12728389,1443.2307,183.7,638295.608966,5630095.56849,16070
16070,2018,75275.0,25.0,9449.0,10.0,0.26408377,7.2200346,0.030009745,1492.2915,44.783287,638295.608966,5630095.56849,16070
16070,2019,75275.0,25.0,9449.0,10.0,0.26408377,7.2996597,0.0790381,1615.9742,127.723526,638295.608966,5630095.56849,16070
16070,2020,75275.0,25.0,9449.0,10.0,0.26408377,7.347455,0.022155672,1695.0858,37.555767,638295.608966,5630095.56849,16070
16070,2021,75275.0,25.0,9449.0,10.0,0.26408377,7.537899,0.021696182,2050.692,44.492188,638295.608966,5630095.56849,16070
16070,2022,75275.0,25.0,9449.0,10.0,0.26408377,7.6342793,0.02355863,2258.1763,53.19954,638295.608966,5630095.56849,16070
16070,2023,75275.0,25.0,9449.0,10.0,0.26408377,7.6396866,0.04358011,2270.42,98.94515,638295.608966,5630095.56849,16070
16070,2024,75275.0,25.0,9449.0,10.0,0.26408377,7.5201306,0.03288924,2014.5765,66.25789,638295.608966,5630095.56849,16070
16070,2025,75275.0,25.0,9449.0,10.0,0.26408377,7.6083055,0.014930822,2200.2786,32.851967,638295.608966,5630095.56849,16070
16071,2007,10966.0,10.0,10966.0,10.0,0.0,6.76051,0.021362156,921.5999,19.68736,675869.702258,5655424.02568,16071
16071,2008,10966.0,10.0,10966.0,10.0,0.0,6.8559704,0.0022761186,1013.9121,2.307784,675869.702258,5655424.02568,16071
16071,2009,10966.0,10.0,10966.0,10.0,0.0,6.804126,0.0075854636,962.6858,7.3024178,675869.702258,5655424.02568,16071
16071,2010,10966.0,10.0,10966.0,10.0,0.0,6.7842436,0.007616339,943.7346,7.1878023,675869.702258,5655424.02568,16071
16071,2011,10966.0,10.0,10966.0,10.0,0.0,6.6100383,0.037088506,792.8545,29.40579,675869.702258,5655424.02568,16071
16071,2012,10966.0,10.0,10966.0,10.0,0.0,6.7554226,0.013095719,916.9232,12.007769,675869.702258,5655424.02568,16071
16071,2013,10966.0,10.0,10966.0,10.0,0.0,6.716295,0.01129927,881.7388,9.963004,675869.702258,5655424.02568,16071
16071,2014,10966.0,10.0,10966.0,10.0,0.0,6.862214,0.0021675348,1020.26263,2.2114549,675869.702258,5655424.02568,16071
16071,2015,10966.0,10.0,10966.0,10.0,0.0,6.780528,0.04557064,940.23474,42.8471,675869.702258,5655424.02568,16071
16071,2016,10966.0,10.0,10966.0,10.0,0.0,6.8203354,0.006664069,978.41766,6.5202427,675869.702258,5655424.02568,16071
16071,2017,10966.0,10.0,10966.0,10.0,0.0,7.0741415,0.038215876,1261.104,48.194195,675869.702258,5655424.02568,16071
16071,2018,10966.0,10.0,10966.0,10.0,0.0,6.969112,0.0150815565,1135.3691,17.123133,675869.702258,5655424.02568,16071
16071,2019,10966.0,10.0,10966.0,10.0,0.0,7.1886997,0.041670408,1414.1738,58.929203,675869.702258,5655424.02568,16071
16071,2020,10966.0,10.0,10966.0,10.0,0.0,7.376642,0.10915907,1706.5743,186.28806,675869.702258,5655424.02568,16071
16071,2021,10966.0,10.0,10966.0,10.0,0.0,7.319832,0.034789074,1612.3258,56.091316,675869.702258,5655424.02568,16071
16071,2022,10966.0,10.0,10966.0,10.0,0.0,7.412275,0.0045866976,1768.481,8.111487,675869.702258,5655424.02568,16071
16071,2023,10966.0,10.0,10966.0,10.0,0.0,7.4590635,0.01042869,1853.1915,19.32636,675869.702258,5655424.02568,16071
16071,2024,10966.0,10.0,10966.0,10.0,0.0,7.544551,0.0028483362,2018.5852,5.7496095,675869.702258,5655424.02568,16071
16071,2025,10966.0,10.0,10966.0,10.0,0.0,7.4488006,0.0022735263,1834.2699,4.170261,675869.702258,5655424.02568,16071
16072,2007,36092.0,25.0,3146.0,10.0,-0.0012136359,6.264713,0.049212806,599.4394,29.500092,652920.628862,5594188.87201,16072
16072,2008,36092.0,25.0,3146.0,10.0,-0.0012136359,6.5083942,0.034497067,764.8472,26.384985,652920.628862,5594188.87201,16072
16072,2009,36092.0,25.0,3146.0,10.0,-0.0012136359,6.393122,0.12870423,681.57336,87.72138,652920.628862,5594188.87201,16072
16072,2010,36092.0,25.0,3146.0,10.0,-0.0012136359,6.390352,0.10711739,679.6879,72.8064,652920.628862,5594188.87201,16072
16072,2011,36092.0,25.0,3146.0,10.0,-0.0012136359,6.405438,0.038925324,690.0195,26.85923,652920.628862,5594188.87201,16072
16072,2012,36092.0,25.0,3146.0,10.0,-0.0012136359,6.3216434,0.14000647,634.5558,88.84192,652920.628862,5594188.87201,16072
16072,2013,36092.0,25.0,3146.0,10.0,-0.0012136359,6.3859887,0.08832075,676.7289,59.769203,652920.628862,5594188.87201,16072
16072,2014,36092.0,25.0,3146.0,10.0,-0.0012136359,6.32951,0.05822027,639.56757,37.235798,652920.628862,5594188.87201,16072
16072,2015,36092.0,25.0,3146.0,10.0,-0.0012136359,6.3054423,0.04169701,624.3583,26.033873,652920.628862,5594188.87201,16072
16072,2016,36092.0,25.0,3146.0,10.0,-0.0012136359,6.236505,0.025832195,582.7668,15.054144,652920.628862,5594188.87201,16072
16072,2017,36092.0,25.0,3146.0,10.0,-0.0012136359,6.299014,0.09442551,620.3576,58.57758,652920.628862,5594188.87201,16072
16072,2018,36092.0,25.0,3146.0,10.0,-0.0012136359,6.1997805,0.11972553,561.7532,67.256195,652920.628862,5594188.87201,16072
16072,2019,36092.0,25.0,3146.0,10.0,-0.0012136359,6.376292,0.08511765,670.1987,57.04574,652920.628862,5594188.87201,16072
16072,2020,36092.0,25.0,3146.0,10.0,-0.0012136359,6.5677733,0.12939896,811.6386,105.0252,652920.628862,5594188.87201,16072
16072,2021,36092.0,25.0,3146.0,10.0,-0.0012136359,6.7201576,0.22348529,945.2405,211.24736,652920.628862,5594188.87201,16072
16072,2022,36092.0,25.0,3146.0,10.0,-0.0012136359,6.912238,0.1922977,1145.4126,220.26021,652920.628862,5594188.87201,16072
16072,2023,36092.0,25.0,3146.0,10.0,-0.0012136359,6.622485,0.0016655253,857.2823,1.4278252,652920.628862,5594188.87201,16072
16072,2024,36092.0,25.0,3146.0,10.0,-0.0012136359,6.573656,0.37982422,816.4275,310.0989,652920.628862,5594188.87201,16072
16072,2025,36092.0,25.0,3146.0,10.0,-0.0012136359,6.438777,0.452229,713.4118,322.6255,652920.628862,5594188.87201,16072
16073,2007,34778.0,25.0,8164.0,10.0,-0.3085249,6.9704046,0.077582225,1205.3931,93.517075,659058.429546,5616741.55218,16073
16073,2008,34778.0,25.0,8164.0,10.0,-0.3085249,6.953143,0.059573814,1184.7651,70.58098,659058.429546,5616741.55218,16073
16073,2009,34778.0,25.0,8164.0,10.0,-0.3085249,6.819956,0.08040543,1037.0264,83.382545,659058.429546,5616741.55218,16073
16073,2010,34778.0,25.0,8164.0,10.0,-0.3085249,6.858891,0.06490263,1078.1991,69.97796,659058.429546,5616741.55218,16073
16073,2011,34778.0,25.0,8164.0,10.0,-0.3085249,6.821359,0.031155014,1038.4827,32.353943,659058.429546,5616741.55218,16073
16073,2012,34778.0,25.0,8164.0,10.0,-0.3085249,6.7492943,0.025715321,966.2773,24.848131,659058.429546,5616741.55218,16073
16073,2013,34778.0,25.0,8164.0,10.0,-0.3085249,6.9145036,0.12665425,1139.8591,144.36801,659058.429546,5616741.55218,16073
16073,2014,34778.0,25.0,8164.0,10.0,-0.3085249,6.4383864,0.017106289,708.0701,12.112452,659058.429546,5616741.55218,16073
16073,2015,34778.0,25.0,8164.0,10.0,-0.3085249,6.644209,0.024637066,869.88873,21.431505,659058.429546,5616741.55218,16073
16073,2016,34778.0,25.0,8164.0,10.0,-0.3085249,6.7403955,0.023886953,957.71704,22.87694,659058.429546,5616741.55218,16073
16073,2017,34778.0,25.0,8164.0,10.0,-0.3085249,6.732211,0.016259702,949.91064,15.445264,659058.429546,5616741.55218,16073
16073,2018,34778.0,25.0,8164.0,10.0,-0.3085249,6.716719,0.015100667,935.30804,14.123776,659058.429546,5616741.55218,16073
16073,2019,34778.0,25.0,8164.0,10.0,-0.3085249,7.006297,0.046081997,1249.4437,57.576866,659058.429546,5616741.55218,16073
16073,2020,34778.0,25.0,8164.0,10.0,-0.3085249,6.963341,0.01827019,1196.9092,21.86776,659058.429546,5616741.55218,16073
16073,2021,34778.0,25.0,8164.0,10.0,-0.3085249,6.920252,0.18396515,1146.4307,210.90327,659058.429546,5616741.55218,16073
16073,2022,34778.0,25.0,8164.0,10.0,-0.3085249,7.280724,0.13244551,1643.9889,217.73897,659058.429546,5616741.55218,16073
16073,2023,34778.0,25.0,8164.0,10.0,-0.3085249,7.4076314,0.17357449,1866.4393,323.96625,659058.429546,5616741.55218,16073
16073,2024,34778.0,25.0,8164.0,10.0,-0.3085249,7.313029,0.05241069,1697.9645,88.991486,659058.429546,5616741.55218,16073
16073,2025,34778.0,25.0,8164.0,10.0,-0.3085249,7.5152855,0.08783162,2078.5837,182.56537,659058.429546,5616741.55218,16073
16074,2007,64185.0,25.0,6860.0,10.0,0.1712885,7.2800474,0.100827955,1632.213,164.57271,681945.550419,5631316.42238,16074
16074,2008,64185.0,25.0,6860.0,10.0,0.1712885,7.2538304,0.0457962,1589.9769,72.81491,681945.550419,5631316.42238,16074
16074,2009,64185.0,25.0,6860.0,10.0,0.1712885,7.165694,0.036724757,1455.8405,53.46539,681945.550419,5631316.42238,16074
16074,2010,64185.0,25.0,6860.0,10.0,0.1712885,7.2682233,0.09217188,1613.0266,148.67569,681945.550419,5631316.42238,16074
16074,2011,64185.0,25.0,6860.0,10.0,0.1712885,7.439616,0.2509551,1914.5934,480.47696,681945.550419,5631316.42238,16074
16074,2012,64185.0,25.0,6860.0,10.0,0.1712885,7.5014706,0.26675025,2036.7592,543.306,681945.550419,5631316.42238,16074
16074,2013,64185.0,25.0,6860.0,10.0,0.1712885,7.4926534,0.2535248,2018.8796,511.83606,681945.550419,5631316.42238,16074
16074,2014,64185.0,25.0,6860.0,10.0,0.1712885,7.358632,0.13093723,1765.6545,231.18991,681945.550419,5631316.42238,16074
16074,2015,64185.0,25.0,6860.0,10.0,0.1712885,7.5031123,0.022618901,2040.1053,46.14494,681945.550419,5631316.42238,16074
16074,2016,64185.0,25.0,6860.0,10.0,0.1712885,7.4592495,0.021032227,1952.5552,41.066586,681945.550419,5631316.42238,16074
16074,2017,64185.0,25.0,6860.0,10.0,0.1712885,7.0919456,0.03118232,1352.338,42.169037,681945.550419,5631316.42238,16074
16074,2018,64185.0,25.0,6860.0,10.0,0.1712885,7.4174986,0.12668312,1872.7122,237.24101,681945.550419,5631316.42238,16074
16074,2019,64185.0,25.0,6860.0,10.0,0.1712885,7.4045544,0.07279191,1848.6272,134.56511,681945.550419,5631316.42238,16074
16074,2020,64185.0,25.0,6860.0,10.0,0.1712885,7.390887,0.07058009,1823.533,128.70512,681945.550419,5631316.42238,16074
16074,2021,64185.0,25.0,6860.0,10.0,0.1712885,7.4821696,0.069492064,1997.8245,138.83295,681945.550419,5631316.42238,16074
16074,2022,64185.0,25.0,6860.0,10.0,0.1712885,7.7544665,0.022881579,2623.097,60.020596,681945.550419,5631316.42238,16074
16074,2023,64185.0,25.0,6860.0,10.0,0.1712885,7.8572073,0.10054908,2906.9272,292.28885,681945.550419,5631316.42238,16074
16074,2024,64185.0,25.0,6860.0,10.0,0.1712885,7.8922997,0.080224626,3010.749,241.53622,681945.550419,5631316.42238,16074
16074,2025,64185.0,25.0,6860.0,10.0,0.1712885,7.662921,0.20629057,2393.6282,493.78293,681945.550419,5631316.42238,16074
16075,2007,65220.0,25.0,8010.0,10.0,0.2897974,7.121706,0.2198204,1409.762,309.89444,700123.930711,5589127.65802,16075
16075,2008,65220.0,25.0,8010.0,10.0,0.2897974,6.7468576,0.035907686,969.0613,34.79675,700123.930711,5589127.65802,16075
16075,2009,65220.0,25.0,8010.0,10.0,0.2897974,6.606321,0.030452495,842.0093,25.641285,700123.930711,5589127.65802,16075
16075,2010,65220.0,25.0,8010.0,10.0,0.2897974,6.8421683,0.06603218,1065.9678,70.388176,700123.930711,5589127.65802,16075
16075,2011,65220.0,25.0,8010.0,10.0,0.2897974,6.7602654,0.027490754,982.1417,26.999815,700123.930711,5589127.65802,16075
16075,2012,65220.0,25.0,8010.0,10.0,0.2897974,6.6248245,0.06258764,857.7346,53.683586,700123.930711,5589127.65802,16075
16075,2013,65220.0,25.0,8010.0,10.0,0.2897974,6.608487,0.1398484,843.8354,118.00903,700123.930711,5589127.65802,16075
16075,2014,65220.0,25.0,8010.0,10.0,0.2897974,6.5855856,0.104703866,824.73,86.35242,700123.930711,5589127.65802,16075
16075,2015,65220.0,25.0,8010.0,10.0,0.2897974,6.560255,0.07689141,804.1013,61.828484,700123.930711,5589127.65802,16075
16075,2016,65220.0,25.0,8010.0,10.0,0.2897974,6.6734548,0.12127741,900.47736,109.207565,700123.930711,5589127.65802,16075
16075,2017,65220.0,25.0,8010.0,10.0,0.2897974,6.645375,0.19941522,875.54376,174.59676,700123.930711,5589127.65802,16075
16075,2018,65220.0,25.0,8010.0,10.0,0.2897974,6.4992037,0.28119028,756.4783,212.71432,700123.930711,5589127.65802,16075
16075,2019,65220.0,25.0,8010.0,10.0,0.2897974,7.0556273,0.05578963,1319.6179,73.621,700123.930711,5589127.65802,16075
16075,2020,65220.0,25.0,8010.0,10.0,0.2897974,6.845213,0.07626466,1069.2183,81.543564,700123.930711,5589127.65802,16075
16075,2021,65220.0,25.0,8010.0,10.0,0.2897974,7.0721645,0.04957272,1341.6221,66.50786,700123.930711,5589127.65802,16075
16075,2022,65220.0,25.0,8010.0,10.0,0.2897974,7.40431,0.13009816,1870.1626,243.30472,700123.930711,5589127.65802,16075
16075,2023,65220.0,25.0,8010.0,10.0,0.2897974,7.516166,0.16349702,2091.4995,341.95392,700123.930711,5589127.65802,16075
16075,2024,65220.0,25.0,8010.0,10.0,0.2897974,7.4707108,0.0791397,1998.5579,158.16528,700123.930711,5589127.65802,16075
16075,2025,65220.0,25.0,8010.0,10.0,0.2897974,7.4613066,0.2085685,1979.8511,412.93457,700123.930711,5589127.65802,16075
16076,2007,103672.0,25.0,7076.0,10.0,-0.09637862,6.827429,0.13518764,1030.7974,139.35106,722442.829733,5627282.1985,16076
16076,2008,103672.0,25.0,7076.0,10.0,-0.09637862,6.7316165,0.072585806,936.6182,67.98519,722442.829733,5627282.1985,16076
16076,2009,103672.0,25.0,7076.0,10.0,-0.09637862,6.6146894,0.1230898,833.2623,102.566086,722442.829733,5627282.1985,16076
16076,2010,103672.0,25.0,7076.0,10.0,-0.09637862,6.5667343,0.0063064373,794.2462,5.008864,722442.829733,5627282.1985,16076
16076,2011,103672.0,25.0,7076.0,10.0,-0.09637862,6.311874,0.005927723,615.5605,3.648872,722442.829733,5627282.1985,16076
16076,2012,103672.0,25.0,7076.0,10.0,-0.09637862,6.270372,0.1380068,590.5363,81.49803,722442.829733,5627282.1985,16076
16076,2013,103672.0,25.0,7076.0,10.0,-0.09637862,6.527154,0.058429286,763.4238,44.60631,722442.829733,5627282.1985,16076
16076,2014,103672.0,25.0,7076.0,10.0,-0.09637862,6.5454116,0.022924192,777.49005,17.823332,722442.829733,5627282.1985,16076
16076,2015,103672.0,25.0,7076.0,10.0,-0.09637862,6.74474,0.14778468,948.9909,140.2463,722442.829733,5627282.1985,16076
16076,2016,103672.0,25.0,7076.0,10.0,-0.09637862,6.7163906,0.08966703,922.46515,82.71471,722442.829733,5627282.1985,16076
16076,2017,103672.0,25.0,7076.0,10.0,-0.09637862,6.6982665,0.053610943,905.8971,48.565998,722442.829733,5627282.1985,16076
16076,2018,103672.0,25.0,7076.0,10.0,-0.09637862,6.675452,0.01578172,885.46387,13.974142,722442.829733,5627282.1985,16076
16076,2019,103672.0,25.0,7076.0,10.0,-0.09637862,6.6960206,0.008972593,903.86487,8.110011,722442.829733,5627282.1985,16076
16076,2020,103672.0,25.0,7076.0,10.0,-0.09637862,6.753989,0.05162199,957.8091,49.444008,722442.829733,5627282.1985,16076
16076,2021,103672.0,25.0,7076.0,10.0,-0.09637862,6.7324977,0.06593976,937.4437,61.81481,722442.829733,5627282.1985,16076
16076,2022,103672.0,25.0,7076.0,10.0,-0.09637862,6.802334,0.02630255,1005.2516,26.44068,722442.829733,5627282.1985,16076
16076,2023,103672.0,25.0,7076.0,10.0,-0.09637862,7.178685,0.13225484,1464.6102,193.7018,722442.829733,5627282.1985,16076
16076,2024,103672.0,25.0,7076.0,10.0,-0.09637862,7.337648,0.2700544,1716.954,463.671,722442.829733,5627282.1985,16076
16076,2025,103672.0,25.0,7076.0,10.0,-0.09637862,7.1919417,0.049810484,1484.1553,73.92649,722442.829733,5627282.1985,16076
16077,2007,11747.0,10.0,11747.0,10.0,0.0,6.7432914,0.0031049133,940.97394,2.9216425,741295.037404,5652969.55747,16077
16077,2008,11747.0,10.0,11747.0,10.0,0.0,6.5799117,0.0077613997,799.13965,6.202442,741295.037404,5652969.55747,16077
16077,2009,11747.0,10.0,11747.0,10.0,0.0,6.449861,0.025335578,701.6856,17.77761,741295.037404,5652969.55747,16077
16077,2010,11747.0,10.0,11747.0,10.0,0.0,6.486718,0.039886672,728.0303,29.038704,741295.037404,5652969.55747,16077
16077,2011,11747.0,10.0,11747.0,10.0,0.0,6.4487247,0.0029759936,700.8885,2.0858395,741295.037404,5652969.55747,16077
16077,2012,11747.0,10.0,11747.0,10.0,0.0,6.511412,0.03415774,746.232,25.489601,741295.037404,5652969.55747,16077
16077,2013,11747.0,10.0,11747.0,10.0,0.0,6.6451683,0.065266296,853.0279,55.673977,741295.037404,5652969.55747,16077
16077,2014,11747.0,10.0,11747.0,10.0,0.0,6.679882,0.06450395,883.1601,56.96731,741295.037404,5652969.55747,16077
16077,2015,11747.0,10.0,11747.0,10.0,0.0,6.7907476,0.10595107,986.7058,104.54254,741295.037404,5652969.55747,16077
16077,2016,11747.0,10.0,11747.0,10.0,0.0,6.8346725,0.033948395,1031.0126,35.001225,741295.037404,5652969.55747,16077
16077,2017,11747.0,10.0,11747.0,10.0,0.0,6.7625546,0.057967737,959.27606,55.60706,741295.037404,5652969.55747,16077
16077,2018,11747.0,10.0,11747.0,10.0,0.0,6.8289304,0.0019238681,1025.1094,1.9721752,741295.037404,5652969.55747,16077
16077,2019,11747.0,10.0,11747.0,10.0,0.0,7.137378,0.04500508,1395.4924,62.804245,741295.037404,5652969.55747,16077
16077,2020,11747.0,10.0,11747.0,10.0,0.0,7.05714,0.088889316,1287.8949,114.480095,741295.037404,5652969.55747,16077
16077,2021,11747.0,10.0,11747.0,10.0,0.0,7.259536,0.020409347,1576.8114,32.18169,741295.037404,5652969.55747,16077
16077,2022,11747.0,10.0,11747.0,10.0,0.0,7.2049975,0.031071614,1493.1176,46.393574,741295.037404,5652969.55747,16077
16077,2023,11747.0,10.0,11747.0,10.0,0.0,7.2171454,0.06951109,1511.3668,105.05676,741295.037404,5652969.55747,16077
16077,2024,11747.0,10.0,11747.0,10.0,0.0,7.3050756,0.16796853,1650.2794,277.195,741295.037404,5652969.55747,16077
16077,2025,11747.0,10.0,11747.0,10.0,0.0,7.337063,0.0028156203,1703.9203,4.7975926,741295.037404,5652969.55747,16077
