county_id,price_qm2007,price_qm_se2007,price_qm2008,price_qm_se2008,price_qm2009,price_qm_se2009,price_qm2010,price_qm_se2010,price_qm2011,price_qm_se2011,price_qm2012,price_qm_se2012,price_qm2013,price_qm_se2013,price_qm2014,price_qm_se2014,price_qm2015,price_qm_se2015,price_qm2016,price_qm_se2016,price_qm2017,price_qm_se2017,price_qm2018,price_qm_se2018,price_qm2019,price_qm_se2019,price_qm2020,price_qm_se2020,price_qm2021,price_qm_se2021,price_qm2022,price_qm_se2022,price_qm2023,price_qm_se2023,price_qm2024,price_qm_se2024,price_qm2025,price_qm_se2025
01001,1249.6401,2.042469,1286.805,8.409653,1184.646,6.427325,1289.8341,21.169697,1348.631,42.51374,1376.63,22.391253,1499.5817,25.786222,1778.3652,16.425133,1687.5304,100.204575,1934.8112,106.8753,2037.0798,28.487778,2289.054,28.488321,2107.678,43.826675,2176.8398,80.78053,2774.7468,19.857721,3283.1914,26.349195,2814.717,167.06474,2592.9382,147.5189,2691.3408,134.69962
01002,1550.9552,25.540401,1475.2971,12.417959,1429.2733,23.825808,1527.4423,68.90651,1644.1526,117.28616,1713.6019,142.6134,2126.2324,191.81096,2427.7607,282.6807,2276.849,5.829062,2570.6033,148.48401,2924.9136,179.60995,3073.389,164.63925,3504.5764,61.716835,3861.7659,150.07265,4434.3423,292.06198,4659.1763,204.70842,4119.849,220.23114,3947.8943,97.552635,4392.1055,252.4642
01003,1610.7091,89.50133,1616.798,16.668674,1506.8679,37.611893,1458.0422,12.996133,1569.2316,43.565746,1854.4039,25.957563,1949.1189,5.9980683,2093.4456,89.65514,2187.4788,3.4316008,2278.1245,37.893208,2921.8545,96.27935,2932.1526,60.22328,4228.1816,375.63303,4435.609,92.25373,4313.8423,58.074608,4419.185,92.87595,3375.946,114.340576,3839.7417,206.57489,4504.9224,103.83793
01004,1164.1396,13.785258,1120.2338,11.406452,1093.0344,8.779242,2125.4,338.87805,1440.4409,52.996243,1170.2239,11.365172,1252.3888,15.412255,1283.638,12.775982,1351.9427,18.922464,1399.4169,16.239922,1585.2476,12.897795,1392.807,70.67084,1629.0509,48.861237,2089.3235,15.650574,2832.7769,29.704582,2835.52,83.72266,2515.1416,110.1873,2645.2258,15.676375,2593.2817,52.499752
01051,1061.849,129.0508,1012.06195,92.47889,958.2772,44.471077,981.4226,81.37656,940.44635,41.801308,919.80927,12.72337,956.6648,74.44347,986.9462,103.76901,989.7438,67.995804,967.16144,78.36252,954.70355,88.89653,1130.794,96.12698,855.15106,143.62129,1815.2067,136.42314,2041.3477,250.89113,2142.7336,126.64085,2091.0205,210.45811,2092.665,280.23944,1828.529,224.36035
01053,1450.0409,28.634922,1389.5723,58.77476,1376.2755,47.933563,1312.5175,23.111902,1342.0835,15.262801,1386.207,10.507341,1498.6035,33.7625,1730.8201,33.38379,1893.1755,74.813416,1817.2802,11.566652,1866.425,235.63553,2235.3606,110.895294,2718.1396,36.955357,2913.4111,73.81211,3364.395,65.498634,3550.53,67.64139,3023.346,22.695206,3110.199,13.431301,3239.1543,128.10329
01054,1176.3403,21.56776,1245.1632,76.85165,1177.5974,20.698727,1205.6763,125.75339,1233.2435,46.844585,1375.1604,37.40709,1270.09,104.90587,1241.0332,60.075474,1396.6139,191.14091,1206.4402,207.1381,1463.8833,156.98187,1588.2012,88.72582,1492.249,14.200058,1756.315,249.2164,2822.28,583.082,3355.0806,1268.2084,2777.6865,150.9475,2704.5388,84.215485,2543.9873,469.1097
01055,1231.3553,19.073442,1231.904,36.654385,1228.2747,13.288538,1196.0238,70.62929,1164.0363,80.99654,1141.6393,31.989449,1196.8949,82.87232,1139.4146,43.79017,1283.2089,58.63772,1297.7217,44.279663,1344.595,74.169395,1601.1235,5.1565404,1252.1593,254.5276,2138.2148,227.13475,2244.5962,37.24551,2933.3433,7.325953,2713.8464,40.375057,2678.697,16.741886,2911.5784,188.38626
01056,1567.0251,11.151268,1491.2651,15.768898,1292.2583,54.11344,1372.7764,12.515814,1466.714,12.844429,1644.5109,112.422104,1691.4323,169.17778,1616.428,34.160137,1850.7892,156.07668,1931.4781,132.64777,1834.4636,2.842537,2106.8538,71.2485,2188.329,128.45126,2513.8535,168.54626,3093.3557,63.299442,3448.9875,37.728714,3025.46,9.305298,3021.1594,206.67342,2949.1687,140.40875
01057,1326.4362,146.33261,1301.3643,69.16532,1265.6769,14.572251,1267.6091,13.867058,1279.0098,5.5505214,1308.2842,56.094585,1393.7815,96.89128,1522.7183,134.84071,1580.2125,3.2402651,1789.3073,262.03012,1730.4838,116.60718,1953.5123,112.38896,1805.2654,535.87854,2558.985,123.16541,2327.8726,285.8523,3279.1553,196.43044,3309.5767,25.645626,3527.3154,481.81458,4305.4546,423.62003
01058,1919.3046,291.9169,1883.3892,307.5901,1864.3812,341.67908,1856.5656,367.2763,1908.1659,375.90622,2054.8967,547.86945,2171.8743,594.49786,2322.3281,794.3141,2551.053,693.44836,2751.035,878.2514,2923.1252,850.96204,3518.9338,1085.3009,3501.6143,1147.6135,3550.8208,1094.882,4274.45,1514.2001,4264.3164,1147.2688,3732.382,516.9334,3661.4666,437.1125,3403.1882,530.74066
01059,1464.5134,52.97087,1456.5615,85.01022,1344.2551,185.4922,1667.2476,139.1958,1354.3018,103.137276,1499.7434,147.81029,1806.1447,161.62262,1766.1027,70.64003,1833.4567,253.78223,1376.7074,163.69093,1675.0682,325.012,1964.1617,200.39317,1762.135,230.73962,2321.6877,317.70193,3418.8691,338.39423,2872.4238,617.3842,3719.5808,241.17964,3632.5364,381.5754,3591.608,407.73035
01060,1533.834,9.0268135,1557.8221,29.846693,1475.5026,10.063483,1751.9315,139.74066,1977.5519,122.42269,1631.5981,23.275188,1595.2638,14.6345625,1638.0992,62.21985,1771.0151,61.243458,1849.2124,98.712555,1952.3208,96.03066,2179.9053,123.330894,2057.7334,74.51179,2676.8706,27.02848,3321.6836,126.11551,3544.0208,6.858735,3103.6345,6.555544,3168.2935,113.900085,3197.3289,48.284702
01061,1161.9042,90.10665,1060.4431,68.680046,1011.2111,14.866926,1034.7373,43.673405,1107.1606,15.469884,1078.9467,38.515697,1131.0731,90.4308,1157.0322,61.9547,1143.4222,42.392597,1263.9802,107.65424,1403.5844,31.655107,1510.4,31.922365,1752.5359,214.13342,1685.5405,98.29495,2322.2336,15.086444,2563.9712,11.34127,2066.4255,167.33449,2122.8135,20.011665,2152.1133,167.74301
01062,2111.1692,21.75457,2268.3179,55.672447,2125.4214,33.637558,2210.577,67.911606,2335.5503,144.56978,2654.0737,45.893517,2487.0723,45.687473,2883.4795,87.41283,3155.0854,216.66902,3479.7979,39.986645,3337.7002,34.975807,3748.9773,92.940674,3753.2524,82.92967,4371.8833,184.18672,5013.575,371.14825,5231.1543,37.430016,4925.606,38.063957,4696.7256,16.73554,5119.09,71.257866
02000,2933.3538,19.372126,3135.0212,9.118911,3349.3787,37.024868,3484.98,58.95109,4109.094,179.86009,5176.183,198.22418,5036.5376,234.26134,5200.9316,291.6704,5450.7183,411.81387,5844.38,299.55875,6760.667,581.6368,7285.7334,420.58658,8462.708,584.48755,9815.988,163.03311,11088.229,682.60266,10921.071,64.77025,9919.568,472.73434,10408.819,371.52435,10997.494,173.53918
03101,1448.2526,43.54698,1430.8243,41.241917,1407.3173,15.58403,1443.7346,22.238712,1516.6665,46.577564,1648.143,0.74893343,2138.5137,11.772939,2210.0103,33.569565,2367.9446,46.156765,2701.9653,91.773346,2796.9775,88.19603,3008.7146,20.744434,3643.1235,24.506573,3748.2068,51.81764,4093.8494,4.156613,4125.2866,67.983185,3633.3738,65.52981,3740.1377,76.00332,3797.17,3.2142475
03102,1172.8572,36.399994,1201.4274,28.723915,1029.8965,14.1566925,971.1832,50.360622,1036.3414,75.4719,935.88165,21.183836,1048.9434,72.98061,956.4427,63.208183,1027.435,30.702486,1049.9553,100.22866,1165.7426,2.134351,1227.7517,101.3012,1290.9113,87.54888,1187.0603,36.634045,1669.5216,294.90765,1804.3274,37.186005,2053.463,115.38232,1682.4738,21.346762,1770.4518,76.23548
03103,1371.5083,28.197687,1271.501,58.07255,1221.4727,58.323402,1297.8884,95.43178,1341.5002,67.03883,1373.8896,106.671326,1789.0532,160.67194,2010.5728,95.96855,2116.3745,162.69221,2239.806,48.137882,2451.908,80.34267,2908.0867,263.23572,3176.773,382.15515,3414.5542,214.87114,3508.2153,97.374565,3614.148,295.6721,3311.3396,169.50328,3055.8103,143.5155,2781.343,111.36717
03151,1461.5177,48.233986,1303.3497,54.773415,1189.153,50.842712,1271.3057,4.696886,1272.4326,49.287582,1331.151,33.13412,1592.1167,25.22593,1637.122,103.85744,1916.8441,4.5248885,2101.3135,46.607677,2208.139,44.263798,2249.1384,41.59468,2122.998,25.707998,2581.7417,11.541244,3132.0042,265.75525,2714.578,69.327324,2522.5688,11.64349,2803.9778,103.290306,2821.3723,123.90124
03153,1174.6545,85.33693,1110.3163,23.674164,1029.6044,7.0615673,988.47284,25.160927,891.26245,19.702091,851.8302,14.102355,857.11487,25.195066,819.37335,25.72751,980.58875,39.743694,1046.4388,61.47567,1213.2766,50.583466,1412.4257,110.36264,1377.1411,92.89459,1412.8317,90.441666,1691.6733,12.140123,2103.6775,49.798264,1625.738,33.821323,1902.3735,23.51425,1924.831,28.383844
03154,1308.7367,117.960464,1244.5397,38.866695,1179.2118,3.2516687,1101.1871,67.771484,1058.7803,54.996357,1058.9941,50.935566,1168.4553,55.04386,1399.2817,63.735615,1233.4001,114.55408,1204.4637,25.113546,1244.0206,101.026566,1387.2158,76.11582,1296.5032,51.889942,1534.8737,90.6944,1669.5168,74.07813,1769.1405,121.14772,2055.1724,22.978622,2030.0718,71.002144,2165.8938,40.68183
03155,1141.595,62.52584,943.8553,25.865097,892.7244,52.19938,1015.5904,325.81982,1026.671,205.12842,762.69025,37.327343,847.639,4.8054447,852.7575,1.6852149,899.84076,24.735336,1209.6725,205.78687,1035.0356,62.837452,1137.0044,220.07811,1006.7434,121.58504,1160.4382,69.55348,965.5044,100.47977,1008.442,117.679565,1619.7803,489.5571,1430.6522,5.8783813,1229.8662,120.36817
03157,1275.3523,189.87592,1167.846,116.79619,1109.8304,18.312593,1065.1034,73.06818,1071.0698,21.44654,892.3726,33.369633,998.25104,3.935438,1214.9176,45.615112,1385.3336,117.65608,1537.9213,219.01537,1660.5363,139.89497,1604.3699,197.15767,1623.0702,321.3456,2342.1548,111.921005,1949.3691,420.13358,2065.1523,157.52243,2270.844,39.342003,2573.5278,11.90406,2245.9478,283.07333
03158,1682.2898,96.88933,1341.0709,140.9681,1184.7474,76.93839,1273.3604,74.24109,1314.5127,140.38208,1286.7004,120.28185,1199.6982,79.28679,1501.9769,175.85333,1636.5286,10.678969,1411.886,106.06439,2072.3965,166.68045,1971.4843,188.40184,1477.2303,172.16402,1904.4381,115.63123,2391.9275,197.24806,2775.3096,422.1649,2348.8943,99.69486,1878.2651,181.15282,1906.4692,142.20168
03159,1323.8405,24.848164,1261.5187,26.13763,1178.0966,23.867281,1328.8866,24.041237,1274.1475,55.91283,1209.6737,18.083603,1274.8069,197.6126,1420.3448,138.35371,1431.9795,55.974846,1656.9177,123.204636,1621.9987,202.08418,1953.6503,114.70379,1920.5406,285.52054,2001.3229,279.29935,2102.576,22.202349,2365.7173,90.37474,2153.2678,150.42213,2285.3013,0.92242354,2426.7734,38.053814
03241,1995.3574,5.4853106,1954.0687,32.184303,1817.2361,63.048527,1980.2942,2.674777,2091.9534,48.04419,2230.3748,82.09245,2498.127,94.80202,2761.1753,86.9859,3092.4348,2.9882927,3528.1208,89.091965,3870.1748,76.75641,4111.725,162.80081,4722.352,89.4676,5203.4604,248.84074,5888.4155,35.626717,5688.602,54.046497,5053.4053,75.69019,4778.509,22.25737,4918.011,49.638123
03251,1400.0472,168.22302,1298.7565,26.563581,1215.4144,74.486824,1292.8064,109.16669,1229.3888,30.392216,1261.0138,51.22285,1201.1687,10.754473,1208.2535,38.591663,1276.7251,61.68338,1431.9847,135.73817,1403.0201,141.44719,1470.6957,95.15715,1668.2794,93.24421,1587.097,310.70337,2176.677,165.54105,2427.6733,18.398586,2302.942,186.25266,2558.0586,117.441185,2695.088,38.847904
03252,1080.3851,223.72507,1241.3888,348.43033,987.9729,128.30641,983.5824,160.48438,1110.6206,265.97836,815.9027,314.78497,906.79614,195.2698,918.10547,143.67563,1179.0642,85.839294,1165.7206,114.05445,1506.874,233.37013,1587.5502,392.4865,1679.905,289.1101,900.0764,38.911587,1001.9688,121.16424,1065.115,135.64021,1650.5762,152.6703,1463.1138,198.16087,1577.0065,31.908476
03254,1172.0233,26.479877,1249.4978,21.669884,1055.8416,32.68135,1029.4293,41.57821,1004.40955,7.7564588,1003.5052,99.395706,970.68097,85.75706,1017.3528,105.99419,1061.6603,86.85932,1114.0125,126.48004,1216.8098,155.17714,1190.3536,162.2016,1275.9366,100.142044,1354.5287,191.09325,1606.4703,111.78064,2069.2659,151.08789,1706.3519,53.12945,2143.1719,164.76103,1771.4691,242.67087
03255,867.8137,22.388557,868.6523,20.845968,922.4479,110.010666,849.0705,45.646687,896.8227,68.51019,751.9911,48.289055,741.0605,49.145084,714.94196,13.13219,668.7092,62.37191,786.19165,13.34812,722.1488,68.500404,840.372,22.495804,992.28784,205.61803,951.7942,183.86446,1337.4933,7.576043,1735.9805,570.56586,1581.1116,168.24974,1986.8717,667.12317,1543.3088,408.7608
03256,1181.3447,51.108162,1094.939,7.0904236,933.4246,13.575907,1012.4001,66.19416,967.2913,31.93827,1094.2758,64.55483,1073.477,4.305319,966.0523,5.530068,1172.2538,71.00492,1302.4991,16.746737,1229.2277,17.956348,1336.8098,97.09234,1335.1798,44.459656,1658.0087,140.93152,1803.4377,327.76175,2121.306,294.8654,2269.1387,10.709087,2222.238,87.78967,2359.0637,151.3073
03257,1209.3501,98.98755,1083.587,14.614162,1055.5848,18.532982,948.00214,22.38687,1097.3474,62.035255,873.0512,18.193178,791.5545,24.153374,800.0746,6.207897,899.57043,51.17383,826.80774,66.796036,1047.3246,80.218285,1213.8795,137.6293,1207.9014,241.32408,1285.0536,131.49727,1713.2322,31.591293,2244.71,78.58321,2362.109,355.00983,2059.3433,279.92828,1865.6285,124.447296
03351,999.8578,4.747432,941.46704,0.45891875,965.9113,52.888016,837.19293,8.633278,902.2615,47.5974,905.0256,85.917816,896.58185,113.773674,874.5596,143.6766,962.7272,58.91796,1044.83,168.76198,1139.7035,221.25934,1325.5615,164.35983,1424.253,180.48654,1728.5435,128.82474,1469.5016,76.24112,1710.0078,38.438602,1822.6443,7.5331454,2135.601,84.17259,1684.7698,93.31626
03352,1047.5432,155.67459,1284.1256,113.67559,1140.7589,21.122198,1041.6416,87.27162,864.16174,246.51668,968.97186,36.567673,966.3152,159.08551,866.05524,103.17883,1005.6155,40.18042,1087.7617,19.448086,1519.2933,75.52571,1440.5217,10.567511,1753.5115,183.37866,1531.1426,0.17871712,1880.7543,0.8155133,2323.779,94.70528,1848.0421,104.708275,2043.5195,176.40385,1905.3746,66.87182
03353,1731.6843,0.82953036,1749.272,10.157049,1808.8181,9.080502,1824.6868,40.817783,1849.3353,13.356967,1894.3799,27.26729,2074.3748,18.520248,2264.8816,10.750152,2365.3054,38.2252,2502.873,31.195618,2708.5122,34.350418,2794.7488,46.754784,3016.5776,156.17667,3086.4592,8.484208,4087.4207,7.080789,4168.66,44.070282,4236.4043,45.937798,3667.331,31.476143,4124.829,1.2913829
03354,933.01434,64.14844,1007.59955,68.067986,816.245,14.20802,862.379,91.18382,858.94666,81.04033,702.5056,55.164207,735.0017,122.06927,848.6547,60.277035,922.6925,152.33662,939.01746,98.05319,887.02545,26.559376,843.8889,97.88061,1010.6741,30.95269,1153.0798,234.94235,1137.9095,75.46901,1745.6082,57.173553,1548.4495,124.6514,1682.4972,26.89073,2190.0996,193.7948
03355,1701.0814,19.87647,1663.3622,12.826764,1561.9396,15.338589,1708.1917,46.92972,1799.7534,83.25584,1677.2849,17.26967,1792.6603,75.83038,2122.951,13.797629,2496.6301,36.806114,2594.544,173.05667,2682.6228,49.906048,2826.3208,14.280103,2873.905,213.87076,3341.8035,84.37065,4178.562,52.839634,4091.9053,170.34041,3736.3071,60.462383,3668.6165,197.17857,3568.3372,151.9048
03356,1291.694,3.1869318,1157.8793,35.951767,1112.9558,14.804431,1216.7545,68.65614,1296.0078,61.480724,1187.3529,6.9207196,1269.4148,34.416954,1164.9199,39.97377,1360.2644,7.708942,1489.5653,114.70661,1453.4001,95.70511,1772.5532,106.81201,1668.3112,172.74997,1829.436,356.18002,2812.836,287.36075,2863.0208,380.33344,2688.2715,87.64943,2874.58,262.97052,2342.5203,32.12906
03357,1120.7257,30.528467,1076.1721,58.421867,924.11255,63.778427,973.0378,21.897394,1080.1378,12.289739,938.4096,35.441193,900.7864,33.490063,945.07336,56.4073,863.66473,90.934685,915.88245,144.82722,1075.6294,107.1631,1241.1345,110.44497,1181.2983,100.181145,1408.0946,8.830801,1971.1895,19.440903,2076.0737,71.45693,1975.0741,46.382137,2010.6858,63.021908,2182.6643,89.61623
03358,1560.909,17.977642,1456.0576,60.050865,1432.503,6.4762244,1290.1884,44.543133,1288.7219,28.59405,1269.7611,106.032875,1303.9122,40.878754,1211.4729,131.66417,1548.2355,37.38828,1702.6396,5.3896904,1606.5616,67.19052,1795.5876,11.386867,1886.5543,239.261,2507.0984,77.51481,2148.9578,34.460808,2475.0645,200.2576,2793.2559,254.89351,3227.6926,122.54463,3057.0413,179.13823
03359,1550.8422,56.021282,1532.886,45.100994,1515.1472,7.794433,1484.9229,41.00286,1473.8706,5.8604774,1712.4855,58.73531,1912.0087,75.49583,1888.6196,120.32379,1812.7299,156.71173,2108.5933,164.82933,2358.5293,82.78098,2450.5732,32.256725,3130.3726,190.94821,3049.284,197.81236,3230.3984,145.88109,3277.1633,156.39047,3240.0806,66.51593,3328.4385,15.829185,3552.7087,33.16657
03360,1416.7517,111.213844,1416.1089,121.37393,1248.9377,75.18794,1305.35,67.20326,1332.1635,100.36329,1456.3262,156.29391,1539.792,159.60564,1849.2393,307.21548,2003.78,254.19069,2018.7728,52.919506,2096.163,125.04421,2415.3147,47.622673,2595.7048,165.3935,2903.6187,49.932995,3341.0574,232.34843,3683.107,246.08943,3267.0989,30.878836,3404.9622,234.8088,3643.5454,192.04091
03361,1506.9369,9.518337,1406.1936,9.637323,1219.5023,28.169598,1348.5706,8.2263565,1475.9374,15.361353,1446.4524,12.998499,1558.5139,54.342625,1502.1493,0.79937696,1826.9077,101.20442,1871.9006,73.786606,2009.6433,46.925137,2234.8445,7.2450457,2322.7659,40.59898,2748.8555,103.792786,3185.7031,8.581903,3203.4194,51.105503,2734.2556,80.7318,3334.7664,114.002625,3161.9902,121.12514
03401,1112.8357,14.826709,1142.857,18.192213,972.4301,0.6425688,993.5476,16.698269,1091.2941,19.722298,1064.9479,11.011194,1120.8148,1.1609191,1078.478,13.773564,1133.7241,24.089285,1316.9222,54.329643,1563.031,99.3436,1648.9684,82.969315,1697.3309,4.7183223,2095.8708,21.955183,2228.1365,83.4266,2452.1382,33.442677,2140.4478,99.87883,2251.2285,6.049651,2314.7075,38.637264
03402,1074.0577,56.39594,1172.7183,39.63106,1095.4386,65.51864,1128.58,8.4383135,1175.6531,55.083317,1084.4587,98.13685,1398.7883,130.31013,1368.2572,157.9684,1198.0725,117.81211,1310.1632,63.344784,1287.9637,110.632774,1549.1902,70.03058,1654.8584,14.911444,2025.2021,239.71059,2373.5115,209.13905,2314.8074,13.780753,2102.7441,102.422424,2321.7566,85.3925,2242.0356,163.9011
03403,1482.667,16.557959,1528.0781,9.680681,1445.7267,7.7738366,1598.0612,10.9286585,1664.579,49.26943,1982.9425,92.51797,2283.5054,91.972595,2167.4993,155.52782,2623.6592,80.6306,2818.1646,87.73027,3182.265,98.18424,3082.7908,46.89069,3452.6926,104.17996,3815.3428,70.15689,4246.5337,68.31338,4143.313,19.86862,3750.4072,128.78033,3989.6653,214.37213,3860.0132,41.546127
03404,1516.3412,26.350742,1522.5453,28.914692,1410.4965,11.461287,1390.1617,47.512695,1489.3477,33.714493,1556.081,6.158759,1726.5791,91.13688,1941.112,122.94481,2077.4333,160.28831,2254.8784,84.56905,2584.017,168.64221,2630.6545,189.5592,2890.496,93.95013,3282.5632,171.19403,3605.5527,313.95123,3723.517,23.71238,3142.7302,23.430252,3345.4836,6.9051857,3385.61,47.637527
03405,1104.9163,163.41678,1114.1598,45.248985,961.6907,14.446221,1116.251,66.76714,1057.3795,13.629027,1034.6553,27.696468,1228.1685,86.81631,1424.8059,72.89545,1314.1749,106.33487,1012.10974,64.87629,1188.1333,169.76881,1148.6138,144.96815,1307.7502,13.122688,1621.6631,102.96834,1589.6285,376.9744,2068.7578,36.99185,1863.2853,101.3149,2024.0747,130.86057,1777.8014,9.090527
03451,1157.8589,53.792923,1229.1565,26.730093,1119.5975,39.3078,1170.4866,11.809715,1054.4965,97.33321,1019.78204,61.764126,1010.0289,57.460606,1190.4495,155.20515,1304.9288,61.40211,1567.1184,364.49063,1989.8488,594.4496,1842.2339,168.12073,1744.3898,112.61183,1899.6654,189.64348,2012.2667,125.31585,2390.998,357.00842,2392.0771,90.94229,2196.4536,171.63763,2669.859,18.265469
03452,1195.857,6.7108507,1142.9332,8.495745,1167.2557,28.53871,1353.0132,24.551178,1232.1843,38.406326,1323.1196,96.67948,1564.5449,203.27289,1795.2112,174.45963,1893.5527,252.71782,2132.9756,253.35619,2172.8718,26.267675,2177.1226,77.26671,1938.7323,132.40422,2012.0565,116.65491,2598.6987,349.6091,3049.0012,394.04587,2826.5566,180.73769,2818.594,292.33182,2411.8787,228.62422
03453,1185.6606,81.85228,1197.4635,29.932142,1046.2122,43.299156,955.85706,31.933092,875.7078,36.4513,1209.8132,16.485374,1108.3894,38.51842,1017.10547,59.596844,1347.3647,53.79744,1487.4421,21.529234,1579.1097,144.40938,1623.4688,46.920963,1493.6635,34.925728,1821.5135,136.8477,2364.381,345.8591,2318.093,349.58942,2359.9375,99.03673,2336.3933,227.91829,2414.674,38.922745
03454,1177.2965,117.07651,1230.9601,31.880148,1090.1725,159.421,1348.3585,12.601697,1451.6044,239.65268,1281.5896,119.069176,1319.4113,297.3528,1296.115,284.86108,1234.6324,52.8575,1432.5781,6.4165435,1381.6074,63.143833,1397.7129,266.35147,1465.0103,205.34637,1551.4199,89.15453,1806.9259,18.298811,2223.7422,46.784676,2239.9146,31.476816,2344.4688,93.845695,2214.1926,21.15768
03455,1318.4491,27.255463,1237.9645,6.516166,1173.6173,11.309683,1344.0884,0.7008387,1338.2878,8.753747,1347.8944,8.724169,1209.198,22.026588,1180.7117,24.633677,1221.0045,25.464418,1546.8131,84.93501,2081.6416,127.97694,1774.315,28.809292,1960.8177,331.85785,2032.6975,233.58595,2502.4617,396.353,2807.4622,41.303783,2644.7915,105.909195,2664.3108,44.480927,2791.9646,96.946785
03456,1449.2986,29.876083,1382.8308,68.92084,1273.171,73.09543,1418.2407,45.01973,1364.2677,48.486996,1376.6066,6.354334,1502.4358,69.41241,1389.1575,62.964245,1353.7681,5.189501,1444.4126,49.58836,1458.7521,171.94482,1685.2206,120.00971,1708.594,51.37899,1856.2616,113.942696,2057.2717,93.87975,2465.3362,189.49382,2268.6184,107.63589,2238.971,5.148039,2058.0146,50.371044
03457,1015.11224,382.92642,1207.8545,94.96609,959.0012,184.26924,1119.8204,82.843796,739.4485,37.71742,707.64484,25.829453,1066.8523,35.26827,1041.846,67.191635,888.22314,77.90313,752.529,62.07669,901.2884,167.75096,1199.3757,78.75349,1173.2131,68.55972,1752.0405,8.0193,1328.9478,45.21119,1826.823,191.59418,1805.7893,332.20395,2071.7207,395.25452,2013.3668,322.85617
03458,1481.1365,53.554874,1417.4485,110.76978,1313.2325,64.84322,1272.0356,88.191246,1225.6469,149.79156,1186.532,58.90111,1154.4934,111.89605,1225.1865,300.26453,1705.8716,468.4928,1348.5784,73.04728,1382.6134,196.849,1645.3656,165.13672,1734.23,188.04703,1986.7694,132.91614,2333.486,273.5623,2530.063,138.01051,2608.428,91.777695,2454.942,46.708553,2699.996,330.6938
03459,1174.7922,8.37823,1126.0419,10.686131,1049.1655,31.925554,1100.3105,77.143394,1125.4794,101.22254,1115.0283,27.691889,1090.5809,102.71087,1155.5793,47.54078,1144.362,40.531567,1317.3445,36.435783,1303.965,37.50969,1427.6222,73.07095,1759.8328,134.43895,1784.2512,162.20514,1814.369,265.6051,1954.1958,156.37514,2095.1924,39.468594,2333.039,66.07711,2499.0393,51.451275
03460,1301.2705,45.08308,1248.9576,78.37474,1252.6206,76.56778,1398.8298,29.417517,1378.204,159.45105,1405.7638,107.4752,1516.1389,38.537914,1735.5029,298.0323,1969.9751,63.422016,2029.3535,299.60324,2311.949,124.55497,2655.461,84.10058,2944.4014,294.68073,3224.5508,293.19904,2725.0996,82.08952,3117.4744,258.10904,2975.8345,63.886177,2744.2222,92.32004,3094.0066,438.37372
03461,1026.6919,41.78788,1044.3715,4.2495465,836.2962,51.776924,853.5582,61.145714,906.4469,3.800147,939.68787,20.250208,871.46063,66.30597,1038.4855,342.59976,879.9846,109.85457,938.1711,170.30936,1408.1458,109.30013,1325.36,200.24702,1367.3596,7.504757,1446.5535,653.1679,1991.2462,37.005726,2253.9841,177.56392,2332.369,190.23422,2381.769,303.25052,2302.727,144.48038
03462,1152.028,12.429525,1167.8623,12.176725,1063.5078,13.645302,1102.2903,3.9970996,1038.3934,43.351116,1062.4698,16.730446,1058.9082,91.077866,1121.6632,9.854678,1132.6268,52.65296,1189.507,91.943596,1315.3483,77.26741,1222.6119,55.273617,1553.633,95.32964,1795.1029,118.21603,1811.2244,4.1362376,2184.8638,128.88913,2543.9883,122.321785,2169.1719,193.13367,2212.4668,74.56475
04011,1289.8877,218.18964,1272.706,218.2227,1258.0286,258.9875,1306.732,165.23143,1360.8881,252.32176,1464.0883,407.7681,1617.4993,404.06622,1659.8834,465.453,1924.1226,509.21338,2409.1997,589.05853,2463.7207,572.203,2533.185,387.22778,2752.195,562.3336,3152.1516,648.5466,3551.7058,472.25974,3432.787,549.77893,3109.1958,474.2522,2948.1868,419.1104,2809.1343,347.17554
04012,972.078,64.87389,1055.0112,51.534325,694.8194,18.803148,782.0593,1.739894,806.039,18.456682,895.3648,1.6995144,997.0944,63.15286,1055.2844,77.917854,1185.742,130.44121,1338.6704,91.26313,1352.2979,62.158276,1486.0945,80.886185,1721.3827,157.68541,1835.031,24.58511,1819.3308,4.2059593,2118.9138,62.314686,1819.2158,37.88166,1890.9307,17.768637,2100.5076,61.144325
05111,2457.7346,143.65086,2337.2773,134.16795,2298.5393,98.27122,2477.8252,123.54193,2634.8767,175.90192,2988.9292,237.53316,3523.9023,289.78812,3625.2063,275.16656,3752.6636,384.55957,4179.643,495.53748,4679.824,334.40884,5087.861,319.27838,5262.311,177.69489,6303.8315,459.90002,6922.305,457.15356,7015.8057,451.66806,6290.615,419.24796,6376.202,476.82526,6247.525,391.8348
05112,1291.3964,42.35886,1242.9037,65.12973,1055.6935,75.34187,1068.0675,38.28737,1093.1896,2.8589504,1032.9453,29.816202,855.86017,13.61769,886.8248,51.939487,1053.361,18.278433,1031.5453,27.040209,1089.3588,63.947685,1129.6077,21.127787,1282.636,52.112446,1388.5424,126.92952,1720.1624,23.70235,1674.7595,7.4528637,1829.4829,35.76312,1857.5305,100.01586,1541.085,18.925016
05113,1952.5668,9.653631,1906.499,37.23448,1673.7074,101.69895,1773.9785,63.225746,1774.1722,57.55512,1764.0259,22.443724,1834.1304,43.460613,1725.9062,4.36983,1937.6354,35.7345,1969.1697,28.409845,2286.0771,42.104103,2517.0881,53.62179,2903.1465,38.00714,3279.5916,50.20968,3812.9775,133.43472,3767.84,2.1859565,3556.2932,45.06157,3632.7415,56.267338,3665.37,98.96747
05114,1780.2299,54.486294,1707.1852,50.526207,1508.0977,39.6758,1560.7671,10.633073,1442.9838,29.46389,1479.7128,64.96358,1384.8944,34.56942,1423.0463,27.165234,1583.2693,41.803585,1748.948,64.657906,1842.5845,34.44592,1829.0853,27.131178,1939.9883,25.798323,2380.6777,53.387093,2781.9583,41.059223,2883.9438,23.144882,2834.7476,37.89882,2772.0337,38.62357,2825.353,29.32357
05116,1414.0753,29.14186,1309.8334,2.804511,1211.9338,8.558487,1166.5842,7.9526467,1243.106,9.131947,1275.4956,9.355214,1232.5991,8.443941,1279.7231,8.544475,1442.7614,16.282938,1456.795,17.409935,1446.4445,96.0676,1474.3619,23.769972,1728.3523,88.22447,2143.433,130.62547,2158.7524,63.153595,2570.3748,9.883071,2428.314,6.4267616,2426.9734,15.086031,2511.6868,8.181204
05117,2312.2512,54.447235,2184.5818,38.544846,2105.1174,25.48489,2134.5447,118.418686,2164.5,68.293785,2521.4016,6.8467326,2265.5957,73.19596,2523.6553,73.42853,2546.6924,83.6032,2467.164,91.76359,2653.3208,120.304016,2658.452,9.357984,2886.46,73.17534,3170.2217,21.683798,3354.624,132.91472,3602.0288,9.822749,3363.7634,131.35704,3406.1982,12.218994,3363.9275,110.45493
05119,1612.5736,167.77654,1404.7783,133.87198,1233.8379,106.02846,1270.1086,108.54195,1270.2465,93.34022,1296.7236,80.568146,1183.5118,80.16779,1173.3073,163.60933,1420.2023,173.33301,1390.1158,238.27113,1424.1154,239.42151,1386.4087,225.66792,1700.2904,171.8594,1822.9684,96.578606,2017.6187,293.5071,2327.603,290.94092,2161.119,358.79044,2451.2434,454.80646,2293.8582,430.4056
05120,1715.1669,208.74738,1671.2588,213.0768,1569.818,169.00986,1501.1162,129.44897,1489.1724,136.54504,1421.9152,121.70592,1458.5387,131.2494,1482.8477,104.43435,1337.2957,46.720036,1458.1455,145.58879,1491.0049,166.16226,1483.0651,200.63667,1769.6962,228.93571,2051.1956,154.45834,2361.83,0.68945557,2751.4,143.5895,2645.1836,120.27708,2503.8235,48.08611,2410.1055,130.88544
05122,1796.085,91.05713,1752.0146,72.06231,1643.8624,63.762985,1520.8429,82.68423,1522.9185,76.32369,1580.9677,78.95321,1565.2596,45.784927,1717.5864,124.17088,1724.5374,60.13726,1894.3536,114.01091,2101.9492,177.28374,2205.9224,102.30015,2415.6887,187.60686,2749.3816,203.20132,3068.6973,232.28381,3271.416,44.43788,2871.0574,55.47337,2664.8713,12.421217,2694.5916,10.377968
05124,1565.2644,41.010468,1555.2316,67.75197,1245.3038,65.27733,1335.627,82.90305,1311.9105,53.12966,1331.6791,55.018265,1280.2139,36.801838,1302.6516,60.149696,1343.8451,73.07003,1426.9004,89.33476,1552.8079,69.70917,1719.629,71.95246,1786.2343,128.65433,2135.3054,117.017944,2444.3706,139.44392,2645.8716,132.74161,2442.7737,190.58185,2483.5999,126.15344,2611.3738,172.55711
05154,1490.2041,69.333725,1396.5809,180.89603,1407.171,108.59362,1478.2681,15.745452,1358.2156,111.00018,1586.9266,42.561813,1657.3131,157.36862,1591.3657,204.29771,1638.12,151.96208,1959.098,417.3586,2234.058,393.78873,1675.6259,379.99243,2068.7012,363.97733,2460.2622,114.19054,2822.6484,314.37857,2615.8723,246.13673,2504.976,104.943275,2515.5803,16.67792,2888.4832,116.45125
05158,2254.2695,136.32176,2221.0652,200.69351,1983.228,128.47763,1934.6174,170.02026,2063.194,161.10287,2114.6704,2.6481323,2089.521,88.79266,2236.3174,266.34302,2292.2896,224.7584,2361.6587,46.200848,2637.4497,287.3739,3173.2058,116.35191,2998.1724,207.18698,3229.7825,124.504845,3863.4028,88.46478,4066.1538,5.784062,4008.1765,101.333374,4043.1375,112.39763,4067.1755,204.80902
05162,1941.807,96.67167,1907.0233,62.696327,1760.029,71.3485,1692.7823,100.70277,1719.0732,90.7034,1944.9442,377.36026,1889.486,174.02739,1896.2334,16.918152,2021.3972,46.470795,2047.9774,114.190155,2073.2825,31.467186,2534.4204,147.02478,2193.0925,9.158155,2717.6492,138.28102,3730.6816,255.0658,3650.6711,81.161995,3437.6404,153.43059,3431.5771,51.068874,3098.1033,324.74176
05166,1661.3619,105.841934,1579.1472,38.24751,1488.0302,55.94054,1607.8666,173.0874,1429.514,38.990295,1554.2225,106.411575,1577.9927,90.567,1433.0,184.91884,1468.6938,94.75053,1697.2103,191.54683,1570.7386,77.98914,1742.8759,60.459595,1698.213,270.37668,2090.2358,35.172222,2142.6318,242.65898,3217.6292,108.60624,2742.57,220.84918,2693.1921,170.87157,2790.333,8.875449
05170,1631.3857,88.96884,1662.5154,5.5525336,1484.88,71.5408,1463.4247,104.744514,1481.0609,35.392216,1704.1466,154.72246,1627.5897,140.56497,1558.2637,5.3692555,1599.2034,32.641594,1848.8167,61.51221,1492.799,64.85735,1909.9512,52.64106,2080.3413,19.010666,2268.7195,8.770238,2455.9795,350.54678,2592.5068,104.71451,2637.7615,150.38428,2647.253,88.06829,2993.8213,213.87067
05314,2398.1765,2.8470547,2370.732,22.569363,2386.9922,0.8960522,2402.384,67.98506,2430.918,68.12596,2665.853,130.66917,2943.102,7.4524226,3121.0408,75.80783,3229.8557,9.464817,3446.5442,67.76834,3636.9463,82.19783,4096.4756,47.674374,4450.424,108.669525,4965.289,150.17122,5517.6514,209.0505,5860.9385,99.9464,5287.5957,62.235867,5256.173,36.44839,5588.4604,85.91332
05315,2570.1118,223.29514,2484.8015,221.15848,2393.0405,224.1442,2506.5015,230.44435,2698.2375,247.15498,3097.0593,280.18375,3506.5967,284.35324,3587.7031,267.5853,4035.4229,281.8133,4295.107,301.3903,4830.31,459.0861,5174.748,485.60638,5480.652,502.65106,6161.83,505.0086,6942.1772,457.3318,7042.6143,454.72345,6647.0386,519.0768,6956.1045,522.9279,7040.1226,572.5284
05316,1882.9186,135.52995,1870.916,87.368675,1756.622,133.88544,1764.4309,119.25983,1716.0441,141.62303,1814.8877,73.64507,1914.8423,79.56823,1985.1909,6.6794295,2088.9268,36.827812,2270.4565,5.466018,2330.5132,16.473581,2386.8547,6.7545424,2568.6975,20.366638,2941.9375,73.98378,3555.6897,92.45232,3694.8545,140.25836,3324.5754,63.189434,3336.968,10.242182,3170.4475,36.08535
05334,1917.4204,111.18476,1776.0582,113.806755,1668.4287,60.114784,1817.3024,71.67449,1990.042,98.72056,2163.2915,175.70168,2413.1772,152.27492,2594.8896,113.339935,2659.7942,73.354095,3162.968,104.74364,3151.2656,151.64317,3294.972,197.78477,4082.5522,355.86655,3842.8691,328.947,4081.5698,128.07938,4424.445,93.122734,4406.7803,98.97567,4299.605,106.13115,4042.3428,64.11425
05358,1551.3721,138.50284,1410.2411,73.3627,1392.2117,80.10424,1432.151,101.07401,1460.4928,131.11545,1366.2032,111.33673,1343.7228,132.05905,1207.0776,111.33372,1441.022,133.55048,1547.5718,214.82234,1609.2836,110.93372,1759.8508,188.75406,1839.5829,197.88817,1995.5934,131.6095,2400.864,25.360325,2766.6309,14.926541,2342.9077,56.048252,2228.6953,142.5655,2511.665,84.47822
05362,1432.0367,23.522951,1446.282,33.62176,1352.7266,23.4406,1348.1437,69.153366,1306.9037,44.819683,1288.421,64.72355,1331.6538,96.95871,1383.2927,22.22807,1360.9341,10.861135,1403.0839,91.30917,1572.6274,155.14525,1918.4974,205.40715,2292.1501,105.44207,2321.492,27.783613,2648.2886,241.12692,3030.547,26.856468,2662.4458,118.83612,2653.8296,304.62018,2730.3845,157.74387
05366,1374.1776,10.802684,1475.6036,48.714645,1360.1595,94.83464,1247.5562,129.4948,1401.1493,149.9117,1438.3792,180.5053,1308.4093,167.85735,1573.802,183.52823,1218.0282,6.5335436,1375.1366,128.9299,1434.1418,12.30444,2053.634,78.09797,2002.1797,94.64327,1710.0741,170.76686,2323.2896,192.07773,2647.0447,367.64603,2834.4226,326.07974,3301.9878,216.79901,2665.854,72.60245
05370,1458.8547,6.648869,1462.6987,38.921757,1403.5931,52.580868,1354.6006,138.34534,1509.1201,155.19751,1445.0839,130.19583,1411.9419,81.03667,1451.415,107.39278,1561.2771,95.49005,1677.9208,97.277794,1739.0177,259.71155,1943.7726,274.73453,1821.6742,240.32706,2398.9634,242.89679,2246.8386,114.262596,2500.4954,164.91751,2698.5198,6.711791,2599.3315,71.730675,2711.0867,71.70214
05374,1145.9314,58.8718,1209.7921,44.076717,1124.6062,53.213676,1023.2578,36.497154,1132.5736,20.814405,1051.6632,115.96997,1017.0779,64.15398,1172.0931,18.541895,1024.3756,49.42271,1195.797,39.696716,1208.503,14.198339,1249.4086,49.326946,1286.9684,130.156,1653.8203,142.69502,1818.8499,128.93073,2162.4517,80.82555,2427.0334,131.43578,2085.276,178.70847,1857.6443,134.2287
05378,2108.8535,55.412025,2112.5718,131.84753,1954.3608,68.88956,1988.9213,121.91108,2046.1196,135.91722,2003.5287,96.417366,2113.1853,95.930305,2350.7175,81.88228,2324.2483,43.261215,2557.464,25.302502,2726.1824,39.28446,2994.334,58.141182,3179.2039,82.572044,3324.223,83.70647,4056.8245,40.047134,4319.945,19.877085,3874.0461,160.815,4017.4456,178.17653,3944.9956,32.801132
05382,1769.3328,129.97426,1807.8254,115.88163,1687.542,118.90961,1574.5194,52.25032,1597.9374,144.20523,1710.645,88.98575,1749.9774,69.909035,2032.588,221.44484,2068.7634,243.13184,2290.514,245.75264,2412.1724,225.90593,2674.254,59.056156,3065.9067,394.2207,3206.5344,478.0516,3797.9614,311.1401,4008.1865,134.58879,3788.7073,172.19612,3875.2021,144.53656,3865.3364,278.0894
05512,1893.9513,36.981747,1732.1062,7.7850246,1644.3152,28.55572,1592.7826,28.778458,1663.274,66.45453,1578.7163,23.192945,1485.0396,79.12293,1562.084,211.37956,1668.5026,92.98861,1930.9093,46.12874,1803.1011,193.449,1888.2793,285.6384,2145.3533,313.53018,2916.331,381.2194,2892.1047,154.21912,3585.5176,147.659,2745.4177,55.363403,2889.6682,109.57447,3116.0967,76.77539
05513,1430.1166,91.02756,1358.177,101.25091,1139.7826,98.13881,1169.6147,33.966118,1111.5854,37.26143,1079.5653,62.774582,1036.7534,73.97889,1036.6588,100.13037,1182.0859,71.10977,1019.405,50.01198,1162.0743,93.187256,1086.3915,65.196335,1185.1715,114.26665,1232.0402,229.93184,1386.2539,132.89542,1312.7207,73.85848,1686.5947,137.49603,1710.3688,77.386696,1790.5973,84.539696
05515,2628.907,92.77873,2417.629,160.1052,2490.4175,163.56996,2797.9119,155.57333,2803.9556,193.385,3220.2751,320.33527,3589.6833,223.14435,3821.0037,158.32927,4043.9949,64.85849,4037.7874,87.45693,4659.1064,282.87854,4747.0947,227.58836,5258.5415,299.9077,5899.522,402.6966,6540.135,180.47775,6653.652,195.26595,6458.101,79.8654,6081.883,168.11792,6691.8325,116.98032
05554,1432.9308,22.815214,1370.657,47.216457,1302.3259,51.637695,1390.7886,12.546928,1312.29,1.2719698,1510.8174,78.97333,1675.3899,44.811115,1466.7485,27.886894,1463.3693,29.935268,1514.4712,82.25955,1570.2471,144.46217,1743.2007,11.721149,2011.7521,114.03381,2158.2742,270.74023,2340.9697,335.7424,2801.7527,343.90683,2704.1152,20.3802,2552.5327,99.35206,2818.2627,48.732536
05558,1345.2367,1.3199539,1229.8104,1.3999791,1164.1824,11.100583,1301.8761,17.1331,1244.3345,4.173519,1209.3798,19.135042,1389.2008,20.014385,1374.282,17.868216,1471.1514,86.85176,1645.2076,89.98024,1846.6237,146.50081,1787.8411,187.87703,1935.9553,324.19345,1624.6549,43.521053,1672.9016,152.61996,2274.334,75.74345,2390.266,86.14307,2483.4636,194.47935,2791.0107,298.2735
05562,1492.2528,14.198557,1442.7648,40.233593,1240.5813,5.2141833,1330.893,35.608334,1279.4651,43.56741,1292.3944,29.956566,1431.7552,44.6946,1363.808,10.160454,1410.6824,2.132347,1461.2295,39.414158,1444.8245,93.375534,1512.5105,85.75769,1533.995,185.34586,1805.2467,20.471432,2010.2372,188.30357,2568.1116,159.41008,2450.366,42.25551,2067.1245,50.98382,2325.623,183.90831
05566,1573.6476,1.737357,1540.1547,82.68466,1450.5989,13.143829,1367.683,43.468124,1410.809,20.282673,1451.7285,104.61343,1634.5596,47.72725,1527.9915,32.915634,1532.7753,85.75579,1770.609,38.121365,1877.8601,40.498554,2280.145,56.028637,3143.675,45.126335,3062.6401,33.832138,3055.5332,146.47427,3519.0522,210.98216,2986.0771,269.42203,3421.1084,7.4634137,3113.0068,65.58745
05570,1360.1617,15.735155,1362.8439,0.52708846,1189.4268,34.05641,1179.7559,34.509674,1226.6267,39.18274,1109.1023,3.5547652,1134.8512,21.858025,1184.8331,28.538364,1257.159,31.689137,1365.0393,31.144997,1467.0188,8.298451,1361.3079,70.33536,1326.2174,62.376427,1659.6519,9.260907,2032.5447,20.758795,2031.6287,45.37503,1874.0416,65.219215,1837.5746,9.601074,2186.468,33.490448
05711,1620.3884,2.2784257,1584.1102,21.347502,1745.2332,63.98392,1583.1458,86.30129,1739.9352,46.27929,1858.2678,92.46939,1905.271,88.21617,2099.367,73.25893,2105.1528,50.074184,2341.38,32.03668,2482.1162,45.185055,2622.8533,42.521793,2817.6116,51.183277,3037.4138,42.439503,3801.357,33.826874,3620.658,61.238113,3170.8867,3.5011196,3171.9795,18.18173,3283.202,140.31946
05754,1319.5167,53.724968,1265.9633,24.121696,987.4634,252.52075,1275.5087,16.59174,1160.9259,4.595186,1243.3649,38.982338,1392.9755,231.56807,1225.3004,12.728164,1351.7991,76.59752,1483.1876,340.6323,1735.7139,327.9447,1654.6215,149.8217,1500.5338,80.72724,2126.4133,87.4498,1835.9722,79.94319,2113.5344,280.0424,1995.5052,250.67375,2561.843,107.09948,2524.3865,0.9523265
05758,1299.7952,36.772896,1237.7102,17.279558,1094.9669,30.627956,1102.5122,13.847874,1095.7651,58.88267,1113.3702,27.39733,1227.9269,37.324333,1206.2963,165.60764,1385.2817,85.84898,1340.5549,42.08235,1428.8761,37.567364,1526.3257,114.69486,1589.5979,109.18576,1780.3329,83.15679,2393.3154,89.630165,2227.9077,22.24603,2412.4111,9.828564,2177.6316,22.403847,2239.4187,31.45613
05762,1141.6755,15.576723,1059.7665,0.032263476,866.8207,38.986595,834.54675,13.498942,926.0321,39.57915,880.2947,37.066284,974.2557,15.773399,959.44366,15.2758665,1168.4133,13.234889,1085.6364,27.58352,1163.6449,0.053316906,985.8276,75.17695,1183.5192,67.88288,1437.1593,64.34185,1348.4305,34.47897,1887.0403,16.983274,2039.639,9.43717,1869.4767,49.397602,1786.5651,56.30524
05766,1260.2056,186.64435,1390.6775,319.972,1045.3547,413.64685,1240.6945,282.99048,1393.6567,334.70038,1356.7561,340.5187,1394.146,109.122604,1265.1139,260.34518,1374.184,189.33751,1337.6642,4.1911263,1357.3281,137.03392,1518.3461,125.27168,1406.1309,41.970024,1897.8983,116.70447,2029.0476,96.82372,2162.5525,341.52972,2614.116,28.601038,2770.2686,164.8055,2453.3547,195.32314
05770,1313.1871,5.494437,1402.5604,30.596092,1262.8473,47.906258,1159.4408,16.831146,1182.5417,35.55323,1254.4609,72.545494,1380.082,42.64487,1462.2177,90.04567,1611.4451,4.279068,1564.8364,26.04503,1821.2485,15.766607,1900.0975,13.444795,1869.3198,24.590816,2066.589,110.980644,2397.6216,131.45885,2833.8267,56.453518,2421.4998,19.169569,2412.0923,10.785125,2622.119,42.275047
05774,1482.1241,327.33203,1329.1005,185.54927,1102.3289,102.47374,1156.8654,65.27826,1309.4011,67.98877,1190.2086,6.4673023,1347.2913,21.558277,1352.0765,15.8860235,1165.0732,86.92919,1497.0887,58.39379,1455.9927,281.77493,1672.0026,160.56728,1563.261,132.26881,1705.2799,352.22894,2037.4907,37.519176,2567.7197,819.138,3181.6902,71.942,1977.1938,0.62506336,2334.5193,49.24918
05911,1967.2802,40.57855,1819.3656,15.03895,1659.0996,56.307636,1635.5826,9.574006,1749.7152,2.177522,1799.1459,42.569847,1684.2291,138.3698,1714.3556,53.531048,1981.3022,99.50461,1953.91,4.424661,2159.3948,208.47157,2362.2131,115.87518,2569.71,35.50953,3127.1904,147.20859,2926.7244,36.270733,3827.0757,135.42711,3319.245,6.6883,3110.383,72.82808,3120.0117,70.55502
05913,1598.9769,86.944176,1621.4144,112.26919,1301.2963,142.73677,1325.8181,169.61433,1414.7516,122.179855,1366.1758,63.32883,1447.731,53.1604,1506.3927,114.73615,1690.2975,148.93993,1776.4708,109.446304,1701.7836,154.23248,1869.0638,178.80249,2197.7085,216.68542,2025.9882,267.658,2969.6865,273.29742,3339.0247,129.44128,3241.1675,47.634678,2840.5535,189.504,2827.531,198.29787
05914,1603.8192,24.189123,1481.086,61.061127,1330.2693,3.5032413,1329.4553,19.645966,1323.0548,10.695621,1270.6262,31.337233,1294.9336,58.69499,1179.0735,21.700624,1313.2391,2.0878785,1306.7517,29.623533,1306.2379,13.806483,1366.1406,77.04546,1473.5612,107.44842,1542.5254,11.046638,1625.9907,38.634205,1967.385,130.74323,2024.0521,151.09541,2213.5852,34.6868,2145.9417,100.648636
05915,1275.216,11.1212225,1318.3805,43.501293,1276.4486,35.828503,1288.0582,13.198923,1174.8116,7.2094836,1167.5433,19.176104,1342.6613,0.5734421,1335.8763,39.748123,1352.4158,20.851042,1374.2725,56.696102,1538.8802,87.64946,1648.3167,62.15789,1588.6421,72.19429,2028.6229,80.1586,2313.8477,120.10717,3085.5051,73.63448,2751.9236,195.41177,2565.281,129.55594,2588.806,103.65736
05916,1454.8496,18.914293,1339.0432,16.990063,1144.1387,11.969726,1194.0295,7.3745694,1280.6483,7.405429,1216.4587,51.833523,875.4618,8.725302,1083.7218,14.982212,1208.7998,55.659496,1169.7842,43.13107,1226.3876,48.930454,1384.7495,83.785515,1340.641,85.26823,1493.4742,8.219865,1987.4391,64.7408,2117.0764,102.971725,2164.0486,86.02625,2146.0232,19.79032,2099.962,47.11425
05954,1565.8511,131.26524,1510.7021,90.32091,1585.7611,49.685596,1580.3381,17.79602,1573.0066,26.989922,1373.8706,20.257233,1290.7794,51.005295,1363.6681,84.687485,1428.3278,42.92568,1580.9589,85.91486,1615.996,234.88249,1651.9878,141.18393,1496.1583,65.46569,1730.4252,211.79321,2163.538,53.756214,2741.4558,229.23523,2468.2122,3.910535,1957.3279,34.988705,2243.264,140.48529
05958,1234.3748,27.31435,1281.2499,45.685528,1111.9797,75.17223,927.15356,9.4196825,1067.0358,6.7067795,900.2678,41.902405,977.8699,5.620805,988.9078,41.15631,1267.434,64.33807,1340.0247,40.12458,1515.6937,139.67087,1355.3466,65.607994,1356.3005,396.44348,1717.9249,3.563833,1778.5638,22.855934,2306.9988,58.533894,2099.1282,96.432205,2030.2175,72.00338,2007.1217,196.53407
05962,1042.834,19.744083,884.83826,97.67984,821.30817,83.97295,898.3615,51.456646,874.75684,35.16727,838.479,66.293526,816.91077,36.43642,754.12177,78.95755,810.7628,15.455171,689.6149,2.5538342,807.6786,4.6088834,930.66565,47.933674,897.77856,15.817122,972.8733,44.063065,1102.7678,53.209343,1144.911,3.8176365,1123.2639,131.36662,1353.7996,200.22813,1195.6655,63.3626
05966,1583.7529,20.001303,1629.9731,19.576078,1563.4192,11.2692375,1503.6282,90.59122,1397.1443,11.969659,1555.5125,89.6351,1567.4227,242.18428,1484.0657,179.71204,1580.4065,215.99402,1585.4681,187.63582,1752.249,123.0487,1826.1416,145.70786,1760.4957,148.70421,2213.1924,431.82654,2731.7036,276.54007,3602.0256,35.393974,3458.032,399.653,2423.34,161.37201,2537.6743,113.26494
05970,1355.7576,35.29341,1360.6366,48.50924,1278.3121,26.085161,1087.6517,7.66364,1308.4377,20.559732,1130.2065,85.924515,1061.7124,29.861084,1026.1836,56.85961,1164.1537,56.06666,1117.0687,34.829906,1120.0652,16.070759,1143.992,137.2455,1186.2703,329.01874,1353.3129,33.581066,1613.4785,92.78018,1952.3207,134.02885,2045.0303,20.14776,1863.6772,39.56024,1962.9186,158.02576
05974,1338.1993,39.195236,1225.3573,83.41967,1196.0953,19.317122,1097.2338,33.597397,1113.2743,21.738033,1275.9452,114.29564,1287.077,163.04381,1159.3898,63.934467,1329.8849,42.746635,1240.301,188.08159,1217.6024,194.12405,1294.8287,242.13297,1410.7177,80.41119,1803.8428,41.599274,1912.4135,218.23811,1887.0786,20.927084,2023.162,259.8934,1777.9187,71.84577,1688.7998,111.51813
05978,1389.9379,73.808105,1481.426,129.70825,1351.208,93.21971,1294.35,104.48106,1277.4772,68.85137,1380.0363,92.42209,1389.43,87.19604,1283.3907,35.27044,1394.775,40.143726,1345.2255,43.97097,1465.0392,35.696648,1453.0243,104.80011,1547.9625,26.820253,1797.3301,34.92814,1985.772,51.990772,2516.2961,159.83453,2265.4832,13.8017435,1922.1937,58.595543,2295.8933,33.73469
06411,2388.9875,48.11266,2365.305,5.641148,2262.319,50.491558,2423.6367,95.02127,2622.6143,92.77302,2784.4607,5.694813,3027.3674,75.848015,3075.749,56.327724,3223.1035,132.66656,3663.922,101.562485,3761.8325,109.67088,3755.794,91.52583,4398.833,154.64984,4930.136,74.82518,5307.4614,202.12929,5455.3657,71.32949,5250.9785,120.3049,5247.4297,78.629654,5369.3154,207.73056
06412,3376.546,8.406277,3479.1052,11.203959,3450.762,99.06561,3588.373,72.68434,4130.7764,90.836006,4482.213,153.76213,4889.406,7.7414417,4831.169,105.685616,5132.7676,200.50235,5636.4272,33.385456,6583.93,100.69072,7400.502,162.05573,8326.908,268.12106,8966.153,43.115215,9404.931,63.97534,9682.203,107.65731,8707.668,29.446745,8400.758,38.190826,8264.342,53.295883
06413,2011.6433,281.5734,1886.8081,177.47758,1699.1145,204.62294,1832.9518,151.28242,1913.1705,110.00003,1990.4486,106.72953,2103.5823,126.50876,2174.677,150.1238,2485.0764,71.46314,2630.0732,120.092545,2920.833,138.78394,3276.2695,109.59742,3535.6067,19.677736,4053.5132,131.01328,4640.6787,227.94655,4814.3647,249.88744,4464.405,270.27032,4409.379,341.47113,4387.156,336.42416
06414,2934.442,85.91198,2914.3713,49.541183,2717.602,47.213768,2723.2349,86.85407,2812.6458,92.654236,3153.4097,27.940725,3373.145,32.14988,3668.019,69.12651,4283.967,10.791124,4364.475,16.291876,4647.996,50.435883,4873.056,25.86329,5249.2983,25.761044,5888.658,22.676754,6566.792,126.02225,6397.3564,127.44601,5829.175,61.199417,5610.5244,145.58995,5904.848,177.76877
06431,1683.5522,207.3352,1417.4299,62.15938,1187.9783,54.559166,1416.2495,122.0313,1281.1312,56.99721,1426.3499,65.59836,1296.612,44.064636,1284.126,107.76332,1366.2015,225.79915,1559.8921,66.32362,1449.0006,86.43018,1514.2318,62.440556,1684.9541,53.300102,1701.7859,333.58856,1884.4456,40.90578,2388.632,184.72603,2561.9912,492.95163,2960.7222,128.26614,2656.5718,496.27423
06432,2420.7131,162.0033,2320.0217,56.208588,2064.702,83.09019,2101.7107,31.71015,2089.794,86.393425,2143.3289,23.659966,2210.2915,58.233288,2234.3462,20.145111,2635.0994,98.01162,2776.7815,111.85063,3089.4688,33.49299,3411.5283,59.085476,4536.821,151.0758,3843.0847,85.46396,4072.169,80.307884,4369.272,150.30118,4193.9946,215.07483,4060.3994,182.48186,4069.0867,62.087654
06433,1708.3137,59.614292,1528.1329,88.93412,1433.0894,114.793175,1502.6727,115.122635,1566.1515,190.58911,1468.6497,380.5573,1678.5371,138.88124,1807.4321,165.61179,1808.9501,148.4693,1692.4358,73.77484,1678.6223,257.90332,2122.083,318.438,2162.4038,241.83167,3119.4426,138.18422,3767.4473,451.97247,3599.8171,228.34386,3308.2517,172.93198,3145.669,490.33224,2867.0198,142.54118
06434,2948.4097,63.282173,2954.0234,79.58194,2823.2139,84.778694,2949.333,21.284122,3068.9019,14.05331,3359.6301,8.189668,3498.091,5.747602,3585.3015,118.532745,4045.3052,133.89125,4216.4473,22.804844,4925.355,157.17343,4898.0166,10.55556,5243.812,108.30767,5846.939,63.451706,6605.1606,314.4098,6452.5337,6.0648127,6069.863,81.48315,6159.943,46.844864,6083.221,19.236917
06435,1584.4907,50.25702,1605.0496,155.60832,1496.5631,86.63004,1341.9059,95.26454,1454.1742,37.00313,1463.1311,19.638548,1393.9515,16.305998,1313.1693,92.50794,1474.1056,121.27057,1520.6227,50.266563,1889.8032,158.37392,2116.2205,144.62354,2012.3191,74.27782,2318.1985,95.87384,2416.0115,27.26094,2395.5718,145.02875,2509.7913,137.31738,2640.4783,53.637188,2807.44,166.9192
06436,3212.8179,37.881107,3111.3784,81.04631,2832.1155,5.4756265,2763.4805,32.08037,2774.5164,62.11269,2982.8093,42.179703,3101.223,91.089325,3373.2124,134.09967,3736.5854,75.08473,3936.6409,187.4919,4243.5513,70.525955,4465.286,164.74448,4780.0273,278.9433,5631.2935,235.36172,6270.5493,244.17903,6102.6665,250.3722,5882.213,165.31726,5430.5654,73.73772,5504.069,229.17319
06437,1462.3223,61.37857,1393.9474,13.149992,1361.9515,9.548846,1260.1807,33.568226,1351.4254,29.289383,1163.0812,31.584398,1341.3518,129.79128,1309.4163,81.50819,1409.877,52.96041,1456.7838,21.056425,1683.7325,68.16963,1585.9559,66.55225,2021.4679,62.627056,2325.4944,200.60817,2340.206,71.911766,2052.1975,219.08342,2055.0398,136.0093,2817.701,264.45154,3305.7637,370.45978
06438,1979.8567,65.28905,1981.6575,59.157654,1747.7351,23.391037,1862.7482,18.408497,1758.7806,61.80491,1770.3284,107.62106,1904.637,63.46345,2003.8177,53.63798,2085.1035,85.38506,2396.3315,142.80293,2697.2698,97.951645,2858.349,138.99712,2879.812,55.631317,3322.0864,59.805798,3611.6423,31.94907,3802.0962,27.66514,3572.5386,108.29342,3741.1116,144.5425,3677.1953,106.53462
06439,1219.6202,80.174324,1182.5238,63.930447,1049.1709,73.19852,1097.9664,76.72782,1115.0216,32.5194,988.39465,1.0534843,1035.7504,49.955093,1154.5754,31.574759,1192.172,27.25939,1356.9196,45.915226,1393.5448,13.929237,1506.864,215.45065,1467.5302,331.26175,2077.4456,163.38853,2469.4292,19.913887,2813.837,76.67366,2634.7192,39.867363,2505.1238,79.27229,2273.7139,72.96974
06440,1565.0251,45.669403,1621.6062,21.99373,1409.0449,36.603905,1443.9457,42.224247,1494.9452,15.905378,1237.3243,9.863358,1326.8052,24.088573,1518.6431,174.9345,1521.1722,140.10638,1989.0658,131.31819,1980.9319,29.162184,1988.7095,27.618538,2048.261,105.97249,2288.5493,56.32843,2811.1062,230.18912,2570.441,96.62604,2716.8633,125.43104,3112.0168,19.381678,3227.6357,87.937836
06531,1374.981,12.476278,1361.9829,26.121292,1242.2783,94.47818,1312.6371,148.49706,1144.5199,14.00623,1007.69543,10.457308,1194.4111,45.929348,1165.0941,42.743095,1178.2294,13.638406,1284.7135,6.996048,1413.8322,57.3112,1400.2925,34.013115,1510.5189,23.626923,1692.1523,61.092495,1499.0668,314.97736,1912.0817,43.211777,1891.9878,62.92503,1984.3477,353.84732,2111.1772,242.57835
06532,1527.0139,27.009226,1452.8243,100.65667,1483.7731,259.28674,1369.6456,110.41083,1209.4553,110.83692,1004.8862,79.01112,1156.576,146.19986,1241.7592,71.39572,1273.2949,37.583076,1201.891,13.688403,1422.7396,19.161596,1535.1191,189.77408,1645.3218,152.74786,1970.5924,132.40317,2114.0063,87.51624,2756.243,564.1157,2487.6199,63.421062,2615.1726,805.5821,2227.2637,36.616024
06533,1157.0804,46.475796,1350.3542,53.00548,1226.4419,2.47028,1136.484,166.31767,1074.0883,233.36803,907.9939,55.089966,954.9363,22.439983,920.6633,57.00335,933.1905,51.21435,1212.1615,65.86707,1044.556,57.38536,1126.7129,13.85928,1306.1149,143.11696,1367.195,185.2404,1453.0553,278.76996,1927.9272,204.12502,2200.7927,105.11233,2081.6167,67.35777,1854.1345,13.577649
06534,1234.3757,47.214592,1438.0187,125.29292,1349.1434,219.89923,1234.7703,535.20184,1226.4192,467.8502,1050.0182,297.3338,1214.8916,239.90768,1142.4867,34.544193,1551.459,29.960367,1510.8662,41.280903,1271.3872,47.040344,2017.0187,150.68597,1821.1945,58.612427,1575.2811,341.34848,1382.6813,263.40118,2710.0115,594.2611,1864.1179,243.29166,2746.3425,783.2945,2338.2776,562.81866
06535,1234.6522,43.414463,1185.2329,22.485369,1197.4355,66.59697,949.8198,6.341853,869.3815,30.668428,800.1412,67.524254,848.2881,27.495293,868.96326,57.92859,965.7986,23.942614,1009.71967,5.38516,1174.3755,100.9048,1235.2122,95.68887,1221.6423,61.864174,1581.0448,262.4039,1543.1704,3.0668423,1696.9581,112.29545,1774.3351,175.22568,1677.2985,43.57317,1763.067,42.385796
06611,1340.3076,74.54527,1436.6155,46.610355,1280.9069,45.344543,1392.3817,32.887337,1454.981,104.62857,1602.6625,38.08489,1671.6613,17.691677,1900.261,49.073494,2292.1348,8.746576,2561.7366,84.62509,2964.8862,34.475132,2903.2131,55.9598,2888.1978,150.5275,3212.6777,58.20193,2813.0647,76.146675,3581.6248,222.65268,3295.799,83.54257,3448.1497,257.03043,3323.868,306.21716
06631,1196.7816,94.92596,1294.0068,93.095604,1149.4133,35.445717,1109.3462,11.22566,1016.05316,8.8166,1082.3048,90.23196,1129.0922,172.23186,1219.7406,147.02321,1207.3958,242.56631,1184.825,104.482994,1221.7186,85.11323,1267.7526,87.64661,1604.1132,76.05854,1588.699,135.5018,1466.4957,173.48163,2023.0964,100.57853,2301.6775,101.337875,2313.3862,96.86492,2426.265,23.225132
06632,1047.8594,91.82783,1201.7025,116.64009,1004.80316,47.728416,1106.6167,34.86571,1171.2986,103.988815,1223.5017,58.824753,1031.3746,64.86261,1048.1976,65.4384,1067.5731,18.148682,1305.4248,97.08871,1052.9906,104.82782,1056.0286,54.510357,1162.3589,93.26306,1770.6112,33.943405,1694.4896,170.05685,2056.3704,7.3174524,1919.046,220.06879,1690.8213,13.287264,1654.4388,57.758644
06633,1566.8665,74.088524,1553.4126,31.822783,1361.68,103.53738,1438.3519,105.559265,1309.168,93.49448,1472.838,12.170735,1500.7091,59.230804,1350.1227,181.31487,1614.1412,102.48803,1958.0231,84.71038,2303.1067,328.93314,2127.598,232.54854,1944.2083,156.62422,2189.682,331.61655,2683.5461,6.5222673,3543.2302,537.94244,2574.7358,219.87874,2673.954,38.57766,2588.4766,471.46915
06634,1005.52325,57.225803,1025.0938,122.96105,790.0358,146.9574,898.03015,170.47932,935.8783,123.41463,967.77185,50.209454,947.14557,167.4073,710.1857,20.881939,918.9152,13.632689,1055.1692,90.73812,1243.653,12.323544,1049.8665,109.33954,1279.8712,100.063354,1405.0895,9.622279,1325.9979,153.47661,2600.278,359.25323,2280.7,204.3203,2075.7551,102.739395,1634.4946,471.23627
06635,1111.5786,141.14499,1112.6649,22.658365,926.767,16.193512,968.307,56.8082,975.93884,82.504326,796.38007,115.63957,836.4323,134.22795,831.31476,124.3626,1024.1361,43.86564,1083.3046,1.1638466,920.509,10.19748,1262.901,142.36206,1267.0859,8.61466,1654.1729,462.65042,1606.9865,263.34457,1941.5481,229.06993,1878.8307,35.068027,1759.1445,779.26953,1612.6017,144.42053
06636,1013.72925,12.108386,937.18335,34.630405,882.93536,21.441805,835.2654,57.881603,941.72644,44.032143,847.9936,128.08234,911.31964,70.90796,868.6099,34.615498,816.76184,10.213523,800.36694,71.120674,1132.6,26.320372,978.4458,9.887176,986.7677,99.176285,1280.7733,244.55852,1266.4086,98.565544,1765.9525,152.11052,1658.3582,13.725408,1420.3457,143.36418,1556.72,78.39205
07111,1744.1843,54.198624,1788.8604,28.029743,1871.8372,15.442099,1785.4098,35.71504,1690.0027,61.306225,1811.8588,29.271687,1927.1815,46.11278,2292.998,24.571228,2337.2747,109.49241,2421.5388,55.411343,2849.4082,83.493744,3050.4463,105.15889,3491.5017,178.50172,3952.2524,61.51222,4101.0415,34.891445,3834.1365,77.984245,3942.1382,62.56744,3534.1018,50.965282,3372.0322,24.625029
07131,2062.8557,53.22427,1911.5007,36.505917,1842.9734,68.7503,2006.0109,9.671195,2050.8127,109.19623,2158.1162,60.810078,1960.4313,143.40271,2161.056,100.179855,2125.538,118.7554,2361.139,123.57925,2425.5535,112.97209,2651.4087,80.899826,2986.6133,145.58484,3700.7114,86.55519,3937.5725,160.95786,3656.1252,70.3861,3556.1758,34.77467,3682.2039,624.01465,3927.403,952.65173
07132,1087.469,65.397606,1007.7808,35.662083,995.5867,19.435356,1189.6599,1.1317472,1057.2397,14.078046,1017.748,65.79255,1042.6635,45.843884,1027.5879,33.204014,901.5858,23.097849,1131.93,77.408745,1240.9757,45.10146,1422.3225,132.52875,1576.2761,85.03501,1333.6724,112.843475,1782.7571,120.22832,2078.99,493.04486,2539.2776,253.38254,2110.0833,24.49251,2063.847,44.045547
07133,1669.6455,19.631895,1729.6772,38.27796,1679.4725,1.4679179,1607.7614,28.504028,1732.1481,5.8414245,1736.0107,5.5860496,1651.6381,32.929432,1756.9802,27.255598,1929.6394,80.45746,2105.0107,63.245945,2443.205,3.9041648,2412.947,8.030302,2786.2612,9.027446,3019.7524,25.43056,3187.8406,32.467888,3396.7986,53.041805,3520.9004,50.196064,3624.0417,13.659899,3596.4026,8.061711
07134,1004.49286,35.197994,1171.2571,95.62404,865.97504,77.55644,706.6308,97.42248,671.5523,45.424465,701.399,83.87976,907.3212,66.57962,806.0406,20.246597,863.25116,57.328876,925.93494,49.046055,808.78864,6.884063,1019.8247,76.27126,757.74414,67.76963,1069.0809,10.026181,1426.9757,95.20726,1823.8468,68.08786,1572.8752,50.582493,1501.6956,18.598217,1870.7306,318.78375
07135,1305.339,118.49754,1151.176,222.85402,1182.665,313.9891,1296.9236,147.86711,957.4804,49.906643,997.41016,21.121796,1072.4523,163.38353,1130.8683,222.62512,1318.5261,492.04932,1483.0154,485.6834,1460.6674,548.23236,1342.486,281.07172,1406.1703,141.05856,1397.0815,221.29573,1701.634,254.80331,2052.976,13.671455,2118.3618,55.532394,1941.3519,354.34076,1573.9197,57.40753
07137,1307.5156,67.44455,1325.4368,74.5354,1231.879,19.821865,1227.364,81.21863,1182.0342,87.534615,1278.2902,31.208193,1373.3196,125.032936,1548.1527,145.90988,1714.628,63.20477,1871.8656,35.000458,1692.479,134.86256,1719.9618,33.97905,1812.329,19.004011,2285.8486,72.865204,2703.5862,408.99307,3143.3738,158.21574,2924.3074,47.112076,2576.5244,172.95421,2724.816,45.12669
07138,1383.7284,32.96303,1388.5803,46.81781,1224.3717,38.813763,1186.3082,19.281517,1256.1926,31.91547,1354.4387,35.97333,1477.6243,24.197578,1426.9773,54.938175,1559.5273,18.239248,1807.5409,91.46408,1879.1215,37.922047,1885.0295,62.45198,2003.2881,118.20893,2235.5876,68.464455,2428.1223,205.20903,2662.5334,92.25501,2888.283,99.81863,2570.7722,79.19289,2899.2842,118.33564
07140,1612.6255,193.32205,1718.8525,190.22002,1579.858,78.035225,1319.7784,67.9574,1631.3955,16.869244,1317.9895,30.80112,1220.3013,7.354718,1460.2672,97.96298,1342.5802,13.609553,1623.3331,18.189241,1502.9263,21.645498,1235.5228,37.122074,1492.6667,63.70418,1686.4828,120.37049,1975.7118,55.43243,2098.9436,76.72614,2607.7231,334.3928,2883.519,270.64532,2683.795,89.30676
07141,1541.1976,58.333748,1397.3448,68.21313,1271.3904,64.775696,1209.9092,53.65175,1163.628,95.10893,1103.7549,88.10231,1365.1729,142.90279,1358.566,81.7576,1432.1294,49.097157,1640.0297,203.23405,1436.2322,105.02116,1706.3881,291.11096,2327.853,434.82697,2026.0282,321.44214,2492.2102,637.6842,2744.2676,381.6121,2516.9402,449.80984,2325.293,111.357506,2482.2644,276.41138
07143,1184.4728,14.902603,1167.9607,42.828777,1010.2592,10.550907,1015.577,60.799824,1015.73596,68.01561,959.7542,93.40123,1037.8297,35.029835,1076.801,43.173355,1085.4463,89.06176,1213.8068,57.369854,1217.7449,188.88972,1140.3622,64.27575,1485.0002,202.7617,1423.503,95.20033,1687.5155,140.894,1928.2896,77.681175,2205.605,27.658684,2726.3643,471.1618,2419.4924,20.765167
07211,1829.4653,0.05669347,1859.4774,22.4012,2019.9811,2.2930768,2178.3948,18.280676,2222.6418,14.955963,2470.9565,31.528332,2540.7195,14.557805,2276.2366,10.038527,2417.7449,47.701252,2837.3428,116.56398,3118.1406,170.71042,2838.7917,184.21585,3286.2686,102.962395,3272.855,0.29031914,3485.1826,24.264343,3565.5374,275.75128,3226.6377,307.19046,3594.3262,205.811,3653.7139,251.79584
07231,1501.8512,4.5803657,1565.4685,15.847052,1696.7484,35.927525,1711.4562,1.5090833,1623.187,15.572412,1942.253,85.098015,2126.9324,10.805709,2056.7883,46.621456,2212.312,93.69575,2382.8066,53.53831,1982.8507,139.29865,2046.6376,134.55034,2680.9968,49.10463,2469.3645,19.483616,2495.2117,287.49075,2526.377,246.61113,2600.8013,557.6774,3310.0464,400.50235,3850.464,121.31842
07232,1777.2137,75.91257,1584.1848,19.432842,1754.1506,20.70017,1447.9332,108.593544,1714.8712,74.9666,1580.1042,107.74793,1573.6562,50.938087,1710.195,132.4206,1782.868,9.391955,1872.3961,30.55431,1891.1097,88.79312,2171.395,102.371605,2101.382,97.62257,2007.3702,131.44247,1899.3728,7.5594277,2632.2222,112.68674,3310.483,418.19827,2891.1257,160.00049,3421.8474,4.9997115
07233,1135.6488,122.99658,1041.4792,155.22112,962.1982,62.25232,857.8779,65.06369,790.7026,168.01991,820.76086,156.33138,865.2461,96.77978,992.2707,35.137726,1092.819,103.07311,1249.8447,12.849883,1138.4397,11.451004,869.1886,206.99606,1084.7668,218.83304,877.7148,68.40305,1350.4773,172.12456,1802.6442,133.41048,1492.3314,101.08109,1626.1406,8.3338375,1525.13,135.18202
07235,1218.7456,295.85095,1580.1921,112.9101,1319.331,251.86914,1037.2305,21.112907,1192.9335,37.414997,1040.8556,26.845509,1192.9429,188.52217,1302.842,10.342052,1368.1022,63.554665,1503.4216,341.86868,1328.002,295.7724,851.37665,219.62848,1095.4742,328.39224,1351.87,351.00238,1963.8654,7.532482,2690.3591,212.93709,2787.4739,112.80534,2959.5708,17.89288,3346.2883,253.1574
07311,1550.5465,34.226307,1568.9741,58.038364,1498.127,72.587265,1427.7773,48.050392,1499.4039,11.324215,1552.7002,27.115942,1604.2094,31.8344,1633.117,29.129707,1701.3492,45.23129,1797.1035,47.85266,2122.7126,62.152393,2145.184,76.83755,2288.0159,69.21241,2596.2842,47.037262,3225.3752,15.267664,3340.3723,100.3146,3021.7002,55.981205,2903.039,152.23535,2986.1887,21.153667
07312,1335.4504,10.539951,1405.4556,33.622467,1421.3737,9.907345,1473.6732,66.41757,1343.7625,4.2489395,1515.5608,16.939526,1544.5303,9.25337,1533.2814,5.7875466,1602.4214,39.42569,1634.2051,23.423155,1749.9005,31.70515,1799.6154,28.68987,2166.8384,60.3097,2363.1587,115.49128,2674.621,56.863987,2712.6707,143.40666,2505.1985,77.85163,2532.935,20.065413,2823.5227,109.53391
07313,1571.3252,15.378222,1629.7557,51.330326,1538.5166,9.811912,1610.9689,1.0518153,1600.1135,42.10143,1700.8885,9.203495,1939.809,106.98979,1978.8574,75.376686,2235.1099,165.9362,2330.3694,125.6364,2494.728,186.40175,2558.7727,127.45912,3182.1958,201.74123,3254.5244,86.96242,3741.4673,26.607979,3921.4329,123.78605,3480.0464,30.388424,3150.9214,138.0467,3453.5608,133.61894
07314,1547.693,20.349644,1495.7479,49.772182,1335.0742,66.44159,1367.085,35.81087,1394.2892,87.505554,1419.6783,104.295685,1480.7832,123.10749,1516.2771,47.321995,1779.3308,100.20484,1852.7921,190.15007,2072.4124,116.32007,2342.991,207.90623,2635.1743,359.92642,2724.0774,184.87804,3148.328,299.68536,3380.1492,230.88098,3090.0122,175.22989,2875.326,315.6544,2989.526,155.35197
07315,2342.0166,124.31801,2295.6194,85.44926,2205.1482,70.52058,2237.093,117.30313,2370.582,54.322334,2461.8489,37.601765,2646.9385,88.11275,2724.745,76.43553,2659.1028,342.81247,3252.192,119.77364,3663.2021,94.18332,3748.939,94.91537,4159.4585,129.07849,4316.1313,6.3755507,4899.243,171.18918,5554.4863,63.00129,5125.7637,214.57521,4794.451,184.88268,5110.9634,30.291489
07316,1898.6222,8.799463,1993.4258,21.83854,1916.3556,96.278595,1806.6722,30.723656,1882.3497,38.398113,1793.2765,38.553425,1993.9114,98.36886,2196.5994,87.0011,2087.9465,44.64772,2407.5925,60.243885,2595.7239,145.41977,2524.5237,31.881815,3102.0637,168.51874,3578.6863,136.80602,3971.5347,209.4355,3918.8901,3.178358,4061.0034,9.76158,4130.34,204.29552,3827.6917,42.59275
07317,931.74164,50.16829,904.283,74.48685,854.896,90.1571,1029.3325,11.83632,1055.9412,87.85624,861.4314,11.656297,891.6777,8.1019125,888.3226,0.9367605,868.38385,9.047086,836.2455,25.036673,1038.1392,14.130161,1067.5088,24.74345,998.55634,70.39844,1096.3287,82.42019,1449.0433,24.662682,1510.3429,4.54118,1439.8395,42.968136,1361.0941,179.36307,1422.4348,102.52695
07318,2008.3497,17.6659,1845.6365,6.9996576,1730.6196,38.630592,1827.66,25.524788,1912.3492,4.6159453,2067.3264,11.691593,2177.9043,48.143303,2364.5374,0.45528498,2391.5322,8.760554,2655.2744,37.2881,2793.8835,55.839478,3164.8298,25.789652,3367.0928,213.56285,3801.668,204.292,4203.4497,117.14729,4644.556,14.957807,4418.8184,70.7885,4294.376,53.714207,4461.9946,74.29982
07319,1568.9937,39.592857,1441.3341,18.68122,1257.465,11.243922,1326.8439,10.8984585,1334.7681,3.505118,1440.8704,9.267914,1547.768,17.27473,1701.6038,98.038536,1833.4373,30.990416,1936.8184,13.441758,2103.6985,9.766028,2493.951,4.6981826,2643.7258,65.88245,2861.31,89.24612,3543.6636,88.39608,3309.628,14.608858,3336.0154,25.49521,3149.4443,116.472145,3471.9255,54.41727
07320,1337.424,44.65841,1469.7305,17.375248,1426.5115,68.978546,1428.465,48.148098,1437.7477,0.2493463,1333.3069,25.813074,1393.8578,6.4414062,1239.1074,45.93979,1243.1798,47.310776,1242.5509,39.849792,1288.8507,11.872381,1437.2535,40.50026,1540.0771,66.271706,1516.124,8.735787,1698.2372,10.183354,1891.7372,61.533337,1945.6968,33.043587,2112.155,45.73935,2413.7217,119.8006
07331,1464.7607,53.747635,1527.6694,58.169342,1408.5023,43.586018,1345.9197,79.23717,1577.6069,58.67204,1310.7511,18.583153,1609.3451,106.01763,1723.3336,79.03292,1806.6143,31.421322,1775.202,89.778175,1932.1588,145.40474,2137.0408,111.56327,2408.9658,73.368706,2317.0708,112.73133,3256.4146,237.70517,3718.7393,259.43558,3196.859,96.47345,3073.6602,37.169106,3553.8755,64.6056
07332,1611.6566,65.16473,1420.3374,25.930601,1212.381,219.33566,1122.7948,83.477905,1514.4146,184.93028,1502.9258,449.2139,1553.8916,360.9706,1727.6182,211.91306,1881.4475,244.93732,1815.2635,300.91553,2349.7542,792.52246,3375.6028,904.0731,2691.1404,770.592,2414.2915,25.421259,3639.0347,943.085,3784.5198,919.7345,3592.2798,331.75232,4270.3774,320.74268,3264.788,180.61716
07333,1037.4034,17.554668,1134.5911,38.32463,964.8604,110.666626,1076.3643,6.216358,1053.0544,43.32037,785.92017,57.083237,957.506,14.716553,667.80676,2.1835525,821.70715,26.71318,788.30316,93.3604,785.7808,38.410942,817.72284,29.743158,1406.044,41.157352,1042.1797,66.43221,1601.745,299.4302,2411.4636,337.71594,2267.4736,25.834745,2057.9,224.13258,1396.3153,288.4726
07334,1473.8112,27.94497,1446.699,10.713996,1447.4067,17.361023,1436.9082,2.2536676,1565.1992,59.2232,1584.1703,78.317,1630.0631,25.85683,1602.9409,13.446763,1630.6702,15.425957,1826.6307,6.10276,2123.5254,47.806877,2397.2024,115.88166,2379.2217,21.270632,2726.2922,61.479057,3314.764,194.50174,3306.1409,56.1161,3096.2595,145.46364,2991.0537,75.25247,3432.3025,100.199554
07335,1345.5935,12.694224,1517.5708,52.62738,1506.9122,34.452686,1404.9021,120.69469,1272.0325,148.2162,1303.7772,201.80493,1187.1123,35.432686,1137.0947,22.620634,1169.3064,3.6170952,1216.3485,38.35312,1295.4615,115.67208,1280.3304,64.424355,1299.2101,267.15024,1258.6305,87.10199,1688.522,541.8174,1711.6056,429.4011,2107.7927,122.8987,2759.209,304.91577,2965.5698,294.70477
07336,1154.9387,25.109322,1328.8047,152.9251,796.71655,198.2924,986.77386,75.85432,947.0037,54.887222,955.4658,23.194656,829.0405,23.519993,679.43225,76.88507,707.10956,18.123241,827.9364,193.50482,821.92255,12.044151,1008.6729,209.55194,1518.8599,89.4319,1453.5798,0.48708245,1527.65,24.704489,1734.8613,601.90106,2000.3494,17.896635,1688.4431,231.17714,1912.0934,118.397125
07337,1623.3651,105.614204,1655.5381,3.6231818,1389.4688,22.571692,1638.2076,0.1317149,1607.8657,52.171497,1572.243,80.733444,1680.6936,177.089,1707.5548,117.24445,1631.757,151.52457,1694.2242,169.12936,1746.8896,120.69003,2124.8057,111.625565,2694.463,385.0478,2500.3022,238.71555,3158.4858,23.008348,3288.3335,102.00332,3329.0632,317.94394,2947.3528,263.93344,2998.1165,360.03552
07338,1415.6978,46.94737,1480.9463,30.154339,1423.7343,72.866135,1419.4335,117.993965,1437.1755,10.23861,1496.5702,8.006932,1590.4423,102.53016,1593.9827,5.7826567,1791.1166,52.82551,1819.8324,49.00313,2145.9482,77.61352,2221.4004,196.87253,2453.5735,221.803,2981.6467,90.00029,3173.8506,168.07065,3621.6492,133.03467,3196.7336,155.6241,3139.0337,8.485127,3313.372,54.29379
07339,1709.1726,53.006996,1626.2954,49.66595,1769.5691,112.63861,1798.4912,164.07301,1811.0336,54.021725,1647.6598,41.884243,1841.9814,95.65598,1631.2501,143.9393,1952.0219,80.02582,2191.1306,33.285454,2401.9766,111.07619,2626.2998,13.73924,3014.7136,281.26245,3261.6765,105.96959,3665.9316,297.13516,4089.9746,74.990685,4187.1797,1.830362,3662.1243,97.10009,3869.2507,318.39453
07340,1529.0082,45.480293,1497.6471,23.3652,1600.8575,6.3555846,1487.5679,14.054535,1214.0073,66.385826,1243.4032,109.313545,1141.8553,83.6291,1239.6237,174.68037,1297.8741,61.338993,1338.1555,6.0725265,1425.2959,34.382854,1593.5092,78.794975,1832.2716,66.991936,1578.4645,129.18808,1957.093,233.90941,2037.2773,49.635246,2206.004,218.02307,2790.2356,60.259674,2010.0298,27.89618
08111,2733.4768,76.72182,2838.5366,98.836,2684.1692,66.86721,2949.3652,47.33452,2910.9443,122.141754,3243.255,134.66408,3547.5938,187.06169,4118.0337,164.9547,4341.989,159.77127,5075.355,172.55818,5597.729,105.00531,5905.652,198.67238,6319.187,152.82652,7116.4414,33.892525,7377.3857,256.47717,7343.7427,254.8043,6632.584,305.60443,6410.642,238.21759,6463.858,306.3284
08115,2256.9978,4.753915,2431.5793,24.815258,2282.759,5.6622896,2191.2917,18.368427,2193.1099,11.179577,2263.1597,12.748567,2689.3325,87.54718,3034.8538,134.22725,2908.5457,7.1147594,3150.4155,90.373955,3604.3496,66.511154,3862.1028,10.398333,4183.0,1.0947938,4877.4805,151.52408,5383.111,31.560896,5557.308,150.32565,4940.067,92.79995,4798.1196,24.593615,5054.2393,104.9914
08116,2205.0432,40.9047,2220.094,67.96794,2077.7288,43.29379,2215.24,60.659695,2145.2585,86.728584,2245.8076,7.2598395,2357.3916,23.41636,2363.1345,149.23181,2611.7236,146.97125,2948.2717,5.308567,3191.078,196.50172,3449.8542,93.90105,3725.3257,298.53986,4127.493,270.19547,4607.8525,156.48645,4796.698,3.5004563,4540.266,0.666232,4252.2495,74.6557,4444.526,176.24812
08117,1442.479,160.89168,1334.7396,179.54738,1218.7607,30.881481,1247.8223,181.62332,1412.1393,313.31506,1393.8083,26.513166,1216.6792,36.93773,1150.4268,81.72604,1056.8411,87.24739,1523.4321,93.658195,1667.5106,5.6818304,1699.7634,26.826029,1557.0044,138.01132,1944.0625,162.67453,2295.491,230.05225,2360.838,74.951515,2717.3328,42.17921,2939.4668,69.22083,2705.284,288.8044
08118,2201.226,3.5161493,2074.5144,5.1635394,2088.3186,5.191804,2114.0396,8.628561,2217.4844,77.853004,2271.648,24.525726,2672.7627,508.05725,3094.4888,1004.9929,3320.9045,797.73334,3360.4045,415.69766,4112.366,1005.99994,4270.8003,604.53436,4495.286,120.10053,4712.362,201.86662,5719.769,105.68276,5272.6787,142.2551,4911.0996,268.75354,4412.7925,139.20619,4498.771,59.738815
08119,1546.6064,70.71321,1494.7698,55.50609,1556.3499,115.47685,1663.8289,87.157936,1472.2241,100.86811,1385.7245,113.05239,1499.4027,197.186,1583.6008,38.53677,1572.488,30.467802,1844.1434,227.91245,1904.053,53.203983,1845.453,49.72972,2569.8213,358.9779,2478.512,114.79507,2726.9907,229.5809,2976.2166,340.18237,3100.4844,124.49257,2884.7607,313.2028,2779.4297,372.19925
08121,1684.3892,73.66666,1594.1375,82.37102,1481.7823,47.94747,1457.8525,116.37396,1524.3563,86.55746,1709.0839,71.998344,1852.1973,71.969765,2006.1863,78.19118,2241.3083,80.073555,2667.1453,58.820507,3016.2395,143.51624,3114.7957,63.86276,3472.8076,87.104675,3677.2183,95.87432,4044.3843,95.6871,4242.3247,65.118416,3701.5981,55.887268,3711.5579,86.573006,3882.3142,121.51935
08125,1707.4205,17.184809,1734.2286,16.840876,1708.6898,36.568943,1664.6229,19.051523,1760.2152,7.018757,1772.3545,31.493425,1866.698,30.27791,1923.4873,9.895417,2165.724,57.719933,2381.3142,94.24156,2480.8877,56.450783,2941.9504,103.43682,3448.894,215.94908,3919.7302,46.69523,4189.343,192.16843,4160.0815,186.67545,4212.528,169.7827,3969.797,111.33746,3842.8167,29.355204
08126,1693.6692,36.309254,1448.3965,27.539633,1348.8452,7.3157687,1489.0178,26.866547,1612.2899,6.9996305,1385.1134,100.9339,1672.1804,234.29225,1715.9918,147.12726,1926.1898,234.94133,1723.7367,164.83145,2096.6135,31.398426,2374.5369,24.018301,2282.1821,150.05396,2366.768,127.92717,3081.5925,12.11067,3262.2449,91.40662,3603.6174,108.7834,3512.7817,289.07043,3408.0361,222.98581
08127,944.2117,2.5579503,1046.1823,31.244196,1009.114,23.369629,916.5565,86.088005,1018.64465,16.694872,973.3562,15.308291,1005.7802,41.163414,1064.2444,24.33986,1090.9124,55.13181,1241.8749,8.881341,1513.1182,58.207264,1563.6355,111.85998,1963.5737,110.57659,1711.3909,48.081512,2029.628,273.0812,2308.7085,86.19903,2620.1658,27.801313,2256.599,84.93937,2476.4539,15.496475
08128,1265.3484,31.219387,1058.7407,34.074493,1066.0342,42.778214,1042.3575,177.58162,1119.3809,64.05219,902.8161,69.71958,880.1819,10.303183,903.8507,57.43176,1236.5731,135.1264,1238.6995,59.54065,1044.4067,18.036764,1058.8136,94.04789,1043.8273,95.95271,1318.5226,59.26979,1451.4895,32.14616,2293.9536,27.405914,2710.2578,202.25441,3239.3662,151.35811,2743.2366,115.655
08135,1219.9355,115.6292,1200.2806,79.19764,1333.9756,120.358574,1284.3281,162.50731,1306.1031,239.02621,1153.7058,90.21718,1114.9598,63.328247,1172.9575,10.290205,1308.2052,56.22569,1660.481,97.44746,1749.963,173.72328,1600.8744,58.14566,2035.3469,164.827,1952.8307,83.49538,2247.7925,8.024118,2545.0784,87.19436,2305.8936,4.2779784,2664.4355,139.90662,2580.6035,236.01112
08136,1598.2101,294.95898,1351.2861,54.140915,1372.945,46.82718,1189.5972,60.326744,1059.1978,173.9383,1420.526,245.5187,1514.1218,252.1931,1392.7688,303.53983,1629.3541,336.4035,1594.9966,221.91472,1872.4797,151.04831,1866.9517,77.309044,2128.8254,22.819279,2532.594,455.3152,2466.9622,188.0523,2416.57,69.89407,2493.9617,112.448044,3076.6775,175.78523,3244.1882,285.22824
08211,2490.7058,40.434807,2628.5159,128.19223,3034.6714,124.503044,2807.1663,149.00398,2749.2327,83.022675,3580.0205,72.86971,3392.3508,252.11722,3654.881,159.02934,3795.01,134.65872,3789.43,163.03055,3893.939,148.70801,4087.9407,150.19153,4931.619,94.35506,4685.247,52.76299,5062.5,26.487814,4841.2476,13.884765,4938.8896,93.172516,5108.959,96.680016,4786.949,16.971842
08212,2149.271,32.481567,2230.8203,37.202267,2299.3992,29.792425,2345.7773,8.341285,2497.762,25.068762,2719.5461,47.32057,2938.4258,109.641205,2961.445,0.46711013,3036.494,52.88697,3475.8586,94.945946,3912.5725,149.17178,4245.3867,65.174034,4505.6377,124.13038,5177.018,303.53598,5405.779,62.14655,5603.0986,70.53865,5123.8765,8.00292,4629.363,17.060648,5068.0034,114.404526
08215,2332.6829,23.312336,2207.834,3.4144557,2089.2695,79.61691,2040.551,22.733019,2261.8909,28.52748,2436.6704,124.5297,2705.7485,142.14436,2672.165,76.27565,3170.2556,223.28943,3228.3545,166.27606,3324.2434,115.49204,3145.928,105.54398,3641.8218,120.032845,3588.736,37.58013,4217.5444,63.48721,4505.152,92.24726,4162.014,366.31842,4619.5967,128.7171,4027.143,135.48434
08216,1804.0536,1.0249349,1730.611,16.329592,1673.5146,6.646443,1371.6133,7.1074142,1549.2427,105.03026,1358.0702,159.32498,1697.4797,262.52606,1560.8468,269.04288,1656.4373,69.8429,1790.0032,19.14723,1889.2146,92.017746,2096.2363,28.847239,2250.228,12.166928,2688.4666,15.057652,3343.71,19.043442,3369.4426,338.1785,3242.8447,84.30945,3186.4949,15.409497,2933.156,325.8867
08221,3207.108,124.77268,3095.3184,179.77322,3016.723,171.96808,3137.0981,156.00165,2923.4966,201.32156,3255.023,153.92693,3481.887,241.64815,3523.273,231.25182,3566.8362,151.72363,4344.8115,94.85895,4968.795,247.84137,4833.276,354.31738,5598.129,300.43466,6196.6665,260.03958,6428.5723,326.7866,7064.425,400.44522,6614.7354,365.14325,6358.7544,86.270546,6208.1455,225.97752
08222,1968.6222,113.68106,1962.5835,107.45104,1859.9679,106.27246,1784.2543,105.30503,1934.2279,142.02977,2152.7654,204.5969,2263.032,191.77054,2275.2788,159.16887,2514.9163,202.24728,2761.4153,261.73035,3012.7747,332.38892,3375.9714,263.25702,3906.3826,110.48378,4163.6997,206.35155,4391.154,328.69843,4749.793,468.82895,4371.061,469.51486,4362.0425,580.25507,4620.403,407.96304
08225,1475.0332,32.0868,1379.1909,18.18786,1203.422,14.158796,1037.086,26.513369,1201.1993,17.610891,1192.8632,9.987874,1164.4146,52.16947,1157.8264,25.801321,1318.5514,122.59632,1474.5458,114.99882,1650.5492,111.00011,1395.1726,46.652035,1831.1255,336.57605,2070.8362,101.44689,2466.5793,60.565636,2603.336,152.36945,2866.8623,147.7821,2943.8843,7.0784764,3110.5505,50.166008
08226,1788.7876,119.867294,1824.8591,83.1329,1747.9385,141.19212,1701.6487,41.050694,1717.607,34.2849,1833.8262,73.747025,1960.2347,54.195747,2001.9205,36.942883,2106.2473,98.192764,2210.03,180.25508,2243.6602,258.1915,2595.9917,105.58659,2966.3755,112.193375,2926.521,315.37164,3313.486,151.02061,3757.9058,17.0735,4174.202,9.806179,3924.0698,256.79953,3943.9749,66.31068
08231,1785.2024,15.265055,1738.4991,27.226673,1570.5105,10.61297,1675.3531,3.1111996,1549.5604,33.965153,1674.0413,20.291092,1822.3708,51.55474,1943.1807,57.937748,2042.9406,6.1101336,2233.4001,51.244484,2551.5513,48.576946,2793.3833,35.932903,3229.0178,126.30112,3393.2886,98.85792,3844.1707,65.580185,4148.4907,57.400593,3815.9458,109.80123,3680.47,82.54233,3332.6921,49.297943
08235,1667.8284,137.73346,1510.7836,159.18755,1401.0524,111.6197,1570.798,133.1751,1283.0791,103.72349,1256.6791,237.52269,1166.5574,251.59102,1143.8079,166.0435,1402.0021,143.62686,1599.6271,291.9846,1349.9229,93.289764,1705.7695,128.51828,1641.292,145.75694,2036.3517,145.7519,2874.6838,49.203175,2840.5212,245.91713,3121.0583,129.11333,2792.0908,365.45984,2602.607,254.19139
08236,1962.8711,11.735149,1972.5203,63.57384,1786.2306,41.584217,1842.5211,8.785151,1697.9701,156.95244,1727.8333,11.916902,1907.2091,136.11407,1795.5453,136.24559,1984.3208,52.243954,2130.4585,57.151855,2215.9958,153.98737,2652.4646,90.14779,2519.0256,394.03503,2992.9563,150.3196,3377.1226,91.41992,3501.4226,104.71292,3369.8728,53.95357,3564.3838,42.149654,3512.5237,183.44629
08237,1391.714,122.622665,1507.4199,122.669014,1187.519,149.56718,1248.4583,107.13279,1047.4739,66.69408,1269.2974,30.412022,1205.7781,16.533815,1101.0989,65.96823,1180.851,111.830414,1293.8397,187.40315,1543.976,140.26051,1829.6656,87.58326,1619.4226,55.2129,1954.3115,120.826065,2531.8364,287.0822,2760.4045,146.1166,2619.4526,551.46564,3084.6284,608.7973,3175.1443,442.49103
08311,2609.415,135.49701,2551.1667,149.7904,2323.099,141.05159,2553.6006,152.41396,2841.1646,184.08081,3190.0793,232.75876,3695.4673,329.23782,3636.515,344.588,3652.765,341.95776,4124.8604,396.31332,4464.257,338.0597,4714.7964,360.94803,4838.4097,288.32193,5632.082,352.35205,5989.18,483.2155,5767.9873,439.90546,5383.5767,241.16458,4691.641,20.703894,5598.4927,235.8055
08315,1432.6202,88.88297,1392.0753,45.19416,1438.505,88.99211,1488.1694,135.60394,1381.8273,47.32714,1350.3148,50.583477,1321.7637,2.524071,1417.4219,14.520395,1581.2286,26.099417,1682.1348,86.48403,1878.8721,99.77415,1879.0175,201.80104,1803.5935,163.33095,2430.6338,86.58693,2843.1455,157.97697,3089.0603,175.09961,3321.7322,82.87739,3877.7205,494.23596,2931.839,209.35394
08316,2125.6946,71.43849,2233.2139,79.57059,2109.3396,132.67207,2083.7898,2.8739946,2140.649,193.82385,2330.1392,258.6675,2601.2483,476.5834,2825.8552,422.0488,2804.402,226.36292,3082.4263,332.04984,3355.6045,233.54489,3379.221,228.96431,4009.5852,484.0588,4062.329,210.52568,4689.463,210.94946,4715.911,205.23845,4720.332,239.70287,4961.0537,198.08447,4887.9517,226.57277
08317,1593.5677,8.290068,1528.3096,19.702444,1451.2786,7.081667,1502.9158,99.16999,1472.9962,77.58432,1528.0404,32.20752,1568.5918,57.011,1601.5101,0.3710529,2139.314,30.524296,2033.2227,181.64491,2198.2188,84.30891,2398.5615,133.48372,1901.4564,92.14422,2057.5144,163.96548,3122.925,185.29588,3212.6108,230.20361,3331.5051,235.30035,3176.728,303.18234,3092.737,49.181057
08325,1227.7789,64.86529,1330.0724,98.45731,1411.1543,2.5484877,1429.4464,77.72342,1167.3867,0.47387788,1264.8931,10.819268,1314.664,20.0678,1464.8221,370.77194,1229.3378,104.340385,1364.4303,13.971015,1491.7865,224.74939,1494.8518,109.42369,1776.0803,154.20554,1903.4586,78.204,2373.915,200.21346,2159.8914,64.53647,2565.8518,21.806873,2534.5754,9.959242,2206.9026,41.55509
08326,1628.1516,73.09783,1649.6588,43.298637,1404.9186,39.700565,1612.5154,102.44438,1717.5142,95.57708,1384.1191,101.45437,1476.1917,54.428837,1817.449,35.38827,1663.5748,59.083588,1714.7795,26.801466,1568.8883,158.19963,1843.2709,84.66867,2652.7615,273.27203,3712.969,92.889336,3665.4194,96.37665,3565.7327,236.58197,3443.765,443.97354,3515.7778,31.336775,2918.7446,89.15879
08327,976.9316,124.91202,1080.3357,98.77747,1010.1624,29.728397,949.4407,12.772811,1758.1653,715.17694,1249.9161,65.24338,841.97076,205.03346,968.9988,31.525402,1130.2223,280.03906,1186.9839,177.46272,1151.9983,73.96823,1739.5935,78.403046,2082.351,312.68317,1469.1694,68.17494,2442.825,153.73952,2110.981,282.05154,2935.993,132.14717,2533.8716,406.40082,2878.068,73.7823
08335,1910.4303,130.89566,1768.9216,102.669174,1496.4904,47.656548,1736.7113,163.1069,1669.717,174.63336,1936.4966,65.598656,1704.7727,33.760357,1837.6703,104.882675,1982.1456,53.704853,2326.6335,150.16426,2788.316,228.49168,3323.1548,696.14813,3278.049,599.29706,3228.735,1238.4001,3280.5437,355.5118,3953.8892,334.50656,3596.4473,190.12682,3423.3743,100.0071,3405.9326,104.39228
08336,1843.0248,94.470406,1890.8674,117.09747,1782.389,44.445843,1678.3481,18.26396,1756.1141,71.0614,2019.2188,130.53758,2045.4344,62.92111,2083.412,78.873,2666.9614,164.60738,2851.422,243.5556,2316.0645,28.706957,2656.0674,116.73522,3169.725,145.44554,3137.7556,296.71735,3855.4854,356.53812,3832.0554,167.72409,3720.7053,101.11711,3305.9656,305.15753,3108.53,144.54832
08337,1486.2924,72.881,1462.9843,39.5089,1408.559,55.70885,1443.5863,110.92769,1339.2164,12.207517,1818.8198,74.22684,1754.5371,57.063377,1795.6587,57.47835,1782.0033,69.48679,1761.4832,65.354225,1975.0192,24.056774,2188.9062,45.36234,2553.37,65.349594,2776.8076,18.114138,2947.849,291.99756,3118.4163,194.34377,3323.2537,22.383106,3115.5435,42.72648,2787.9329,522.57495
08415,1865.2344,120.31404,1953.5433,90.04968,1715.4058,3.750221,1842.203,15.173356,1667.1669,65.79062,1736.731,63.718884,1682.1915,175.6848,1687.9725,145.24721,2056.2195,36.875534,2583.1482,24.074682,2755.0623,318.52603,2936.7546,327.58176,3466.0796,230.61453,3852.313,528.11194,4196.338,433.18054,4135.2896,117.658875,4199.7188,44.786953,3478.4832,39.589256,3245.4583,101.50249
08416,2174.9531,82.853,2313.7358,121.81751,2169.6555,63.551643,2331.985,141.63696,2018.9258,16.398657,2056.8474,151.23007,2139.9797,139.01645,2324.2842,56.653652,2199.0234,42.694946,2401.542,135.73688,2754.9805,156.72307,3007.1099,39.295746,3060.0864,314.57562,3668.672,538.71185,3883.173,532.2775,4538.947,22.120543,4392.6426,16.233854,3806.1536,128.36131,3772.7397,2.6489215
08417,1519.4811,21.107933,1604.3258,99.850296,1415.9534,87.49074,1384.4741,7.6569014,1277.0594,72.449455,1233.0453,2.7367187,973.08417,121.83405,939.12115,103.196915,1255.3267,6.3827653,1334.7825,22.594618,1342.5641,61.50569,1950.2612,246.37082,2211.4607,139.9227,2226.2,3.1263428,2090.3108,9.941376,2538.1692,10.74922,3172.9136,202.46394,2790.6055,252.00444,2574.5989,80.51264
08421,2072.6367,47.96213,2105.7117,49.760967,2163.2114,12.115586,2172.992,52.158707,2314.193,37.154053,2565.2246,119.63826,2708.4963,168.67047,2938.116,42.363914,3345.8254,45.713215,3971.3345,42.13648,3910.8457,9.973556,3852.5208,41.74508,4152.779,44.464108,4135.7256,67.89895,4788.751,58.63831,5128.3823,279.40323,4225.261,84.02965,4670.0933,38.192665,4632.5464,77.96227
08425,1927.0348,35.1621,1874.6667,82.418106,1691.8978,48.088745,1674.8691,87.75637,1763.9014,1.6270341,1959.0845,18.050884,1836.1006,70.9591,1952.6134,38.49583,1982.3822,73.08942,2091.6528,85.09729,2246.4348,21.727047,2538.3628,161.33977,3026.871,320.18152,2828.7979,252.25789,3734.4482,302.76273,3366.6719,245.0482,3330.6152,179.06958,3165.3105,57.892395,3347.9644,194.76466
08426,1459.4121,20.164545,1381.3263,154.71095,1331.0352,98.43775,1450.3678,122.1907,1665.8998,95.74209,1555.281,75.79866,1767.208,310.87616,1588.7167,198.87294,1849.735,70.70803,1718.3539,120.650154,2035.4238,47.11893,2305.6667,27.642168,1840.4039,162.78654,2392.828,346.58472,2833.7825,272.50314,3002.8057,8.6908245,2870.4634,318.44925,3137.297,214.39174,3206.6626,419.4481
08435,1853.263,44.975307,2126.876,31.941223,1809.0256,52.214073,2138.3909,12.863451,1886.0576,21.497929,2034.1737,38.273216,2253.5972,67.356094,2651.2827,74.6152,2596.1296,72.47972,2776.445,65.89739,2961.3005,181.8278,3311.7368,124.76722,3882.325,6.6481123,4064.152,235.77507,4050.5818,211.28067,4659.6196,139.27547,4216.3296,36.23589,4258.3647,67.40691,4305.8154,349.29993
08436,1615.0012,45.204197,1529.8699,37.003887,1264.9094,5.489383,1674.5981,12.21371,1436.3182,54.66402,1625.259,91.61812,1451.3002,13.64867,1456.7898,21.656687,1903.4131,18.95445,2025.4579,12.122114,2488.9424,39.7006,2754.1306,128.53186,2933.8599,139.90489,3400.5342,170.2039,3256.6255,15.276024,3157.618,81.5531,3121.9402,342.1411,3278.5002,37.80873,3015.9087,175.45274
08437,1224.8208,30.31337,1212.853,47.864468,1190.3629,29.614908,1437.8833,21.887238,1511.734,31.449282,1507.4365,73.6434,1304.0869,0.8441449,1285.8209,41.113804,1270.2528,50.55149,1559.4614,165.0398,1832.3699,199.56644,1821.3516,67.802605,2187.4443,175.35428,2363.1914,6.7775483,2637.8887,225.23166,3209.6594,336.0091,2724.4092,131.17868,3299.4875,67.58526,2800.5674,86.00005
09161,2106.8748,64.99167,2307.1035,19.96493,2219.2288,82.14947,2349.5227,63.838985,2515.0034,75.85245,2909.2605,14.821607,3107.0303,7.316381,3407.1118,32.427578,3637.385,24.101124,4072.7214,48.12593,4501.6206,40.59757,4600.083,53.291126,4803.749,121.25692,4985.036,0.16772279,5286.608,73.03098,5380.3853,184.93684,5205.533,35.420135,4943.7407,160.76744,4815.8022,57.976128
09162,4005.655,111.54436,4127.3955,80.37934,4413.6963,10.405033,4769.7554,6.9734282,5377.1006,64.2754,6222.8687,82.636345,7017.1587,40.50002,7215.6934,217.5237,7657.012,360.7082,8963.167,54.469955,10007.325,195.56993,11214.939,128.14691,11765.091,46.717537,12841.603,110.015175,14209.863,205.86835,14183.128,471.35852,12935.14,175.87108,12632.887,138.61858,13177.084,203.46454
09163,2147.0947,7.40298,2163.1628,14.480365,2190.078,34.585346,2073.2466,4.963414,2074.1003,23.810457,2462.1086,0.6108429,2656.2122,24.322046,3043.992,34.716377,3414.997,32.21057,3773.3245,57.340004,4083.5186,72.33037,4412.5684,122.807144,4673.6724,9.166532,5415.936,60.910862,6335.695,5.8876147,6302.3506,32.817127,5579.9043,18.258572,5442.6914,102.47144,5655.9316,79.20745
09171,1780.1174,31.015682,1584.3752,23.955965,1533.1907,9.043097,1441.8412,2.5599535,1374.388,4.439039,1479.0122,56.66864,1608.5771,82.60703,1581.9956,157.4226,1774.4053,61.668137,1991.2367,0.27555457,2695.3926,35.28914,2525.774,127.288216,2731.4773,18.842865,2979.7402,159.60736,3260.1443,20.775885,3492.9456,179.20428,3672.5933,44.012283,3374.2146,166.22887,3253.3035,131.95917
09172,2135.311,240.17789,2144.0674,44.61838,1974.816,9.736711,2135.2322,58.59434,2189.1445,21.3828,2262.6118,60.460598,2432.4136,90.16597,2323.3591,201.6695,2493.7908,52.691074,2737.3105,77.72767,2952.8052,231.67111,3264.115,139.22781,3620.5,116.29266,4233.1597,45.769554,4285.2554,53.23275,4564.1313,382.9537,4493.334,20.0276,4454.562,176.55193,4984.358,391.65918
09173,2543.7222,138.08311,2386.7166,17.325747,2288.663,349.92133,2183.2722,99.28949,2400.469,53.604343,2302.1997,71.52916,2386.7495,327.70514,2514.9912,6.1470504,2984.2112,105.651794,3489.2212,774.3686,4074.0168,234.83289,4221.8477,498.15097,4600.268,124.67326,5393.9727,376.9035,7040.9253,151.18849,7458.135,284.6854,6442.001,524.42474,5599.5337,33.827534,6220.1465,36.262547
09174,2129.4277,61.814632,2089.3772,143.45811,1932.8202,81.93211,2052.0662,7.5025845,2070.0535,69.596825,2126.8003,93.171684,2161.054,56.639076,2365.309,118.20868,2467.6133,68.32863,2874.7612,9.395587,3456.753,121.32293,3794.2458,427.94427,3655.225,249.60225,4117.9927,293.62338,4516.4497,502.06436,4860.7544,220.22682,4198.657,163.96794,4512.3057,210.04463,4087.6882,1.9900438
09175,2790.5012,65.898994,2684.7937,86.57182,2481.0525,13.665174,2768.606,140.69162,2945.7874,111.84349,2920.5037,35.474144,3117.5955,68.569954,3496.5024,28.867477,4535.959,58.857925,4570.0684,43.684765,4821.427,9.563031,5392.873,134.28986,5590.646,82.96268,6502.281,84.07754,7268.7954,441.34546,7747.8945,154.3484,7715.8076,212.76143,6997.0015,152.48604,6797.1597,246.18391
09176,1521.0878,60.999386,1520.3052,82.57194,1374.6487,33.32929,1408.3114,57.02226,1637.8442,104.82065,1400.6586,89.72728,1544.6692,180.22644,1366.279,199.54007,1588.6671,237.67548,1858.5781,219.5664,2153.9553,328.23944,2411.138,138.55379,2674.8213,71.91432,2535.7158,44.536404,2791.4773,31.348381,3345.163,45.468636,2982.1492,137.45656,2938.9932,67.59701,3637.4878,645.1751
09177,2235.8828,206.14917,2216.4158,16.69199,2822.4202,190.38075,2231.64,210.95508,3194.7244,71.20284,2640.54,276.8957,2597.904,694.4293,3227.0303,233.9533,3546.6682,46.94695,3047.5503,265.93204,3652.1975,983.8255,4060.8596,580.16614,4965.2305,89.61665,4830.8247,27.549572,6162.874,165.55867,6179.894,392.6402,5962.401,63.85623,5266.322,942.5801,5536.8174,493.26477
09178,1850.4365,116.726585,1827.3838,57.357456,1759.8083,6.1489816,1725.0343,1.4637911,1727.3364,61.671036,1916.5005,83.52555,2080.8728,102.06476,1874.4064,205.78482,2261.9768,23.39041,2698.1965,118.23345,2857.6199,149.40869,3134.6548,1.390183,3261.164,75.89928,3971.0916,320.11392,4706.5366,476.13657,4919.7246,595.21796,4196.6226,89.804695,3996.4124,74.61933,4098.1973,86.37854
09179,2583.178,221.34862,2407.7231,204.10393,2482.717,419.94672,2544.2424,411.5528,2677.9226,194.9179,3189.816,583.1293,3535.4875,463.6459,4022.5542,118.69803,4080.106,256.12796,4462.036,305.79532,4990.263,358.42987,4444.8076,637.2043,5471.412,599.09796,5478.0513,509.43896,6698.327,607.79144,7543.9673,189.04074,6535.9146,423.30264,6161.512,243.64192,6076.481,205.54558
09180,2355.3025,92.498024,2277.591,49.079197,2172.9336,51.48632,2266.1104,41.065083,2355.7117,174.68556,2641.5076,147.76236,2675.0464,139.83401,2875.7622,229.16756,2817.8865,90.333374,3197.167,13.800926,3664.9192,30.312592,3670.2202,156.53464,3905.5115,267.22928,5183.7773,319.34195,5631.9688,89.920204,6291.9995,19.909565,5822.9717,654.44727,5393.7104,497.56595,5913.3228,446.44672
09181,1542.561,71.58204,1535.11,31.81004,1435.0646,38.299557,1507.9703,98.99953,1529.4,31.789236,1533.5491,95.1584,1775.9487,141.93497,1717.141,55.71082,1801.8251,8.251177,2152.8118,93.81856,2485.4736,41.323742,2611.9312,104.697395,2905.3364,279.01062,3301.2974,231.31442,3422.6245,202.24954,3956.4712,49.50921,3858.7844,141.68082,3760.6636,70.89171,3702.548,201.96594
09182,3079.9036,8.763185,2915.1768,135.54425,2660.2954,111.7354,3625.5483,801.11163,3149.6318,298.3641,3810.6394,315.03885,4641.544,526.2021,5597.27,890.91473,5979.7383,1198.0797,6134.4976,988.3618,6746.567,301.16223,8529.224,378.2372,8696.607,1369.0837,8894.615,578.45166,12010.3545,1006.0651,11265.403,391.4577,10612.8955,821.309,10432.392,578.40015,11152.9795,433.31232
09183,1610.4215,223.89119,1562.7677,86.60782,1464.0115,47.84059,1080.7003,172.91281,1297.2087,62.234722,1468.4991,41.528847,1733.3761,68.52248,1714.1897,195.35623,1979.6766,100.89717,2318.8894,120.24276,2487.5942,162.14105,2707.0176,322.47607,3125.903,369.06815,3540.0403,96.830505,4129.3257,21.411488,4218.92,235.83969,3975.6655,28.627531,3582.5369,101.308525,4109.317,302.7578
09184,2753.383,294.03198,2804.163,236.25288,2765.4707,446.07297,3127.9814,94.85812,3419.9622,147.8645,3622.0137,368.6349,3774.8318,210.17543,3730.004,33.00065,4849.0493,738.9037,5298.1484,757.9821,5140.7583,138.5168,5589.8477,19.809914,5704.5,533.77814,6443.526,20.7471,7881.2197,187.61859,7915.465,239.01411,7453.8345,31.190859,6619.706,329.33594,6993.742,142.25436
09185,1748.9421,4.368856,1730.8247,9.070668,1683.8893,49.511745,1844.2094,28.685913,1887.2241,30.340921,2006.1007,166.88342,2110.5205,141.0433,2242.5454,120.01532,2360.0422,58.083794,2573.296,178.5335,2957.3638,17.476467,2846.003,333.155,3107.0935,140.24254,3681.8625,65.101135,4025.736,320.856,4535.325,39.842514,4157.4243,80.924866,3827.897,45.933846,3783.6487,31.809683
09186,2168.3298,44.475906,2027.0952,202.12413,1785.0571,265.12506,1768.2162,126.23545,1945.9208,267.65964,1892.372,460.75552,2118.1,313.20996,2476.5498,209.89789,2980.1104,445.60123,3384.084,437.6713,3513.4702,355.9458,3622.8967,496.37253,3724.6306,359.3427,3679.2566,274.0878,4201.7837,302.5772,4539.3164,282.7407,4830.5317,203.4963,4199.6606,113.60736,4045.1099,581.26044
09187,2335.0999,98.28135,2213.4514,29.72903,2251.8853,3.6228495,2190.8293,65.49428,2357.2192,53.894485,2278.3472,16.49311,2693.5337,253.7128,2699.053,69.37794,2819.2898,243.55196,2848.0251,53.230022,3731.5874,283.91544,3735.694,21.836578,3773.1519,271.12958,3973.383,69.28896,4220.109,444.17517,5621.4473,11.356186,4887.433,112.67549,4457.806,151.16975,4811.944,233.9497
09188,4338.1807,207.80928,4082.0771,74.03214,3504.296,30.294704,3907.1763,423.5171,4561.8193,243.74048,4189.702,17.40404,4796.226,556.60706,4820.767,197.37204,5711.24,290.42523,6644.9927,316.60306,6667.6167,418.82486,6404.921,780.08203,7914.3604,405.42056,8556.178,63.898914,11919.0625,200.15797,10428.2705,1248.8506,11162.887,477.03033,9853.756,376.1511,8429.967,62.112698
09189,1862.2448,0.9980301,1951.7905,82.63707,1821.9203,118.328995,1726.5017,44.74684,1744.5105,56.839985,2092.5623,185.23364,2068.1084,93.22976,2063.6667,18.258347,2241.996,9.287148,2342.905,129.44972,2701.9639,2.9229329,2729.485,87.77634,3064.6611,63.48114,3443.3425,102.532104,4135.8804,46.71862,4652.5845,84.14195,4186.7036,250.13293,4068.002,56.8531,3699.208,195.89731
09190,3439.0042,462.65128,3645.5393,296.85767,3786.1091,812.04596,4929.6704,1528.2174,4497.0815,620.3684,4209.3047,838.0527,4656.845,551.8371,6093.3916,589.10645,5685.028,51.959976,7064.9634,958.2734,6103.0215,799.21704,6280.1206,1418.3401,10084.267,1449.3392,9594.536,2661.842,8821.788,1394.3495,10026.248,942.1504,8310.554,205.26018,7018.4194,534.1992,7599.0234,1683.1858
09261,2169.2993,88.37288,2059.6675,2.451536,2060.3813,32.47051,2125.6401,17.558676,2147.483,67.66301,2426.3022,65.862236,2761.3157,23.708523,2896.0159,26.889978,3346.9407,11.881826,4088.3826,29.492458,4205.6187,31.673779,4416.127,9.5502615,4443.6245,39.935776,4748.6235,6.109242,5270.315,32.86474,5384.3564,4.8275366,5360.5576,100.80879,4905.1074,63.780117,5110.966,70.02631
09262,1496.8328,9.381496,1437.2429,23.401163,1357.4347,8.618889,1354.952,6.8386087,1443.3484,47.474586,1768.5693,246.05733,1903.4343,28.727571,1725.8107,37.425034,1998.5043,21.254229,2592.1638,95.10568,2569.8926,98.994675,2948.9702,133.53561,3418.2344,152.42146,3890.3376,72.06597,4124.95,138.36334,4116.1714,231.01866,3453.0103,18.43578,3804.728,1.8336418,3853.5708,146.4965
09263,1377.5665,7.125366,1482.0837,7.908229,1497.7737,4.729711,1498.8458,24.61077,1526.238,43.03831,1562.5112,64.3458,1705.3998,33.573242,2091.1414,67.17751,2661.1416,37.297318,2474.8462,42.08057,2654.3423,23.580873,3112.5652,39.008938,3387.5762,81.13908,3344.982,18.316187,3673.6218,104.219,3834.0588,67.23206,3410.4512,28.073614,3682.3965,15.551434,3708.4326,68.83494
09271,1319.3799,63.575943,1454.6759,11.923501,1322.2245,61.597923,1416.3805,27.934628,1380.4678,11.408345,1382.6312,46.38842,1561.5404,16.098215,1546.0452,41.226566,1840.4287,235.58226,1968.9243,113.324684,1990.2966,232.27745,2301.559,467.48508,2605.4912,475.67224,2914.4536,32.643486,2618.293,279.54977,3119.9622,318.31125,3115.4214,143.01137,3146.0718,6.969714,3119.5647,386.2362
09272,1017.41046,48.66874,981.9927,121.31338,921.86456,107.78551,955.94977,36.634335,1050.2634,50.63763,1000.25934,25.852322,993.9441,4.2621813,970.9814,40.798298,982.3258,82.80263,1116.6901,33.23465,1214.0402,84.67656,1330.1732,194.65744,1592.988,196.58345,1721.2418,257.9042,2069.3308,86.16599,1973.1771,14.99563,1654.3641,14.150605,1951.7769,175.15692,2155.5999,79.784386
09273,1383.5985,91.78045,1342.95,59.29374,1222.2465,88.8732,1229.4541,62.480854,1326.9784,113.84359,1346.9679,4.405546,1387.4792,24.862862,1914.1533,315.68323,1926.7922,278.5388,2001.6263,212.19054,1884.1493,61.55279,2076.2993,165.17618,3012.71,335.50635,3027.8357,16.934202,2965.9395,209.09685,3296.3386,155.50932,3144.9275,96.68049,3052.2456,38.174816,3052.4626,103.372
09274,1605.1271,104.457184,1875.6449,4.507194,1652.2898,266.5945,1528.8073,148.01399,1342.1244,46.63059,1611.1301,175.53114,1614.6476,134.23148,1713.2063,73.986534,1658.4989,104.94609,1461.1213,154.07124,1900.8446,190.29494,2378.8904,95.10328,3044.4902,14.957498,3569.4495,281.826,3428.1836,477.06366,4613.9453,1209.3662,4037.634,273.80524,4320.837,535.1485,3347.4727,482.1436
09275,1239.8906,109.72462,1176.4841,178.76352,1118.6295,108.90988,1130.2511,144.66547,1119.3347,50.218403,1231.9622,10.724525,1278.7002,2.8090782,1328.4564,14.280336,1590.9054,121.93047,1733.2357,202.51668,1803.8826,62.88129,1907.6577,270.9741,2132.4758,98.95676,2450.3757,146.10905,2873.4065,203.47955,3374.422,344.1742,2606.4167,139.97928,2707.478,147.83936,2741.4863,61.668816
09276,1163.3894,22.664541,1136.894,90.92337,994.9206,35.794594,1066.7019,13.501598,1198.2382,111.36536,1180.3694,29.702831,1086.5387,1.6575509,1139.7773,9.58808,1156.522,125.919716,1203.8824,34.940758,1172.1063,88.69769,1324.152,69.47111,1525.2808,215.72316,1700.5074,145.79195,1691.2421,47.13991,2282.4043,93.59388,2402.2717,210.32875,2250.9778,0.7745776,2315.166,82.876434
09277,1260.6962,79.49165,1116.753,26.779089,1241.4927,200.6246,1223.8186,11.819826,1103.5015,136.5685,1081.4381,187.92587,1336.4902,61.483204,1405.5132,52.838505,1649.4932,3.7588565,1588.5211,58.288116,1697.0873,214.91672,1628.7876,81.9657,1721.3713,131.69604,2022.5846,158.03604,2443.5686,206.24768,3179.414,107.49912,2802.846,69.155525,2514.49,189.84802,2753.7854,219.29897
09278,1308.9404,30.605886,1504.6925,11.573078,1387.0238,64.30358,1393.4132,41.179688,1428.0144,95.86559,1511.9653,24.43483,1606.9358,33.353725,2227.0374,22.667461,2692.1567,730.10474,2125.5845,70.22026,2279.6785,102.13225,2962.4932,454.07056,2633.9417,158.48718,2490.724,20.329802,3088.2742,149.25705,3073.99,60.778885,3366.3877,63.42138,3432.747,95.27821,3298.5022,191.65648
09279,1642.2107,35.984573,1475.6311,50.029316,1374.7872,46.68654,1612.3525,36.646942,1578.9171,34.918243,1419.2736,167.50511,1608.1633,38.362785,1754.7004,6.2426744,1884.244,189.42537,1922.2972,250.8185,2100.3296,96.272545,2017.8334,220.99974,2592.6458,98.14654,2420.6423,141.91531,3091.4802,231.63644,3801.8105,5.411306,3601.1223,107.103096,3441.4375,76.13678,3349.7927,23.795227
09361,1656.784,1.9039927,1574.5348,18.077852,1489.279,21.660442,1612.0725,47.773716,1548.4235,35.910175,1451.028,23.366255,1516.7998,49.345856,1776.5981,8.932684,1899.1923,35.66428,2026.7821,22.520994,2082.7063,44.64848,2218.8235,12.296256,2638.04,22.43566,3046.2852,46.99016,3032.0317,83.51199,3825.5056,48.088642,3459.2002,14.096524,2931.8684,49.563747,3042.6895,72.59297
09362,2166.987,99.16568,2269.5596,94.192825,2377.191,72.86507,2447.9038,40.58174,2703.3137,31.99334,3165.613,28.573336,3502.4446,96.70826,3772.0173,83.118385,3517.675,215.52858,3883.1082,130.06398,4506.586,38.57166,4438.412,95.11447,4788.669,43.677593,5262.63,182.20299,5613.2285,295.6377,5895.6323,197.44936,5825.851,313.67563,5683.7524,126.91995,5919.834,70.361946
09363,1546.71,5.3755546,1589.5428,0.20201774,1272.4813,31.654583,1326.3418,19.826336,1712.4774,57.013252,1724.0837,15.5220175,1489.2666,65.21496,1505.8871,124.21145,1619.5623,46.938683,1790.9073,64.66279,1825.8945,51.670673,1834.1028,5.075668,2574.5415,195.00522,2275.3054,4.747026,2540.24,65.16246,2817.7239,6.2997828,2398.6162,18.728495,2853.7083,14.016678,2901.8455,42.376324
09371,1653.8691,78.26112,1528.746,98.89638,1552.97,289.161,1905.0781,70.440056,1350.548,132.56212,1324.1648,26.702715,1472.5399,198.80782,1542.5183,81.530655,1573.1484,205.19562,1509.4757,149.87738,1292.2263,171.31413,1472.3937,6.949981,2088.7292,225.65195,2596.009,37.686085,3143.1453,546.33624,2793.8035,337.40326,2685.5378,197.6634,2690.312,432.04053,2497.0542,375.34042
09372,1183.461,130.47664,1154.4199,54.47698,1074.7919,59.89676,1033.6196,256.808,1117.2897,291.3536,1151.3308,282.0508,1247.4977,28.511145,998.4639,42.613735,1155.6655,43.34902,1319.2683,11.108402,1343.7032,57.49112,1666.7415,25.61624,1747.4181,47.41815,2143.9028,223.67029,1817.3135,106.691376,2293.0466,307.8179,2094.3325,61.264175,2364.6387,68.63959,2334.7136,280.6717
09373,1466.5367,16.962198,1370.2936,21.095741,1402.7728,7.1807795,1404.568,99.383125,1379.4598,44.646553,1391.9949,152.42458,1456.4342,145.881,1496.8076,235.23895,1847.4056,36.67139,2255.2598,10.4473915,2160.027,8.971725,2364.9429,233.0469,3210.2898,412.22476,3125.6885,257.24222,3768.0146,382.6233,3532.5063,70.74132,3266.0508,96.29622,3331.6045,11.865813,2910.7168,84.79812
09374,1213.579,63.132725,1274.1986,109.670906,1108.4833,62.529995,1106.242,45.05273,1186.2623,162.41676,1265.178,144.59737,1315.1582,71.26399,1516.7612,8.12306,1671.4178,188.95796,1542.8888,149.96786,1276.4081,223.9171,1540.4281,187.29338,1503.9829,471.86816,2100.2786,56.891773,2035.9061,18.893953,3275.3245,355.4276,2535.5068,164.57526,2330.4746,122.95895,2662.3157,54.793667
09375,1571.3545,110.77866,1549.9249,59.680134,1153.3375,118.89826,1542.4829,78.67064,1887.4679,172.28143,1512.7601,122.770615,1616.599,237.77173,1855.7488,115.319115,1927.8589,108.24286,2300.7837,0.9472852,2503.1257,174.28882,2715.5369,91.192375,3190.3562,433.87933,3061.0647,375.8012,3383.975,77.151375,4022.4426,300.87213,3435.6108,302.0526,2729.3486,392.59055,3006.5862,149.64633
09376,1197.8231,49.256683,1200.9688,159.72337,1033.036,243.23784,944.1651,118.47566,1009.63995,28.530228,1039.9949,176.86407,1209.5244,6.0427604,1549.4307,382.5465,1533.687,198.45833,1689.3607,124.73749,1655.9166,210.39268,1635.9352,82.86024,2137.0518,139.97635,2378.0867,44.332157,3060.674,414.9554,3456.024,61.435524,2561.9827,12.891866,2878.599,78.181076,2886.8176,36.98084
09377,981.7504,80.92518,1227.4326,168.968,1025.1193,141.2262,1087.9528,181.0853,926.5527,13.182723,741.03436,64.56506,771.4591,319.04178,992.6111,207.5313,718.37054,29.484306,877.4873,113.14711,972.29974,234.17496,885.2523,109.03195,1086.4823,332.04907,851.8218,93.44206,1552.9863,296.6679,1863.898,28.641962,1880.3439,72.22878,1381.2855,80.324066,2139.3386,200.15271
09461,1968.503,45.69514,1827.6285,21.073029,1874.9324,16.610493,2027.2998,14.219902,2088.6753,4.626849,2261.6643,69.708565,2641.7522,101.17521,2759.6858,20.188593,2875.076,41.977203,3320.4915,165.43785,3072.1006,129.35188,3296.8767,100.79292,4086.0212,7.3064427,4212.139,126.48777,4281.101,67.04025,4102.514,90.55539,5083.106,176.67125,4277.2554,14.554056,3794.4404,99.5654
09462,1575.4346,7.94904,1640.559,29.180256,1428.6216,14.342815,1617.4651,18.956566,1678.4534,13.157628,1887.2145,56.87598,2263.0122,33.713196,2291.979,32.931244,2373.5703,59.370472,2585.1157,46.939926,2660.6938,73.561005,2708.0037,11.997876,3416.0261,58.091446,3414.2966,11.391152,4180.2275,18.171175,4239.3525,70.92608,4316.8374,312.48886,4095.9802,23.280727,3863.4595,78.09546
09463,1478.5887,0.16223826,1400.6688,8.219267,1287.9526,4.1359468,1407.6313,29.646397,1554.6292,64.81467,1741.6207,48.742012,1742.309,87.52893,2092.3574,0.95726377,2019.1646,82.85275,2096.749,34.954464,2660.7275,21.398079,2355.64,37.93035,2492.7507,2.3548987,2266.952,15.512393,2798.8828,141.74567,2861.8042,31.383854,2860.3457,40.36533,2780.5842,27.985538,2699.6924,2.491969
09464,1129.9867,172.66148,1057.1405,116.731895,1045.2485,143.3032,1109.5068,140.97844,980.4066,10.004221,911.6483,1.9047574,940.8533,37.79731,841.30664,11.490598,990.5476,2.7218757,1049.812,7.8967347,1158.2256,8.614289,1575.9705,76.173,1786.7688,55.75345,1906.5369,42.83943,1621.7966,14.222245,1711.6111,19.32777,1705.6328,31.038712,2196.2368,29.04843,2216.4375,8.016885
09471,1763.2021,109.10255,1822.0847,115.57095,1631.5637,68.91864,1372.7322,83.18915,1733.0077,28.08283,1780.4136,119.217964,1639.8916,41.526905,1451.35,44.734486,1496.268,31.478935,1476.9258,255.08905,2070.495,159.65967,2207.3352,32.29813,1911.6838,486.9837,2434.0232,407.7357,2881.7073,51.780067,3566.5193,25.961163,3436.238,57.651314,3015.8345,224.37003,3643.5408,231.3763
09472,1260.2911,176.3314,1400.257,98.28544,1376.4934,258.20993,1356.8021,60.452324,1478.4594,133.89381,1374.1199,18.956154,1373.5278,74.07074,1375.1736,154.76509,1410.5616,29.873425,1359.7196,244.28122,1510.1887,102.26344,1388.3595,404.44006,1856.3942,201.43924,1811.0907,70.41741,2712.0662,113.27819,3026.0896,34.724854,2675.7834,104.51754,2341.1653,237.00688,2388.7363,103.975365
09473,1441.4226,14.77323,1580.7789,52.486465,1248.415,95.041084,1151.8309,99.44483,1440.8215,32.88798,1607.2308,166.44112,1614.5377,94.201614,2239.1433,612.67224,2078.8792,270.271,1735.8004,139.19966,2296.1602,634.0663,1693.1323,339.53326,1789.8242,121.78213,2242.4316,65.49956,2039.3179,44.495304,2169.6013,378.32004,2618.0322,247.37094,2461.7656,142.53708,2276.7844,55.27166
09474,1763.8048,165.12813,1654.9023,134.12862,1715.0244,97.71468,1463.707,415.6508,1606.8406,292.45493,1562.7206,207.48946,1295.3777,105.796074,1662.0377,557.8036,1463.7361,190.00294,1434.6705,357.63547,1844.1453,241.62044,1986.8362,130.6582,3334.2502,1500.6906,1870.7876,91.3579,1854.8247,96.22169,3237.6987,763.33264,3404.8276,417.49182,3631.6865,985.52026,3511.1934,248.35394
09475,1415.6211,28.92419,1158.7236,89.29384,934.4772,83.586494,900.7906,73.93697,747.0688,51.787434,867.0957,22.468805,890.8734,120.64587,841.71356,68.583305,892.6111,54.985077,1162.9904,59.94148,1207.5565,146.6752,1011.9007,7.9649515,960.26447,276.68216,978.37427,102.49856,1407.5468,136.68297,2015.3372,0.80101377,1963.975,321.48343,1720.2465,573.5818,1756.2769,420.14255
09476,1273.5884,172.33253,1395.8773,96.1403,1200.4161,66.47334,1329.797,29.627369,1264.5175,82.205864,1109.2196,49.799213,1030.1213,117.354576,1073.756,16.564701,979.24316,91.66832,906.5874,3.4376187,970.7017,44.949276,1093.7847,33.960117,995.0551,5.998574,1369.6381,186.84532,1480.8208,240.09222,1575.9026,38.075138,1647.331,37.63838,1786.3824,241.21208,1792.8855,27.25166
09477,1283.2246,157.92201,1314.3053,106.479095,1058.822,67.1416,1240.3823,100.085976,1085.3379,2.3179083,895.08057,31.087896,923.47797,17.685387,781.6458,239.62894,1183.774,71.82318,1322.0132,174.92343,1284.8992,70.88709,1421.7764,127.97677,1324.0032,5.0550237,2036.9646,244.25365,2054.89,75.09079,2053.6392,65.39466,2489.861,80.58907,2306.5283,143.3178,2475.1033,7.3633757
09478,1329.2261,33.12589,1451.2234,81.9403,1207.5638,60.6601,1257.4587,11.449966,1162.898,4.7776065,1229.068,37.61138,1132.7817,38.825954,999.95966,19.584522,1112.7906,24.505062,1188.3505,88.03274,1270.2661,2.922596,1007.1431,213.52644,1028.2247,81.50122,1640.3846,34.321846,1721.6146,2.6327498,1870.0593,210.34378,2094.129,124.703445,1941.0398,41.088425,2552.5173,215.81223
09479,1345.8948,18.702076,1048.2134,21.029617,904.4596,6.9366198,840.79724,21.091816,887.9057,0.4176354,872.5735,75.39799,812.94244,119.50953,851.6121,55.15264,1240.8398,76.77336,1354.498,193.56593,1389.7861,215.39937,789.27234,18.99856,1051.7395,45.33254,1250.3965,153.6409,1500.8071,123.853294,2075.5615,136.05179,1893.7733,10.745914,1670.7233,150.79144,1663.6167,19.24573
09561,1613.6028,21.205116,1649.851,16.647928,1589.2029,16.270584,1320.7606,46.33281,1417.8195,33.524483,1401.4214,18.755268,1619.1873,26.24638,1908.4092,31.419052,2034.2144,15.726958,2212.6863,112.39867,2021.6608,63.089596,2308.7761,91.19517,2451.4507,213.33247,3208.8857,241.74336,3020.8796,319.49286,4173.627,446.881,3277.0525,84.20909,2975.0598,130.42598,3163.5447,173.47797
09562,2196.59,43.232155,2016.6188,82.77094,2026.802,112.767204,2264.37,120.21972,2380.1912,157.99895,2511.7173,22.034323,2743.3425,143.26575,3315.9338,239.90051,3178.9922,82.774445,3475.4358,22.425295,3829.1523,167.14923,4402.9653,226.14996,4750.2407,169.0096,4557.4844,237.32428,5060.386,262.95932,5329.571,96.123505,5356.4736,162.18533,4863.311,71.9349,4917.9287,126.042274
09563,1995.5665,93.458435,1879.3715,59.746918,1838.6609,52.061302,1875.3165,60.45751,1944.9052,122.00037,2048.0017,14.742942,2286.041,70.17365,2779.1816,101.99238,3099.0107,153.78275,2799.887,96.049385,3115.8945,140.69205,3438.9858,79.16105,3711.8975,148.4571,4336.414,64.80411,4555.1104,47.066998,4478.234,143.98502,4215.3945,43.096985,4196.658,104.66219,3922.1199,48.007233
09564,1645.2925,90.09533,1633.4905,51.38309,1497.6403,37.478287,1502.949,46.809895,1619.2628,55.91229,1877.5807,53.277313,2196.8557,72.52151,2180.3977,63.105225,2604.803,230.5655,2753.693,27.97891,3144.9883,102.84511,3485.3057,119.26256,3808.4836,81.80966,4140.8237,15.813928,4599.49,31.294796,5102.661,56.01785,4549.63,67.926,4132.653,72.33429,4319.658,22.364859
09565,1847.4457,93.50088,1714.3245,102.92324,1655.398,78.48105,1682.8169,75.51816,1743.0734,37.805725,1746.628,74.7455,2143.6294,39.806236,2331.1177,7.4698462,2541.0388,80.36803,2958.7134,94.44599,2961.0125,56.146927,3127.855,60.013546,3479.7554,128.17612,3429.2332,86.23559,4071.149,70.584404,4151.653,130.02756,3889.294,20.275908,3676.9534,36.71247,3671.733,0.2680091
09571,1312.4567,132.64621,1281.0642,27.528078,1300.2842,137.50978,1040.2017,64.380905,1364.5336,45.733505,1376.8951,193.23195,1421.9255,144.55882,1256.4739,142.83858,1328.0868,41.17336,1129.9906,80.98723,1195.9061,56.271976,1314.9789,137.49449,1346.3517,48.81476,1356.3849,198.32805,1863.4468,154.63391,2094.8872,247.86478,2670.1492,33.20792,3475.7212,313.01035,2576.8628,95.37483
09572,1645.046,21.293158,1745.7291,65.318794,1558.8926,141.7227,1453.4696,55.54923,1533.3997,176.786,1734.3516,60.248318,2004.4305,53.967102,1832.5547,12.60205,1904.0183,90.825836,2030.1992,65.93127,2399.5203,223.25885,2368.8625,54.596886,2380.9893,92.067924,2777.9915,124.693695,3387.0242,137.9198,3470.0776,80.17112,3711.497,9.865274,3189.6687,79.577446,3147.4238,2.6836238
09573,2019.0422,76.48817,1892.8499,52.939423,1942.1766,20.485622,1691.1962,125.32292,1602.1718,122.07465,1616.8202,135.71169,1765.851,23.361523,1655.8828,91.52814,1701.3162,9.513221,2387.1575,19.675615,2334.634,193.9873,2627.228,315.6161,3437.259,988.6964,2865.8154,671.83276,3071.2852,1273.8608,4270.955,219.58546,4366.2456,313.23764,3815.1738,374.83322,3924.9814,108.91418
09574,1851.8848,4.5444727,1687.1288,38.623753,1582.0073,66.45473,1609.4745,162.09415,1668.8674,17.170227,1604.2407,68.54787,1847.6149,4.4160037,1748.6396,118.75279,1966.0126,141.21754,1977.9159,276.90195,2481.373,249.37735,2429.7043,220.72449,2896.044,45.958992,3585.0337,76.71178,3076.9175,28.96552,3328.5532,51.124344,3543.1255,83.6802,3966.594,111.04968,3887.8594,299.84692
09575,1619.8363,54.551785,1367.7413,10.129382,1350.2483,8.95645,1440.045,240.64944,1500.4071,385.68875,1349.4789,55.98669,1423.3169,66.8902,1384.2593,107.82512,1305.7374,54.371326,1474.339,52.879623,1510.2024,177.99808,1596.3185,73.04626,1660.9133,149.08757,1995.3853,114.9643,1386.363,249.24107,2030.2677,8.862245,2799.69,123.09027,2633.7932,253.10568,2820.325,204.57004
09576,1737.0691,84.95719,1593.0793,27.7178,1659.89,72.547165,1548.142,67.97797,1497.4226,86.46081,1500.4506,43.698246,1510.126,81.54736,1475.8114,72.80578,1442.0643,27.465271,1587.9708,27.092445,1620.6144,20.64608,1719.5903,35.57698,1534.1875,114.48589,2013.199,106.23947,2428.2808,3.288674,2805.5286,165.84497,2943.5637,80.84189,3141.8328,76.33457,2915.806,94.955505
09577,1462.95,45.11671,1352.9164,22.721798,1411.6337,54.965363,1265.7417,63.70395,1446.3096,110.668884,1505.2512,110.688255,1417.0211,83.432686,1308.3445,31.527515,1385.1257,109.7566,1134.2998,160.97577,1327.9669,70.47759,1389.123,197.61238,1253.2859,182.30992,1451.0088,61.439987,1690.2703,24.137821,2059.5984,321.09912,2774.9382,248.1472,3815.98,50.4199,2967.3623,139.7819
09661,2097.7139,3.8940806,2034.419,52.08675,2096.5154,24.42259,1961.2357,58.813557,2191.2446,32.221024,2288.8687,89.03086,2772.459,26.609005,2750.9458,31.326181,3092.4897,100.35727,3396.821,51.080383,3413.9238,182.29639,3733.6313,54.43386,4077.3237,31.604551,4707.998,55.27894,5198.8735,234.49376,4882.642,19.365644,4897.9014,45.060646,5058.387,57.848595,4766.1504,12.613282
09662,1424.779,9.230834,1382.1982,11.430987,1261.4261,9.328348,1457.8632,4.059685,1412.453,44.725357,1579.655,60.16937,1456.3049,62.99566,1567.953,1.9837272,1974.347,0.09296713,2182.8792,112.20144,2529.1333,110.68529,2263.0476,6.245123,3049.6318,54.265156,2619.8813,8.921689,3280.1943,101.571236,3597.8943,31.349203,3642.7747,70.69565,3314.8054,162.97462,3364.853,89.313965
09663,2152.3787,84.63271,2209.084,26.607937,1953.4629,89.59878,2269.4976,154.598,2436.7441,157.24081,2675.1555,117.497696,2703.5964,77.90891,2994.922,145.73117,3160.9465,73.95818,3591.4475,125.16317,3898.2314,120.25523,3888.6016,124.56139,3766.1643,33.48775,4836.246,144.79932,4897.3164,23.87634,5072.1284,46.345894,4762.7314,210.77509,4538.947,371.92328,4444.917,36.93024
09671,2124.1106,254.06874,1996.5342,217.91753,1962.4321,112.30636,1862.7217,194.23302,1870.3586,21.009531,1798.6711,18.227829,1904.4135,247.21776,2115.768,142.56601,2015.9113,269.29837,2162.157,243.49724,2457.0894,150.3389,2791.6765,81.15439,3232.8713,8.5399,3117.9714,0.39285693,3556.3884,143.36017,3646.5706,447.8675,3470.1367,518.5977,3968.5159,281.0405,3789.9197,103.1296
09672,1195.1772,131.07182,1250.2765,224.61185,1158.7885,102.09726,1266.3572,139.98613,1117.1205,171.41275,874.3731,58.813107,968.3307,3.3992386,814.8034,18.541582,970.87286,38.37908,1211.0637,73.984505,918.89233,37.708992,1366.9558,196.58273,1343.8856,47.404606,1979.2958,260.8353,1990.6877,425.61435,2155.5076,46.037025,2461.2512,27.297243,3101.2935,277.19644,2838.8247,282.94775
09673,1312.9412,87.098656,1313.545,26.421926,1133.0895,49.798996,1325.3756,9.412716,1196.4883,38.114006,1069.6156,263.12408,1095.3479,164.74333,1176.8092,152.54782,1257.5748,43.15139,1348.7124,28.67512,1314.7073,56.077984,1735.1388,80.10177,1645.096,165.8928,1515.9152,306.69495,2186.483,234.62575,2120.3513,3.8110042,2462.6655,52.738014,3477.1272,100.12281,2935.2603,77.75708
09674,1507.2104,162.57515,1419.2749,30.718794,1156.3702,130.15553,1323.6221,166.31728,1255.906,40.658455,1310.1859,51.332462,1475.586,158.29616,1403.6929,314.59262,1661.2539,258.2698,1659.2395,444.90063,1660.536,199.68759,1973.7299,238.43327,1971.4717,328.81067,1970.1017,250.17885,2003.7255,260.50232,2313.5935,323.90488,2521.1577,335.60394,2508.0203,206.00041,3124.2646,219.12599
09675,1530.6486,52.57163,1597.5673,31.340422,1410.0052,72.116585,1339.6674,60.339626,1072.869,83.6492,1054.1034,104.04038,1333.3121,32.038612,1038.6505,43.47978,987.5526,401.21933,1850.7437,494.7599,1403.8308,18.43306,1092.0814,9.214004,1633.3339,193.86575,1769.7825,248.71974,2365.2095,207.54604,2689.5713,112.100365,3570.356,377.24625,2446.6667,5.8187313,2504.5525,409.00677
09676,1504.1702,10.761134,1423.2067,76.2773,1373.2715,79.98157,1239.4232,36.81543,1315.8932,31.758007,1405.8678,218.03366,1345.0168,65.18174,1304.0093,92.85467,1249.3661,32.850594,1515.5282,143.85532,1792.2448,225.82329,1737.9111,136.52104,1940.9583,389.94385,2355.1462,286.82022,2382.1917,15.294699,2815.0886,10.500252,3534.0571,371.198,3486.2686,35.29238,2939.6372,36.717125
09677,1270.3129,9.20132,1151.3408,38.0214,1094.8585,32.92456,1067.2933,1.0541217,1097.7668,8.257298,909.27155,28.010925,987.976,9.107826,945.0529,87.8407,1033.9943,67.823746,1131.8563,106.24025,1188.4614,46.489586,1349.1871,13.467577,1334.7733,135.47783,1532.5309,54.362274,1709.5377,195.68738,2102.169,102.267815,2478.2468,59.635838,2880.1316,159.99281,2668.635,118.89788
09678,1240.6694,211.16992,1447.8026,69.71848,1234.8518,221.50116,1212.9963,162.98212,1217.7598,84.60866,1157.7888,264.94156,1380.4835,402.4277,1136.2109,78.66619,1394.8286,111.924995,1549.8112,259.46155,2394.0798,782.37195,1494.9861,164.12062,2664.7449,279.69922,2588.164,43.164288,3100.2705,556.4725,2575.8303,164.0013,2433.4268,147.30728,1772.1355,292.0559,2475.305,30.691977
09679,1913.211,35.46611,2039.2949,237.66948,1895.4913,177.68893,1554.7251,44.52486,1805.097,72.92768,1619.4371,34.02711,1565.1399,125.88783,1421.1317,121.424736,1916.783,39.481388,2092.7913,132.43161,2287.092,27.866125,2444.9302,117.27112,2665.1401,404.34,2683.7551,67.77002,3286.9058,197.33876,3642.8335,220.21283,3407.009,386.80792,3003.8037,296.52216,3171.857,39.392647
09761,1816.5889,57.664097,1856.1543,79.955025,1846.3068,73.46597,1840.8773,88.21602,1835.1729,99.17954,2116.4373,81.34012,2350.2505,86.09116,2674.7546,97.24742,2987.095,11.023881,3300.136,4.9957447,3709.8274,52.279026,4197.1055,31.094421,4856.344,34.026794,5678.685,104.83919,6060.4966,19.110115,5695.2563,14.982905,5263.4443,138.88422,5195.7944,189.89244,5169.176,31.555222
09762,1475.747,57.000393,1419.1338,29.704752,1415.9795,37.1712,1328.2134,9.762172,1539.9713,40.036526,1554.2715,83.05867,1657.0669,56.17732,1855.1548,68.69809,1858.9043,63.086662,2231.8545,168.68604,2656.2544,130.66791,2916.859,75.79772,3295.82,101.71678,3525.0671,36.80486,3708.4983,89.74109,4284.5786,110.591736,3826.9727,46.529007,3742.0137,216.80672,3776.3486,22.86212
09763,1663.661,39.483765,1718.5353,25.25664,1748.1965,17.929356,1887.3815,14.534048,1988.0396,28.610392,2031.4219,57.19776,2182.0498,27.84482,2309.277,71.76303,2488.8474,91.64836,2866.2861,51.552464,2924.2607,91.16138,3302.085,82.360344,3588.5806,123.14922,4150.6973,134.75792,5020.8545,477.59488,4596.7393,113.19935,4618.5474,23.457987,4759.764,40.47714,5061.767,183.83493
09764,1728.4476,23.477491,1693.8551,4.7767277,1660.3267,14.142362,1872.722,30.003912,1879.2382,27.983555,1862.4093,56.73206,2060.3835,10.124951,2204.5203,11.776954,2451.495,21.108639,2680.292,21.403963,2776.6248,33.799175,3110.933,10.887837,3608.1775,19.510979,3858.7522,41.723953,3786.7253,204.44943,4132.0747,212.95189,3892.6711,127.51826,3645.037,46.90885,3940.2554,206.71706
09771,2123.606,75.31873,2378.5315,530.91895,2070.8616,315.97217,2165.1,291.52676,2882.9043,428.89383,2149.7288,39.175976,2423.106,188.08688,2329.7446,32.78208,1902.6741,23.860954,2884.448,345.5549,3027.7126,183.04506,3124.2747,420.10547,3854.638,127.432014,3381.4492,164.84981,4255.998,101.754776,5067.631,482.91687,4804.8125,656.77155,5002.4287,306.12567,4512.7456,396.21466
09772,2156.5876,19.60531,2192.7883,78.710106,1906.4952,10.108088,1934.0247,2.929501,1949.3003,14.9111595,1812.0272,80.86624,2094.779,12.954672,2308.7463,47.84099,2385.9673,143.70142,2635.9822,41.125088,2575.4155,294.70523,2214.3413,187.57771,2235.4014,181.04921,3664.1611,32.467552,3741.2112,51.33552,3747.2659,75.64588,4162.782,559.6686,4122.996,415.4988,3516.8054,108.09926
09773,1145.3138,14.124013,1236.6975,55.06588,1138.9094,13.043608,1209.046,51.96889,1423.6831,47.590126,1033.7083,97.04637,1196.5455,20.16643,1367.8341,17.144882,1386.5363,24.367487,1828.268,225.32642,2126.2117,68.8834,1857.2855,148.1523,2188.092,26.007734,2303.772,56.479298,2206.9946,208.5429,2676.119,5.7930994,2683.7407,131.03497,2973.113,215.88976,2675.0671,97.06205
09774,1505.213,86.9438,1546.457,108.592,1631.3976,86.19647,1900.4099,224.08888,1394.7473,79.89067,1503.6139,37.7114,1745.9241,1.620939,1681.4359,277.416,1967.5961,155.0826,1879.1628,98.70323,1885.2524,123.62017,2185.5178,177.24564,2844.2983,281.93698,2708.956,75.49415,3086.9065,152.31696,3488.5667,89.290245,3595.1694,361.52762,3416.8596,379.9044,3986.0725,290.99036
09775,1794.4196,71.53355,1651.8892,30.75652,1645.1442,36.857674,1589.1931,26.679483,1547.2863,12.134868,1463.9271,27.418264,1480.1132,3.8553255,1727.5675,69.94789,2111.1262,135.98433,2212.174,78.320145,2382.4536,90.48097,2725.3386,83.73133,2895.576,23.37085,3163.0051,228.09937,3406.4,195.69504,3543.6858,182.96066,3431.8142,74.843056,3411.1768,220.31703,3995.8528,233.7304
09776,2477.9434,101.40577,2507.7742,156.29086,2372.7004,163.66577,2671.6787,139.93752,2489.75,154.39136,2969.9722,116.43168,3046.703,119.84849,3131.6,158.8637,3363.9407,75.672226,3761.8298,343.8413,4125.4175,180.52818,4390.052,257.9009,4978.9736,315.06924,4963.713,234.70328,5232.749,247.75345,5817.219,77.20514,6001.6196,194.96501,5550.591,506.5798,5822.8413,438.07086
09777,2045.9824,56.617626,2065.3213,80.76385,1999.7427,49.380104,2127.3552,60.897144,2212.437,49.141132,2242.6497,8.057426,2276.6472,67.55545,2347.801,42.723686,2606.1099,64.303505,2641.5374,154.42453,2564.3655,199.35637,3053.7708,51.91635,3628.5676,120.78287,3464.99,195.60748,4508.647,458.2002,4857.007,408.71832,4168.601,22.153923,4462.1343,260.00595,4463.4844,361.4283
09778,1886.8037,36.63005,1718.0906,28.263044,1625.0999,33.55222,1696.7041,27.835686,1898.6583,80.00491,1919.3048,32.963276,2033.2666,44.230434,2229.3403,58.093533,2416.9995,25.915033,2693.5818,46.230843,3077.7793,94.19515,2954.3838,74.155594,3505.013,79.89202,4089.607,186.36874,4343.7036,125.097244,4795.3516,132.86221,4169.4927,8.623845,4245.018,95.27511,4043.492,14.480198
09779,1543.5743,73.135864,1530.871,34.79409,1443.0939,53.374508,1459.5944,37.055412,1365.8937,89.98088,1636.9011,41.735435,1605.8676,86.332016,1867.5011,22.999739,1832.1614,22.823883,1982.6144,219.8582,2151.1565,31.727713,1973.1196,311.27908,1868.5165,264.89917,2689.238,102.21748,2978.4456,143.36217,3229.7803,34.931004,3300.1702,32.11622,2985.3875,26.145208,3087.6277,31.878523
09780,1605.1646,178.93501,1589.4629,42.939888,1642.0144,39.59798,1574.5947,40.69254,1693.4797,94.60104,1859.4801,52.730083,1855.7678,42.715218,1817.1882,237.58289,2147.5222,1.2908045,2286.1763,45.705738,2593.8665,12.360992,2723.466,17.871452,2981.2778,98.08269,2925.5183,298.4543,3877.8386,427.52863,3857.2056,55.41299,4296.936,61.856182,4019.6572,62.555332,4521.319,72.665924
10041,1583.3973,5.6368656,1434.3535,5.961156,1328.2079,86.590355,1455.7767,61.58335,1476.191,58.956825,1584.1913,148.1574,1779.0624,20.69742,2162.06,38.48836,3770.134,127.99294,2438.024,206.63402,2519.5068,173.33766,2482.377,129.15953,2388.4207,232.3829,1981.7292,126.44058,2446.8176,146.67921,2416.0713,85.27155,2625.547,78.90411,3272.4197,678.2789,2641.3606,100.941246
10042,1436.4053,31.418344,1321.0615,74.93863,1487.931,233.88763,1698.6821,589.22656,1207.529,265.8137,1409.2936,26.120007,1358.1511,75.83928,1316.5333,101.47736,1083.4039,41.04873,1258.369,57.43222,1302.4819,76.66808,1408.7635,48.3131,1526.962,133.27638,1675.0795,265.60562,1884.7612,180.45761,2158.59,216.74313,2346.472,305.722,2756.1006,304.22003,2509.2458,171.29155
10043,1236.0621,103.953575,1268.1138,61.283768,1512.094,103.635956,1680.091,151.63884,1290.6715,13.794137,864.5833,96.05763,1058.0382,32.251972,998.26013,69.45431,1097.6516,6.1186852,1041.9314,22.532297,1119.4097,62.52709,1028.7498,55.4504,1042.4247,193.3067,1236.9686,266.74124,1529.032,265.69748,1493.3862,339.3984,1756.1909,261.51614,1721.3475,248.8965,1868.3939,35.29625
10044,1474.4493,81.336105,1471.5065,74.31555,1241.1442,126.44604,1478.7142,262.68622,1283.7798,97.91776,1304.3813,17.256458,1281.346,71.52225,1346.729,40.828045,1082.2799,90.97203,1363.0751,41.859646,1787.5885,120.985214,1805.9182,218.98541,1760.0525,125.77476,1610.4288,151.07333,1508.0913,9.982364,1732.436,41.437775,2043.7694,22.684721,2813.6763,80.199234,2476.0273,58.66851
10045,1304.1609,23.867865,1374.8829,15.332844,1139.4806,111.06782,1315.9774,13.311399,1019.6042,4.8470464,1176.9897,15.046509,1197.3915,5.797381,1059.2502,13.349917,1194.8662,59.46259,1260.227,50.50154,1199.3142,44.57502,1166.541,55.778484,1177.0026,100.7245,1584.145,23.337889,1713.0402,136.7795,1627.0767,364.07526,1982.197,59.3131,2044.9952,277.2401,2982.9504,255.53078
10046,1126.4052,170.14511,1434.5159,42.255684,1040.8516,312.00772,1290.6699,378.602,808.46643,30.680809,896.3749,183.98381,901.0357,58.605247,1365.9259,254.60368,780.2889,158.66943,757.86707,240.27136,936.98145,112.45394,1006.80914,19.548065,1445.6431,122.72881,1748.5851,142.53175,1764.7207,111.624695,1695.3037,181.17966,2007.3752,87.14411,2415.3242,109.579575,2225.0137,93.80653
11000,2530.1917,92.82029,3038.3772,176.51224,3113.8796,178.48393,3323.7458,10.330276,3661.6409,0.29385936,4016.6575,172.19087,4270.8765,182.97638,4996.0454,185.2528,5245.639,147.16312,5379.021,299.56216,6418.6885,38.288895,6934.7197,23.428589,7905.083,271.4738,8339.013,260.40012,9051.356,340.18292,9881.608,62.549866,9958.871,517.6703,9963.069,643.6729,9567.174,704.7603
12051,1189.2688,62.93138,1181.1481,12.725342,981.39685,25.113094,1100.3807,8.451969,1389.2935,93.790375,1332.813,47.11904,1243.3433,42.89312,1027.57,34.204975,1182.7019,51.24502,1502.5187,165.06972,1620.9193,199.74254,1735.1951,91.71888,2030.6564,19.831785,2169.2903,98.63404,2684.1606,126.23309,2881.3984,176.13736,2831.6672,71.44928,2610.0735,263.96304,2759.1172,90.24624
12052,1296.9344,8.108173,1302.8331,23.237986,1170.3365,55.565002,1321.7935,25.306534,1263.0293,67.087234,1589.0828,164.67336,1586.3317,250.1006,1471.6757,89.42991,1307.9622,45.228035,1364.7487,51.88193,1634.2793,86.62507,1604.5671,78.21673,1598.2083,35.671864,1628.6664,133.79924,1797.4723,8.313775,1933.5815,106.50889,2014.5614,195.23224,2546.473,64.37853,2866.2063,6.7299995
12053,1225.9407,60.929615,1294.8834,29.63693,1202.5964,10.379687,1213.8451,21.227348,1116.0348,12.177593,1101.1528,136.34982,1128.3684,32.76951,1221.2782,37.637424,1162.6434,37.179943,1328.1852,112.26897,1420.1393,132.87767,1396.7521,19.79344,1607.883,54.314556,1749.9294,42.632538,1821.743,71.38478,1967.4503,82.95563,2390.0808,87.7113,2708.2378,170.17247,2821.0752,94.7712
12054,2395.244,71.782455,2419.9912,186.10548,2275.208,93.777626,2380.6833,64.12682,2380.2805,45.928467,2662.037,66.29699,3148.1038,32.191612,3250.883,13.052754,3386.5383,90.11372,3791.6138,24.169987,4108.6465,104.13585,4159.201,46.01182,4852.607,11.427885,4754.6,185.31232,6959.4033,106.3979,7061.9204,419.6217,6133.4956,60.038624,5816.989,457.00443,5934.1816,291.47363
12060,1173.6415,175.32553,1160.1515,55.552425,1049.8488,99.852875,1108.8555,215.10329,985.6146,178.33131,1043.5382,193.99117,1080.8583,132.81865,1174.8452,146.69849,1373.908,95.702065,1634.2329,183.38379,1824.8346,332.02737,2385.5657,351.06592,2782.1304,343.51212,3347.523,548.47003,3500.4167,341.76602,3515.461,536.86237,3196.2695,95.179955,3042.267,91.51176,3144.719,62.03777
12061,1345.2959,109.20134,1309.4323,79.91524,1313.3568,136.7217,1349.0933,88.06903,1487.9388,77.030426,1529.7557,139.66801,1498.6456,84.23312,1634.0508,96.82249,1822.7634,15.114765,1739.1771,49.04217,1871.6848,1.572123,2155.7578,55.03679,2605.2534,213.16235,3336.3015,165.20702,4272.759,308.36035,4877.101,105.21265,3791.9033,75.40477,4275.42,238.79602,3697.2847,74.93088
12062,723.8246,47.409733,857.5731,76.88106,643.0813,132.69911,593.1111,64.33293,578.84674,24.213657,693.3889,183.91115,749.10376,130.22517,677.2127,49.455463,717.12506,34.192284,769.73126,87.765305,662.8382,17.371555,593.297,61.13809,772.83673,18.458948,805.4964,64.18359,949.3888,46.349236,1448.7347,74.93959,1116.0032,23.611591,1341.673,63.6412,1339.4205,88.903564
12063,1404.9362,61.715446,1274.0352,69.52202,1216.3019,17.434153,1243.1907,105.12018,1305.5972,78.906784,1412.3406,340.5588,1417.3866,74.34491,1534.7305,57.06751,1600.0879,73.97815,1694.0626,31.034348,1730.974,12.454646,1896.6088,113.06828,2170.7231,44.66617,2461.4197,155.62367,3387.0996,338.8742,3657.3528,251.01375,3230.555,154.2417,3575.6526,82.35117,3988.8416,331.4712
12064,1156.1378,98.39898,1047.9794,13.712538,1010.0242,66.042984,992.8302,73.74437,1291.427,185.34077,1495.285,221.96315,1600.755,165.52731,1740.6057,286.01398,1582.9807,225.43608,1146.073,55.69149,1187.2731,62.722908,1644.5336,131.62148,1881.8582,305.33472,2331.7908,54.888634,2347.2544,145.4687,3714.676,448.69125,3111.4753,27.474041,3071.391,351.58994,3562.9363,132.76033
12065,1461.8192,81.5392,1491.2552,58.23617,1376.7855,108.648636,1432.2485,62.040096,1528.9934,91.17973,1605.3832,50.758553,1698.2751,97.2556,1868.6628,107.84759,1830.1001,65.27071,2207.9106,147.99963,2396.3442,22.97344,2537.47,83.72133,2732.2668,22.665596,3264.9023,1.960896,4042.6392,357.43723,4585.391,238.22858,3821.3997,357.69394,3655.1638,476.791,3608.1433,202.31819
12066,910.6819,47.200916,869.6375,0.9933413,698.0153,7.903658,920.2585,79.25684,1214.9547,129.06908,995.5658,183.89606,885.3244,131.8904,919.93317,16.835321,931.07043,92.24556,758.3727,29.143658,718.15985,29.386648,933.6081,90.164635,1053.5864,40.78156,1132.7697,0.4327973,1121.5259,203.04282,1638.5784,11.970474,1742.6467,107.824425,1580.3439,215.10605,1935.1581,178.77158
12067,1520.0399,263.09363,1373.6372,32.019337,1017.7484,172.02592,1250.2087,237.59285,1189.4587,167.7192,1112.8824,133.08871,1079.7388,94.61235,1202.1332,333.40878,1097.2667,162.82599,1154.039,14.825757,1226.5643,105.15486,1335.5304,116.71071,1782.2007,161.61078,2183.4377,13.320632,2462.9482,474.5319,2745.997,5.0879455,3057.7341,55.320576,3368.5273,9.85362,3158.3357,21.715544
12068,1254.9635,43.21254,1036.0044,109.22281,966.78174,65.74724,992.9335,194.16136,985.7265,105.1289,1093.7198,336.72293,1112.7036,48.447792,1538.5295,244.8964,1554.6417,138.58136,1527.5208,115.80025,1236.4973,125.30207,1278.3179,119.911644,1779.0669,17.613295,2069.7336,53.90801,2314.5828,324.24374,2470.8037,56.562355,2232.4978,407.09286,2238.8267,287.7626,2313.9617,69.61178
12069,1110.3218,28.440865,1225.0585,93.85967,1168.2933,103.14874,1210.0574,91.331406,1144.5295,21.347517,1119.5454,13.407067,1138.5862,218.52988,960.35876,80.23932,1062.9392,50.89204,1172.3247,107.40772,1251.6598,58.980255,1502.5123,165.4465,1864.3354,314.1272,1673.0552,132.01459,3061.3804,609.6342,3464.707,815.45197,3130.2344,209.39214,2781.8298,175.71555,3108.888,112.405655
12070,772.3091,65.21487,789.2917,73.92006,746.375,130.03662,592.64905,117.00937,894.38965,217.14731,641.30255,135.83482,795.0656,163.0069,1147.1501,217.29836,1003.39453,38.569534,905.7304,5.0682826,1000.96686,49.220047,1091.4253,142.26706,1102.7802,15.55536,1590.7524,247.8274,1200.2596,80.246185,1742.3027,70.20116,1679.402,220.5983,1477.7028,62.41761,1728.4977,6.2824745
12071,1041.3259,31.024382,1036.4962,0.29326835,870.9955,1.7615746,867.64777,21.966074,942.4894,8.391166,901.0075,110.37199,1101.2821,302.41843,1063.2458,371.2629,1068.8785,55.561493,1013.854,59.236443,1253.1456,266.21127,1196.9011,193.68787,1039.1123,113.60987,1096.5537,56.11893,1362.723,165.93037,1843.7911,116.17404,1822.3113,6.664332,1748.0138,177.73706,2443.445,84.3753
12072,1423.1073,12.623097,957.4234,36.328434,953.0897,86.54733,1406.156,58.250687,1010.47955,6.919504,1101.1271,234.58038,1245.441,168.2623,1324.3181,257.88828,1308.1654,59.485073,1350.2654,108.23254,1563.0472,26.35632,1889.1891,136.23572,2090.2693,32.411938,2457.5908,55.68441,2683.2473,173.00511,3030.8503,301.06143,3424.1963,339.18808,3953.4485,293.32193,3770.3374,228.67041
12073,1191.5752,181.49573,1037.2301,34.742477,742.6441,121.29338,922.1004,81.49559,1047.9874,174.13385,1295.1107,50.795074,1198.0764,65.712204,1216.2268,191.45786,1153.4531,5.4115033,957.4335,34.674393,979.9015,8.437062,1129.0148,21.27058,1296.9923,14.377585,1342.1218,70.004715,1612.8357,132.01454,2288.821,11.006452,2394.5637,23.020702,2520.613,212.56586,2152.3555,180.57242
13003,1462.1893,163.83012,1541.6011,275.5373,1452.9084,298.93042,1632.8324,67.23388,1663.835,445.58502,1744.097,273.34058,1771.4221,722.16516,2084.376,1104.973,2500.5652,726.19116,2538.1335,719.9947,2700.7483,996.67487,2915.508,699.2058,2275.2856,5.4815574,2527.182,283.99298,3430.057,248.90504,3975.5327,1006.89484,3410.5122,127.572685,3341.1929,14.130095,4028.1829,413.54855
13004,1649.9458,14.401536,1634.2548,5.2401214,1366.6975,31.159687,1457.4921,29.193779,1424.5885,10.330426,1624.9186,45.845562,1701.1143,66.59269,1904.3046,40.540695,1864.84,17.88031,2019.5499,12.789981,2341.023,30.685535,2246.3887,30.090218,2201.6648,98.046364,2531.534,99.020805,3102.8176,69.43562,3151.3882,40.616817,2865.5415,63.55261,2868.4558,39.360847,2836.816,85.48847
13071,907.3923,45.640106,849.50433,117.45077,802.23425,94.67852,1188.3469,203.2943,1008.97095,205.86765,812.9835,0.9768198,799.90814,104.17053,864.9176,85.1542,1122.5422,63.29457,1106.5062,111.51099,934.7604,120.7062,1098.3971,114.63824,1220.4886,127.831665,1113.2106,153.51045,1235.5016,96.98776,1368.6398,35.90471,1476.7838,98.89483,1526.8627,190.47772,1613.441,18.95015
13072,1450.7698,85.05361,1433.793,88.67917,1259.5798,60.383095,1296.7639,102.68947,1453.0969,33.806274,1397.6783,138.30516,1464.2434,94.089165,1452.7987,90.81757,1786.3625,16.22049,2085.269,128.05939,2419.1506,45.024323,2224.6108,30.923506,2365.387,44.500336,2816.1084,88.96673,2859.2603,120.200134,3995.3865,389.78683,3894.2097,148.89735,3684.871,136.7797,3529.2168,165.53015
13073,2207.397,305.84598,1911.4741,149.07982,1760.8529,79.37891,1747.3096,74.88429,1850.2015,280.42606,2174.0515,282.8851,2547.3984,437.44354,2591.6565,385.27243,2309.9028,315.84464,2362.4326,465.06522,2857.8418,438.2875,2950.4106,277.68283,3323.1123,494.58084,2971.854,595.62885,3456.1604,509.43423,4571.865,609.3719,4408.1343,333.70264,3957.232,531.982,3888.8325,705.7983
13074,1191.2316,106.2776,1161.7455,72.29682,1008.38055,4.99075,1072.1122,5.1949105,1093.5392,31.971233,850.6845,38.327538,1043.6158,103.87083,926.55237,67.5981,936.09503,8.142547,1091.6108,35.392555,1156.5109,50.648655,1306.3506,85.44464,1430.3259,86.312935,1773.701,36.6,1988.3318,119.78558,2113.3052,6.7695727,1966.7101,23.659899,1918.3732,8.662424,1912.9326,69.806206
13075,809.11426,77.6104,857.7318,117.85927,825.94727,159.96663,789.1449,35.226566,893.0545,94.97265,931.87756,28.0615,1005.2003,66.405205,838.3898,8.080263,781.2342,17.477474,763.8298,62.06772,775.52405,76.03215,842.3526,138.51839,1152.7163,55.461857,1256.1703,126.777824,1432.7473,31.557806,1890.2566,1.4123622,1727.1598,144.48204,2096.0447,838.0624,1909.0,296.3985
13076,1151.3917,70.04331,1134.1848,13.760073,956.268,77.43062,1073.5734,22.369757,1050.5239,44.74689,1019.6463,40.94409,1074.4117,1.7984345,1080.8121,1.9025806,1065.5088,7.1298795,1073.7872,35.906864,1152.2507,34.428207,1053.1295,49.50773,1281.4758,174.81392,1605.9093,229.18999,1872.6465,93.47556,2242.5837,421.00266,2068.1318,28.11924,2056.626,72.92983,2055.5125,254.547
14511,1385.8547,6.6354704,1248.941,3.2683163,1201.4395,20.033531,1157.5737,2.4689224,1138.7229,61.252148,1152.2784,63.88319,1110.1859,36.907692,1064.0295,61.29918,1078.6349,44.24286,1211.2626,24.065685,1319.5762,66.0011,1397.3717,21.0408,1319.2428,25.567034,1430.5647,31.241537,1759.6145,7.739511,1928.6372,20.446495,1786.8407,83.95068,1761.7333,1.235824,1714.5198,2.6071272
14521,1220.1167,29.019302,1217.343,25.990208,1193.4615,115.35581,979.9667,118.027214,950.87665,72.41636,1007.11395,47.166706,1024.3395,98.28146,1200.5117,43.485844,961.3505,45.526993,923.8374,91.84762,918.08374,90.811554,1165.4849,58.071148,1142.7072,76.55764,1109.8071,39.416645,1313.9452,82.63013,1518.1932,6.1155286,1759.2269,54.043873,1832.3348,213.67737,2153.43,550.56085
14522,1133.9908,11.71666,1166.1602,77.923515,1119.1887,58.10594,975.1124,256.58826,948.1055,257.79877,698.97327,106.25504,802.15405,122.15091,920.4894,214.44824,1196.1843,185.65115,1257.5093,183.11469,1546.3821,288.22623,976.7344,263.99014,1107.5287,327.44464,1312.5876,131.94669,1590.4832,20.109106,2029.208,614.4445,2211.0286,15.306124,1909.7738,305.25912,2129.76,730.551
14523,708.4699,1.1727188,761.5881,78.75517,888.79425,144.82503,756.3824,21.04901,780.5804,34.265083,737.4258,116.599,728.6869,16.584202,796.36255,30.79624,794.4098,72.14149,820.70197,118.40708,843.53723,13.869054,624.50995,88.995125,694.6893,22.298307,788.81165,91.08759,814.73267,62.737225,1034.8291,32.888153,1116.0023,36.907192,1133.2687,69.021675,1215.668,45.771835
14524,971.65875,2.9979472,942.13055,48.205456,836.7488,2.0036094,962.8736,159.93869,970.4307,55.701996,1141.011,148.21584,937.7742,77.31611,684.10266,1.0531424,813.182,67.9386,997.8587,349.74533,721.4422,74.66928,1279.308,441.771,816.5199,7.651128,728.7123,37.86247,793.7809,125.63009,1086.7662,243.23425,1072.736,31.389212,928.65533,185.87494,1461.3855,13.846644
14612,2043.0864,49.954426,1927.5104,79.82526,1837.6892,56.373123,1940.4977,10.200117,2209.66,14.118371,2327.7153,33.71126,2670.4402,107.82242,2976.5857,9.251625,2843.8362,29.066818,2770.774,74.94645,2975.5137,26.547684,3024.558,128.70119,3612.5547,124.63293,4120.565,366.0251,4760.4277,488.6876,4226.7954,147.77107,4101.3623,127.250305,4326.769,47.35969,4321.223,129.33267
14625,1045.4053,23.297117,979.6934,13.211849,888.4566,135.47661,887.43054,111.74497,779.15063,146.8425,1081.7543,148.41646,1076.7377,200.11589,945.9563,33.450497,1105.8534,121.943695,1322.3959,10.001099,1328.1162,150.34093,1261.7502,37.77851,1591.5209,10.013719,1479.1244,220.75186,1858.6694,102.08018,1970.6378,217.43315,1968.6498,297.57733,2344.9675,428.69275,2274.8743,670.9376
14626,1066.3972,164.68661,833.7379,137.28857,706.2039,23.142786,492.41904,28.81367,744.431,110.38341,826.3559,16.340012,470.3782,75.11284,775.2503,74.19874,895.52057,82.4707,928.30206,191.89212,845.0127,36.776264,761.2263,80.57872,895.8799,30.490337,875.93536,52.4178,1201.5243,116.68173,1298.9535,110.701195,1040.1938,78.735,1039.4827,154.77959,1316.2126,373.5434
14627,1320.8534,91.78169,1267.5868,81.54715,1222.4525,37.644577,1297.7875,55.399273,1410.4575,122.15286,1728.8623,189.20364,1644.7941,133.29347,1608.384,284.77658,1759.619,186.24219,2210.041,349.0706,1965.9207,277.80307,1534.4193,104.752655,2126.0903,92.379585,2274.4407,213.65076,2113.8667,37.821175,2897.5078,29.914448,3081.3708,116.18456,2881.2014,123.30391,3131.8298,168.18771
14628,1283.9077,30.964931,1399.3192,2.3048017,1266.7225,1.2871523,1284.7454,52.818394,1300.3717,59.28395,1578.182,126.3591,1587.6797,139.82188,1698.0083,21.281992,1819.1915,8.25131,1757.1787,6.789938,1641.7229,76.37664,1673.0114,151.10852,1661.8402,78.18765,2089.974,566.96,2114.1643,674.74225,3264.4258,541.9793,2608.8657,382.1282,2442.858,188.82306,2824.0496,296.20908
14713,1860.1357,22.845875,1733.9681,56.777695,1618.7742,57.709816,1612.6187,38.31155,1639.2054,13.423173,1895.4883,15.792773,2038.0095,16.674047,1976.343,14.000595,1984.0977,40.40967,2237.9229,153.55621,2430.6797,58.223408,2847.3914,84.12322,3037.7002,24.879446,3367.6848,22.627617,4249.1,44.309464,4507.888,3.8440092,4262.295,64.43458,4195.157,205.91417,4245.3613,174.07916
14729,1102.8633,203.20569,1205.9309,20.31315,1148.3757,65.264404,1082.2054,24.03382,923.4948,12.318894,950.9946,63.88268,1159.7051,59.12505,1047.2899,39.75172,1111.9822,6.2389336,1385.0858,9.456337,1161.6577,96.42779,1128.6416,173.82756,1750.6416,73.2871,1944.9708,26.45522,2062.8271,60.314774,2293.0889,172.07869,2244.5913,55.71566,2207.8171,8.11882,2317.251,84.851
14730,1067.1501,35.062824,1104.7229,78.573685,1095.4755,8.29848,958.5619,187.13168,1072.8805,55.728813,1119.5653,14.155034,1075.339,37.07388,1417.299,72.18162,1208.8768,118.77677,1090.2351,125.625725,1484.5924,159.27629,1715.8829,20.919487,1468.9543,83.32011,2043.6179,138.1856,1687.6678,196.51338,2201.9363,81.079346,2219.24,104.58699,2166.728,100.933685,2285.0518,35.11436
15001,1167.5973,88.16534,1042.0991,37.986694,1124.0408,42.252422,899.91425,47.458347,1031.8444,69.87923,1017.1079,20.182909,1265.004,31.756266,1268.1421,30.385204,1215.4381,20.01582,1185.8601,62.158047,1410.3539,19.349728,983.0388,67.95098,1273.1095,11.618182,1095.9004,2.759765,1603.7797,58.36142,1426.8981,29.847303,1776.8296,137.06808,1779.8076,17.493261,2107.0508,36.667053
15002,1496.7563,84.043655,1312.0024,122.81815,1158.9095,79.95065,1281.986,141.39182,1308.0181,108.82726,1413.5675,81.91037,1715.8005,108.90234,1538.4733,71.67726,1739.6938,141.91158,1920.8547,147.77571,1727.615,183.66127,2208.559,146.6708,2453.1814,78.017975,3067.8374,228.56683,2918.01,98.11478,3325.323,132.48303,3186.2556,336.50677,2721.7297,172.40343,3085.0437,309.29654
15003,1504.1594,19.776632,1570.189,73.62155,1168.3259,15.895865,1220.7312,95.10457,1435.6456,121.63859,1471.9081,111.725685,1444.3462,115.69981,1375.1306,20.011505,1449.9943,8.5128355,1679.8978,28.589205,1561.2585,40.91336,1755.3457,10.45527,2126.2354,137.13635,2208.804,33.64892,2649.6006,93.36664,2660.5286,205.36598,2783.5073,80.01331,2950.7463,116.88539,2953.499,63.973465
15081,812.6528,117.96364,905.49866,4.8395033,676.821,51.940422,864.6834,14.946588,842.60333,144.18118,1250.0798,24.506735,875.0978,57.6056,869.49304,44.401745,986.1441,197.58769,946.5353,70.37407,879.0666,203.02019,985.811,65.04841,1293.4742,411.0673,1518.1067,18.007303,1048.7155,260.0419,1706.7247,328.07712,3354.1365,76.859924,1844.4899,403.0985,1692.5524,281.55865
15082,1167.6229,60.6377,958.855,29.353666,1043.7611,165.13934,851.10614,44.5999,908.7765,33.039608,810.3554,52.60272,869.32495,188.67076,1075.7872,194.64865,891.0738,159.18304,758.7881,59.59523,909.9145,27.476051,1005.8304,73.629265,1243.7225,223.7773,1132.8066,8.649977,1272.759,156.28822,1497.5198,90.632706,1514.0724,6.4532456,1650.9633,88.86476,1571.2357,157.45732
15083,1094.0721,64.26068,1065.3694,64.82634,1060.731,69.94855,1061.6716,218.25854,945.8556,83.40196,1161.4796,157.98228,1066.7557,105.26285,1180.0593,46.329704,1022.7663,3.791086,1361.1835,27.680672,1459.8815,26.568186,1547.2305,137.93541,1439.564,68.12036,1897.1486,202.84058,2266.4758,124.727234,2244.787,217.24112,1967.7136,84.3037,2366.1511,137.08339,2437.1128,199.42232
15084,1159.8964,292.10062,794.06244,120.83343,868.73804,156.35396,696.2237,125.66122,531.9923,30.405354,811.41125,269.65558,937.80634,448.3453,719.8603,90.94982,930.8282,91.862236,763.7814,43.355415,601.6201,140.28773,568.9423,0.8415486,617.74023,93.642494,775.6388,70.30963,1215.4161,239.25993,1875.6512,331.21356,1496.9357,75.79233,1547.7428,611.51215,1382.5118,440.54324
15085,1038.241,138.06198,1087.4083,213.8936,782.1674,137.0594,1098.5419,613.84393,794.40607,1.4350573,822.73724,172.24298,928.9136,74.59528,1213.0929,100.86374,1002.4808,21.169296,857.01587,88.80856,1066.1464,140.99472,1081.3116,66.406944,1138.3752,74.438805,990.2049,5.4518437,2008.262,48.705166,1481.4132,48.53487,2564.8586,155.48381,1656.8585,142.68298,1329.2327,131.27216
15086,1043.1771,177.29475,1106.3684,307.89374,1235.3799,417.69647,1237.0491,247.79053,1240.7665,278.41623,1052.7683,137.45262,1133.3138,49.29825,1560.0232,615.9074,1448.3054,2.427383,1750.1395,471.64667,1510.7487,62.05251,1572.8779,141.3563,1820.4031,356.81195,2027.6849,142.2612,2261.6255,248.2783,2398.417,43.21736,2347.0598,184.67468,2530.624,48.05848,2526.5483,253.7808
15087,934.24817,115.4124,1114.6095,18.095705,897.1971,87.41055,777.9862,76.64426,771.6528,106.73781,930.6932,129.12158,779.8415,21.199837,745.5281,51.476376,802.89514,33.05401,765.1151,23.001354,788.68085,36.90654,972.5074,204.79677,983.9941,4.228619,916.18414,15.429491,1124.5024,185.8239,1324.2827,380.96765,1201.0712,0.41804385,1479.642,194.07922,1719.4346,111.584984
15088,989.0513,295.3145,777.81793,99.99402,626.6371,1.4572166,765.8481,10.221569,842.6566,136.48532,859.99506,74.38235,848.9836,140.36266,899.61615,50.443005,793.61615,51.163555,871.60626,7.65663,949.7104,15.5097685,944.21985,30.016949,1209.5948,13.309237,1138.3096,54.151363,1841.8745,65.415115,1623.5298,106.6931,1940.8663,118.504395,2026.9552,157.45242,2043.818,103.19093
15089,1028.2053,68.92187,945.09906,143.85963,902.93964,30.074804,783.9344,4.0904036,775.9656,39.492477,767.65015,88.11276,737.86584,98.74487,717.5387,100.40476,808.0363,25.835062,766.16473,23.387388,693.9687,16.012455,914.94354,139.97511,839.5875,86.5109,923.5137,8.323755,1396.3995,249.28413,1737.0308,147.72227,2042.1603,204.16722,1936.3842,23.165997,1568.3041,109.49047
15090,882.86053,75.389595,789.5875,21.073673,743.5709,59.66946,690.3057,0.83868253,576.65137,119.623314,590.43286,35.096035,696.4725,30.455069,652.2157,83.198845,750.3171,80.94213,771.7699,110.530205,722.4618,15.476702,891.18353,154.10583,945.88055,75.960846,894.0513,131.39522,1481.8828,252.11322,1303.4594,195.96823,1482.7048,106.69149,1900.5376,1268.3826,1832.0796,463.82797
15091,914.64246,174.61145,981.9075,148.54225,793.5633,169.89326,669.7277,50.414276,828.3643,104.22394,841.47217,203.8841,649.4952,202.9408,997.3094,115.02049,857.24445,112.60866,679.8729,3.1077225,783.87524,5.601708,1193.749,59.83707,1422.9039,58.432507,1044.8365,50.86861,1319.0573,64.149635,1544.7834,90.263145,979.8392,140.08536,1268.4,173.62395,1340.1729,69.13047
16051,1671.0713,92.9373,1651.6505,73.66038,1554.3014,104.34741,1596.8921,62.851433,1672.8589,128.85216,1971.8798,176.77927,2078.1897,144.59576,2021.3066,116.75907,1956.1041,148.37442,1898.2433,141.43912,2356.423,109.29624,2680.4236,224.85783,2384.2683,311.19635,3341.3154,282.4965,3858.7004,235.53865,4065.4392,245.0942,3052.1917,195.37233,3118.291,169.49298,3121.9949,130.47636
16052,1267.7329,15.957463,1191.2704,0.29293743,1134.3324,34.046116,1132.9961,15.035222,1201.3191,85.48476,1215.1255,89.71451,1154.454,44.7524,1255.031,58.883022,1185.4805,20.808659,1239.9744,74.01732,1236.8674,115.13685,1083.8346,14.030553,1140.2778,66.94869,1380.2056,109.9499,1439.1836,82.951195,1376.5466,10.296777,1340.1614,25.95658,1471.5525,58.404312,1621.1049,2.561818
16053,1951.0101,23.050037,1988.1666,31.674269,1999.2347,4.381293,2117.2488,31.601366,2443.2554,75.03486,2325.926,68.21809,2601.4026,56.70449,2650.732,95.65194,2936.6672,305.9633,2779.5159,204.33525,3140.8542,459.26492,3459.0696,318.9119,3978.32,37.62795,4461.4683,171.67247,4489.4644,231.53886,4937.7695,37.397366,3612.2292,159.34993,3782.6562,25.394995,3274.94,26.69061
16054,1106.695,29.591478,1279.1473,24.178328,1165.4126,19.633663,1107.6548,49.554867,1030.2911,29.3926,1232.8723,30.203033,916.0883,39.78585,1548.2474,36.96404,1450.4027,142.6283,1251.273,57.13732,1298.9307,0.06301965,1504.237,4.4624243,1740.2404,79.94388,1679.3558,63.72266,1892.4421,77.36521,1958.9053,55.70338,2102.6948,3.1176121,2130.995,71.35327,2137.2979,68.106544
16055,1496.5394,38.08536,1470.5461,15.351435,1336.5908,1.4945083,1422.4989,14.446863,1480.2998,33.330208,1761.2991,111.28883,1854.1924,162.06807,1834.1555,32.84929,2020.6696,4.053977,2042.945,63.31817,2216.0195,62.279095,1988.2161,46.804333,2171.7,17.187244,3035.9678,322.1537,3344.777,183.14558,3435.116,298.3132,3171.8545,252.7306,3594.753,89.20514,3159.0835,91.025536
16056,1327.711,12.489217,1182.3082,33.559692,1017.45294,30.521257,1051.0616,97.273125,1369.5345,1.7185037,1268.8314,55.093174,1349.2775,21.265413,1333.3217,35.290882,1347.9569,28.920456,1535.6406,74.99701,1509.4694,93.61537,1443.6943,71.88996,1451.7856,133.79253,1526.937,65.654305,1714.1359,43.183968,2150.915,61.605995,1749.7614,97.32279,1667.7295,144.7345,1727.8397,40.247395
16061,1227.3173,159.66447,1250.877,40.292618,1128.3022,131.46288,1144.2903,212.88997,1149.6885,148.62427,1141.3652,127.46428,1040.0521,199.89365,914.3107,106.57414,1425.0535,24.009996,1456.9907,129.9085,1591.9135,89.08216,1218.0258,213.98798,1820.7772,447.19724,1784.3792,191.16484,1643.1038,17.99431,1875.4556,327.23688,1902.1432,24.392185,1877.8978,177.5046,2196.8093,369.07236
16062,1040.7296,29.195423,852.4421,42.383152,840.73145,51.58809,862.6873,25.113724,928.40686,20.4762,741.15283,202.03786,813.81433,286.26355,826.0154,166.82137,792.42773,99.58263,874.018,35.12683,826.02454,20.232471,872.7112,11.351576,954.62494,262.9372,1012.1628,188.86237,1069.9143,132.40572,1286.8671,153.33205,1496.4115,189.73164,1273.939,127.24382,1317.1567,239.02238
16063,1002.1667,22.683485,1018.1449,16.839544,1051.8247,13.776367,906.7532,4.9283104,914.85175,58.19999,1054.8138,398.74884,830.75836,75.35069,1107.7084,175.37656,1230.4838,255.36606,1126.8368,166.23943,1130.6711,153.53503,1210.2997,165.94197,1360.2108,34.69227,1379.6323,155.72809,1716.264,29.43908,1719.2435,58.03428,1761.1396,7.9871063,1704.439,65.13696,1788.626,146.55792
16064,930.20715,17.849983,964.9104,75.32495,938.69525,134.98225,996.2374,43.377373,928.39526,60.14059,939.3017,38.44054,867.3813,69.9828,805.6872,123.140335,932.9862,118.1994,1025.595,104.16316,987.8429,130.5676,937.362,129.1624,1266.0303,75.68376,1470.4663,337.6177,1538.8516,247.98018,1291.8374,95.49633,1349.031,1.0601695,1375.0923,32.50236,1620.65,42.884792
16065,827.3726,236.41174,821.26807,42.20525,844.4009,63.28214,776.8103,51.142117,652.506,41.776142,576.32166,172.54758,611.531,13.766798,543.9864,50.38641,983.32526,222.70058,904.82385,175.08339,706.7707,52.21716,696.255,71.748146,725.8785,80.985954,988.1113,103.068726,918.5614,112.21604,830.5697,116.89553,1039.8672,1.2189543,1234.3757,330.32245,1440.3942,162.0232
16066,767.5674,129.7468,997.2228,78.65719,629.31824,35.479202,570.5784,47.414875,1742.1465,405.9232,3936.8533,444.92087,2326.417,226.05846,1512.7125,116.09355,530.50305,179.87096,531.9536,104.60005,879.02673,256.15262,996.5757,371.13358,1477.4489,190.65399,1257.4111,255.771,1041.0815,140.48051,1040.9635,322.5399,1442.6274,8.368126,1169.6381,114.01712,1177.6705,35.89993
16067,1059.244,60.786064,1158.4092,105.57803,980.7059,114.81862,1046.62,2.9672072,1056.7229,96.42697,890.7725,79.3051,1002.5732,19.640953,1065.1783,13.873671,1067.8951,70.82504,890.8183,58.04436,796.378,116.99541,886.88464,207.7639,1308.227,86.37813,1671.7559,38.79794,1767.5173,75.770645,1687.649,82.589096,1556.1136,164.65002,1703.2917,60.720345,1585.6642,172.38115
16068,989.9747,64.28047,1067.0409,17.0345,877.9855,50.452625,844.83734,61.16831,891.98737,20.671452,760.3978,244.92346,689.8027,221.2995,684.07477,22.83252,1021.57874,41.451275,1085.5208,185.4515,1157.2083,66.402306,1029.2687,5.4259005,1472.8115,138.65855,1288.9468,74.17841,1341.2085,57.39017,1561.1521,293.3644,1557.9993,81.35214,1749.0021,28.271461,1885.3884,156.93341
16069,998.52014,87.40497,1053.5583,139.9299,842.0406,156.8644,789.685,36.466663,785.43335,103.00855,902.5944,1.9701858,840.00287,57.777943,898.7287,121.95914,1010.12085,49.03091,856.8782,83.56148,810.444,4.953815,853.5298,156.45897,1096.9478,347.47748,1193.213,218.5333,1475.9586,144.8147,1635.0398,120.507454,1488.5192,322.2641,1183.3774,116.383255,1485.0547,81.835144
16070,1478.0702,185.98204,1250.2616,3.775922,1289.1165,104.97537,1218.6008,60.521072,1268.6093,68.97221,1160.9816,164.42323,1234.0613,37.031525,1396.5249,4.178167,1473.3328,191.43817,1772.8452,5.894216,1443.2307,183.7,1492.2915,44.783287,1615.9742,127.723526,1695.0858,37.555767,2050.692,44.492188,2258.1763,53.19954,2270.42,98.94515,2014.5765,66.25789,2200.2786,32.851967
16071,921.5999,19.68736,1013.9121,2.307784,962.6858,7.3024178,943.7346,7.1878023,792.8545,29.40579,916.9232,12.007769,881.7388,9.963004,1020.26263,2.2114549,940.23474,42.8471,978.41766,6.5202427,1261.104,48.194195,1135.3691,17.123133,1414.1738,58.929203,1706.5743,186.28806,1612.3258,56.091316,1768.481,8.111487,1853.1915,19.32636,2018.5852,5.7496095,1834.2699,4.170261
16072,599.4394,29.500092,764.8472,26.384985,681.57336,87.72138,679.6879,72.8064,690.0195,26.85923,634.5558,88.84192,676.7289,59.769203,639.56757,37.235798,624.3583,26.033873,582.7668,15.054144,620.3576,58.57758,561.7532,67.256195,670.1987,57.04574,811.6386,105.0252,945.2405,211.24736,1145.4126,220.26021,857.2823,1.4278252,816.4275,310.0989,713.4118,322.6255
16073,1205.3931,93.517075,1184.7651,70.58098,1037.0264,83.382545,1078.1991,69.97796,1038.4827,32.353943,966.2773,24.848131,1139.8591,144.36801,708.0701,12.112452,869.88873,21.431505,957.71704,22.87694,949.91064,15.445264,935.30804,14.123776,1249.4437,57.576866,1196.9092,21.86776,1146.4307,210.90327,1643.9889,217.73897,1866.4393,323.96625,1697.9645,88.991486,2078.5837,182.56537
16074,1632.213,164.57271,1589.9769,72.81491,1455.8405,53.46539,1613.0266,148.67569,1914.5934,480.47696,2036.7592,543.306,2018.8796,511.83606,1765.6545,231.18991,2040.1053,46.14494,1952.5552,41.066586,1352.338,42.169037,1872.7122,237.24101,1848.6272,134.56511,1823.533,128.70512,1997.8245,138.83295,2623.097,60.020596,2906.9272,292.28885,3010.749,241.53622,2393.6282,493.78293
16075,1409.762,309.89444,969.0613,34.79675,842.0093,25.641285,1065.9678,70.388176,982.1417,26.999815,857.7346,53.683586,843.8354,118.00903,824.73,86.35242,804.1013,61.828484,900.47736,109.207565,875.54376,174.59676,756.4783,212.71432,1319.6179,73.621,1069.2183,81.543564,1341.6221,66.50786,1870.1626,243.30472,2091.4995,341.95392,1998.5579,158.16528,1979.8511,412.93457
16076,1030.7974,139.35106,936.6182,67.98519,833.2623,102.566086,794.2462,5.008864,615.5605,3.648872,590.5363,81.49803,763.4238,44.60631,777.49005,17.823332,948.9909,140.2463,922.46515,82.71471,905.8971,48.565998,885.46387,13.974142,903.86487,8.110011,957.8091,49.444008,937.4437,61.81481,1005.2516,26.44068,1464.6102,193.7018,1716.954,463.671,1484.1553,73.92649
16077,940.97394,2.9216425,799.13965,6.202442,701.6856,17.77761,728.0303,29.038704,700.8885,2.0858395,746.232,25.489601,853.0279,55.673977,883.1601,56.96731,986.7058,104.54254,1031.0126,35.001225,959.27606,55.60706,1025.1094,1.9721752,1395.4924,62.804245,1287.8949,114.480095,1576.8114,32.18169,1493.1176,46.393574,1511.3668,105.05676,1650.2794,277.195,1703.9203,4.7975926
