county_id,year,Obs,Radius,Obs_own,Radius_own,Effect_nown,lprice_qm,lprice_qm_se,price_qm,price_qm_se,target_x,target_y,target_id
01001,2007,43193.0,10.0,43193.0,10.0,0.0,1.6052796,0.010224421,5.04689,0.051601525,528196.37111,6070949.97091,01001
01001,2008,43193.0,10.0,43193.0,10.0,0.0,1.6536623,0.008564028,5.2970757,0.0453643,528196.37111,6070949.97091,01001
01001,2009,43193.0,10.0,43193.0,10.0,0.0,1.6787169,0.01779885,5.431468,0.09667388,528196.37111,6070949.97091,01001
01001,2010,43193.0,10.0,43193.0,10.0,0.0,1.7236843,0.009550173,5.6812816,0.054257225,528196.37111,6070949.97091,01001
01001,2011,43193.0,10.0,43193.0,10.0,0.0,1.7288305,0.011414024,5.710594,0.06518085,528196.37111,6070949.97091,01001
01001,2012,43193.0,10.0,43193.0,10.0,0.0,1.7590817,0.018998533,5.885986,0.11182509,528196.37111,6070949.97091,01001
01001,2013,43193.0,10.0,43193.0,10.0,0.0,1.7868593,0.014304659,6.0517764,0.0865686,528196.37111,6070949.97091,01001
01001,2014,43193.0,10.0,43193.0,10.0,0.0,1.8201963,0.011062588,6.2569246,0.06921778,528196.37111,6070949.97091,01001
01001,2015,43193.0,10.0,43193.0,10.0,0.0,1.8367296,0.009544822,6.3612328,0.060716838,528196.37111,6070949.97091,01001
01001,2016,43193.0,10.0,43193.0,10.0,0.0,1.9251246,0.0024929852,6.949135,0.01732409,528196.37111,6070949.97091,01001
01001,2017,43193.0,10.0,43193.0,10.0,0.0,1.953029,0.003412887,7.1457777,0.024387732,528196.37111,6070949.97091,01001
01001,2018,43193.0,10.0,43193.0,10.0,0.0,1.9956088,0.0034731242,7.456614,0.025897747,528196.37111,6070949.97091,01001
01001,2019,43193.0,10.0,43193.0,10.0,0.0,2.0447204,0.008688635,7.8319607,0.06804905,528196.37111,6070949.97091,01001
01001,2020,43193.0,10.0,43193.0,10.0,0.0,2.0880213,0.00904071,8.178541,0.07393982,528196.37111,6070949.97091,01001
01001,2021,43193.0,10.0,43193.0,10.0,0.0,2.1041489,0.015662702,8.311512,0.13018073,528196.37111,6070949.97091,01001
01001,2022,43193.0,10.0,43193.0,10.0,0.0,2.1446223,0.016138721,8.654807,0.13967751,528196.37111,6070949.97091,01001
01001,2023,43193.0,10.0,43193.0,10.0,0.0,2.19474,0.016136305,9.09962,0.14683424,528196.37111,6070949.97091,01001
01001,2024,43193.0,10.0,43193.0,10.0,0.0,2.2205613,0.013050709,9.337642,0.12186284,528196.37111,6070949.97091,01001
01001,2025,43193.0,10.0,43193.0,10.0,0.0,2.2495916,0.0114551885,9.61269,0.11011517,528196.37111,6070949.97091,01001
01002,2007,119192.0,10.0,119192.0,10.0,0.0,1.8605083,0.06090143,6.541492,0.3983862,573646.635133,6020244.30269,01002
01002,2008,119192.0,10.0,119192.0,10.0,0.0,1.8712956,0.04597883,6.6124387,0.30403218,573646.635133,6020244.30269,01002
01002,2009,119192.0,10.0,119192.0,10.0,0.0,1.8718197,0.027494198,6.615906,0.18189901,573646.635133,6020244.30269,01002
01002,2010,119192.0,10.0,119192.0,10.0,0.0,1.8902756,0.034652483,6.7391415,0.23352799,573646.635133,6020244.30269,01002
01002,2011,119192.0,10.0,119192.0,10.0,0.0,1.916691,0.0294538,6.91953,0.20380643,573646.635133,6020244.30269,01002
01002,2012,119192.0,10.0,119192.0,10.0,0.0,1.9366657,0.03176231,7.0591354,0.22421446,573646.635133,6020244.30269,01002
01002,2013,119192.0,10.0,119192.0,10.0,0.0,1.9721549,0.026110139,7.3141565,0.19097364,573646.635133,6020244.30269,01002
01002,2014,119192.0,10.0,119192.0,10.0,0.0,2.0142438,0.021570677,7.628572,0.16455346,573646.635133,6020244.30269,01002
01002,2015,119192.0,10.0,119192.0,10.0,0.0,1.991618,0.013598427,7.457908,0.10141582,573646.635133,6020244.30269,01002
01002,2016,119192.0,10.0,119192.0,10.0,0.0,2.023761,0.0061071636,7.7015214,0.047034454,573646.635133,6020244.30269,01002
01002,2017,119192.0,10.0,119192.0,10.0,0.0,2.1512263,0.021557556,8.748508,0.18859647,573646.635133,6020244.30269,01002
01002,2018,119192.0,10.0,119192.0,10.0,0.0,2.1812274,0.02255038,9.01495,0.20329054,573646.635133,6020244.30269,01002
01002,2019,119192.0,10.0,119192.0,10.0,0.0,2.2050617,0.026747677,9.232395,0.24694513,573646.635133,6020244.30269,01002
01002,2020,119192.0,10.0,119192.0,10.0,0.0,2.2360518,0.029350786,9.522987,0.27950716,573646.635133,6020244.30269,01002
01002,2021,119192.0,10.0,119192.0,10.0,0.0,2.275429,0.027878575,9.905458,0.27615005,573646.635133,6020244.30269,01002
01002,2022,119192.0,10.0,119192.0,10.0,0.0,2.3471386,0.030300653,10.641863,0.3224554,573646.635133,6020244.30269,01002
01002,2023,119192.0,10.0,119192.0,10.0,0.0,2.3572035,0.025630802,10.749512,0.2755186,573646.635133,6020244.30269,01002
01002,2024,119192.0,10.0,119192.0,10.0,0.0,2.4022472,0.01826442,11.2447815,0.20537941,573646.635133,6020244.30269,01002
01002,2025,119192.0,10.0,119192.0,10.0,0.0,2.4634213,0.019554155,11.954145,0.23375322,573646.635133,6020244.30269,01002
01003,2007,69172.0,10.0,69172.0,10.0,0.0,1.8882715,0.0044927513,6.722077,0.030200621,613573.181795,5970716.54198,01003
01003,2008,69172.0,10.0,69172.0,10.0,0.0,1.8933895,0.017009424,6.7565684,0.11492533,613573.181795,5970716.54198,01003
01003,2009,69172.0,10.0,69172.0,10.0,0.0,1.8676174,0.02685623,6.584662,0.1768392,613573.181795,5970716.54198,01003
01003,2010,69172.0,10.0,69172.0,10.0,0.0,1.9105854,0.028962342,6.873759,0.19908015,613573.181795,5970716.54198,01003
01003,2011,69172.0,10.0,69172.0,10.0,0.0,1.9315408,0.028337616,7.0193214,0.19891085,613573.181795,5970716.54198,01003
01003,2012,69172.0,10.0,69172.0,10.0,0.0,1.9512808,0.029659558,7.1592593,0.21234047,613573.181795,5970716.54198,01003
01003,2013,69172.0,10.0,69172.0,10.0,0.0,1.9607991,0.040361524,7.227728,0.2917221,613573.181795,5970716.54198,01003
01003,2014,69172.0,10.0,69172.0,10.0,0.0,2.0166757,0.029464198,7.6430855,0.22519739,613573.181795,5970716.54198,01003
01003,2015,69172.0,10.0,69172.0,10.0,0.0,2.0102637,0.023809137,7.594234,0.18081215,613573.181795,5970716.54198,01003
01003,2016,69172.0,10.0,69172.0,10.0,0.0,2.0224957,0.03968689,7.687698,0.3051008,613573.181795,5970716.54198,01003
01003,2017,69172.0,10.0,69172.0,10.0,0.0,2.104094,0.0388588,8.341305,0.3241331,613573.181795,5970716.54198,01003
01003,2018,69172.0,10.0,69172.0,10.0,0.0,2.1449933,0.03862266,8.689532,0.33561283,613573.181795,5970716.54198,01003
01003,2019,69172.0,10.0,69172.0,10.0,0.0,2.1659873,0.027980816,8.873887,0.2482986,613573.181795,5970716.54198,01003
01003,2020,69172.0,10.0,69172.0,10.0,0.0,2.2519488,0.038643233,9.670447,0.37369734,613573.181795,5970716.54198,01003
01003,2021,69172.0,10.0,69172.0,10.0,0.0,2.299411,0.037182547,10.140493,0.3770494,613573.181795,5970716.54198,01003
01003,2022,69172.0,10.0,69172.0,10.0,0.0,2.3456838,0.02031069,10.6207485,0.21571475,613573.181795,5970716.54198,01003
01003,2023,69172.0,10.0,69172.0,10.0,0.0,2.4258044,0.026050894,11.506706,0.29975998,613573.181795,5970716.54198,01003
01003,2024,69172.0,10.0,69172.0,10.0,0.0,2.4244037,0.016585967,11.4906,0.19058271,613573.181795,5970716.54198,01003
01003,2025,69172.0,10.0,69172.0,10.0,0.0,2.5046957,0.014946529,12.451253,0.186103,613573.181795,5970716.54198,01003
01004,2007,31980.0,10.0,31980.0,10.0,0.0,1.5929058,0.0034794,4.9790244,0.017324017,564418.886139,5992972.28616,01004
01004,2008,31980.0,10.0,31980.0,10.0,0.0,1.5926237,0.010323953,4.97762,0.051388714,564418.886139,5992972.28616,01004
01004,2009,31980.0,10.0,31980.0,10.0,0.0,1.616829,0.0052873343,5.099575,0.026963158,564418.886139,5992972.28616,01004
01004,2010,31980.0,10.0,31980.0,10.0,0.0,1.6093234,0.0017565303,5.061443,0.008890578,564418.886139,5992972.28616,01004
01004,2011,31980.0,10.0,31980.0,10.0,0.0,1.6310098,0.011867419,5.1724057,0.06138311,564418.886139,5992972.28616,01004
01004,2012,31980.0,10.0,31980.0,10.0,0.0,1.6496716,0.0062905014,5.2698383,0.033149924,564418.886139,5992972.28616,01004
01004,2013,31980.0,10.0,31980.0,10.0,0.0,1.6488285,0.0005668134,5.2653975,0.002984498,564418.886139,5992972.28616,01004
01004,2014,31980.0,10.0,31980.0,10.0,0.0,1.6932448,0.0022455638,5.5045385,0.012360793,564418.886139,5992972.28616,01004
01004,2015,31980.0,10.0,31980.0,10.0,0.0,1.6802504,0.009103848,5.433473,0.04946551,564418.886139,5992972.28616,01004
01004,2016,31980.0,10.0,31980.0,10.0,0.0,1.7805858,0.0082283765,6.006931,0.04942729,564418.886139,5992972.28616,01004
01004,2017,31980.0,10.0,31980.0,10.0,0.0,1.8399194,0.0072045773,6.37413,0.04592291,564418.886139,5992972.28616,01004
01004,2018,31980.0,10.0,31980.0,10.0,0.0,1.8631196,0.0065654144,6.52374,0.042831052,564418.886139,5992972.28616,01004
01004,2019,31980.0,10.0,31980.0,10.0,0.0,1.9198704,0.00560727,6.9046736,0.038716372,564418.886139,5992972.28616,01004
01004,2020,31980.0,10.0,31980.0,10.0,0.0,1.9310347,0.00093581044,6.982191,0.0065340074,564418.886139,5992972.28616,01004
01004,2021,31980.0,10.0,31980.0,10.0,0.0,1.983854,0.0068274075,7.3609004,0.050255865,564418.886139,5992972.28616,01004
01004,2022,31980.0,10.0,31980.0,10.0,0.0,2.0247083,0.024510328,7.6678505,0.18794152,564418.886139,5992972.28616,01004
01004,2023,31980.0,10.0,31980.0,10.0,0.0,2.0745013,0.0069279694,8.059321,0.055834733,564418.886139,5992972.28616,01004
01004,2024,31980.0,10.0,31980.0,10.0,0.0,2.1102657,0.005762288,8.352776,0.048131097,564418.886139,5992972.28616,01004
01004,2025,31980.0,10.0,31980.0,10.0,0.0,2.1450896,0.009731299,8.648775,0.08416382,564418.886139,5992972.28616,01004
01051,2007,19338.0,25.0,3617.0,10.0,-0.06737065,1.4962152,0.018180957,4.528099,0.08232517,508570.248839,5973643.61317,01051
01051,2008,19338.0,25.0,3617.0,10.0,-0.06737065,1.5271902,0.005619353,4.670552,0.02624548,508570.248839,5973643.61317,01051
01051,2009,19338.0,25.0,3617.0,10.0,-0.06737065,1.487879,0.00012215445,4.490509,0.00054853567,508570.248839,5973643.61317,01051
01051,2010,19338.0,25.0,3617.0,10.0,-0.06737065,1.4731212,0.01848002,4.4247255,0.08176901,508570.248839,5973643.61317,01051
01051,2011,19338.0,25.0,3617.0,10.0,-0.06737065,1.4739841,0.0055217464,4.4285455,0.024453303,508570.248839,5973643.61317,01051
01051,2012,19338.0,25.0,3617.0,10.0,-0.06737065,1.5019203,0.0034159468,4.5540066,0.015556244,508570.248839,5973643.61317,01051
01051,2013,19338.0,25.0,3617.0,10.0,-0.06737065,1.4626652,0.0019008684,4.378701,0.008323335,508570.248839,5973643.61317,01051
01051,2014,19338.0,25.0,3617.0,10.0,-0.06737065,1.5337938,0.029406792,4.7014966,0.13825592,508570.248839,5973643.61317,01051
01051,2015,19338.0,25.0,3617.0,10.0,-0.06737065,1.5619272,0.010621344,4.835644,0.051361036,508570.248839,5973643.61317,01051
01051,2016,19338.0,25.0,3617.0,10.0,-0.06737065,1.632229,0.025161633,5.1878324,0.13053432,508570.248839,5973643.61317,01051
01051,2017,19338.0,25.0,3617.0,10.0,-0.06737065,1.653167,0.047151286,5.2976007,0.2497887,508570.248839,5973643.61317,01051
01051,2018,19338.0,25.0,3617.0,10.0,-0.06737065,1.7130207,0.060087636,5.624363,0.33795467,508570.248839,5973643.61317,01051
01051,2019,19338.0,25.0,3617.0,10.0,-0.06737065,1.7377937,0.052321944,5.765435,0.3016588,508570.248839,5973643.61317,01051
01051,2020,19338.0,25.0,3617.0,10.0,-0.06737065,1.7828286,0.0023307202,6.0310163,0.014056612,508570.248839,5973643.61317,01051
01051,2021,19338.0,25.0,3617.0,10.0,-0.06737065,1.8348581,0.0004164917,6.353114,0.0026460192,508570.248839,5973643.61317,01051
01051,2022,19338.0,25.0,3617.0,10.0,-0.06737065,1.9382609,0.014486055,7.04521,0.1020573,508570.248839,5973643.61317,01051
01051,2023,19338.0,25.0,3617.0,10.0,-0.06737065,2.008467,0.03919451,7.5576015,0.2962165,508570.248839,5973643.61317,01051
01051,2024,19338.0,25.0,3617.0,10.0,-0.06737065,2.0349784,0.04966642,7.760645,0.38544345,508570.248839,5973643.61317,01051
01051,2025,19338.0,25.0,3617.0,10.0,-0.06737065,2.116532,0.005652926,8.420079,0.047598083,508570.248839,5973643.61317,01051
01053,2007,19853.0,10.0,19853.0,10.0,0.0,1.8266666,0.0022508907,6.285789,0.014148624,592262.480729,5921182.52452,01053
01053,2008,19853.0,10.0,19853.0,10.0,0.0,1.8067071,0.005480114,6.161572,0.033766117,592262.480729,5921182.52452,01053
01053,2009,19853.0,10.0,19853.0,10.0,0.0,1.7575674,0.00063836324,5.866112,0.0037447105,592262.480729,5921182.52452,01053
01053,2010,19853.0,10.0,19853.0,10.0,0.0,1.7660905,0.006915121,5.916324,0.040912095,592262.480729,5921182.52452,01053
01053,2011,19853.0,10.0,19853.0,10.0,0.0,1.7598889,0.009178108,5.8797464,0.053964946,592262.480729,5921182.52452,01053
01053,2012,19853.0,10.0,19853.0,10.0,0.0,1.805978,0.0062969713,6.1570807,0.03877096,592262.480729,5921182.52452,01053
01053,2013,19853.0,10.0,19853.0,10.0,0.0,1.8390111,0.0034823942,6.363865,0.022161486,592262.480729,5921182.52452,01053
01053,2014,19853.0,10.0,19853.0,10.0,0.0,1.9012053,0.0054689464,6.772228,0.03703695,592262.480729,5921182.52452,01053
01053,2015,19853.0,10.0,19853.0,10.0,0.0,1.9563361,0.0044124215,7.1560698,0.031575594,592262.480729,5921182.52452,01053
01053,2016,19853.0,10.0,19853.0,10.0,0.0,1.9894291,0.008220014,7.3968477,0.06080219,592262.480729,5921182.52452,01053
01053,2017,19853.0,10.0,19853.0,10.0,0.0,2.0390036,0.008100421,7.7727833,0.062962815,592262.480729,5921182.52452,01053
01053,2018,19853.0,10.0,19853.0,10.0,0.0,2.0938933,0.006739674,8.211356,0.055341862,592262.480729,5921182.52452,01053
01053,2019,19853.0,10.0,19853.0,10.0,0.0,2.1495473,0.003144061,8.681308,0.027294561,592262.480729,5921182.52452,01053
01053,2020,19853.0,10.0,19853.0,10.0,0.0,2.1807468,0.000740033,8.956429,0.0066280523,592262.480729,5921182.52452,01053
01053,2021,19853.0,10.0,19853.0,10.0,0.0,2.218529,0.0029862141,9.301297,0.027775666,592262.480729,5921182.52452,01053
01053,2022,19853.0,10.0,19853.0,10.0,0.0,2.255786,0.0058377087,9.65437,0.0563594,592262.480729,5921182.52452,01053
01053,2023,19853.0,10.0,19853.0,10.0,0.0,2.3234491,0.0045831236,10.330222,0.04734469,592262.480729,5921182.52452,01053
01053,2024,19853.0,10.0,19853.0,10.0,0.0,2.3211267,0.014073571,10.30626,0.14504588,592262.480729,5921182.52452,01053
01053,2025,19853.0,10.0,19853.0,10.0,0.0,2.412437,0.007699314,11.29163,0.0869378,592262.480729,5921182.52452,01053
01054,2007,20223.0,25.0,2213.0,10.0,0.0855114,1.5229515,0.080310196,4.6618147,0.37439126,506007.448721,6025470.33314,01054
01054,2008,20223.0,25.0,2213.0,10.0,0.0855114,1.5433923,0.09137163,4.7580867,0.43475416,506007.448721,6025470.33314,01054
01054,2009,20223.0,25.0,2213.0,10.0,0.0855114,1.5814267,0.06851048,4.9425435,0.33861604,506007.448721,6025470.33314,01054
01054,2010,20223.0,25.0,2213.0,10.0,0.0855114,1.5951314,0.11242733,5.0107455,0.5633448,506007.448721,6025470.33314,01054
01054,2011,20223.0,25.0,2213.0,10.0,0.0855114,1.6394416,0.010570862,5.2377653,0.055367697,506007.448721,6025470.33314,01054
01054,2012,20223.0,25.0,2213.0,10.0,0.0855114,1.6992105,0.009985164,5.560366,0.055521164,506007.448721,6025470.33314,01054
01054,2013,20223.0,25.0,2213.0,10.0,0.0855114,1.7186736,0.0031880587,5.6696477,0.01807517,506007.448721,6025470.33314,01054
01054,2014,20223.0,25.0,2213.0,10.0,0.0855114,1.7067772,0.0073749083,5.602599,0.041318655,506007.448721,6025470.33314,01054
01054,2015,20223.0,25.0,2213.0,10.0,0.0855114,1.7383157,0.014030551,5.7821126,0.08112622,506007.448721,6025470.33314,01054
01054,2016,20223.0,25.0,2213.0,10.0,0.0855114,1.7670465,0.026222825,5.9506464,0.15604277,506007.448721,6025470.33314,01054
01054,2017,20223.0,25.0,2213.0,10.0,0.0855114,1.7877117,0.035270516,6.0748973,0.21426477,506007.448721,6025470.33314,01054
01054,2018,20223.0,25.0,2213.0,10.0,0.0855114,1.8306161,0.041011732,6.3412094,0.26006398,506007.448721,6025470.33314,01054
01054,2019,20223.0,25.0,2213.0,10.0,0.0855114,1.936407,0.0790182,7.048821,0.55698514,506007.448721,6025470.33314,01054
01054,2020,20223.0,25.0,2213.0,10.0,0.0855114,1.9712111,0.056560706,7.2984676,0.41280648,506007.448721,6025470.33314,01054
01054,2021,20223.0,25.0,2213.0,10.0,0.0855114,1.9255677,0.025993876,6.97283,0.18125087,506007.448721,6025470.33314,01054
01054,2022,20223.0,25.0,2213.0,10.0,0.0855114,1.9661651,0.035316665,7.261732,0.25646016,506007.448721,6025470.33314,01054
01054,2023,20223.0,25.0,2213.0,10.0,0.0855114,2.0826232,0.003970506,8.158634,0.032393906,506007.448721,6025470.33314,01054
01054,2024,20223.0,25.0,2213.0,10.0,0.0855114,2.1572983,0.04403246,8.791204,0.38709834,506007.448721,6025470.33314,01054
01054,2025,20223.0,25.0,2213.0,10.0,0.0855114,2.197145,0.038389355,9.148577,0.35120797,506007.448721,6025470.33314,01054
01055,2007,110312.0,25.0,2365.0,10.0,0.13843767,1.7041767,0.05536575,5.612336,0.31073117,602737.371332,5984876.87961,01055
01055,2008,110312.0,25.0,2365.0,10.0,0.13843767,1.6986881,0.029719781,5.581617,0.16588444,602737.371332,5984876.87961,01055
01055,2009,110312.0,25.0,2365.0,10.0,0.13843767,1.7408719,0.0050345166,5.8221073,0.029311497,602737.371332,5984876.87961,01055
01055,2010,110312.0,25.0,2365.0,10.0,0.13843767,1.7866504,0.021845864,6.0948296,0.13314682,602737.371332,5984876.87961,01055
01055,2011,110312.0,25.0,2365.0,10.0,0.13843767,1.7704445,0.017803803,5.996854,0.1067668,602737.371332,5984876.87961,01055
01055,2012,110312.0,25.0,2365.0,10.0,0.13843767,1.7796074,0.020771662,6.052055,0.12571123,602737.371332,5984876.87961,01055
01055,2013,110312.0,25.0,2365.0,10.0,0.13843767,1.7894975,0.0009918844,6.1122065,0.0060626026,602737.371332,5984876.87961,01055
01055,2014,110312.0,25.0,2365.0,10.0,0.13843767,1.8416741,0.05116631,6.439587,0.32948992,602737.371332,5984876.87961,01055
01055,2015,110312.0,25.0,2365.0,10.0,0.13843767,1.8690623,0.021553876,6.6183934,0.14265202,602737.371332,5984876.87961,01055
01055,2016,110312.0,25.0,2365.0,10.0,0.13843767,1.8685272,0.020067448,6.614853,0.13274321,602737.371332,5984876.87961,01055
01055,2017,110312.0,25.0,2365.0,10.0,0.13843767,1.9351194,0.021595715,7.070349,0.15268923,602737.371332,5984876.87961,01055
01055,2018,110312.0,25.0,2365.0,10.0,0.13843767,1.9833207,0.025230309,7.419496,0.18719618,602737.371332,5984876.87961,01055
01055,2019,110312.0,25.0,2365.0,10.0,0.13843767,2.0668125,0.041187488,8.065558,0.33220008,602737.371332,5984876.87961,01055
01055,2020,110312.0,25.0,2365.0,10.0,0.13843767,2.1476223,0.005722307,8.744393,0.050038107,602737.371332,5984876.87961,01055
01055,2021,110312.0,25.0,2365.0,10.0,0.13843767,2.1803956,0.0020077361,9.035724,0.018141348,602737.371332,5984876.87961,01055
01055,2022,110312.0,25.0,2365.0,10.0,0.13843767,2.1875496,0.008886189,9.100597,0.08086963,602737.371332,5984876.87961,01055
01055,2023,110312.0,25.0,2365.0,10.0,0.13843767,2.2988653,0.018240148,10.172173,0.18554194,602737.371332,5984876.87961,01055
01055,2024,110312.0,25.0,2365.0,10.0,0.13843767,2.2896576,0.029219165,10.0789385,0.29449818,602737.371332,5984876.87961,01055
01055,2025,110312.0,25.0,2365.0,10.0,0.13843767,2.3974044,0.016015857,11.225576,0.17978723,602737.371332,5984876.87961,01055
01056,2007,21607.0,10.0,21607.0,10.0,0.0,1.7196746,0.0073726512,5.6531377,0.041678615,550948.283368,5961376.66685,01056
01056,2008,21607.0,10.0,21607.0,10.0,0.0,1.7332429,0.0057451418,5.730364,0.032921754,550948.283368,5961376.66685,01056
01056,2009,21607.0,10.0,21607.0,10.0,0.0,1.7356483,0.017253494,5.7441635,0.09910689,550948.283368,5961376.66685,01056
01056,2010,21607.0,10.0,21607.0,10.0,0.0,1.7519171,0.009151555,5.8383794,0.053430248,550948.283368,5961376.66685,01056
01056,2011,21607.0,10.0,21607.0,10.0,0.0,1.7675602,0.037721284,5.9304276,0.22370334,550948.283368,5961376.66685,01056
01056,2012,21607.0,10.0,21607.0,10.0,0.0,1.775067,0.005399097,5.9751134,0.032260217,550948.283368,5961376.66685,01056
01056,2013,21607.0,10.0,21607.0,10.0,0.0,1.8102276,0.019624857,6.1889396,0.121457055,550948.283368,5961376.66685,01056
01056,2014,21607.0,10.0,21607.0,10.0,0.0,1.8532823,0.000504464,6.4612217,0.0032594537,550948.283368,5961376.66685,01056
01056,2015,21607.0,10.0,21607.0,10.0,0.0,1.836242,0.021105597,6.3520527,0.13406387,550948.283368,5961376.66685,01056
01056,2016,21607.0,10.0,21607.0,10.0,0.0,1.881615,0.012944606,6.646904,0.08604155,550948.283368,5961376.66685,01056
01056,2017,21607.0,10.0,21607.0,10.0,0.0,1.9227316,0.024472307,6.925898,0.1694927,550948.283368,5961376.66685,01056
01056,2018,21607.0,10.0,21607.0,10.0,0.0,1.9508497,0.025480418,7.1234045,0.18150733,550948.283368,5961376.66685,01056
01056,2019,21607.0,10.0,21607.0,10.0,0.0,2.0135305,0.0077041355,7.584195,0.05842967,550948.283368,5961376.66685,01056
01056,2020,21607.0,10.0,21607.0,10.0,0.0,2.073375,0.028221525,8.051925,0.2272376,550948.283368,5961376.66685,01056
01056,2021,21607.0,10.0,21607.0,10.0,0.0,2.1336162,0.013215603,8.551891,0.11301839,550948.283368,5961376.66685,01056
01056,2022,21607.0,10.0,21607.0,10.0,0.0,2.1894102,0.011878408,9.042597,0.10741165,550948.283368,5961376.66685,01056
01056,2023,21607.0,10.0,21607.0,10.0,0.0,2.2425845,0.0063224933,9.536443,0.0602941,550948.283368,5961376.66685,01056
01056,2024,21607.0,10.0,21607.0,10.0,0.0,2.2810776,0.011224663,9.910687,0.11124413,550948.283368,5961376.66685,01056
01056,2025,21607.0,10.0,21607.0,10.0,0.0,2.341009,0.0059957886,10.522806,0.06309252,550948.283368,5961376.66685,01056
01057,2007,139726.0,25.0,7396.0,10.0,-0.113801785,1.6193938,0.015714979,5.1437907,0.08083456,586802.138002,6000889.52921,01057
01057,2008,139726.0,25.0,7396.0,10.0,-0.113801785,1.6228379,0.011483211,5.1615367,0.05927102,586802.138002,6000889.52921,01057
01057,2009,139726.0,25.0,7396.0,10.0,-0.113801785,1.589554,0.008152165,4.992568,0.040700242,586802.138002,6000889.52921,01057
01057,2010,139726.0,25.0,7396.0,10.0,-0.113801785,1.5938452,0.01848597,5.014039,0.09268937,586802.138002,6000889.52921,01057
01057,2011,139726.0,25.0,7396.0,10.0,-0.113801785,1.6685288,0.013583053,5.402843,0.0733871,586802.138002,6000889.52921,01057
01057,2012,139726.0,25.0,7396.0,10.0,-0.113801785,1.6482996,0.019524522,5.2946453,0.10337542,586802.138002,6000889.52921,01057
01057,2013,139726.0,25.0,7396.0,10.0,-0.113801785,1.6595994,0.0035421983,5.3548136,0.018967811,586802.138002,6000889.52921,01057
01057,2014,139726.0,25.0,7396.0,10.0,-0.113801785,1.6837969,0.021652168,5.4859667,0.11878308,586802.138002,6000889.52921,01057
01057,2015,139726.0,25.0,7396.0,10.0,-0.113801785,1.715882,0.02822957,5.664839,0.15991595,586802.138002,6000889.52921,01057
01057,2016,139726.0,25.0,7396.0,10.0,-0.113801785,1.696433,0.017952109,5.555728,0.09973703,586802.138002,6000889.52921,01057
01057,2017,139726.0,25.0,7396.0,10.0,-0.113801785,1.692774,0.028542899,5.5354366,0.15799741,586802.138002,6000889.52921,01057
01057,2018,139726.0,25.0,7396.0,10.0,-0.113801785,1.7359376,0.032276403,5.7795978,0.18654463,586802.138002,6000889.52921,01057
01057,2019,139726.0,25.0,7396.0,10.0,-0.113801785,1.8053917,0.07155186,6.1952825,0.44328395,586802.138002,6000889.52921,01057
01057,2020,139726.0,25.0,7396.0,10.0,-0.113801785,1.90965,0.017915301,6.8760643,0.12318676,586802.138002,6000889.52921,01057
01057,2021,139726.0,25.0,7396.0,10.0,-0.113801785,1.932103,0.02068364,7.032199,0.14545149,586802.138002,6000889.52921,01057
01057,2022,139726.0,25.0,7396.0,10.0,-0.113801785,2.0044177,0.008463455,7.559569,0.06398008,586802.138002,6000889.52921,01057
01057,2023,139726.0,25.0,7396.0,10.0,-0.113801785,2.0657384,0.01144361,8.037635,0.09197956,586802.138002,6000889.52921,01057
01057,2024,139726.0,25.0,7396.0,10.0,-0.113801785,2.1104872,0.032054774,8.405478,0.2694357,586802.138002,6000889.52921,01057
01057,2025,139726.0,25.0,7396.0,10.0,-0.113801785,2.200704,0.038642984,9.199053,0.35547885,586802.138002,6000889.52921,01057
01058,2007,98430.0,10.0,98430.0,10.0,0.0,2.0301917,0.21768114,7.759928,1.68919,571744.450955,6028015.19338,01058
01058,2008,98430.0,10.0,98430.0,10.0,0.0,2.0271704,0.18345729,7.7365184,1.4193206,571744.450955,6028015.19338,01058
01058,2009,98430.0,10.0,98430.0,10.0,0.0,1.9239058,0.18056516,6.977476,1.2598891,571744.450955,6028015.19338,01058
01058,2010,98430.0,10.0,98430.0,10.0,0.0,1.9095155,0.1820027,6.8777866,1.2517756,571744.450955,6028015.19338,01058
01058,2011,98430.0,10.0,98430.0,10.0,0.0,1.9001799,0.16291294,6.8138776,1.1100688,571744.450955,6028015.19338,01058
01058,2012,98430.0,10.0,98430.0,10.0,0.0,1.8635594,0.12717777,6.5688634,0.83541346,571744.450955,6028015.19338,01058
01058,2013,98430.0,10.0,98430.0,10.0,0.0,1.9281914,0.1309123,7.0074425,0.9173604,571744.450955,6028015.19338,01058
01058,2014,98430.0,10.0,98430.0,10.0,0.0,2.0051095,0.1680585,7.567713,1.2718184,571744.450955,6028015.19338,01058
01058,2015,98430.0,10.0,98430.0,10.0,0.0,2.0097513,0.16055559,7.602923,1.2206918,571744.450955,6028015.19338,01058
01058,2016,98430.0,10.0,98430.0,10.0,0.0,2.0228922,0.10333599,7.703492,0.79604805,571744.450955,6028015.19338,01058
01058,2017,98430.0,10.0,98430.0,10.0,0.0,2.1713858,0.1604791,8.936708,1.4341549,571744.450955,6028015.19338,01058
01058,2018,98430.0,10.0,98430.0,10.0,0.0,2.1889951,0.15912159,9.095469,1.4472855,571744.450955,6028015.19338,01058
01058,2019,98430.0,10.0,98430.0,10.0,0.0,2.198264,0.16375816,9.180166,1.503327,571744.450955,6028015.19338,01058
01058,2020,98430.0,10.0,98430.0,10.0,0.0,2.2416034,0.1670868,9.586777,1.6018238,571744.450955,6028015.19338,01058
01058,2021,98430.0,10.0,98430.0,10.0,0.0,2.3206303,0.17434448,10.375131,1.8088467,571744.450955,6028015.19338,01058
01058,2022,98430.0,10.0,98430.0,10.0,0.0,2.3843436,0.21528637,11.057678,2.3805673,571744.450955,6028015.19338,01058
01058,2023,98430.0,10.0,98430.0,10.0,0.0,2.442167,0.21111132,11.715918,2.4733627,571744.450955,6028015.19338,01058
01058,2024,98430.0,10.0,98430.0,10.0,0.0,2.460678,0.15282755,11.934812,1.823968,571744.450955,6028015.19338,01058
01058,2025,98430.0,10.0,98430.0,10.0,0.0,2.4786975,0.15080962,12.151819,1.8326112,571744.450955,6028015.19338,01058
01059,2007,14594.0,25.0,3084.0,10.0,-0.0930891,1.5004034,0.033137254,4.5676184,0.15135834,561450.999533,6057634.23942,01059
01059,2008,14594.0,25.0,3084.0,10.0,-0.0930891,1.561392,0.020871624,4.854861,0.10132883,561450.999533,6057634.23942,01059
01059,2009,14594.0,25.0,3084.0,10.0,-0.0930891,1.5950997,0.0083917165,5.0212965,0.0421373,561450.999533,6057634.23942,01059
01059,2010,14594.0,25.0,3084.0,10.0,-0.0930891,1.6230694,0.028150382,5.1637235,0.1453608,561450.999533,6057634.23942,01059
01059,2011,14594.0,25.0,3084.0,10.0,-0.0930891,1.5587896,0.0104340175,4.8422437,0.050524052,561450.999533,6057634.23942,01059
01059,2012,14594.0,25.0,3084.0,10.0,-0.0930891,1.5885681,0.02449388,4.988607,0.122190334,561450.999533,6057634.23942,01059
01059,2013,14594.0,25.0,3084.0,10.0,-0.0930891,1.7274001,0.031142794,5.731565,0.17849694,561450.999533,6057634.23942,01059
01059,2014,14594.0,25.0,3084.0,10.0,-0.0930891,1.6818569,0.0041110534,5.4763856,0.022513714,561450.999533,6057634.23942,01059
01059,2015,14594.0,25.0,3084.0,10.0,-0.0930891,1.7119194,0.060454763,5.6435194,0.34117764,561450.999533,6057634.23942,01059
01059,2016,14594.0,25.0,3084.0,10.0,-0.0930891,1.7353001,0.04759511,5.7770233,0.27495807,561450.999533,6057634.23942,01059
01059,2017,14594.0,25.0,3084.0,10.0,-0.0930891,1.754418,0.027602723,5.8885307,0.16253948,561450.999533,6057634.23942,01059
01059,2018,14594.0,25.0,3084.0,10.0,-0.0930891,1.7744865,0.023273977,6.007899,0.1398277,561450.999533,6057634.23942,01059
01059,2019,14594.0,25.0,3084.0,10.0,-0.0930891,1.8447939,0.03823967,6.445502,0.24647386,561450.999533,6057634.23942,01059
01059,2020,14594.0,25.0,3084.0,10.0,-0.0930891,1.9397191,0.018718733,7.087322,0.13266568,561450.999533,6057634.23942,01059
01059,2021,14594.0,25.0,3084.0,10.0,-0.0930891,2.0005116,0.034904312,7.531545,0.2628834,561450.999533,6057634.23942,01059
01059,2022,14594.0,25.0,3084.0,10.0,-0.0930891,2.167689,0.02324362,8.902015,0.20691504,561450.999533,6057634.23942,01059
01059,2023,14594.0,25.0,3084.0,10.0,-0.0930891,2.2222874,0.0030627197,9.401564,0.028794354,561450.999533,6057634.23942,01059
01059,2024,14594.0,25.0,3084.0,10.0,-0.0930891,2.2636719,0.009523942,9.798804,0.093323246,561450.999533,6057634.23942,01059
01059,2025,14594.0,25.0,3084.0,10.0,-0.0930891,2.3177738,0.008576327,10.343541,0.08870959,561450.999533,6057634.23942,01059
01060,2007,11979.0,10.0,11979.0,10.0,0.0,1.8179388,0.011651057,6.2688713,0.07303897,559404.345216,5973999.23594,01060
01060,2008,11979.0,10.0,11979.0,10.0,0.0,1.8508273,0.011319163,6.478473,0.073330894,559404.345216,5973999.23594,01060
01060,2009,11979.0,10.0,11979.0,10.0,0.0,1.7838831,0.02045183,6.0589747,0.123917125,559404.345216,5973999.23594,01060
01060,2010,11979.0,10.0,11979.0,10.0,0.0,1.8603535,0.015434373,6.5404825,0.100948244,559404.345216,5973999.23594,01060
01060,2011,11979.0,10.0,11979.0,10.0,0.0,1.8760806,0.015024563,6.644159,0.09982559,559404.345216,5973999.23594,01060
01060,2012,11979.0,10.0,11979.0,10.0,0.0,1.9130145,0.005336829,6.894142,0.036792856,559404.345216,5973999.23594,01060
01060,2013,11979.0,10.0,11979.0,10.0,0.0,1.9067849,0.0038063521,6.851327,0.026078563,559404.345216,5973999.23594,01060
01060,2014,11979.0,10.0,11979.0,10.0,0.0,1.9100926,0.0005236845,6.874027,0.0035998211,559404.345216,5973999.23594,01060
01060,2015,11979.0,10.0,11979.0,10.0,0.0,1.9188321,0.0051517547,6.9343657,0.035724152,559404.345216,5973999.23594,01060
01060,2016,11979.0,10.0,11979.0,10.0,0.0,1.9592623,0.017536292,7.2204676,0.12662023,559404.345216,5973999.23594,01060
01060,2017,11979.0,10.0,11979.0,10.0,0.0,1.9829837,0.00293386,7.3937955,0.021692362,559404.345216,5973999.23594,01060
01060,2018,11979.0,10.0,11979.0,10.0,0.0,2.0322134,0.023441242,7.766898,0.18206574,559404.345216,5973999.23594,01060
01060,2019,11979.0,10.0,11979.0,10.0,0.0,2.0596874,0.023533203,7.9832435,0.18787129,559404.345216,5973999.23594,01060
01060,2020,11979.0,10.0,11979.0,10.0,0.0,2.1386826,0.015277724,8.63946,0.13199127,559404.345216,5973999.23594,01060
01060,2021,11979.0,10.0,11979.0,10.0,0.0,2.2118857,0.01699711,9.29562,0.15799867,559404.345216,5973999.23594,01060
01060,2022,11979.0,10.0,11979.0,10.0,0.0,2.240463,0.0036801596,9.565096,0.03520108,559404.345216,5973999.23594,01060
01060,2023,11979.0,10.0,11979.0,10.0,0.0,2.3015902,0.026153814,10.168022,0.26593256,559404.345216,5973999.23594,01060
01060,2024,11979.0,10.0,11979.0,10.0,0.0,2.3846817,0.0030644198,11.048992,0.033858754,559404.345216,5973999.23594,01060
01060,2025,11979.0,10.0,11979.0,10.0,0.0,2.4085283,0.033646256,11.3156395,0.3807289,559404.345216,5973999.23594,01060
01061,2007,73745.0,25.0,5588.0,10.0,0.155459,1.5948128,0.05364789,4.994142,0.2679252,528055.512055,5959547.68561,01061
01061,2008,73745.0,25.0,5588.0,10.0,0.155459,1.5873044,0.037400797,4.9567847,0.18538772,528055.512055,5959547.68561,01061
01061,2009,73745.0,25.0,5588.0,10.0,0.155459,1.6050615,0.0324874,5.0455894,0.16391808,528055.512055,5959547.68561,01061
01061,2010,73745.0,25.0,5588.0,10.0,0.155459,1.6376495,0.008253334,5.2127237,0.043022353,528055.512055,5959547.68561,01061
01061,2011,73745.0,25.0,5588.0,10.0,0.155459,1.6188865,0.0045329016,5.115829,0.023189548,528055.512055,5959547.68561,01061
01061,2012,73745.0,25.0,5588.0,10.0,0.155459,1.6363274,0.0047331876,5.205836,0.024640199,528055.512055,5959547.68561,01061
01061,2013,73745.0,25.0,5588.0,10.0,0.155459,1.6992855,0.019180112,5.5441227,0.1063369,528055.512055,5959547.68561,01061
01061,2014,73745.0,25.0,5588.0,10.0,0.155459,1.7006583,0.044832937,5.5517397,0.24890079,528055.512055,5959547.68561,01061
01061,2015,73745.0,25.0,5588.0,10.0,0.155459,1.7326816,0.007868109,5.732402,0.045103163,528055.512055,5959547.68561,01061
01061,2016,73745.0,25.0,5588.0,10.0,0.155459,1.7814033,0.007238792,6.0186095,0.04356746,528055.512055,5959547.68561,01061
01061,2017,73745.0,25.0,5588.0,10.0,0.155459,1.8231422,0.0073940437,6.275136,0.04639863,528055.512055,5959547.68561,01061
01061,2018,73745.0,25.0,5588.0,10.0,0.155459,1.8570122,0.018634906,6.491315,0.12096504,528055.512055,5959547.68561,01061
01061,2019,73745.0,25.0,5588.0,10.0,0.155459,1.8894413,0.010882509,6.7052727,0.07297019,528055.512055,5959547.68561,01061
01061,2020,73745.0,25.0,5588.0,10.0,0.155459,1.9275475,0.0018283658,6.9657154,0.012735876,528055.512055,5959547.68561,01061
01061,2021,73745.0,25.0,5588.0,10.0,0.155459,1.9729174,0.049274173,7.2890296,0.3591609,528055.512055,5959547.68561,01061
01061,2022,73745.0,25.0,5588.0,10.0,0.155459,1.9936717,0.057700917,7.4418883,0.42940378,528055.512055,5959547.68561,01061
01061,2023,73745.0,25.0,5588.0,10.0,0.155459,2.0004532,0.055852182,7.492528,0.41847405,528055.512055,5959547.68561,01061
01061,2024,73745.0,25.0,5588.0,10.0,0.155459,2.1233482,0.047750536,8.472293,0.4045565,528055.512055,5959547.68561,01061
01061,2025,73745.0,25.0,5588.0,10.0,0.155459,2.151559,0.07820136,8.714706,0.6815019,528055.512055,5959547.68561,01061
01062,2007,56054.0,10.0,56054.0,10.0,0.0,2.0620499,0.027028933,8.006166,0.21639815,581701.621238,5947344.71816,01062
01062,2008,56054.0,10.0,56054.0,10.0,0.0,2.0649498,0.02823301,8.029417,0.2266946,581701.621238,5947344.71816,01062
01062,2009,56054.0,10.0,56054.0,10.0,0.0,2.0481005,0.025402779,7.8952613,0.20056158,581701.621238,5947344.71816,01062
01062,2010,56054.0,10.0,56054.0,10.0,0.0,2.0628626,0.0043668873,8.012677,0.03499046,581701.621238,5947344.71816,01062
01062,2011,56054.0,10.0,56054.0,10.0,0.0,2.101494,0.0024131925,8.328275,0.02009773,581701.621238,5947344.71816,01062
01062,2012,56054.0,10.0,56054.0,10.0,0.0,2.1181548,0.010104474,8.468192,0.08556662,581701.621238,5947344.71816,01062
01062,2013,56054.0,10.0,56054.0,10.0,0.0,2.1206405,0.010856719,8.489268,0.092165604,581701.621238,5947344.71816,01062
01062,2014,56054.0,10.0,56054.0,10.0,0.0,2.1464424,0.008675309,8.711159,0.07557199,581701.621238,5947344.71816,01062
01062,2015,56054.0,10.0,56054.0,10.0,0.0,2.1775017,0.0019446407,8.985966,0.017474476,581701.621238,5947344.71816,01062
01062,2016,56054.0,10.0,56054.0,10.0,0.0,2.2174127,0.00039400952,9.351856,0.0036847205,581701.621238,5947344.71816,01062
01062,2017,56054.0,10.0,56054.0,10.0,0.0,2.237002,0.01373009,9.536859,0.13094193,581701.621238,5947344.71816,01062
01062,2018,56054.0,10.0,56054.0,10.0,0.0,2.2850785,0.014728518,10.006559,0.14738178,581701.621238,5947344.71816,01062
01062,2019,56054.0,10.0,56054.0,10.0,0.0,2.3404777,0.016163064,10.576556,0.17094956,581701.621238,5947344.71816,01062
01062,2020,56054.0,10.0,56054.0,10.0,0.0,2.3665535,0.025582097,10.855976,0.27771866,581701.621238,5947344.71816,01062
01062,2021,56054.0,10.0,56054.0,10.0,0.0,2.4259343,0.006894374,11.520137,0.07942413,581701.621238,5947344.71816,01062
01062,2022,56054.0,10.0,56054.0,10.0,0.0,2.4822164,0.03559465,12.187108,0.43379584,581701.621238,5947344.71816,01062
01062,2023,56054.0,10.0,56054.0,10.0,0.0,2.4697888,0.0079040285,12.03659,0.095137544,581701.621238,5947344.71816,01062
01062,2024,56054.0,10.0,56054.0,10.0,0.0,2.5151258,0.015352802,12.59485,0.19336623,581701.621238,5947344.71816,01062
01062,2025,56054.0,10.0,56054.0,10.0,0.0,2.5047932,0.07609289,12.465383,0.948527,581701.621238,5947344.71816,01062
02000,2007,371727.0,10.0,371727.0,10.0,0.0,2.208776,0.015947426,9.441229,0.1505633,568043.581836,5933344.18404,02000
02000,2008,371727.0,10.0,371727.0,10.0,0.0,2.272855,0.04080893,10.066017,0.41078344,568043.581836,5933344.18404,02000
02000,2009,371727.0,10.0,371727.0,10.0,0.0,2.3500202,0.024988372,10.873517,0.2717115,568043.581836,5933344.18404,02000
02000,2010,371727.0,10.0,371727.0,10.0,0.0,2.347782,0.045056455,10.849207,0.4888268,568043.581836,5933344.18404,02000
02000,2011,371727.0,10.0,371727.0,10.0,0.0,2.3772125,0.04389045,11.173249,0.49039894,568043.581836,5933344.18404,02000
02000,2012,371727.0,10.0,371727.0,10.0,0.0,2.4257903,0.0026313812,11.729423,0.030864581,568043.581836,5933344.18404,02000
02000,2013,371727.0,10.0,371727.0,10.0,0.0,2.3400295,0.013869705,10.765423,0.14931324,568043.581836,5933344.18404,02000
02000,2014,371727.0,10.0,371727.0,10.0,0.0,2.4624922,0.054609857,12.167912,0.6644879,568043.581836,5933344.18404,02000
02000,2015,371727.0,10.0,371727.0,10.0,0.0,2.4487743,0.03938744,12.002133,0.4727333,568043.581836,5933344.18404,02000
02000,2016,371727.0,10.0,371727.0,10.0,0.0,2.4223704,0.051811855,11.689378,0.6056484,568043.581836,5933344.18404,02000
02000,2017,371727.0,10.0,371727.0,10.0,0.0,2.616731,0.034475498,14.197147,0.48945373,568043.581836,5933344.18404,02000
02000,2018,371727.0,10.0,371727.0,10.0,0.0,2.683816,0.044447444,15.182234,0.6748115,568043.581836,5933344.18404,02000
02000,2019,371727.0,10.0,371727.0,10.0,0.0,2.7523456,0.036550824,16.259148,0.59428525,568043.581836,5933344.18404,02000
02000,2020,371727.0,10.0,371727.0,10.0,0.0,2.7931004,0.018876992,16.935474,0.3196908,568043.581836,5933344.18404,02000
02000,2021,371727.0,10.0,371727.0,10.0,0.0,2.7875519,0.02505032,16.841768,0.42189166,568043.581836,5933344.18404,02000
02000,2022,371727.0,10.0,371727.0,10.0,0.0,2.838346,0.023214687,17.71933,0.41134867,568043.581836,5933344.18404,02000
02000,2023,371727.0,10.0,371727.0,10.0,0.0,2.827297,0.014620395,17.524622,0.2562169,568043.581836,5933344.18404,02000
02000,2024,371727.0,10.0,371727.0,10.0,0.0,2.8277936,0.0035835207,17.533327,0.062831044,568043.581836,5933344.18404,02000
02000,2025,371727.0,10.0,371727.0,10.0,0.0,2.865775,0.018793434,18.21208,0.3422675,568043.581836,5933344.18404,02000
03101,2007,112483.0,10.0,112483.0,10.0,0.0,1.7136205,0.053356875,5.6343703,0.30063236,603989.810994,5792750.02725,03101
03101,2008,112483.0,10.0,112483.0,10.0,0.0,1.749381,0.024568714,5.839504,0.1434691,603989.810994,5792750.02725,03101
03101,2009,112483.0,10.0,112483.0,10.0,0.0,1.7679646,0.01745822,5.949038,0.10385961,603989.810994,5792750.02725,03101
03101,2010,112483.0,10.0,112483.0,10.0,0.0,1.7950344,0.020696947,6.1122766,0.12650546,603989.810994,5792750.02725,03101
03101,2011,112483.0,10.0,112483.0,10.0,0.0,1.8267359,0.012421036,6.3091483,0.07836616,603989.810994,5792750.02725,03101
03101,2012,112483.0,10.0,112483.0,10.0,0.0,1.8986356,0.012885284,6.7794805,0.08735553,603989.810994,5792750.02725,03101
03101,2013,112483.0,10.0,112483.0,10.0,0.0,1.9715059,0.017449453,7.291948,0.12724051,603989.810994,5792750.02725,03101
03101,2014,112483.0,10.0,112483.0,10.0,0.0,2.0433526,0.0120674,7.8351307,0.094549656,603989.810994,5792750.02725,03101
03101,2015,112483.0,10.0,112483.0,10.0,0.0,2.0509822,0.0109223155,7.8951387,0.0862332,603989.810994,5792750.02725,03101
03101,2016,112483.0,10.0,112483.0,10.0,0.0,2.066501,0.015243308,8.018617,0.12223024,603989.810994,5792750.02725,03101
03101,2017,112483.0,10.0,112483.0,10.0,0.0,2.1813588,0.0037176197,8.994593,0.033438474,603989.810994,5792750.02725,03101
03101,2018,112483.0,10.0,112483.0,10.0,0.0,2.175133,0.01869105,8.938768,0.16707496,603989.810994,5792750.02725,03101
03101,2019,112483.0,10.0,112483.0,10.0,0.0,2.1991713,0.013866666,9.156245,0.1269666,603989.810994,5792750.02725,03101
03101,2020,112483.0,10.0,112483.0,10.0,0.0,2.208665,0.011884946,9.243585,0.109859504,603989.810994,5792750.02725,03101
03101,2021,112483.0,10.0,112483.0,10.0,0.0,2.2003894,0.016905228,9.167406,0.15497708,603989.810994,5792750.02725,03101
03101,2022,112483.0,10.0,112483.0,10.0,0.0,2.2419958,0.017480982,9.556874,0.16706355,603989.810994,5792750.02725,03101
03101,2023,112483.0,10.0,112483.0,10.0,0.0,2.2555513,0.016922206,9.6873045,0.16393055,603989.810994,5792750.02725,03101
03101,2024,112483.0,10.0,112483.0,10.0,0.0,2.2863207,0.016935399,9.990009,0.1691848,603989.810994,5792750.02725,03101
03101,2025,112483.0,10.0,112483.0,10.0,0.0,2.32739,0.022754814,10.408834,0.2368511,603989.810994,5792750.02725,03101
03102,2007,22894.0,10.0,22894.0,10.0,0.0,1.5574764,0.02933303,4.796058,0.14068292,593840.075535,5775760.83914,03102
03102,2008,22894.0,10.0,22894.0,10.0,0.0,1.5521477,0.04431127,4.7705693,0.21138999,593840.075535,5775760.83914,03102
03102,2009,22894.0,10.0,22894.0,10.0,0.0,1.5467097,0.045622576,4.744697,0.21646531,593840.075535,5775760.83914,03102
03102,2010,22894.0,10.0,22894.0,10.0,0.0,1.5082726,0.039458957,4.565786,0.18016115,593840.075535,5775760.83914,03102
03102,2011,22894.0,10.0,22894.0,10.0,0.0,1.5023361,0.05538027,4.538761,0.25135782,593840.075535,5775760.83914,03102
03102,2012,22894.0,10.0,22894.0,10.0,0.0,1.5452935,0.01570227,4.7379827,0.07439709,593840.075535,5775760.83914,03102
03102,2013,22894.0,10.0,22894.0,10.0,0.0,1.5332793,0.027056968,4.6814003,0.12666449,593840.075535,5775760.83914,03102
03102,2014,22894.0,10.0,22894.0,10.0,0.0,1.5554556,0.047536492,4.786376,0.22752753,593840.075535,5775760.83914,03102
03102,2015,22894.0,10.0,22894.0,10.0,0.0,1.6319945,0.018888135,5.1671042,0.097596966,593840.075535,5775760.83914,03102
03102,2016,22894.0,10.0,22894.0,10.0,0.0,1.620229,0.034851156,5.106667,0.17797324,593840.075535,5775760.83914,03102
03102,2017,22894.0,10.0,22894.0,10.0,0.0,1.6860878,0.018543769,5.454308,0.10114343,593840.075535,5775760.83914,03102
03102,2018,22894.0,10.0,22894.0,10.0,0.0,1.6234866,0.05935243,5.12333,0.3040821,593840.075535,5775760.83914,03102
03102,2019,22894.0,10.0,22894.0,10.0,0.0,1.6723338,0.06851942,5.3798037,0.36862105,593840.075535,5775760.83914,03102
03102,2020,22894.0,10.0,22894.0,10.0,0.0,1.6563838,0.053780027,5.294676,0.2847478,593840.075535,5775760.83914,03102
03102,2021,22894.0,10.0,22894.0,10.0,0.0,1.6301507,0.048347324,5.157586,0.24935548,593840.075535,5775760.83914,03102
03102,2022,22894.0,10.0,22894.0,10.0,0.0,1.6663786,0.085611105,5.3478603,0.45783624,593840.075535,5775760.83914,03102
03102,2023,22894.0,10.0,22894.0,10.0,0.0,1.741494,0.04548537,5.76504,0.26222497,593840.075535,5775760.83914,03102
03102,2024,22894.0,10.0,22894.0,10.0,0.0,1.8473725,0.050174404,6.4089184,0.32156366,593840.075535,5775760.83914,03102
03102,2025,22894.0,10.0,22894.0,10.0,0.0,1.8284233,0.004150166,6.2886176,0.026098808,593840.075535,5775760.83914,03102
03103,2007,54757.0,10.0,54757.0,10.0,0.0,1.8273116,0.08020219,6.3239307,0.50719315,621411.292939,5808220.68519,03103
03103,2008,54757.0,10.0,54757.0,10.0,0.0,1.7283916,0.083103575,5.7283125,0.47604325,621411.292939,5808220.68519,03103
03103,2009,54757.0,10.0,54757.0,10.0,0.0,1.7015136,0.034190703,5.576398,0.19066097,621411.292939,5808220.68519,03103
03103,2010,54757.0,10.0,54757.0,10.0,0.0,1.7864963,0.020343062,6.0710135,0.12350301,621411.292939,5808220.68519,03103
03103,2011,54757.0,10.0,54757.0,10.0,0.0,1.7769885,0.04209217,6.0135655,0.25312403,621411.292939,5808220.68519,03103
03103,2012,54757.0,10.0,54757.0,10.0,0.0,1.8476748,0.025332125,6.4540267,0.1634942,621411.292939,5808220.68519,03103
03103,2013,54757.0,10.0,54757.0,10.0,0.0,2.0562007,0.010019901,7.9504623,0.07966285,621411.292939,5808220.68519,03103
03103,2014,54757.0,10.0,54757.0,10.0,0.0,2.1147068,0.020962853,8.429488,0.17670612,621411.292939,5808220.68519,03103
03103,2015,54757.0,10.0,54757.0,10.0,0.0,1.9781471,0.0678806,7.3535004,0.49916,621411.292939,5808220.68519,03103
03103,2016,54757.0,10.0,54757.0,10.0,0.0,2.1219058,0.023122447,8.490393,0.19631864,621411.292939,5808220.68519,03103
03103,2017,54757.0,10.0,54757.0,10.0,0.0,2.2783892,0.0035715755,9.928591,0.03546071,621411.292939,5808220.68519,03103
03103,2018,54757.0,10.0,54757.0,10.0,0.0,2.2538126,0.022141717,9.687552,0.21449904,621411.292939,5808220.68519,03103
03103,2019,54757.0,10.0,54757.0,10.0,0.0,2.267935,0.016097294,9.825337,0.15816134,621411.292939,5808220.68519,03103
03103,2020,54757.0,10.0,54757.0,10.0,0.0,2.3023012,0.0053317184,10.168863,0.054217517,621411.292939,5808220.68519,03103
03103,2021,54757.0,10.0,54757.0,10.0,0.0,2.2529988,0.014739047,9.679674,0.14266917,621411.292939,5808220.68519,03103
03103,2022,54757.0,10.0,54757.0,10.0,0.0,2.2528956,0.018165305,9.678675,0.17581609,621411.292939,5808220.68519,03103
03103,2023,54757.0,10.0,54757.0,10.0,0.0,2.1913967,0.017828356,9.101379,0.16226265,621411.292939,5808220.68519,03103
03103,2024,54757.0,10.0,54757.0,10.0,0.0,2.2260969,0.0029774148,9.422744,0.028055416,621411.292939,5808220.68519,03103
03103,2025,54757.0,10.0,54757.0,10.0,0.0,2.2474735,0.023426278,9.626337,0.22550924,621411.292939,5808220.68519,03103
03151,2007,91124.0,25.0,8173.0,10.0,-0.05231485,1.6688607,0.048640683,5.402168,0.26276514,603414.452118,5818430.01106,03151
03151,2008,91124.0,25.0,8173.0,10.0,-0.05231485,1.5790108,0.046726167,4.937951,0.23073153,603414.452118,5818430.01106,03151
03151,2009,91124.0,25.0,8173.0,10.0,-0.05231485,1.6121496,0.023250785,5.10433,0.11867969,603414.452118,5818430.01106,03151
03151,2010,91124.0,25.0,8173.0,10.0,-0.05231485,1.6346205,0.011196848,5.2203274,0.058451213,603414.452118,5818430.01106,03151
03151,2011,91124.0,25.0,8173.0,10.0,-0.05231485,1.6454979,0.017706705,5.277421,0.09344573,603414.452118,5818430.01106,03151
03151,2012,91124.0,25.0,8173.0,10.0,-0.05231485,1.6846792,0.008365966,5.488301,0.04591494,603414.452118,5818430.01106,03151
03151,2013,91124.0,25.0,8173.0,10.0,-0.05231485,1.7986414,0.041379932,6.150793,0.2545194,603414.452118,5818430.01106,03151
03151,2014,91124.0,25.0,8173.0,10.0,-0.05231485,1.880689,0.038722258,6.676732,0.25853816,603414.452118,5818430.01106,03151
03151,2015,91124.0,25.0,8173.0,10.0,-0.05231485,1.9287405,0.018886179,7.005392,0.13230509,603414.452118,5818430.01106,03151
03151,2016,91124.0,25.0,8173.0,10.0,-0.05231485,2.0149534,0.034617152,7.636145,0.2643416,603414.452118,5818430.01106,03151
03151,2017,91124.0,25.0,8173.0,10.0,-0.05231485,1.9879891,0.033619225,7.432994,0.2498915,603414.452118,5818430.01106,03151
03151,2018,91124.0,25.0,8173.0,10.0,-0.05231485,2.029073,0.01755588,7.7447295,0.13596554,603414.452118,5818430.01106,03151
03151,2019,91124.0,25.0,8173.0,10.0,-0.05231485,2.0404675,0.006752994,7.8334823,0.052899458,603414.452118,5818430.01106,03151
03151,2020,91124.0,25.0,8173.0,10.0,-0.05231485,2.0749733,0.009895665,8.1085005,0.080239,603414.452118,5818430.01106,03151
03151,2021,91124.0,25.0,8173.0,10.0,-0.05231485,2.0905402,0.022664817,8.235712,0.18666092,603414.452118,5818430.01106,03151
03151,2022,91124.0,25.0,8173.0,10.0,-0.05231485,2.0752947,0.051925376,8.111107,0.42117226,603414.452118,5818430.01106,03151
03151,2023,91124.0,25.0,8173.0,10.0,-0.05231485,2.1270635,0.09468147,8.542068,0.8087755,603414.452118,5818430.01106,03151
03151,2024,91124.0,25.0,8173.0,10.0,-0.05231485,2.1526685,0.009060486,8.763611,0.07940258,603414.452118,5818430.01106,03151
03151,2025,91124.0,25.0,8173.0,10.0,-0.05231485,2.1400816,0.09602769,8.653997,0.83102334,603414.452118,5818430.01106,03151
03153,2007,17758.0,10.0,17758.0,10.0,0.0,1.5812104,0.028806742,4.9320726,0.14207694,607904.754034,5749997.05682,03153
03153,2008,17758.0,10.0,17758.0,10.0,0.0,1.5908753,0.024665508,4.9799714,0.12283353,607904.754034,5749997.05682,03153
03153,2009,17758.0,10.0,17758.0,10.0,0.0,1.6057539,0.008569771,5.0546207,0.04331694,607904.754034,5749997.05682,03153
03153,2010,17758.0,10.0,17758.0,10.0,0.0,1.572313,0.01541757,4.8883843,0.075367,607904.754034,5749997.05682,03153
03153,2011,17758.0,10.0,17758.0,10.0,0.0,1.5900153,0.0034263756,4.9756904,0.017048584,607904.754034,5749997.05682,03153
03153,2012,17758.0,10.0,17758.0,10.0,0.0,1.6022604,0.0055677397,5.0369935,0.028044667,607904.754034,5749997.05682,03153
03153,2013,17758.0,10.0,17758.0,10.0,0.0,1.6270311,0.0052599846,5.163321,0.027158987,607904.754034,5749997.05682,03153
03153,2014,17758.0,10.0,17758.0,10.0,0.0,1.6074128,0.009522134,5.063013,0.04821069,607904.754034,5749997.05682,03153
03153,2015,17758.0,10.0,17758.0,10.0,0.0,1.6381466,0.008755942,5.2210345,0.045715075,607904.754034,5749997.05682,03153
03153,2016,17758.0,10.0,17758.0,10.0,0.0,1.6976302,0.00079292414,5.541023,0.0043936106,607904.754034,5749997.05682,03153
03153,2017,17758.0,10.0,17758.0,10.0,0.0,1.7148254,0.0063606896,5.6371255,0.03585601,607904.754034,5749997.05682,03153
03153,2018,17758.0,10.0,17758.0,10.0,0.0,1.7914791,0.00033681994,6.086225,0.0020499618,607904.754034,5749997.05682,03153
03153,2019,17758.0,10.0,17758.0,10.0,0.0,1.7827454,0.014574244,6.033301,0.0879308,607904.754034,5749997.05682,03153
03153,2020,17758.0,10.0,17758.0,10.0,0.0,1.8359885,0.029170103,6.3632383,0.18561633,607904.754034,5749997.05682,03153
03153,2021,17758.0,10.0,17758.0,10.0,0.0,1.8400675,0.03460817,6.3892474,0.22112018,607904.754034,5749997.05682,03153
03153,2022,17758.0,10.0,17758.0,10.0,0.0,1.8910977,0.022264624,6.723754,0.14970185,607904.754034,5749997.05682,03153
03153,2023,17758.0,10.0,17758.0,10.0,0.0,1.9956369,0.0050281216,7.4647045,0.037533443,607904.754034,5749997.05682,03153
03153,2024,17758.0,10.0,17758.0,10.0,0.0,2.0613647,0.002171535,7.9718256,0.017311098,607904.754034,5749997.05682,03153
03153,2025,17758.0,10.0,17758.0,10.0,0.0,2.0388856,0.02172299,7.7946267,0.16932258,607904.754034,5749997.05682,03153
03154,2007,195840.0,25.0,2962.0,10.0,0.14284603,1.5665271,0.016344575,4.8746448,0.07967399,623759.460327,5793611.9708,03154
03154,2008,195840.0,25.0,2962.0,10.0,0.14284603,1.4550791,0.059921056,4.360554,0.26128903,623759.460327,5793611.9708,03154
03154,2009,195840.0,25.0,2962.0,10.0,0.14284603,1.5704883,0.046413727,4.8939924,0.22714844,623759.460327,5793611.9708,03154
03154,2010,195840.0,25.0,2962.0,10.0,0.14284603,1.6275654,0.034531653,5.1814528,0.17892413,623759.460327,5793611.9708,03154
03154,2011,195840.0,25.0,2962.0,10.0,0.14284603,1.6215246,0.04627336,5.150247,0.23831923,623759.460327,5793611.9708,03154
03154,2012,195840.0,25.0,2962.0,10.0,0.14284603,1.7046373,0.014615469,5.596589,0.08179678,623759.460327,5793611.9708,03154
03154,2013,195840.0,25.0,2962.0,10.0,0.14284603,1.8424029,0.057183117,6.423242,0.367301,623759.460327,5793611.9708,03154
03154,2014,195840.0,25.0,2962.0,10.0,0.14284603,1.892072,0.004453992,6.7503347,0.030065937,623759.460327,5793611.9708,03154
03154,2015,195840.0,25.0,2962.0,10.0,0.14284603,1.9415762,0.017712403,7.092914,0.12563255,623759.460327,5793611.9708,03154
03154,2016,195840.0,25.0,2962.0,10.0,0.14284603,1.9664419,0.033484165,7.271496,0.24347997,623759.460327,5793611.9708,03154
03154,2017,195840.0,25.0,2962.0,10.0,0.14284603,1.9766555,0.06039776,7.3461447,0.44369066,623759.460327,5793611.9708,03154
03154,2018,195840.0,25.0,2962.0,10.0,0.14284603,1.9960202,0.06679662,7.4897866,0.5002924,623759.460327,5793611.9708,03154
03154,2019,195840.0,25.0,2962.0,10.0,0.14284603,2.022675,0.055167016,7.69211,0.42435077,623759.460327,5793611.9708,03154
03154,2020,195840.0,25.0,2962.0,10.0,0.14284603,2.0640178,0.0643204,8.016788,0.515643,623759.460327,5793611.9708,03154
03154,2021,195840.0,25.0,2962.0,10.0,0.14284603,2.0689833,0.023695925,8.056696,0.19091086,623759.460327,5793611.9708,03154
03154,2022,195840.0,25.0,2962.0,10.0,0.14284603,2.0905657,0.012619351,8.232468,0.1038884,623759.460327,5793611.9708,03154
03154,2023,195840.0,25.0,2962.0,10.0,0.14284603,2.033723,0.03193459,7.7775636,0.2483733,623759.460327,5793611.9708,03154
03154,2024,195840.0,25.0,2962.0,10.0,0.14284603,2.081069,0.011793407,8.154657,0.096171185,623759.460327,5793611.9708,03154
03154,2025,195840.0,25.0,2962.0,10.0,0.14284603,2.0880246,0.02411728,8.2115755,0.19804086,623759.460327,5793611.9708,03154
03155,2007,50882.0,25.0,6515.0,10.0,0.026434856,1.4922055,0.010027866,4.507153,0.04519713,571647.204261,5748591.76964,03155
03155,2008,50882.0,25.0,6515.0,10.0,0.026434856,1.4800216,0.04415012,4.452572,0.1965816,571647.204261,5748591.76964,03155
03155,2009,50882.0,25.0,6515.0,10.0,0.026434856,1.4422638,0.002943448,4.287587,0.012620291,571647.204261,5748591.76964,03155
03155,2010,50882.0,25.0,6515.0,10.0,0.026434856,1.4370848,0.031923108,4.265439,0.13616607,571647.204261,5748591.76964,03155
03155,2011,50882.0,25.0,6515.0,10.0,0.026434856,1.4804845,0.008215552,4.4546337,0.036597274,571647.204261,5748591.76964,03155
03155,2012,50882.0,25.0,6515.0,10.0,0.026434856,1.4689829,0.03646365,4.403692,0.16057467,571647.204261,5748591.76964,03155
03155,2013,50882.0,25.0,6515.0,10.0,0.026434856,1.5113941,0.01358267,4.594475,0.062405236,571647.204261,5748591.76964,03155
03155,2014,50882.0,25.0,6515.0,10.0,0.026434856,1.5245584,0.04232625,4.655358,0.19704384,571647.204261,5748591.76964,03155
03155,2015,50882.0,25.0,6515.0,10.0,0.026434856,1.5564772,0.02439113,4.806348,0.117232256,571647.204261,5748591.76964,03155
03155,2016,50882.0,25.0,6515.0,10.0,0.026434856,1.6018108,0.004676447,5.0292516,0.023519028,571647.204261,5748591.76964,03155
03155,2017,50882.0,25.0,6515.0,10.0,0.026434856,1.6181248,0.011450615,5.1119714,0.058535215,571647.204261,5748591.76964,03155
03155,2018,50882.0,25.0,6515.0,10.0,0.026434856,1.656263,0.0034736977,5.3106976,0.018447759,571647.204261,5748591.76964,03155
03155,2019,50882.0,25.0,6515.0,10.0,0.026434856,1.6645969,0.022181368,5.355142,0.118784375,571647.204261,5748591.76964,03155
03155,2020,50882.0,25.0,6515.0,10.0,0.026434856,1.6818829,0.016846957,5.4485154,0.0917909,571647.204261,5748591.76964,03155
03155,2021,50882.0,25.0,6515.0,10.0,0.026434856,1.7114264,0.035257466,5.6118846,0.19786084,571647.204261,5748591.76964,03155
03155,2022,50882.0,25.0,6515.0,10.0,0.026434856,1.7806691,0.049131483,6.0142365,0.29548833,571647.204261,5748591.76964,03155
03155,2023,50882.0,25.0,6515.0,10.0,0.026434856,1.875714,0.047831733,6.6139054,0.31635454,571647.204261,5748591.76964,03155
03155,2024,50882.0,25.0,6515.0,10.0,0.026434856,1.9455878,0.065177485,7.092572,0.46227604,571647.204261,5748591.76964,03155
03155,2025,50882.0,25.0,6515.0,10.0,0.026434856,1.9181138,0.03142273,6.9003634,0.21682826,571647.204261,5748591.76964,03155
03157,2007,10127.0,10.0,10127.0,10.0,0.0,1.5544201,0.024964485,4.79331,0.11966252,586556.930583,5806026.5342,03157
03157,2008,10127.0,10.0,10127.0,10.0,0.0,1.6395458,0.0007078197,5.219215,0.003694263,586556.930583,5806026.5342,03157
03157,2009,10127.0,10.0,10127.0,10.0,0.0,1.5953643,0.022505354,4.9936423,0.112383686,586556.930583,5806026.5342,03157
03157,2010,10127.0,10.0,10127.0,10.0,0.0,1.6400132,0.014668375,5.221655,0.0765932,586556.930583,5806026.5342,03157
03157,2011,10127.0,10.0,10127.0,10.0,0.0,1.666998,0.028660757,5.3644786,0.15375003,586556.930583,5806026.5342,03157
03157,2012,10127.0,10.0,10127.0,10.0,0.0,1.6797829,0.013250762,5.433503,0.07199805,586556.930583,5806026.5342,03157
03157,2013,10127.0,10.0,10127.0,10.0,0.0,1.6585131,0.0576105,5.319154,0.30643913,586556.930583,5806026.5342,03157
03157,2014,10127.0,10.0,10127.0,10.0,0.0,1.7389846,0.021834945,5.7648883,0.12587602,586556.930583,5806026.5342,03157
03157,2015,10127.0,10.0,10127.0,10.0,0.0,1.785698,0.025259266,6.0405755,0.1525805,586556.930583,5806026.5342,03157
03157,2016,10127.0,10.0,10127.0,10.0,0.0,1.7173959,0.07479264,5.6417656,0.42196253,586556.930583,5806026.5342,03157
03157,2017,10127.0,10.0,10127.0,10.0,0.0,1.7520062,0.04906468,5.840447,0.28655967,586556.930583,5806026.5342,03157
03157,2018,10127.0,10.0,10127.0,10.0,0.0,1.7973787,0.03784147,6.111546,0.2312699,586556.930583,5806026.5342,03157
03157,2019,10127.0,10.0,10127.0,10.0,0.0,1.9283627,0.037044328,6.966855,0.25808245,586556.930583,5806026.5342,03157
03157,2020,10127.0,10.0,10127.0,10.0,0.0,1.9778372,0.016989602,7.320205,0.12436738,586556.930583,5806026.5342,03157
03157,2021,10127.0,10.0,10127.0,10.0,0.0,1.9917417,0.124380045,7.4227,0.9232357,586556.930583,5806026.5342,03157
03157,2022,10127.0,10.0,10127.0,10.0,0.0,2.0858748,0.0012558785,8.155364,0.010242146,586556.930583,5806026.5342,03157
03157,2023,10127.0,10.0,10127.0,10.0,0.0,2.1408086,0.02380991,8.615905,0.2051439,586556.930583,5806026.5342,03157
03157,2024,10127.0,10.0,10127.0,10.0,0.0,2.1749732,0.016024454,8.91535,0.14286362,586556.930583,5806026.5342,03157
03157,2025,10127.0,10.0,10127.0,10.0,0.0,2.1760347,0.0011767962,8.924817,0.0105026895,586556.930583,5806026.5342,03157
03158,2007,25066.0,10.0,25066.0,10.0,0.0,1.6974016,0.014642471,5.5441566,0.081180155,614770.070318,5791605.91494,03158
03158,2008,25066.0,10.0,25066.0,10.0,0.0,1.627325,0.00060031883,5.168941,0.0031030127,614770.070318,5791605.91494,03158
03158,2009,25066.0,10.0,25066.0,10.0,0.0,1.7071456,0.015255171,5.598443,0.0854052,614770.070318,5791605.91494,03158
03158,2010,25066.0,10.0,25066.0,10.0,0.0,1.6563176,0.01338728,5.320996,0.07123365,614770.070318,5791605.91494,03158
03158,2011,25066.0,10.0,25066.0,10.0,0.0,1.6756103,0.01291272,5.4246492,0.070046976,614770.070318,5791605.91494,03158
03158,2012,25066.0,10.0,25066.0,10.0,0.0,1.6784143,0.031312577,5.439881,0.1703367,614770.070318,5791605.91494,03158
03158,2013,25066.0,10.0,25066.0,10.0,0.0,1.6648113,0.020747196,5.366383,0.1113374,614770.070318,5791605.91494,03158
03158,2014,25066.0,10.0,25066.0,10.0,0.0,1.6938071,0.03516697,5.524264,0.19427164,614770.070318,5791605.91494,03158
03158,2015,25066.0,10.0,25066.0,10.0,0.0,1.7865179,0.014469342,6.060915,0.087697454,614770.070318,5791605.91494,03158
03158,2016,25066.0,10.0,25066.0,10.0,0.0,1.793296,0.0008846159,6.1021357,0.005398046,614770.070318,5791605.91494,03158
03158,2017,25066.0,10.0,25066.0,10.0,0.0,1.8096862,0.03993347,6.2029753,0.24770631,614770.070318,5791605.91494,03158
03158,2018,25066.0,10.0,25066.0,10.0,0.0,1.8225979,0.019171814,6.2835855,0.12046773,614770.070318,5791605.91494,03158
03158,2019,25066.0,10.0,25066.0,10.0,0.0,1.8698897,0.12148566,6.587887,0.80033374,614770.070318,5791605.91494,03158
03158,2020,25066.0,10.0,25066.0,10.0,0.0,1.8942236,0.012011937,6.7501616,0.081082515,614770.070318,5791605.91494,03158
03158,2021,25066.0,10.0,25066.0,10.0,0.0,1.9645464,0.017118892,7.241941,0.123974,614770.070318,5791605.91494,03158
03158,2022,25066.0,10.0,25066.0,10.0,0.0,2.0741262,0.08707204,8.080624,0.70359635,614770.070318,5791605.91494,03158
03158,2023,25066.0,10.0,25066.0,10.0,0.0,2.0884511,0.0012002832,8.197212,0.009838976,614770.070318,5791605.91494,03158
03158,2024,25066.0,10.0,25066.0,10.0,0.0,2.1495907,0.01426533,8.714025,0.12430843,614770.070318,5791605.91494,03158
03158,2025,25066.0,10.0,25066.0,10.0,0.0,2.1430466,0.0156942,8.657185,0.13586758,614770.070318,5791605.91494,03158
03159,2007,74487.0,25.0,4433.0,10.0,0.11570092,1.32041,0.1129031,3.8272023,0.432103,551929.280519,5713300.88591,03159
03159,2008,74487.0,25.0,4433.0,10.0,0.11570092,1.4168135,0.11712926,4.2145276,0.49364448,551929.280519,5713300.88591,03159
03159,2009,74487.0,25.0,4433.0,10.0,0.11570092,1.6701622,0.03643035,5.4297132,0.19780636,551929.280519,5713300.88591,03159
03159,2010,74487.0,25.0,4433.0,10.0,0.11570092,1.6540759,0.0067493417,5.3430676,0.03606219,551929.280519,5713300.88591,03159
03159,2011,74487.0,25.0,4433.0,10.0,0.11570092,1.6931887,0.0639135,5.5561905,0.3551156,551929.280519,5713300.88591,03159
03159,2012,74487.0,25.0,4433.0,10.0,0.11570092,1.7911681,0.12189596,6.1281457,0.7469962,551929.280519,5713300.88591,03159
03159,2013,74487.0,25.0,4433.0,10.0,0.11570092,1.7909746,0.16199294,6.12696,0.99252415,551929.280519,5713300.88591,03159
03159,2014,74487.0,25.0,4433.0,10.0,0.11570092,1.9476626,0.19610752,7.16628,1.4053614,551929.280519,5713300.88591,03159
03159,2015,74487.0,25.0,4433.0,10.0,0.11570092,1.9569136,0.07324203,7.2328825,0.529751,551929.280519,5713300.88591,03159
03159,2016,74487.0,25.0,4433.0,10.0,0.11570092,1.970266,0.10911011,7.3301067,0.7997887,551929.280519,5713300.88591,03159
03159,2017,74487.0,25.0,4433.0,10.0,0.11570092,2.0435538,0.12759182,7.88749,1.0063792,551929.280519,5713300.88591,03159
03159,2018,74487.0,25.0,4433.0,10.0,0.11570092,2.134841,0.119993575,8.641404,1.036913,551929.280519,5713300.88591,03159
03159,2019,74487.0,25.0,4433.0,10.0,0.11570092,2.142165,0.08263906,8.7049265,0.71936697,551929.280519,5713300.88591,03159
03159,2020,74487.0,25.0,4433.0,10.0,0.11570092,2.1953058,0.10542476,9.180024,0.9678018,551929.280519,5713300.88591,03159
03159,2021,74487.0,25.0,4433.0,10.0,0.11570092,2.1924229,0.10032079,9.153597,0.91829604,551929.280519,5713300.88591,03159
03159,2022,74487.0,25.0,4433.0,10.0,0.11570092,2.1904862,0.03576821,9.135888,0.32677436,551929.280519,5713300.88591,03159
03159,2023,74487.0,25.0,4433.0,10.0,0.11570092,2.1874514,0.040126853,9.108203,0.36548352,551929.280519,5713300.88591,03159
03159,2024,74487.0,25.0,4433.0,10.0,0.11570092,2.2345142,0.06100633,9.547109,0.58243406,551929.280519,5713300.88591,03159
03159,2025,74487.0,25.0,4433.0,10.0,0.11570092,2.2522182,0.1091333,9.717635,1.0605177,551929.280519,5713300.88591,03159
03241,2007,318443.0,10.0,318443.0,10.0,0.0,1.8254637,0.036073163,6.312582,0.22771479,552389.524666,5803527.42434,03241
03241,2008,318443.0,10.0,318443.0,10.0,0.0,1.861189,0.02248425,6.542178,0.14709598,552389.524666,5803527.42434,03241
03241,2009,318443.0,10.0,318443.0,10.0,0.0,1.922733,0.016514182,6.957458,0.11489672,552389.524666,5803527.42434,03241
03241,2010,318443.0,10.0,318443.0,10.0,0.0,1.9373668,0.015056992,7.060021,0.10630267,552389.524666,5803527.42434,03241
03241,2011,318443.0,10.0,318443.0,10.0,0.0,1.9731131,0.012287049,7.316955,0.08990379,552389.524666,5803527.42434,03241
03241,2012,318443.0,10.0,318443.0,10.0,0.0,2.0204513,0.016518923,7.6716557,0.12672749,552389.524666,5803527.42434,03241
03241,2013,318443.0,10.0,318443.0,10.0,0.0,2.059657,0.0041522426,7.978403,0.033128265,552389.524666,5803527.42434,03241
03241,2014,318443.0,10.0,318443.0,10.0,0.0,2.1175554,0.009117748,8.453974,0.077081196,552389.524666,5803527.42434,03241
03241,2015,318443.0,10.0,318443.0,10.0,0.0,2.1248028,0.008081137,8.515465,0.06881464,552389.524666,5803527.42434,03241
03241,2016,318443.0,10.0,318443.0,10.0,0.0,2.1991694,0.00044562528,9.1728735,0.004087664,552389.524666,5803527.42434,03241
03241,2017,318443.0,10.0,318443.0,10.0,0.0,2.2930474,0.0037758208,10.07572,0.038044114,552389.524666,5803527.42434,03241
03241,2018,318443.0,10.0,318443.0,10.0,0.0,2.3253899,0.0013419411,10.40692,0.013965474,552389.524666,5803527.42434,03241
03241,2019,318443.0,10.0,318443.0,10.0,0.0,2.3532553,0.0009443225,10.700993,0.010105188,552389.524666,5803527.42434,03241
03241,2020,318443.0,10.0,318443.0,10.0,0.0,2.3989398,0.0012839006,11.201201,0.014381229,552389.524666,5803527.42434,03241
03241,2021,318443.0,10.0,318443.0,10.0,0.0,2.4065175,0.00011119621,11.286402,0.0012550051,552389.524666,5803527.42434,03241
03241,2022,318443.0,10.0,318443.0,10.0,0.0,2.4067917,0.00025779317,11.289496,0.002910355,552389.524666,5803527.42434,03241
03241,2023,318443.0,10.0,318443.0,10.0,0.0,2.4129982,0.0019367153,11.359785,0.022000669,552389.524666,5803527.42434,03241
03241,2024,318443.0,10.0,318443.0,10.0,0.0,2.4710238,0.0052840086,12.038442,0.063611224,552389.524666,5803527.42434,03241
03241,2025,318443.0,10.0,318443.0,10.0,0.0,2.4709022,0.0052444283,12.036979,0.06312707,552389.524666,5803527.42434,03241
03251,2007,78294.0,25.0,2916.0,10.0,-0.077640526,1.6477404,0.062339712,5.2949114,0.33008325,482286.456345,5856123.80222,03251
03251,2008,78294.0,25.0,2916.0,10.0,-0.077640526,1.6270484,0.04169737,5.186475,0.21626236,482286.456345,5856123.80222,03251
03251,2009,78294.0,25.0,2916.0,10.0,-0.077640526,1.6101656,0.03923757,5.0996475,0.20009777,482286.456345,5856123.80222,03251
03251,2010,78294.0,25.0,2916.0,10.0,-0.077640526,1.6133316,0.02570586,5.1158185,0.13150652,482286.456345,5856123.80222,03251
03251,2011,78294.0,25.0,2916.0,10.0,-0.077640526,1.5929015,0.025271524,5.0123625,0.12667003,482286.456345,5856123.80222,03251
03251,2012,78294.0,25.0,2916.0,10.0,-0.077640526,1.6366061,0.014163131,5.2362833,0.07416217,482286.456345,5856123.80222,03251
03251,2013,78294.0,25.0,2916.0,10.0,-0.077640526,1.5857383,0.023909543,4.9765863,0.118987896,482286.456345,5856123.80222,03251
03251,2014,78294.0,25.0,2916.0,10.0,-0.077640526,1.5990094,0.020038718,5.0430713,0.10105669,482286.456345,5856123.80222,03251
03251,2015,78294.0,25.0,2916.0,10.0,-0.077640526,1.659881,0.0018757441,5.3595867,0.010053213,482286.456345,5856123.80222,03251
03251,2016,78294.0,25.0,2916.0,10.0,-0.077640526,1.6501609,0.03647618,5.3077435,0.19360621,482286.456345,5856123.80222,03251
03251,2017,78294.0,25.0,2916.0,10.0,-0.077640526,1.7230912,0.0613218,5.709304,0.35010478,482286.456345,5856123.80222,03251
03251,2018,78294.0,25.0,2916.0,10.0,-0.077640526,1.7283319,0.030241434,5.739303,0.17356476,482286.456345,5856123.80222,03251
03251,2019,78294.0,25.0,2916.0,10.0,-0.077640526,1.7904791,0.03327594,6.107301,0.2032262,482286.456345,5856123.80222,03251
03251,2020,78294.0,25.0,2916.0,10.0,-0.077640526,1.8861158,0.013756346,6.7202253,0.092445746,482286.456345,5856123.80222,03251
03251,2021,78294.0,25.0,2916.0,10.0,-0.077640526,1.9109985,0.053304166,6.8895397,0.36724117,482286.456345,5856123.80222,03251
03251,2022,78294.0,25.0,2916.0,10.0,-0.077640526,1.8772113,0.013363055,6.6606507,0.08900664,482286.456345,5856123.80222,03251
03251,2023,78294.0,25.0,2916.0,10.0,-0.077640526,1.9955064,0.0069870236,7.49707,0.052382205,482286.456345,5856123.80222,03251
03251,2024,78294.0,25.0,2916.0,10.0,-0.077640526,2.090117,0.026778683,8.24101,0.2206834,482286.456345,5856123.80222,03251
03251,2025,78294.0,25.0,2916.0,10.0,-0.077640526,2.0996368,0.061925218,8.319838,0.5152077,482286.456345,5856123.80222,03251
03252,2007,15036.0,10.0,15036.0,10.0,0.0,1.2944442,0.07652229,3.7007143,0.28318715,516766.044961,5767350.79847,03252
03252,2008,15036.0,10.0,15036.0,10.0,0.0,1.3499297,0.15231827,3.9118533,0.5958467,516766.044961,5767350.79847,03252
03252,2009,15036.0,10.0,15036.0,10.0,0.0,1.414595,0.11265882,4.173173,0.47014472,516766.044961,5767350.79847,03252
03252,2010,15036.0,10.0,15036.0,10.0,0.0,1.4817892,0.052639004,4.4632215,0.23493953,516766.044961,5767350.79847,03252
03252,2011,15036.0,10.0,15036.0,10.0,0.0,1.4462498,0.020701058,4.307387,0.08916747,516766.044961,5767350.79847,03252
03252,2012,15036.0,10.0,15036.0,10.0,0.0,1.4137698,0.05250912,4.1697307,0.21894889,516766.044961,5767350.79847,03252
03252,2013,15036.0,10.0,15036.0,10.0,0.0,1.4360414,0.01560753,4.263639,0.06654487,516766.044961,5767350.79847,03252
03252,2014,15036.0,10.0,15036.0,10.0,0.0,1.4661916,0.018259522,4.3941464,0.08023501,516766.044961,5767350.79847,03252
03252,2015,15036.0,10.0,15036.0,10.0,0.0,1.4725219,0.020338455,4.4220505,0.08993767,516766.044961,5767350.79847,03252
03252,2016,15036.0,10.0,15036.0,10.0,0.0,1.4052212,0.026468523,4.1342373,0.109427154,516766.044961,5767350.79847,03252
03252,2017,15036.0,10.0,15036.0,10.0,0.0,1.4071007,0.011676821,4.1420145,0.048365563,516766.044961,5767350.79847,03252
03252,2018,15036.0,10.0,15036.0,10.0,0.0,1.5301225,0.026706673,4.684242,0.12510051,516766.044961,5767350.79847,03252
03252,2019,15036.0,10.0,15036.0,10.0,0.0,1.5624366,0.00029697394,4.8380814,0.001436784,516766.044961,5767350.79847,03252
03252,2020,15036.0,10.0,15036.0,10.0,0.0,1.5985688,0.032433327,5.0160885,0.16268843,516766.044961,5767350.79847,03252
03252,2021,15036.0,10.0,15036.0,10.0,0.0,1.691659,0.015688164,5.5054617,0.08637058,516766.044961,5767350.79847,03252
03252,2022,15036.0,10.0,15036.0,10.0,0.0,1.7357035,0.067932904,5.753366,0.39084285,516766.044961,5767350.79847,03252
03252,2023,15036.0,10.0,15036.0,10.0,0.0,1.8283554,0.058520745,6.311902,0.36937723,516766.044961,5767350.79847,03252
03252,2024,15036.0,10.0,15036.0,10.0,0.0,1.9308593,0.0070969537,6.993219,0.04963055,516766.044961,5767350.79847,03252
03252,2025,15036.0,10.0,15036.0,10.0,0.0,1.8580523,0.07465213,6.5021567,0.48539984,516766.044961,5767350.79847,03252
03254,2007,10759.0,10.0,10759.0,10.0,0.0,1.5383465,0.0046812654,4.735532,0.022168282,556666.71437,5759793.2582,03254
03254,2008,10759.0,10.0,10759.0,10.0,0.0,1.5887196,0.0042639845,4.980185,0.021235432,556666.71437,5759793.2582,03254
03254,2009,10759.0,10.0,10759.0,10.0,0.0,1.5511919,0.00085681723,4.7967544,0.0041099414,556666.71437,5759793.2582,03254
03254,2010,10759.0,10.0,10759.0,10.0,0.0,1.5530181,0.0028428712,4.8055215,0.013661479,556666.71437,5759793.2582,03254
03254,2011,10759.0,10.0,10759.0,10.0,0.0,1.5225657,0.0012710784,4.661388,0.0059249895,556666.71437,5759793.2582,03254
03254,2012,10759.0,10.0,10759.0,10.0,0.0,1.5906168,0.01121138,4.9896426,0.05594078,556666.71437,5759793.2582,03254
03254,2013,10759.0,10.0,10759.0,10.0,0.0,1.5975345,0.0008857764,5.024279,0.004450388,556666.71437,5759793.2582,03254
03254,2014,10759.0,10.0,10759.0,10.0,0.0,1.5923423,0.004529605,4.9982595,0.022640143,556666.71437,5759793.2582,03254
03254,2015,10759.0,10.0,10759.0,10.0,0.0,1.6776426,0.0014494235,5.443325,0.007889683,556666.71437,5759793.2582,03254
03254,2016,10759.0,10.0,10759.0,10.0,0.0,1.6796036,0.0006868517,5.45401,0.0037460958,556666.71437,5759793.2582,03254
03254,2017,10759.0,10.0,10759.0,10.0,0.0,1.6473086,0.003515326,5.280686,0.018563334,556666.71437,5759793.2582,03254
03254,2018,10759.0,10.0,10759.0,10.0,0.0,1.6807628,0.0053880364,5.4603357,0.029420488,556666.71437,5759793.2582,03254
03254,2019,10759.0,10.0,10759.0,10.0,0.0,1.7199366,0.0031681545,5.678483,0.017990312,556666.71437,5759793.2582,03254
03254,2020,10759.0,10.0,10759.0,10.0,0.0,1.7595567,0.004336876,5.907981,0.02562218,556666.71437,5759793.2582,03254
03254,2021,10759.0,10.0,10759.0,10.0,0.0,1.7954235,0.0027894757,6.123728,0.017081989,556666.71437,5759793.2582,03254
03254,2022,10759.0,10.0,10759.0,10.0,0.0,1.8639878,0.0026940044,6.5583253,0.017668158,556666.71437,5759793.2582,03254
03254,2023,10759.0,10.0,10759.0,10.0,0.0,1.9140724,0.015129736,6.8951616,0.10432197,556666.71437,5759793.2582,03254
03254,2024,10759.0,10.0,10759.0,10.0,0.0,1.9553684,0.0006882395,7.185865,0.004945596,556666.71437,5759793.2582,03254
03254,2025,10759.0,10.0,10759.0,10.0,0.0,1.973029,0.007170257,7.313899,0.05244254,556666.71437,5759793.2582,03254
03255,2007,10366.0,10.0,10366.0,10.0,0.0,1.4827583,0.008421629,4.4768786,0.03770261,554635.265859,5754092.76262,03255
03255,2008,10366.0,10.0,10366.0,10.0,0.0,1.342638,0.03338077,3.8915434,0.1299027,554635.265859,5754092.76262,03255
03255,2009,10366.0,10.0,10366.0,10.0,0.0,1.492681,0.03794815,4.521523,0.17158343,554635.265859,5754092.76262,03255
03255,2010,10366.0,10.0,10366.0,10.0,0.0,1.5540826,0.012154088,4.8078523,0.05843506,554635.265859,5754092.76262,03255
03255,2011,10366.0,10.0,10366.0,10.0,0.0,1.5467554,0.070531696,4.772753,0.33663034,554635.265859,5754092.76262,03255
03255,2012,10366.0,10.0,10366.0,10.0,0.0,1.4037311,0.062864214,4.1367025,0.26005054,554635.265859,5754092.76262,03255
03255,2013,10366.0,10.0,10366.0,10.0,0.0,1.334168,0.02962088,3.8587208,0.11429871,554635.265859,5754092.76262,03255
03255,2014,10366.0,10.0,10366.0,10.0,0.0,1.3307744,0.042033862,3.8456485,0.16164745,554635.265859,5754092.76262,03255
03255,2015,10366.0,10.0,10366.0,10.0,0.0,0.9280411,0.5495721,2.5707788,1.4128284,554635.265859,5754092.76262,03255
03255,2016,10366.0,10.0,10366.0,10.0,0.0,1.5233135,0.0514821,4.6621714,0.24001837,554635.265859,5754092.76262,03255
03255,2017,10366.0,10.0,10366.0,10.0,0.0,1.6008329,0.0041262186,5.0379577,0.020787714,554635.265859,5754092.76262,03255
03255,2018,10366.0,10.0,10366.0,10.0,0.0,1.5887353,0.021470545,4.9773774,0.10686701,554635.265859,5754092.76262,03255
03255,2019,10366.0,10.0,10366.0,10.0,0.0,1.6536853,0.04494675,5.3113875,0.23872963,554635.265859,5754092.76262,03255
03255,2020,10366.0,10.0,10366.0,10.0,0.0,1.6680223,0.04247625,5.3880854,0.22886565,554635.265859,5754092.76262,03255
03255,2021,10366.0,10.0,10366.0,10.0,0.0,1.6804162,0.01471318,5.455281,0.08026453,554635.265859,5754092.76262,03255
03255,2022,10366.0,10.0,10366.0,10.0,0.0,1.7846528,0.0472831,6.054614,0.28628093,554635.265859,5754092.76262,03255
03255,2023,10366.0,10.0,10366.0,10.0,0.0,1.7260792,0.09104247,5.7101603,0.51986706,554635.265859,5754092.76262,03255
03255,2024,10366.0,10.0,10366.0,10.0,0.0,1.8886198,0.05701697,6.7179804,0.38303888,554635.265859,5754092.76262,03255
03255,2025,10366.0,10.0,10366.0,10.0,0.0,1.6973684,0.16819778,5.5485473,0.9332534,554635.265859,5754092.76262,03255
03256,2007,19275.0,25.0,6534.0,10.0,-0.07219687,1.5278023,0.010023747,4.68631,0.046974383,515725.44403,5832155.46718,03256
03256,2008,19275.0,25.0,6534.0,10.0,-0.07219687,1.5375174,0.010793228,4.73206,0.0510742,515725.44403,5832155.46718,03256
03256,2009,19275.0,25.0,6534.0,10.0,-0.07219687,1.5015622,0.0049214843,4.5649405,0.022466281,515725.44403,5832155.46718,03256
03256,2010,19275.0,25.0,6534.0,10.0,-0.07219687,1.4798839,0.015042439,4.4670444,0.067195244,515725.44403,5832155.46718,03256
03256,2011,19275.0,25.0,6534.0,10.0,-0.07219687,1.4947029,0.023793738,4.533735,0.107874505,515725.44403,5832155.46718,03256
03256,2012,19275.0,25.0,6534.0,10.0,-0.07219687,1.5202692,0.02695699,4.65114,0.12538074,515725.44403,5832155.46718,03256
03256,2013,19275.0,25.0,6534.0,10.0,-0.07219687,1.600894,0.023761425,5.041669,0.11979724,515725.44403,5832155.46718,03256
03256,2014,19275.0,25.0,6534.0,10.0,-0.07219687,1.6221058,0.026605994,5.1497545,0.13701433,515725.44403,5832155.46718,03256
03256,2015,19275.0,25.0,6534.0,10.0,-0.07219687,1.6678624,0.031519912,5.3908634,0.16991955,515725.44403,5832155.46718,03256
03256,2016,19275.0,25.0,6534.0,10.0,-0.07219687,1.6903609,0.043766033,5.5135245,0.24130508,515725.44403,5832155.46718,03256
03256,2017,19275.0,25.0,6534.0,10.0,-0.07219687,1.7474241,0.05802916,5.837294,0.3387333,515725.44403,5832155.46718,03256
03256,2018,19275.0,25.0,6534.0,10.0,-0.07219687,1.7996124,0.055437084,6.1500216,0.34093925,515725.44403,5832155.46718,03256
03256,2019,19275.0,25.0,6534.0,10.0,-0.07219687,1.8288238,0.03852503,6.332322,0.2439529,515725.44403,5832155.46718,03256
03256,2020,19275.0,25.0,6534.0,10.0,-0.07219687,1.8719355,0.032696236,6.6112895,0.21616426,515725.44403,5832155.46718,03256
03256,2021,19275.0,25.0,6534.0,10.0,-0.07219687,1.8685952,0.037894484,6.5892425,0.24969596,515725.44403,5832155.46718,03256
03256,2022,19275.0,25.0,6534.0,10.0,-0.07219687,1.9109393,0.026620442,6.8742495,0.18299556,515725.44403,5832155.46718,03256
03256,2023,19275.0,25.0,6534.0,10.0,-0.07219687,2.0305498,0.013351512,7.747676,0.10344319,515725.44403,5832155.46718,03256
03256,2024,19275.0,25.0,6534.0,10.0,-0.07219687,2.105366,0.041251484,8.349562,0.34443182,515725.44403,5832155.46718,03256
03256,2025,19275.0,25.0,6534.0,10.0,-0.07219687,2.1097124,0.028689628,8.385932,0.24058926,515725.44403,5832155.46718,03256
03257,2007,98806.0,25.0,9580.0,10.0,0.023533385,1.5243485,0.016136104,4.663058,0.07524359,516553.04998,5787653.05679,03257
03257,2008,98806.0,25.0,9580.0,10.0,0.023533385,1.5546439,0.021940893,4.806489,0.105458654,516553.04998,5787653.05679,03257
03257,2009,98806.0,25.0,9580.0,10.0,0.023533385,1.5024018,0.028953534,4.561834,0.13208121,516553.04998,5787653.05679,03257
03257,2010,98806.0,25.0,9580.0,10.0,0.023533385,1.4696425,0.0011777248,4.414813,0.005199435,516553.04998,5787653.05679,03257
03257,2011,98806.0,25.0,9580.0,10.0,0.023533385,1.4461542,0.0039579356,4.312325,0.017067904,516553.04998,5787653.05679,03257
03257,2012,98806.0,25.0,9580.0,10.0,0.023533385,1.4176842,0.017415648,4.191284,0.07299393,516553.04998,5787653.05679,03257
03257,2013,98806.0,25.0,9580.0,10.0,0.023533385,1.4613436,0.0012226695,4.3783264,0.005353246,516553.04998,5787653.05679,03257
03257,2014,98806.0,25.0,9580.0,10.0,0.023533385,1.4668763,0.005812938,4.4026175,0.02559214,516553.04998,5787653.05679,03257
03257,2015,98806.0,25.0,9580.0,10.0,0.023533385,1.4949597,0.012008724,4.5280104,0.054375626,516553.04998,5787653.05679,03257
03257,2016,98806.0,25.0,9580.0,10.0,0.023533385,1.5958731,0.037404194,5.008798,0.18735006,516553.04998,5787653.05679,03257
03257,2017,98806.0,25.0,9580.0,10.0,0.023533385,1.6205553,0.051369213,5.1339645,0.26372772,516553.04998,5787653.05679,03257
03257,2018,98806.0,25.0,9580.0,10.0,0.023533385,1.6455121,0.03582069,5.263705,0.18854952,516553.04998,5787653.05679,03257
03257,2019,98806.0,25.0,9580.0,10.0,0.023533385,1.6735134,0.036946796,5.413178,0.19999957,516553.04998,5787653.05679,03257
03257,2020,98806.0,25.0,9580.0,10.0,0.023533385,1.7165102,0.016904728,5.651004,0.095528685,516553.04998,5787653.05679,03257
03257,2021,98806.0,25.0,9580.0,10.0,0.023533385,1.7681811,0.0026090862,5.950671,0.015525814,516553.04998,5787653.05679,03257
03257,2022,98806.0,25.0,9580.0,10.0,0.023533385,1.8163452,0.0076394225,6.244294,0.0477028,516553.04998,5787653.05679,03257
03257,2023,98806.0,25.0,9580.0,10.0,0.023533385,1.9391491,0.039980434,7.060191,0.2822695,516553.04998,5787653.05679,03257
03257,2024,98806.0,25.0,9580.0,10.0,0.023533385,1.9732718,0.066334106,7.305261,0.48458797,516553.04998,5787653.05679,03257
03257,2025,98806.0,25.0,9580.0,10.0,0.023533385,1.969758,0.047606386,7.2796364,0.3465572,516553.04998,5787653.05679,03257
03351,2007,38336.0,25.0,3416.0,10.0,-0.015407544,1.5422133,0.026752075,4.7412424,0.12683807,567357.000464,5849125.89278,03351
03351,2008,38336.0,25.0,3416.0,10.0,-0.015407544,1.5700328,0.0048176274,4.8749933,0.023485903,567357.000464,5849125.89278,03351
03351,2009,38336.0,25.0,3416.0,10.0,-0.015407544,1.5673332,0.009376264,4.8618507,0.045585994,567357.000464,5849125.89278,03351
03351,2010,38336.0,25.0,3416.0,10.0,-0.015407544,1.5875726,0.02445609,4.9612536,0.12133287,567357.000464,5849125.89278,03351
03351,2011,38336.0,25.0,3416.0,10.0,-0.015407544,1.6794106,0.015624505,5.438463,0.08497329,567357.000464,5849125.89278,03351
03351,2012,38336.0,25.0,3416.0,10.0,-0.015407544,1.6891849,0.049789432,5.491881,0.27343765,567357.000464,5849125.89278,03351
03351,2013,38336.0,25.0,3416.0,10.0,-0.015407544,1.691851,0.09961501,5.506542,0.5485343,567357.000464,5849125.89278,03351
03351,2014,38336.0,25.0,3416.0,10.0,-0.015407544,1.6718347,0.08256264,5.3974175,0.44562504,567357.000464,5849125.89278,03351
03351,2015,38336.0,25.0,3416.0,10.0,-0.015407544,1.6800762,0.049186677,5.4420843,0.26767805,567357.000464,5849125.89278,03351
03351,2016,38336.0,25.0,3416.0,10.0,-0.015407544,1.64633,0.03472043,5.2614985,0.18268149,567357.000464,5849125.89278,03351
03351,2017,38336.0,25.0,3416.0,10.0,-0.015407544,1.6368675,0.020273548,5.211947,0.105664656,567357.000464,5849125.89278,03351
03351,2018,38336.0,25.0,3416.0,10.0,-0.015407544,1.698325,0.020226885,5.5423074,0.11210361,567357.000464,5849125.89278,03351
03351,2019,38336.0,25.0,3416.0,10.0,-0.015407544,1.7214794,0.028642131,5.6721334,0.16246198,567357.000464,5849125.89278,03351
03351,2020,38336.0,25.0,3416.0,10.0,-0.015407544,1.7573023,0.0022417384,5.879009,0.013179201,567357.000464,5849125.89278,03351
03351,2021,38336.0,25.0,3416.0,10.0,-0.015407544,1.7499095,0.02870631,5.835707,0.16752163,567357.000464,5849125.89278,03351
03351,2022,38336.0,25.0,3416.0,10.0,-0.015407544,1.794767,0.012600319,6.103442,0.07690532,567357.000464,5849125.89278,03351
03351,2023,38336.0,25.0,3416.0,10.0,-0.015407544,1.9441361,0.014794972,7.086716,0.10484777,567357.000464,5849125.89278,03351
03351,2024,38336.0,25.0,3416.0,10.0,-0.015407544,1.9811695,0.026427401,7.3540807,0.19434924,567357.000464,5849125.89278,03351
03351,2025,38336.0,25.0,3416.0,10.0,-0.015407544,1.9725319,0.0087464,7.290833,0.063768536,567357.000464,5849125.89278,03351
03352,2007,10240.0,10.0,10240.0,10.0,0.0,1.5827918,0.002844791,4.938271,0.014048349,479959.257845,5963834.84983,03352
03352,2008,10240.0,10.0,10240.0,10.0,0.0,1.5330627,0.0026845504,4.6987014,0.012613901,479959.257845,5963834.84983,03352
03352,2009,10240.0,10.0,10240.0,10.0,0.0,1.624873,0.013520764,5.150514,0.069638886,479959.257845,5963834.84983,03352
03352,2010,10240.0,10.0,10240.0,10.0,0.0,1.6634148,0.05455912,5.3528986,0.29204944,479959.257845,5963834.84983,03352
03352,2011,10240.0,10.0,10240.0,10.0,0.0,1.7001336,0.07666093,5.553104,0.42570612,479959.257845,5963834.84983,03352
03352,2012,10240.0,10.0,10240.0,10.0,0.0,1.6548473,0.07533047,5.307234,0.39979646,479959.257845,5963834.84983,03352
03352,2013,10240.0,10.0,10240.0,10.0,0.0,1.6116925,0.0046313046,5.083073,0.023541259,479959.257845,5963834.84983,03352
03352,2014,10240.0,10.0,10240.0,10.0,0.0,1.6205626,0.023076268,5.1283603,0.11834342,479959.257845,5963834.84983,03352
03352,2015,10240.0,10.0,10240.0,10.0,0.0,1.6953216,0.05109699,5.526447,0.2823848,479959.257845,5963834.84983,03352
03352,2016,10240.0,10.0,10240.0,10.0,0.0,1.6648546,0.019945016,5.360612,0.10691749,479959.257845,5963834.84983,03352
03352,2017,10240.0,10.0,10240.0,10.0,0.0,1.6139064,0.036809508,5.0943384,0.18752009,479959.257845,5963834.84983,03352
03352,2018,10240.0,10.0,10240.0,10.0,0.0,1.7377013,0.02098552,5.76569,0.120996,479959.257845,5963834.84983,03352
03352,2019,10240.0,10.0,10240.0,10.0,0.0,1.8281237,0.02947128,6.3113346,0.1860031,479959.257845,5963834.84983,03352
03352,2020,10240.0,10.0,10240.0,10.0,0.0,1.8746653,0.009367054,6.6120167,0.06193512,479959.257845,5963834.84983,03352
03352,2021,10240.0,10.0,10240.0,10.0,0.0,1.8297956,0.051591534,6.3218956,0.3261563,479959.257845,5963834.84983,03352
03352,2022,10240.0,10.0,10240.0,10.0,0.0,1.8174787,0.0014505795,6.2445064,0.009058153,479959.257845,5963834.84983,03352
03352,2023,10240.0,10.0,10240.0,10.0,0.0,1.9130836,0.017729957,6.8709817,0.12182221,479959.257845,5963834.84983,03352
03352,2024,10240.0,10.0,10240.0,10.0,0.0,2.0999968,0.023213008,8.283126,0.19227627,479959.257845,5963834.84983,03352
03352,2025,10240.0,10.0,10240.0,10.0,0.0,2.022823,0.005985488,7.6679287,0.0458963,479959.257845,5963834.84983,03352
03353,2007,15010.0,10.0,15010.0,10.0,0.0,1.9496633,0.0020073343,7.104844,0.014261797,557187.25662,5908259.38421,03353
03353,2008,15010.0,10.0,15010.0,10.0,0.0,1.9722093,0.0057522906,7.2668505,0.041801035,557187.25662,5908259.38421,03353
03353,2009,15010.0,10.0,15010.0,10.0,0.0,1.9808733,0.0090553565,7.330084,0.06637652,557187.25662,5908259.38421,03353
03353,2010,15010.0,10.0,15010.0,10.0,0.0,1.9931617,0.00553003,7.420714,0.041036773,557187.25662,5908259.38421,03353
03353,2011,15010.0,10.0,15010.0,10.0,0.0,2.0207233,0.004212336,7.628086,0.032132063,557187.25662,5908259.38421,03353
03353,2012,15010.0,10.0,15010.0,10.0,0.0,2.0862768,0.001149143,8.144886,0.009359639,557187.25662,5908259.38421,03353
03353,2013,15010.0,10.0,15010.0,10.0,0.0,2.1097348,0.009563306,8.338208,0.07974084,557187.25662,5908259.38421,03353
03353,2014,15010.0,10.0,15010.0,10.0,0.0,2.1427028,0.005836715,8.617684,0.050298966,557187.25662,5908259.38421,03353
03353,2015,15010.0,10.0,15010.0,10.0,0.0,2.1843357,0.00938431,8.984036,0.08430898,557187.25662,5908259.38421,03353
03353,2016,15010.0,10.0,15010.0,10.0,0.0,2.188377,0.006496108,9.020416,0.0585976,557187.25662,5908259.38421,03353
03353,2017,15010.0,10.0,15010.0,10.0,0.0,2.1830072,0.003023476,8.97211,0.027126959,557187.25662,5908259.38421,03353
03353,2018,15010.0,10.0,15010.0,10.0,0.0,2.2349355,0.0013131646,9.450324,0.0124098305,557187.25662,5908259.38421,03353
03353,2019,15010.0,10.0,15010.0,10.0,0.0,2.2679904,0.0018486937,9.767924,0.018057901,557187.25662,5908259.38421,03353
03353,2020,15010.0,10.0,15010.0,10.0,0.0,2.2937098,0.00057869736,10.0224085,0.0057999413,557187.25662,5908259.38421,03353
03353,2021,15010.0,10.0,15010.0,10.0,0.0,2.3305733,0.0024377948,10.398764,0.025350053,557187.25662,5908259.38421,03353
03353,2022,15010.0,10.0,15010.0,10.0,0.0,2.3505027,0.0123913465,10.608083,0.13144843,557187.25662,5908259.38421,03353
03353,2023,15010.0,10.0,15010.0,10.0,0.0,2.4340138,0.0048943097,11.53202,0.056441277,557187.25662,5908259.38421,03353
03353,2024,15010.0,10.0,15010.0,10.0,0.0,2.4798133,0.0022567632,12.072461,0.027244687,557187.25662,5908259.38421,03353
03353,2025,15010.0,10.0,15010.0,10.0,0.0,2.487481,0.0026699803,12.165387,0.032481343,557187.25662,5908259.38421,03353
03354,2007,22439.0,50.0,6045.0,25.0,0.032056134,1.4721806,0.056868784,4.4278097,0.25180417,665973.816767,5877463.43772,03354
03354,2008,22439.0,50.0,6045.0,25.0,0.032056134,1.4864671,0.030468483,4.491522,0.13684985,665973.816767,5877463.43772,03354
03354,2009,22439.0,50.0,6045.0,25.0,0.032056134,1.4785111,0.020872306,4.455929,0.09300551,665973.816767,5877463.43772,03354
03354,2010,22439.0,50.0,6045.0,25.0,0.032056134,1.4955158,0.039423034,4.532348,0.17867893,665973.816767,5877463.43772,03354
03354,2011,22439.0,50.0,6045.0,25.0,0.032056134,1.5109897,0.0024586048,4.603027,0.011317024,665973.816767,5877463.43772,03354
03354,2012,22439.0,50.0,6045.0,25.0,0.032056134,1.526658,0.00643975,4.675717,0.03011045,665973.816767,5877463.43772,03354
03354,2013,22439.0,50.0,6045.0,25.0,0.032056134,1.5453473,0.01639138,4.763924,0.078087285,665973.816767,5877463.43772,03354
03354,2014,22439.0,50.0,6045.0,25.0,0.032056134,1.6045355,0.013494709,5.054404,0.06820771,665973.816767,5877463.43772,03354
03354,2015,22439.0,50.0,6045.0,25.0,0.032056134,1.6276808,0.0065823453,5.1727533,0.03404885,665973.816767,5877463.43772,03354
03354,2016,22439.0,50.0,6045.0,25.0,0.032056134,1.5932751,0.06279851,4.997808,0.31385487,665973.816767,5877463.43772,03354
03354,2017,22439.0,50.0,6045.0,25.0,0.032056134,1.6465018,0.04236103,5.2710323,0.22328636,665973.816767,5877463.43772,03354
03354,2018,22439.0,50.0,6045.0,25.0,0.032056134,1.6386255,0.100733496,5.2296796,0.52680385,665973.816767,5877463.43772,03354
03354,2019,22439.0,50.0,6045.0,25.0,0.032056134,1.6740686,0.008874631,5.418359,0.04808593,665973.816767,5877463.43772,03354
03354,2020,22439.0,50.0,6045.0,25.0,0.032056134,1.7156764,0.038005795,5.648561,0.21467805,665973.816767,5877463.43772,03354
03354,2021,22439.0,50.0,6045.0,25.0,0.032056134,1.7962106,0.010515197,6.122283,0.06437701,665973.816767,5877463.43772,03354
03354,2022,22439.0,50.0,6045.0,25.0,0.032056134,1.7816987,0.009948827,6.034078,0.060032003,665973.816767,5877463.43772,03354
03354,2023,22439.0,50.0,6045.0,25.0,0.032056134,1.9745703,0.026701026,7.3176894,0.19538982,665973.816767,5877463.43772,03354
03354,2024,22439.0,50.0,6045.0,25.0,0.032056134,1.9756548,0.01174951,7.325631,0.08607257,665973.816767,5877463.43772,03354
03354,2025,22439.0,50.0,6045.0,25.0,0.032056134,2.06853,0.022475706,8.038596,0.18067314,665973.816767,5877463.43772,03354
03355,2007,31192.0,10.0,31192.0,10.0,0.0,1.8551522,0.014170265,6.4806747,0.09183288,596977.930109,5905153.89458,03355
03355,2008,31192.0,10.0,31192.0,10.0,0.0,1.8908397,0.05513908,6.7161303,0.37032124,596977.930109,5905153.89458,03355
03355,2009,31192.0,10.0,31192.0,10.0,0.0,1.8846575,0.040967483,6.6747384,0.27344722,596977.930109,5905153.89458,03355
03355,2010,31192.0,10.0,31192.0,10.0,0.0,1.9074627,0.05596347,6.8287053,0.38215807,596977.930109,5905153.89458,03355
03355,2011,31192.0,10.0,31192.0,10.0,0.0,1.9347539,0.05264157,7.0176353,0.36941934,596977.930109,5905153.89458,03355
03355,2012,31192.0,10.0,31192.0,10.0,0.0,1.9352202,0.02581248,7.0209084,0.18122706,596977.930109,5905153.89458,03355
03355,2013,31192.0,10.0,31192.0,10.0,0.0,2.0138965,0.03936959,7.595599,0.2990356,596977.930109,5905153.89458,03355
03355,2014,31192.0,10.0,31192.0,10.0,0.0,2.0538166,0.055152483,7.904949,0.43597758,596977.930109,5905153.89458,03355
03355,2015,31192.0,10.0,31192.0,10.0,0.0,2.1047053,0.035239115,8.317634,0.29310605,596977.930109,5905153.89458,03355
03355,2016,31192.0,10.0,31192.0,10.0,0.0,2.0931463,0.026022952,8.222044,0.21396185,596977.930109,5905153.89458,03355
03355,2017,31192.0,10.0,31192.0,10.0,0.0,2.2357347,0.06255212,9.482112,0.5931261,596977.930109,5905153.89458,03355
03355,2018,31192.0,10.0,31192.0,10.0,0.0,2.2615697,0.09797522,9.730275,0.9533258,596977.930109,5905153.89458,03355
03355,2019,31192.0,10.0,31192.0,10.0,0.0,2.2898326,0.11248624,10.009204,1.1258978,596977.930109,5905153.89458,03355
03355,2020,31192.0,10.0,31192.0,10.0,0.0,2.2667375,0.0523916,9.780689,0.51242596,596977.930109,5905153.89458,03355
03355,2021,31192.0,10.0,31192.0,10.0,0.0,2.3439429,0.05980775,10.565725,0.6319123,596977.930109,5905153.89458,03355
03355,2022,31192.0,10.0,31192.0,10.0,0.0,2.355941,0.06572275,10.693259,0.7027904,596977.930109,5905153.89458,03355
03355,2023,31192.0,10.0,31192.0,10.0,0.0,2.374867,0.044170026,10.897565,0.4813457,596977.930109,5905153.89458,03355
03355,2024,31192.0,10.0,31192.0,10.0,0.0,2.3852475,0.017407304,11.011276,0.19167663,596977.930109,5905153.89458,03355
03355,2025,31192.0,10.0,31192.0,10.0,0.0,2.4933593,0.019621195,12.268461,0.24072188,596977.930109,5905153.89458,03355
03356,2007,193230.0,25.0,5688.0,10.0,0.12661998,1.7319391,0.075966805,5.785951,0.4395402,500708.33985,5892399.87167,03356
03356,2008,193230.0,25.0,5688.0,10.0,0.12661998,1.741254,0.059872877,5.8400984,0.3496635,500708.33985,5892399.87167,03356
03356,2009,193230.0,25.0,5688.0,10.0,0.12661998,1.7688444,0.04588702,6.003473,0.27548146,500708.33985,5892399.87167,03356
03356,2010,193230.0,25.0,5688.0,10.0,0.12661998,1.8158298,0.04635185,6.2922797,0.2916588,500708.33985,5892399.87167,03356
03356,2011,193230.0,25.0,5688.0,10.0,0.12661998,1.8667052,0.011253376,6.620685,0.07450505,500708.33985,5892399.87167,03356
03356,2012,193230.0,25.0,5688.0,10.0,0.12661998,1.9295615,0.0030096732,7.0501947,0.021218782,500708.33985,5892399.87167,03356
03356,2013,193230.0,25.0,5688.0,10.0,0.12661998,1.9813106,0.042859953,7.4246407,0.31821975,500708.33985,5892399.87167,03356
03356,2014,193230.0,25.0,5688.0,10.0,0.12661998,1.9865342,0.04871282,7.463526,0.36356938,500708.33985,5892399.87167,03356
03356,2015,193230.0,25.0,5688.0,10.0,0.12661998,1.9699855,0.013367191,7.3410306,0.09812895,500708.33985,5892399.87167,03356
03356,2016,193230.0,25.0,5688.0,10.0,0.12661998,2.0228765,0.010835305,7.739756,0.08386262,500708.33985,5892399.87167,03356
03356,2017,193230.0,25.0,5688.0,10.0,0.12661998,2.0646703,0.05646514,8.070086,0.45567852,500708.33985,5892399.87167,03356
03356,2018,193230.0,25.0,5688.0,10.0,0.12661998,2.113219,0.048118815,8.471544,0.40764067,500708.33985,5892399.87167,03356
03356,2019,193230.0,25.0,5688.0,10.0,0.12661998,2.146304,0.04403931,8.756513,0.38563076,500708.33985,5892399.87167,03356
03356,2020,193230.0,25.0,5688.0,10.0,0.12661998,2.1555357,0.019067531,8.837725,0.16851358,500708.33985,5892399.87167,03356
03356,2021,193230.0,25.0,5688.0,10.0,0.12661998,2.218167,0.0102799,9.408943,0.096723,500708.33985,5892399.87167,03356
03356,2022,193230.0,25.0,5688.0,10.0,0.12661998,2.2478926,0.0034434276,9.69283,0.033376556,500708.33985,5892399.87167,03356
03356,2023,193230.0,25.0,5688.0,10.0,0.12661998,2.2911706,0.0029050438,10.121523,0.029403469,500708.33985,5892399.87167,03356
03356,2024,193230.0,25.0,5688.0,10.0,0.12661998,2.328315,0.008648965,10.504553,0.090853505,500708.33985,5892399.87167,03356
03356,2025,193230.0,25.0,5688.0,10.0,0.12661998,2.3913596,0.009047411,11.188128,0.1012236,500708.33985,5892399.87167,03356
03357,2007,20422.0,25.0,1591.0,10.0,-0.073506095,1.6122932,0.054086376,5.073929,0.27443042,511149.600442,5926928.0796,03357
03357,2008,20422.0,25.0,1591.0,10.0,-0.073506095,1.5933905,0.0300416,4.9789176,0.14957465,511149.600442,5926928.0796,03357
03357,2009,20422.0,25.0,1591.0,10.0,-0.073506095,1.5881137,0.013250232,4.9527144,0.06562462,511149.600442,5926928.0796,03357
03357,2010,20422.0,25.0,1591.0,10.0,-0.073506095,1.6450535,0.011800007,5.2429047,0.061866313,511149.600442,5926928.0796,03357
03357,2011,20422.0,25.0,1591.0,10.0,-0.073506095,1.6363178,0.04663616,5.197304,0.24238232,511149.600442,5926928.0796,03357
03357,2012,20422.0,25.0,1591.0,10.0,-0.073506095,1.5852536,0.0153582925,4.93857,0.075848,511149.600442,5926928.0796,03357
03357,2013,20422.0,25.0,1591.0,10.0,-0.073506095,1.589164,0.00015574072,4.9579196,0.00077214994,511149.600442,5926928.0796,03357
03357,2014,20422.0,25.0,1591.0,10.0,-0.073506095,1.6483663,0.015183657,5.260302,0.07987063,511149.600442,5926928.0796,03357
03357,2015,20422.0,25.0,1591.0,10.0,-0.073506095,1.6420009,0.03294428,5.2269244,0.17219725,511149.600442,5926928.0796,03357
03357,2016,20422.0,25.0,1591.0,10.0,-0.073506095,1.6789261,0.0409759,5.4235377,0.22223432,511149.600442,5926928.0796,03357
03357,2017,20422.0,25.0,1591.0,10.0,-0.073506095,1.7013671,0.053228967,5.5466228,0.295241,511149.600442,5926928.0796,03357
03357,2018,20422.0,25.0,1591.0,10.0,-0.073506095,1.698607,0.034608196,5.531335,0.19142953,511149.600442,5926928.0796,03357
03357,2019,20422.0,25.0,1591.0,10.0,-0.073506095,1.7834946,0.0626565,6.021382,0.37727872,511149.600442,5926928.0796,03357
03357,2020,20422.0,25.0,1591.0,10.0,-0.073506095,1.8788496,0.030377343,6.6238165,0.20121396,511149.600442,5926928.0796,03357
03357,2021,20422.0,25.0,1591.0,10.0,-0.073506095,1.8914986,0.03861809,6.708133,0.2590553,511149.600442,5926928.0796,03357
03357,2022,20422.0,25.0,1591.0,10.0,-0.073506095,1.9579318,0.012719565,7.1689124,0.09118544,511149.600442,5926928.0796,03357
03357,2023,20422.0,25.0,1591.0,10.0,-0.073506095,2.0931008,0.03281499,8.206471,0.26929528,511149.600442,5926928.0796,03357
03357,2024,20422.0,25.0,1591.0,10.0,-0.073506095,2.0763278,0.034587886,8.069971,0.27912325,511149.600442,5926928.0796,03357
03357,2025,20422.0,25.0,1591.0,10.0,-0.073506095,2.1549957,0.021662615,8.730457,0.18912454,511149.600442,5926928.0796,03357
03358,2007,21013.0,25.0,3802.0,15.0,0.063256375,1.7120705,0.043483965,5.6187487,0.24432547,566534.917666,5885749.91396,03358
03358,2008,21013.0,25.0,3802.0,15.0,0.063256375,1.7565812,0.0210786,5.874492,0.123826064,566534.917666,5885749.91396,03358
03358,2009,21013.0,25.0,3802.0,15.0,0.063256375,1.6997273,0.004414279,5.549822,0.024498463,566534.917666,5885749.91396,03358
03358,2010,21013.0,25.0,3802.0,15.0,0.063256375,1.7033286,0.024971642,5.5698442,0.13908815,566534.917666,5885749.91396,03358
03358,2011,21013.0,25.0,3802.0,15.0,0.063256375,1.6070118,0.09027298,5.0584,0.45663685,566534.917666,5885749.91396,03358
03358,2012,21013.0,25.0,3802.0,15.0,0.063256375,1.5036037,0.11764178,4.5614576,0.536618,566534.917666,5885749.91396,03358
03358,2013,21013.0,25.0,3802.0,15.0,0.063256375,1.5330055,0.09878927,4.6975636,0.46406886,566534.917666,5885749.91396,03358
03358,2014,21013.0,25.0,3802.0,15.0,0.063256375,1.5751876,0.18351896,4.8999553,0.8992347,566534.917666,5885749.91396,03358
03358,2015,21013.0,25.0,3802.0,15.0,0.063256375,1.7180043,0.032857623,5.6521883,0.18571748,566534.917666,5885749.91396,03358
03358,2016,21013.0,25.0,3802.0,15.0,0.063256375,1.8022554,0.0024438417,6.149027,0.015027248,566534.917666,5885749.91396,03358
03358,2017,21013.0,25.0,3802.0,15.0,0.063256375,1.9081436,0.05552977,6.8358583,0.37959367,566534.917666,5885749.91396,03358
03358,2018,21013.0,25.0,3802.0,15.0,0.063256375,1.9298261,0.04388883,6.985696,0.306594,566534.917666,5885749.91396,03358
03358,2019,21013.0,25.0,3802.0,15.0,0.063256375,1.9909236,0.08636144,7.4258122,0.64130384,566534.917666,5885749.91396,03358
03358,2020,21013.0,25.0,3802.0,15.0,0.063256375,2.1129763,0.030492088,8.389784,0.25582203,566534.917666,5885749.91396,03358
03358,2021,21013.0,25.0,3802.0,15.0,0.063256375,2.0670042,0.11027428,8.012819,0.8836079,566534.917666,5885749.91396,03358
03358,2022,21013.0,25.0,3802.0,15.0,0.063256375,2.2320833,0.098380536,9.451013,0.9297957,566534.917666,5885749.91396,03358
03358,2023,21013.0,25.0,3802.0,15.0,0.063256375,2.2906196,0.030837022,10.020751,0.30901012,566534.917666,5885749.91396,03358
03358,2024,21013.0,25.0,3802.0,15.0,0.063256375,2.3777843,0.038710825,10.933405,0.42324114,566534.917666,5885749.91396,03358
03358,2025,21013.0,25.0,3802.0,15.0,0.063256375,2.4100199,0.0138670895,11.291593,0.15658154,566534.917666,5885749.91396,03358
03359,2007,23313.0,10.0,23313.0,10.0,0.0,1.9328203,0.00159338,7.001034,0.011155307,545936.671178,5923987.50954,03359
03359,2008,23313.0,10.0,23313.0,10.0,0.0,1.881106,0.0021405567,6.648182,0.014230811,545936.671178,5923987.50954,03359
03359,2009,23313.0,10.0,23313.0,10.0,0.0,1.8753833,0.00071529666,6.6102448,0.004728286,545936.671178,5923987.50954,03359
03359,2010,23313.0,10.0,23313.0,10.0,0.0,1.9201169,0.004218725,6.9126587,0.029162606,545936.671178,5923987.50954,03359
03359,2011,23313.0,10.0,23313.0,10.0,0.0,1.9383372,0.0034039863,7.0397644,0.02396326,545936.671178,5923987.50954,03359
03359,2012,23313.0,10.0,23313.0,10.0,0.0,2.0099707,0.003754748,7.562547,0.028395459,545936.671178,5923987.50954,03359
03359,2013,23313.0,10.0,23313.0,10.0,0.0,2.0163565,0.0026669214,7.610995,0.020297924,545936.671178,5923987.50954,03359
03359,2014,23313.0,10.0,23313.0,10.0,0.0,2.016908,0.004296037,7.615194,0.032715153,545936.671178,5923987.50954,03359
03359,2015,23313.0,10.0,23313.0,10.0,0.0,2.0666816,0.00030480957,8.00382,0.002439641,545936.671178,5923987.50954,03359
03359,2016,23313.0,10.0,23313.0,10.0,0.0,2.10726,0.007586283,8.335282,0.063233815,545936.671178,5923987.50954,03359
03359,2017,23313.0,10.0,23313.0,10.0,0.0,2.1575685,0.007545696,8.765345,0.06614062,545936.671178,5923987.50954,03359
03359,2018,23313.0,10.0,23313.0,10.0,0.0,2.1863632,0.015255226,9.021409,0.13762364,545936.671178,5923987.50954,03359
03359,2019,23313.0,10.0,23313.0,10.0,0.0,2.2286642,0.0048187124,9.411211,0.04534992,545936.671178,5923987.50954,03359
03359,2020,23313.0,10.0,23313.0,10.0,0.0,2.264211,0.0036369336,9.751767,0.03546653,545936.671178,5923987.50954,03359
03359,2021,23313.0,10.0,23313.0,10.0,0.0,2.2957444,0.013376353,10.064173,0.13462193,545936.671178,5923987.50954,03359
03359,2022,23313.0,10.0,23313.0,10.0,0.0,2.3464181,0.030432839,10.587304,0.32220173,545936.671178,5923987.50954,03359
03359,2023,23313.0,10.0,23313.0,10.0,0.0,2.37812,0.02911737,10.928318,0.31820387,545936.671178,5923987.50954,03359
03359,2024,23313.0,10.0,23313.0,10.0,0.0,2.42151,0.021804595,11.412936,0.24885446,545936.671178,5923987.50954,03359
03359,2025,23313.0,10.0,23313.0,10.0,0.0,2.4817033,0.06448397,12.121016,0.78161114,545936.671178,5923987.50954,03359
03360,2007,45167.0,25.0,3929.0,10.0,0.140741,1.7504418,0.04215699,5.8487096,0.246564,599275.464071,5888812.82028,03360
03360,2008,45167.0,25.0,3929.0,10.0,0.140741,1.7673528,0.04993401,5.948458,0.29703036,599275.464071,5888812.82028,03360
03360,2009,45167.0,25.0,3929.0,10.0,0.140741,1.7682437,0.09573477,5.953759,0.56998175,599275.464071,5888812.82028,03360
03360,2010,45167.0,25.0,3929.0,10.0,0.140741,1.8412157,0.018499222,6.404462,0.11847756,599275.464071,5888812.82028,03360
03360,2011,45167.0,25.0,3929.0,10.0,0.140741,1.809528,0.06732485,6.204701,0.41773057,599275.464071,5888812.82028,03360
03360,2012,45167.0,25.0,3929.0,10.0,0.140741,1.8395253,0.070001245,6.3936453,0.44756314,599275.464071,5888812.82028,03360
03360,2013,45167.0,25.0,3929.0,10.0,0.140741,1.906196,0.091747805,6.834445,0.62704533,599275.464071,5888812.82028,03360
03360,2014,45167.0,25.0,3929.0,10.0,0.140741,1.9436704,0.11874567,7.0954204,0.84255046,599275.464071,5888812.82028,03360
03360,2015,45167.0,25.0,3929.0,10.0,0.140741,2.0313315,0.03938222,7.7454896,0.30503458,599275.464071,5888812.82028,03360
03360,2016,45167.0,25.0,3929.0,10.0,0.140741,2.0237703,0.021722585,7.687145,0.16698466,599275.464071,5888812.82028,03360
03360,2017,45167.0,25.0,3929.0,10.0,0.140741,2.1186745,0.07514383,8.452428,0.6351478,599275.464071,5888812.82028,03360
03360,2018,45167.0,25.0,3929.0,10.0,0.140741,2.155062,0.08248225,8.765654,0.72301084,599275.464071,5888812.82028,03360
03360,2019,45167.0,25.0,3929.0,10.0,0.140741,2.1884825,0.018238578,9.063559,0.16530643,599275.464071,5888812.82028,03360
03360,2020,45167.0,25.0,3929.0,10.0,0.140741,2.1987011,0.019271756,9.156651,0.17646474,599275.464071,5888812.82028,03360
03360,2021,45167.0,25.0,3929.0,10.0,0.140741,2.2655015,0.04334747,9.789209,0.42433745,599275.464071,5888812.82028,03360
03360,2022,45167.0,25.0,3929.0,10.0,0.140741,2.2439506,0.00874704,9.580501,0.08380102,599275.464071,5888812.82028,03360
03360,2023,45167.0,25.0,3929.0,10.0,0.140741,2.3536305,0.11480634,10.691081,1.2274039,599275.464071,5888812.82028,03360
03360,2024,45167.0,25.0,3929.0,10.0,0.140741,2.307384,0.15505554,10.207912,1.5827932,599275.464071,5888812.82028,03360
03360,2025,45167.0,25.0,3929.0,10.0,0.140741,2.3217318,0.07261196,10.355431,0.75192803,599275.464071,5888812.82028,03360
03361,2007,23447.0,10.0,23447.0,10.0,0.0,1.7245247,0.0059542954,5.683089,0.033838786,502671.230357,5874552.07123,03361
03361,2008,23447.0,10.0,23447.0,10.0,0.0,1.7318527,0.013524106,5.724887,0.077423975,502671.230357,5874552.07123,03361
03361,2009,23447.0,10.0,23447.0,10.0,0.0,1.7477134,0.0003189702,5.816412,0.0018552621,502671.230357,5874552.07123,03361
03361,2010,23447.0,10.0,23447.0,10.0,0.0,1.756222,0.022946382,5.866112,0.13460605,502671.230357,5874552.07123,03361
03361,2011,23447.0,10.0,23447.0,10.0,0.0,1.7797146,0.001115143,6.0055537,0.0066970508,502671.230357,5874552.07123,03361
03361,2012,23447.0,10.0,23447.0,10.0,0.0,1.7717434,0.0003329942,5.9578724,0.001983937,502671.230357,5874552.07123,03361
03361,2013,23447.0,10.0,23447.0,10.0,0.0,1.8153536,0.0081673935,6.223446,0.05082933,502671.230357,5874552.07123,03361
03361,2014,23447.0,10.0,23447.0,10.0,0.0,1.8081973,0.0012217764,6.1790676,0.0075494386,502671.230357,5874552.07123,03361
03361,2015,23447.0,10.0,23447.0,10.0,0.0,1.8180073,0.0025444427,6.239983,0.015877279,502671.230357,5874552.07123,03361
03361,2016,23447.0,10.0,23447.0,10.0,0.0,1.9274582,0.003113224,6.9617314,0.021673428,502671.230357,5874552.07123,03361
03361,2017,23447.0,10.0,23447.0,10.0,0.0,1.9127448,0.009639352,6.860051,0.06612644,502671.230357,5874552.07123,03361
03361,2018,23447.0,10.0,23447.0,10.0,0.0,2.0229166,0.0034436807,7.65904,0.02637529,502671.230357,5874552.07123,03361
03361,2019,23447.0,10.0,23447.0,10.0,0.0,2.0851252,0.008989316,8.15063,0.07326859,502671.230357,5874552.07123,03361
03361,2020,23447.0,10.0,23447.0,10.0,0.0,2.1162276,0.02931808,8.408119,0.2465099,502671.230357,5874552.07123,03361
03361,2021,23447.0,10.0,23447.0,10.0,0.0,2.1604283,0.046377476,8.788099,0.40756983,502671.230357,5874552.07123,03361
03361,2022,23447.0,10.0,23447.0,10.0,0.0,2.2081263,0.010783317,9.217432,0.099394485,502671.230357,5874552.07123,03361
03361,2023,23447.0,10.0,23447.0,10.0,0.0,2.25067,0.020821523,9.618034,0.20026213,502671.230357,5874552.07123,03361
03361,2024,23447.0,10.0,23447.0,10.0,0.0,2.3230414,0.01304889,10.339912,0.13492438,502671.230357,5874552.07123,03361
03361,2025,23447.0,10.0,23447.0,10.0,0.0,2.3616753,0.010188599,10.747201,0.109498926,502671.230357,5874552.07123,03361
03401,2007,43843.0,10.0,43843.0,10.0,0.0,1.6001233,0.020690277,5.024967,0.103967965,476242.090396,5877821.44968,03401
03401,2008,43843.0,10.0,43843.0,10.0,0.0,1.5830249,0.012775529,4.939779,0.06310829,476242.090396,5877821.44968,03401
03401,2009,43843.0,10.0,43843.0,10.0,0.0,1.6223415,0.008256704,5.137863,0.042421814,476242.090396,5877821.44968,03401
03401,2010,43843.0,10.0,43843.0,10.0,0.0,1.5896187,0.009736364,4.972459,0.048413664,476242.090396,5877821.44968,03401
03401,2011,43843.0,10.0,43843.0,10.0,0.0,1.6107157,0.012768552,5.0784774,0.0648448,476242.090396,5877821.44968,03401
03401,2012,43843.0,10.0,43843.0,10.0,0.0,1.6436527,0.019767525,5.2485313,0.103750475,476242.090396,5877821.44968,03401
03401,2013,43843.0,10.0,43843.0,10.0,0.0,1.6598554,0.036064893,5.3342648,0.19237967,476242.090396,5877821.44968,03401
03401,2014,43843.0,10.0,43843.0,10.0,0.0,1.7163433,0.013631817,5.6442595,0.07694151,476242.090396,5877821.44968,03401
03401,2015,43843.0,10.0,43843.0,10.0,0.0,1.7074215,0.0025398252,5.5941267,0.0142081035,476242.090396,5877821.44968,03401
03401,2016,43843.0,10.0,43843.0,10.0,0.0,1.7512859,0.019361757,5.844971,0.11316891,476242.090396,5877821.44968,03401
03401,2017,43843.0,10.0,43843.0,10.0,0.0,1.777945,0.02695099,6.002888,0.16178378,476242.090396,5877821.44968,03401
03401,2018,43843.0,10.0,43843.0,10.0,0.0,1.8653021,0.006433451,6.5508695,0.042144697,476242.090396,5877821.44968,03401
03401,2019,43843.0,10.0,43843.0,10.0,0.0,1.8739007,0.01936365,6.60744,0.12794416,476242.090396,5877821.44968,03401
03401,2020,43843.0,10.0,43843.0,10.0,0.0,1.908478,0.019913442,6.8399043,0.13620603,476242.090396,5877821.44968,03401
03401,2021,43843.0,10.0,43843.0,10.0,0.0,1.9486079,0.039317433,7.1199703,0.27993897,476242.090396,5877821.44968,03401
03401,2022,43843.0,10.0,43843.0,10.0,0.0,1.9993633,0.056209013,7.4906754,0.42104346,476242.090396,5877821.44968,03401
03401,2023,43843.0,10.0,43843.0,10.0,0.0,2.061918,0.013779513,7.9742193,0.10988085,476242.090396,5877821.44968,03401
03401,2024,43843.0,10.0,43843.0,10.0,0.0,2.1041243,0.0044930433,8.317986,0.03737307,476242.090396,5877821.44968,03401
03401,2025,43843.0,10.0,43843.0,10.0,0.0,2.2094948,0.00031676836,9.242296,0.0029276672,476242.090396,5877821.44968,03401
03402,2007,14111.0,10.0,14111.0,10.0,0.0,1.4439024,0.02656035,4.302558,0.114277445,378925.119423,5913981.30793,03402
03402,2008,14111.0,10.0,14111.0,10.0,0.0,1.5916208,0.083036534,4.9874673,0.414142,378925.119423,5913981.30793,03402
03402,2009,14111.0,10.0,14111.0,10.0,0.0,1.686962,0.10579108,5.4863844,0.58041054,378925.119423,5913981.30793,03402
03402,2010,14111.0,10.0,14111.0,10.0,0.0,1.7695143,0.03914372,5.9585176,0.23323855,378925.119423,5913981.30793,03402
03402,2011,14111.0,10.0,14111.0,10.0,0.0,1.7603822,0.04736709,5.904351,0.2796719,378925.119423,5913981.30793,03402
03402,2012,14111.0,10.0,14111.0,10.0,0.0,1.7873466,0.05138422,6.0657244,0.31168252,378925.119423,5913981.30793,03402
03402,2013,14111.0,10.0,14111.0,10.0,0.0,1.7894828,0.07510962,6.0786963,0.45656857,378925.119423,5913981.30793,03402
03402,2014,14111.0,10.0,14111.0,10.0,0.0,1.8869482,0.08802811,6.700992,0.5898757,378925.119423,5913981.30793,03402
03402,2015,14111.0,10.0,14111.0,10.0,0.0,1.8812538,0.070001535,6.6629434,0.46641624,378925.119423,5913981.30793,03402
03402,2016,14111.0,10.0,14111.0,10.0,0.0,1.8382127,0.055850126,6.3822465,0.35644928,378925.119423,5913981.30793,03402
03402,2017,14111.0,10.0,14111.0,10.0,0.0,1.9641628,0.0074823955,7.2389073,0.054164365,378925.119423,5913981.30793,03402
03402,2018,14111.0,10.0,14111.0,10.0,0.0,1.9506326,0.024379604,7.1416225,0.17410994,378925.119423,5913981.30793,03402
03402,2019,14111.0,10.0,14111.0,10.0,0.0,1.9408429,0.0072623654,7.0720496,0.051359806,378925.119423,5913981.30793,03402
03402,2020,14111.0,10.0,14111.0,10.0,0.0,1.9895145,0.021670109,7.424772,0.16089562,378925.119423,5913981.30793,03402
03402,2021,14111.0,10.0,14111.0,10.0,0.0,2.0015457,0.012678784,7.5146394,0.09527649,378925.119423,5913981.30793,03402
03402,2022,14111.0,10.0,14111.0,10.0,0.0,2.0620875,0.010057891,7.9836445,0.080298625,378925.119423,5913981.30793,03402
03402,2023,14111.0,10.0,14111.0,10.0,0.0,2.2188814,0.085380934,9.338903,0.7973643,378925.119423,5913981.30793,03402
03402,2024,14111.0,10.0,14111.0,10.0,0.0,2.2254417,0.009279097,9.40037,0.08722695,378925.119423,5913981.30793,03402
03402,2025,14111.0,10.0,14111.0,10.0,0.0,2.2107718,0.06395552,9.2634735,0.5924503,378925.119423,5913981.30793,03402
03403,2007,68512.0,10.0,68512.0,10.0,0.0,1.7808143,0.05026909,6.0224123,0.3027412,448119.438732,5888633.08552,03403
03403,2008,68512.0,10.0,68512.0,10.0,0.0,1.806226,0.038466785,6.177413,0.23762523,448119.438732,5888633.08552,03403
03403,2009,68512.0,10.0,68512.0,10.0,0.0,1.8223705,0.001160834,6.277954,0.007287662,448119.438732,5888633.08552,03403
03403,2010,68512.0,10.0,68512.0,10.0,0.0,1.8828276,0.0072867316,6.669209,0.048596736,448119.438732,5888633.08552,03403
03403,2011,68512.0,10.0,68512.0,10.0,0.0,1.9365668,0.010258737,7.0374117,0.072194956,448119.438732,5888633.08552,03403
03403,2012,68512.0,10.0,68512.0,10.0,0.0,2.0062377,0.0060646995,7.545199,0.045759365,448119.438732,5888633.08552,03403
03403,2013,68512.0,10.0,68512.0,10.0,0.0,2.003261,0.0036482862,7.522773,0.02744523,448119.438732,5888633.08552,03403
03403,2014,68512.0,10.0,68512.0,10.0,0.0,2.0462139,0.0020881572,7.8529367,0.016398165,448119.438732,5888633.08552,03403
03403,2015,68512.0,10.0,68512.0,10.0,0.0,2.032708,0.018851565,7.747588,0.14605415,448119.438732,5888633.08552,03403
03403,2016,68512.0,10.0,68512.0,10.0,0.0,2.0063324,0.009867435,7.5459127,0.0744588,448119.438732,5888633.08552,03403
03403,2017,68512.0,10.0,68512.0,10.0,0.0,2.126607,0.00026888915,8.510328,0.002288335,448119.438732,5888633.08552,03403
03403,2018,68512.0,10.0,68512.0,10.0,0.0,2.1532671,0.005230255,8.740267,0.045713823,448119.438732,5888633.08552,03403
03403,2019,68512.0,10.0,68512.0,10.0,0.0,2.2024143,0.0018568527,9.180557,0.017046941,448119.438732,5888633.08552,03403
03403,2020,68512.0,10.0,68512.0,10.0,0.0,2.2243004,0.00678351,9.383699,0.06365442,448119.438732,5888633.08552,03403
03403,2021,68512.0,10.0,68512.0,10.0,0.0,2.2789621,0.032466672,9.910907,0.32177415,448119.438732,5888633.08552,03403
03403,2022,68512.0,10.0,68512.0,10.0,0.0,2.3003802,0.028896283,10.125469,0.2925884,448119.438732,5888633.08552,03403
03403,2023,68512.0,10.0,68512.0,10.0,0.0,2.3023555,0.023274293,10.145488,0.23612908,448119.438732,5888633.08552,03403
03403,2024,68512.0,10.0,68512.0,10.0,0.0,2.325973,0.030665467,10.387952,0.3185514,448119.438732,5888633.08552,03403
03403,2025,68512.0,10.0,68512.0,10.0,0.0,2.3903747,0.051738918,11.078967,0.57321376,448119.438732,5888633.08552,03403
03404,2007,49253.0,10.0,49253.0,10.0,0.0,1.7259358,0.01485132,5.709514,0.08479382,434980.424558,5792349.89903,03404
03404,2008,49253.0,10.0,49253.0,10.0,0.0,1.7552567,0.0077709807,5.8794007,0.045688707,434980.424558,5792349.89903,03404
03404,2009,49253.0,10.0,49253.0,10.0,0.0,1.7761735,0.009433426,6.0036736,0.056635212,434980.424558,5792349.89903,03404
03404,2010,49253.0,10.0,49253.0,10.0,0.0,1.7906841,0.026219126,6.091426,0.15971185,434980.424558,5792349.89903,03404
03404,2011,49253.0,10.0,49253.0,10.0,0.0,1.8333664,0.022096362,6.3570504,0.14046769,434980.424558,5792349.89903,03404
03404,2012,49253.0,10.0,49253.0,10.0,0.0,1.8902333,0.0100362785,6.729033,0.06753445,434980.424558,5792349.89903,03404
03404,2013,49253.0,10.0,49253.0,10.0,0.0,1.8985753,0.0064331098,6.785401,0.043651227,434980.424558,5792349.89903,03404
03404,2014,49253.0,10.0,49253.0,10.0,0.0,1.9867833,0.024503456,7.4111185,0.18159802,434980.424558,5792349.89903,03404
03404,2015,49253.0,10.0,49253.0,10.0,0.0,1.9959046,0.015445863,7.479027,0.11552002,434980.424558,5792349.89903,03404
03404,2016,49253.0,10.0,49253.0,10.0,0.0,2.0347998,0.009413177,7.775656,0.07319363,434980.424558,5792349.89903,03404
03404,2017,49253.0,10.0,49253.0,10.0,0.0,2.131329,0.006159678,8.563655,0.052749358,434980.424558,5792349.89903,03404
03404,2018,49253.0,10.0,49253.0,10.0,0.0,2.1981382,0.006695683,9.15533,0.06130119,434980.424558,5792349.89903,03404
03404,2019,49253.0,10.0,49253.0,10.0,0.0,2.2193267,0.006980992,9.35139,0.06528197,434980.424558,5792349.89903,03404
03404,2020,49253.0,10.0,49253.0,10.0,0.0,2.2242804,0.0050471467,9.397828,0.047432214,434980.424558,5792349.89903,03404
03404,2021,49253.0,10.0,49253.0,10.0,0.0,2.207683,0.0011090164,9.243135,0.010250788,434980.424558,5792349.89903,03404
03404,2022,49253.0,10.0,49253.0,10.0,0.0,2.2640986,0.0039733592,9.779582,0.03885779,434980.424558,5792349.89903,03404
03404,2023,49253.0,10.0,49253.0,10.0,0.0,2.285885,0.008535411,9.994983,0.08531128,434980.424558,5792349.89903,03404
03404,2024,49253.0,10.0,49253.0,10.0,0.0,2.3407853,0.0021667767,10.5590515,0.022879107,434980.424558,5792349.89903,03404
03404,2025,49253.0,10.0,49253.0,10.0,0.0,2.3762026,0.00013188427,10.939726,0.0014427777,434980.424558,5792349.89903,03404
03405,2007,46825.0,10.0,46825.0,10.0,0.0,1.4757159,0.028253566,4.4248996,0.1250192,439571.219382,5935716.80654,03405
03405,2008,46825.0,10.0,46825.0,10.0,0.0,1.4956361,0.05331932,4.5139284,0.24067959,439571.219382,5935716.80654,03405
03405,2009,46825.0,10.0,46825.0,10.0,0.0,1.5177841,0.029363593,4.6150184,0.13551353,439571.219382,5935716.80654,03405
03405,2010,46825.0,10.0,46825.0,10.0,0.0,1.5008942,0.0045651547,4.5377254,0.02071542,439571.219382,5935716.80654,03405
03405,2011,46825.0,10.0,46825.0,10.0,0.0,1.541263,0.020660575,4.7246556,0.0976141,439571.219382,5935716.80654,03405
03405,2012,46825.0,10.0,46825.0,10.0,0.0,1.5524204,0.020779207,4.777666,0.09927611,439571.219382,5935716.80654,03405
03405,2013,46825.0,10.0,46825.0,10.0,0.0,1.5017679,0.021939917,4.541692,0.09964435,439571.219382,5935716.80654,03405
03405,2014,46825.0,10.0,46825.0,10.0,0.0,1.5113083,0.01239229,4.585229,0.056821488,439571.219382,5935716.80654,03405
03405,2015,46825.0,10.0,46825.0,10.0,0.0,1.5660887,0.026505401,4.843417,0.1283767,439571.219382,5935716.80654,03405
03405,2016,46825.0,10.0,46825.0,10.0,0.0,1.5756366,0.039643724,4.889883,0.19385317,439571.219382,5935716.80654,03405
03405,2017,46825.0,10.0,46825.0,10.0,0.0,1.645071,0.017469207,5.241474,0.091564395,439571.219382,5935716.80654,03405
03405,2018,46825.0,10.0,46825.0,10.0,0.0,1.6523212,0.013418978,5.279614,0.07084702,439571.219382,5935716.80654,03405
03405,2019,46825.0,10.0,46825.0,10.0,0.0,1.6569686,0.017266896,5.3042073,0.0915872,439571.219382,5935716.80654,03405
03405,2020,46825.0,10.0,46825.0,10.0,0.0,1.7099946,0.026108209,5.5930586,0.14602473,439571.219382,5935716.80654,03405
03405,2021,46825.0,10.0,46825.0,10.0,0.0,1.7612952,0.029753085,5.887473,0.1751705,439571.219382,5935716.80654,03405
03405,2022,46825.0,10.0,46825.0,10.0,0.0,1.7831455,0.046614166,6.0175323,0.28050226,439571.219382,5935716.80654,03405
03405,2023,46825.0,10.0,46825.0,10.0,0.0,1.8563756,0.03321198,6.4747324,0.2150387,439571.219382,5935716.80654,03405
03405,2024,46825.0,10.0,46825.0,10.0,0.0,1.8793281,0.042725,6.6250634,0.28305584,439571.219382,5935716.80654,03405
03405,2025,46825.0,10.0,46825.0,10.0,0.0,1.8955942,0.040746074,6.733708,0.2743722,439571.219382,5935716.80654,03405
03451,2007,32508.0,25.0,3118.0,10.0,0.084417686,1.6515157,0.09337614,5.309998,0.4958271,418910.945919,5896156.92839,03451
03451,2008,32508.0,25.0,3118.0,10.0,0.084417686,1.5905671,0.060634326,4.9960265,0.3029307,418910.945919,5896156.92839,03451
03451,2009,32508.0,25.0,3118.0,10.0,0.084417686,1.5427305,0.022538705,4.7626595,0.10734417,418910.945919,5896156.92839,03451
03451,2010,32508.0,25.0,3118.0,10.0,0.084417686,1.5308375,0.018926112,4.706353,0.089072965,418910.945919,5896156.92839,03451
03451,2011,32508.0,25.0,3118.0,10.0,0.084417686,1.574477,0.0053651473,4.9162827,0.02637658,418910.945919,5896156.92839,03451
03451,2012,32508.0,25.0,3118.0,10.0,0.084417686,1.5850261,0.006206213,4.9684205,0.030835077,418910.945919,5896156.92839,03451
03451,2013,32508.0,25.0,3118.0,10.0,0.084417686,1.5766547,0.007200119,4.9270005,0.035474993,418910.945919,5896156.92839,03451
03451,2014,32508.0,25.0,3118.0,10.0,0.084417686,1.5868107,0.0217746,4.9772944,0.1083786,418910.945919,5896156.92839,03451
03451,2015,32508.0,25.0,3118.0,10.0,0.084417686,1.6485355,0.026714794,5.294197,0.14143339,418910.945919,5896156.92839,03451
03451,2016,32508.0,25.0,3118.0,10.0,0.084417686,1.6926643,0.006984977,5.533055,0.03864826,418910.945919,5896156.92839,03451
03451,2017,32508.0,25.0,3118.0,10.0,0.084417686,1.7023917,0.016921835,5.58714,0.09454467,418910.945919,5896156.92839,03451
03451,2018,32508.0,25.0,3118.0,10.0,0.084417686,1.7382681,0.026537914,5.791226,0.15368706,418910.945919,5896156.92839,03451
03451,2019,32508.0,25.0,3118.0,10.0,0.084417686,1.7524244,0.0012429267,5.8737907,0.007300691,418910.945919,5896156.92839,03451
03451,2020,32508.0,25.0,3118.0,10.0,0.084417686,1.851371,0.042830713,6.484708,0.27774468,418910.945919,5896156.92839,03451
03451,2021,32508.0,25.0,3118.0,10.0,0.084417686,1.9060742,0.03357114,6.849324,0.22993961,418910.945919,5896156.92839,03451
03451,2022,32508.0,25.0,3118.0,10.0,0.084417686,1.9489466,0.017442103,7.149357,0.12469982,418910.945919,5896156.92839,03451
03451,2023,32508.0,25.0,3118.0,10.0,0.084417686,1.9754387,0.045750603,7.341289,0.33586842,418910.945919,5896156.92839,03451
03451,2024,32508.0,25.0,3118.0,10.0,0.084417686,2.0843256,0.034580544,8.185803,0.28306952,418910.945919,5896156.92839,03451
03451,2025,32508.0,25.0,3118.0,10.0,0.084417686,2.1283307,0.058896862,8.554064,0.50380754,418910.945919,5896156.92839,03451
03452,2007,10357.0,10.0,10357.0,10.0,0.0,1.2515129,0.06832771,3.5445879,0.24219356,403251.721859,5928273.82419,03452
03452,2008,10357.0,10.0,10357.0,10.0,0.0,1.3371587,0.21062216,3.8615463,0.8133272,403251.721859,5928273.82419,03452
03452,2009,10357.0,10.0,10357.0,10.0,0.0,1.3959271,0.10791295,4.0952835,0.44193417,403251.721859,5928273.82419,03452
03452,2010,10357.0,10.0,10357.0,10.0,0.0,1.4782627,0.041297514,4.4467416,0.18363938,403251.721859,5928273.82419,03452
03452,2011,10357.0,10.0,10357.0,10.0,0.0,1.6112753,0.08061017,5.079355,0.40944767,403251.721859,5928273.82419,03452
03452,2012,10357.0,10.0,10357.0,10.0,0.0,1.6918234,0.08221594,5.505416,0.45263293,403251.721859,5928273.82419,03452
03452,2013,10357.0,10.0,10357.0,10.0,0.0,1.8099338,0.11263773,6.195621,0.6978607,403251.721859,5928273.82419,03452
03452,2014,10357.0,10.0,10357.0,10.0,0.0,1.7395223,0.15250313,5.774382,0.88061136,403251.721859,5928273.82419,03452
03452,2015,10357.0,10.0,10357.0,10.0,0.0,1.7247646,0.047825754,5.689791,0.27211854,403251.721859,5928273.82419,03452
03452,2016,10357.0,10.0,10357.0,10.0,0.0,1.7432958,0.07871723,5.796213,0.45626184,403251.721859,5928273.82419,03452
03452,2017,10357.0,10.0,10357.0,10.0,0.0,1.9074161,0.09918177,6.8300023,0.67741174,403251.721859,5928273.82419,03452
03452,2018,10357.0,10.0,10357.0,10.0,0.0,1.82389,0.12929717,6.2826943,0.8123346,403251.721859,5928273.82419,03452
03452,2019,10357.0,10.0,10357.0,10.0,0.0,1.9529817,0.06282006,7.1484146,0.44906387,403251.721859,5928273.82419,03452
03452,2020,10357.0,10.0,10357.0,10.0,0.0,2.0402462,0.007349448,7.8002453,0.057327494,403251.721859,5928273.82419,03452
03452,2021,10357.0,10.0,10357.0,10.0,0.0,2.0253122,0.00024082449,7.6846213,0.0018506452,403251.721859,5928273.82419,03452
03452,2022,10357.0,10.0,10357.0,10.0,0.0,2.1140478,0.062119875,8.397692,0.52166355,403251.721859,5928273.82419,03452
03452,2023,10357.0,10.0,10357.0,10.0,0.0,2.0351524,0.019833632,7.760614,0.15392116,403251.721859,5928273.82419,03452
03452,2024,10357.0,10.0,10357.0,10.0,0.0,1.9615198,0.047737677,7.2097106,0.34417483,403251.721859,5928273.82419,03452
03452,2025,10357.0,10.0,10357.0,10.0,0.0,1.9807465,0.08703659,7.3496704,0.6396902,403251.721859,5928273.82419,03452
03453,2007,29622.0,25.0,2835.0,10.0,0.049686495,1.4959896,0.017767765,4.543881,0.0807346,418606.775068,5888324.096,03453
03453,2008,29622.0,25.0,2835.0,10.0,0.049686495,1.525944,0.054013368,4.6820493,0.25289327,418606.775068,5888324.096,03453
03453,2009,29622.0,25.0,2835.0,10.0,0.049686495,1.5217392,0.010198031,4.6624036,0.047547337,418606.775068,5888324.096,03453
03453,2010,29622.0,25.0,2835.0,10.0,0.049686495,1.4858798,0.010708215,4.4981747,0.04816742,418606.775068,5888324.096,03453
03453,2011,29622.0,25.0,2835.0,10.0,0.049686495,1.5008217,0.05665333,4.565891,0.25867292,418606.775068,5888324.096,03453
03453,2012,29622.0,25.0,2835.0,10.0,0.049686495,1.5017316,0.004294937,4.5700474,0.019628065,418606.775068,5888324.096,03453
03453,2013,29622.0,25.0,2835.0,10.0,0.049686495,1.5023947,0.0007692724,4.5730786,0.003517943,418606.775068,5888324.096,03453
03453,2014,29622.0,25.0,2835.0,10.0,0.049686495,1.4972905,0.01972831,4.549796,0.08975979,418606.775068,5888324.096,03453
03453,2015,29622.0,25.0,2835.0,10.0,0.049686495,1.607288,0.035338398,5.078825,0.17947753,418606.775068,5888324.096,03453
03453,2016,29622.0,25.0,2835.0,10.0,0.049686495,1.6036991,0.0010054337,5.06063,0.005088128,418606.775068,5888324.096,03453
03453,2017,29622.0,25.0,2835.0,10.0,0.049686495,1.6073656,0.06689277,5.079219,0.33976302,418606.775068,5888324.096,03453
03453,2018,29622.0,25.0,2835.0,10.0,0.049686495,1.6309987,0.02490638,5.200686,0.12953027,418606.775068,5888324.096,03453
03453,2019,29622.0,25.0,2835.0,10.0,0.049686495,1.6549296,0.008665899,5.326645,0.046160165,418606.775068,5888324.096,03453
03453,2020,29622.0,25.0,2835.0,10.0,0.049686495,1.765844,0.044260737,5.951456,0.26341584,418606.775068,5888324.096,03453
03453,2021,29622.0,25.0,2835.0,10.0,0.049686495,1.7882847,0.009269731,6.0865207,0.05642041,418606.775068,5888324.096,03453
03453,2022,29622.0,25.0,2835.0,10.0,0.049686495,1.9048027,0.04177601,6.8386793,0.28569272,418606.775068,5888324.096,03453
03453,2023,29622.0,25.0,2835.0,10.0,0.049686495,1.9255239,0.027168456,6.9818625,0.18968643,418606.775068,5888324.096,03453
03453,2024,29622.0,25.0,2835.0,10.0,0.049686495,2.0772822,0.02520339,8.126043,0.20480384,418606.775068,5888324.096,03453
03453,2025,29622.0,25.0,2835.0,10.0,0.049686495,2.097375,0.026487963,8.290969,0.2196109,418606.775068,5888324.096,03453
03454,2007,26619.0,25.0,1223.0,10.0,0.16149876,1.459468,0.121323235,4.368681,0.5300225,385132.878164,5806907.05588,03454
03454,2008,26619.0,25.0,1223.0,10.0,0.16149876,1.4956594,0.0715765,4.529685,0.324219,385132.878164,5806907.05588,03454
03454,2009,26619.0,25.0,1223.0,10.0,0.16149876,1.5320851,0.014669346,4.6977243,0.06891254,385132.878164,5806907.05588,03454
03454,2010,26619.0,25.0,1223.0,10.0,0.16149876,1.5606574,0.041081753,4.833885,0.1985845,385132.878164,5806907.05588,03454
03454,2011,26619.0,25.0,1223.0,10.0,0.16149876,1.6214229,0.031476635,5.136727,0.16168688,385132.878164,5806907.05588,03454
03454,2012,26619.0,25.0,1223.0,10.0,0.16149876,1.6180874,0.009550825,5.1196213,0.04889661,385132.878164,5806907.05588,03454
03454,2013,26619.0,25.0,1223.0,10.0,0.16149876,1.724828,0.04424651,5.696325,0.2520425,385132.878164,5806907.05588,03454
03454,2014,26619.0,25.0,1223.0,10.0,0.16149876,1.718881,0.056690935,5.6625495,0.3210152,385132.878164,5806907.05588,03454
03454,2015,26619.0,25.0,1223.0,10.0,0.16149876,1.7104422,0.047476947,5.6149645,0.2665814,385132.878164,5806907.05588,03454
03454,2016,26619.0,25.0,1223.0,10.0,0.16149876,1.7559106,0.042396292,5.8761616,0.24912748,385132.878164,5806907.05588,03454
03454,2017,26619.0,25.0,1223.0,10.0,0.16149876,1.7937965,0.06252343,6.103056,0.38158402,385132.878164,5806907.05588,03454
03454,2018,26619.0,25.0,1223.0,10.0,0.16149876,1.7768341,0.03887627,6.000407,0.23327343,385132.878164,5806907.05588,03454
03454,2019,26619.0,25.0,1223.0,10.0,0.16149876,1.8738718,0.035170544,6.6118593,0.23254268,385132.878164,5806907.05588,03454
03454,2020,26619.0,25.0,1223.0,10.0,0.16149876,1.918862,0.0052882526,6.9161215,0.0365742,385132.878164,5806907.05588,03454
03454,2021,26619.0,25.0,1223.0,10.0,0.16149876,1.9238292,0.0142809935,6.950561,0.09926091,385132.878164,5806907.05588,03454
03454,2022,26619.0,25.0,1223.0,10.0,0.16149876,1.9881651,0.007187216,7.41243,0.053274732,385132.878164,5806907.05588,03454
03454,2023,26619.0,25.0,1223.0,10.0,0.16149876,2.0524485,0.019825187,7.904574,0.15670966,385132.878164,5806907.05588,03454
03454,2024,26619.0,25.0,1223.0,10.0,0.16149876,2.2420676,0.01867839,9.554962,0.1784713,385132.878164,5806907.05588,03454
03454,2025,26619.0,25.0,1223.0,10.0,0.16149876,2.272049,0.030909553,9.845771,0.30432838,385132.878164,5806907.05588,03454
03455,2007,60208.0,25.0,6046.0,10.0,-0.107274696,1.422802,0.1014056,4.2094493,0.42686176,425826.549868,5934813.55607,03455
03455,2008,60208.0,25.0,6046.0,10.0,-0.107274696,1.390574,0.09565928,4.07595,0.38990247,425826.549868,5934813.55607,03455
03455,2009,60208.0,25.0,6046.0,10.0,-0.107274696,1.576167,0.021872312,4.9071674,0.1073311,425826.549868,5934813.55607,03455
03455,2010,60208.0,25.0,6046.0,10.0,-0.107274696,1.5660707,0.009518056,4.8578725,0.046237502,425826.549868,5934813.55607,03455
03455,2011,60208.0,25.0,6046.0,10.0,-0.107274696,1.5923325,0.045654632,4.987139,0.227686,425826.549868,5934813.55607,03455
03455,2012,60208.0,25.0,6046.0,10.0,-0.107274696,1.5680431,0.049493674,4.8674636,0.24090865,425826.549868,5934813.55607,03455
03455,2013,60208.0,25.0,6046.0,10.0,-0.107274696,1.5010731,0.07803383,4.5521655,0.35522288,425826.549868,5934813.55607,03455
03455,2014,60208.0,25.0,6046.0,10.0,-0.107274696,1.5233873,0.061262175,4.654885,0.28516838,425826.549868,5934813.55607,03455
03455,2015,60208.0,25.0,6046.0,10.0,-0.107274696,1.5826434,0.006963291,4.9390516,0.034392055,425826.549868,5934813.55607,03455
03455,2016,60208.0,25.0,6046.0,10.0,-0.107274696,1.6602226,0.0576529,5.3374743,0.3077209,425826.549868,5934813.55607,03455
03455,2017,60208.0,25.0,6046.0,10.0,-0.107274696,1.6388723,0.05983046,5.2247252,0.31259772,425826.549868,5934813.55607,03455
03455,2018,60208.0,25.0,6046.0,10.0,-0.107274696,1.6692758,0.0496376,5.3860145,0.26734886,425826.549868,5934813.55607,03455
03455,2019,60208.0,25.0,6046.0,10.0,-0.107274696,1.744527,0.09001507,5.806958,0.5227138,425826.549868,5934813.55607,03455
03455,2020,60208.0,25.0,6046.0,10.0,-0.107274696,1.8652357,0.076549985,6.551969,0.5015531,425826.549868,5934813.55607,03455
03455,2021,60208.0,25.0,6046.0,10.0,-0.107274696,1.8935719,0.093376696,6.740282,0.6293853,425826.549868,5934813.55607,03455
03455,2022,60208.0,25.0,6046.0,10.0,-0.107274696,1.9060161,0.13790292,6.8246837,0.94114375,425826.549868,5934813.55607,03455
03455,2023,60208.0,25.0,6046.0,10.0,-0.107274696,1.9395336,0.13931538,7.057307,0.98319143,425826.549868,5934813.55607,03455
03455,2024,60208.0,25.0,6046.0,10.0,-0.107274696,2.040541,0.17940196,7.8073916,1.4006615,425826.549868,5934813.55607,03455
03455,2025,60208.0,25.0,6046.0,10.0,-0.107274696,1.996682,0.23459367,7.4723682,1.7529703,425826.549868,5934813.55607,03455
03456,2007,27180.0,25.0,2279.0,10.0,0.019917233,1.6243193,0.0047962163,5.150205,0.024701498,371018.696051,5795642.89583,03456
03456,2008,27180.0,25.0,2279.0,10.0,0.019917233,1.571436,0.003302112,4.8849216,0.016130557,371018.696051,5795642.89583,03456
03456,2009,27180.0,25.0,2279.0,10.0,0.019917233,1.6578321,0.049294308,5.325728,0.26252806,371018.696051,5795642.89583,03456
03456,2010,27180.0,25.0,2279.0,10.0,0.019917233,1.6892021,0.051000033,5.4954433,0.2802678,371018.696051,5795642.89583,03456
03456,2011,27180.0,25.0,2279.0,10.0,0.019917233,1.7121236,0.00056941435,5.6228623,0.0032017382,371018.696051,5795642.89583,03456
03456,2012,27180.0,25.0,2279.0,10.0,0.019917233,1.7066046,0.012133086,5.591915,0.067847185,371018.696051,5795642.89583,03456
03456,2013,27180.0,25.0,2279.0,10.0,0.019917233,1.7428733,0.0267008,5.7984495,0.15482324,371018.696051,5795642.89583,03456
03456,2014,27180.0,25.0,2279.0,10.0,0.019917233,1.6857706,0.006012811,5.4766183,0.03292987,371018.696051,5795642.89583,03456
03456,2015,27180.0,25.0,2279.0,10.0,0.019917233,1.7524457,0.046919983,5.854221,0.27467996,371018.696051,5795642.89583,03456
03456,2016,27180.0,25.0,2279.0,10.0,0.019917233,1.7650522,0.025714228,5.9284897,0.15244654,371018.696051,5795642.89583,03456
03456,2017,27180.0,25.0,2279.0,10.0,0.019917233,1.7862095,0.00079009426,6.055256,0.0047842227,371018.696051,5795642.89583,03456
03456,2018,27180.0,25.0,2279.0,10.0,0.019917233,1.8017263,0.004102709,6.149947,0.025231441,371018.696051,5795642.89583,03456
03456,2019,27180.0,25.0,2279.0,10.0,0.019917233,1.8835508,0.022902379,6.6743245,0.15285791,371018.696051,5795642.89583,03456
03456,2020,27180.0,25.0,2279.0,10.0,0.019917233,1.9072833,0.0126741575,6.834617,0.08662301,371018.696051,5795642.89583,03456
03456,2021,27180.0,25.0,2279.0,10.0,0.019917233,1.9292325,0.016562028,6.9862905,0.11570714,371018.696051,5795642.89583,03456
03456,2022,27180.0,25.0,2279.0,10.0,0.019917233,2.0079901,0.0138873635,7.5587616,0.104971275,371018.696051,5795642.89583,03456
03456,2023,27180.0,25.0,2279.0,10.0,0.019917233,2.0772343,0.03756842,8.100709,0.30433083,371018.696051,5795642.89583,03456
03456,2024,27180.0,25.0,2279.0,10.0,0.019917233,2.1557674,0.07698852,8.762529,0.67461413,371018.696051,5795642.89583,03456
03456,2025,27180.0,25.0,2279.0,10.0,0.019917233,2.2211635,0.07118539,9.354717,0.6659192,371018.696051,5795642.89583,03456
03457,2007,38279.0,25.0,4142.0,10.0,-0.012721441,1.3957384,0.002542638,4.1145673,0.010461856,388494.073254,5904204.62806,03457
03457,2008,38279.0,25.0,4142.0,10.0,-0.012721441,1.3886249,0.04178351,4.085403,0.17070247,388494.073254,5904204.62806,03457
03457,2009,38279.0,25.0,4142.0,10.0,-0.012721441,1.5541729,0.056474596,4.820936,0.27226046,388494.073254,5904204.62806,03457
03457,2010,38279.0,25.0,4142.0,10.0,-0.012721441,1.6753756,0.056592017,5.442132,0.30798122,388494.073254,5904204.62806,03457
03457,2011,38279.0,25.0,4142.0,10.0,-0.012721441,1.6990796,0.0018943036,5.572674,0.0105563365,388494.073254,5904204.62806,03457
03457,2012,38279.0,25.0,4142.0,10.0,-0.012721441,1.678399,0.02476396,5.4586105,0.13517682,388494.073254,5904204.62806,03457
03457,2013,38279.0,25.0,4142.0,10.0,-0.012721441,1.6847849,0.018102707,5.4935803,0.09944867,388494.073254,5904204.62806,03457
03457,2014,38279.0,25.0,4142.0,10.0,-0.012721441,1.7471541,0.028709747,5.8471217,0.16786939,388494.073254,5904204.62806,03457
03457,2015,38279.0,25.0,4142.0,10.0,-0.012721441,1.7818372,0.0052283485,6.0534754,0.03164968,388494.073254,5904204.62806,03457
03457,2016,38279.0,25.0,4142.0,10.0,-0.012721441,1.8349478,0.09580524,6.3836703,0.6115891,388494.073254,5904204.62806,03457
03457,2017,38279.0,25.0,4142.0,10.0,-0.012721441,1.9164597,0.042204287,6.92581,0.29229885,388494.073254,5904204.62806,03457
03457,2018,38279.0,25.0,4142.0,10.0,-0.012721441,1.9308028,0.053591482,7.0258636,0.37652645,388494.073254,5904204.62806,03457
03457,2019,38279.0,25.0,4142.0,10.0,-0.012721441,1.9927733,0.015241531,7.4750338,0.113930956,388494.073254,5904204.62806,03457
03457,2020,38279.0,25.0,4142.0,10.0,-0.012721441,2.0157912,0.0054295016,7.6490893,0.041530743,388494.073254,5904204.62806,03457
03457,2021,38279.0,25.0,4142.0,10.0,-0.012721441,2.063343,0.0058451933,8.021605,0.04688783,388494.073254,5904204.62806,03457
03457,2022,38279.0,25.0,4142.0,10.0,-0.012721441,2.0489082,0.054062076,7.906645,0.42744964,388494.073254,5904204.62806,03457
03457,2023,38279.0,25.0,4142.0,10.0,-0.012721441,2.1112192,0.113067724,8.4149885,0.95146364,388494.073254,5904204.62806,03457
03457,2024,38279.0,25.0,4142.0,10.0,-0.012721441,2.1473594,0.052584812,8.72467,0.45878512,388494.073254,5904204.62806,03457
03457,2025,38279.0,25.0,4142.0,10.0,-0.012721441,2.1334012,0.0006372413,8.603735,0.0054826555,388494.073254,5904204.62806,03457
03458,2007,82616.0,25.0,2813.0,10.0,-0.100197926,1.6150378,0.13986565,5.1052623,0.7140508,461013.031398,5868600.88158,03458
03458,2008,82616.0,25.0,2813.0,10.0,-0.100197926,1.5500377,0.0057729455,4.783975,0.027617626,461013.031398,5868600.88158,03458
03458,2009,82616.0,25.0,2813.0,10.0,-0.100197926,1.6400939,0.02611851,5.2347965,0.13672508,461013.031398,5868600.88158,03458
03458,2010,82616.0,25.0,2813.0,10.0,-0.100197926,1.629192,0.034023315,5.1780376,0.176174,461013.031398,5868600.88158,03458
03458,2011,82616.0,25.0,2813.0,10.0,-0.100197926,1.5943241,0.0018863672,5.000602,0.009432971,461013.031398,5868600.88158,03458
03458,2012,82616.0,25.0,2813.0,10.0,-0.100197926,1.5642178,0.04911374,4.8522954,0.23831438,461013.031398,5868600.88158,03458
03458,2013,82616.0,25.0,2813.0,10.0,-0.100197926,1.6603826,0.017963376,5.3420887,0.09596194,461013.031398,5868600.88158,03458
03458,2014,82616.0,25.0,2813.0,10.0,-0.100197926,1.6320393,0.04066994,5.192802,0.21119094,461013.031398,5868600.88158,03458
03458,2015,82616.0,25.0,2813.0,10.0,-0.100197926,1.6711873,0.041873034,5.4001207,0.22611944,461013.031398,5868600.88158,03458
03458,2016,82616.0,25.0,2813.0,10.0,-0.100197926,1.7795563,0.053779848,6.018213,0.3236586,461013.031398,5868600.88158,03458
03458,2017,82616.0,25.0,2813.0,10.0,-0.100197926,1.7696525,0.025210286,5.958904,0.15022567,461013.031398,5868600.88158,03458
03458,2018,82616.0,25.0,2813.0,10.0,-0.100197926,1.8308494,0.034009654,6.33496,0.2154498,461013.031398,5868600.88158,03458
03458,2019,82616.0,25.0,2813.0,10.0,-0.100197926,1.8413969,0.047410686,6.4021316,0.30352944,461013.031398,5868600.88158,03458
03458,2020,82616.0,25.0,2813.0,10.0,-0.100197926,1.9696599,0.035273954,7.278276,0.25673357,461013.031398,5868600.88158,03458
03458,2021,82616.0,25.0,2813.0,10.0,-0.100197926,1.9165901,0.05128987,6.902089,0.35400727,461013.031398,5868600.88158,03458
03458,2022,82616.0,25.0,2813.0,10.0,-0.100197926,2.0234582,0.019534612,7.6805596,0.15003675,461013.031398,5868600.88158,03458
03458,2023,82616.0,25.0,2813.0,10.0,-0.100197926,2.0055735,0.012689049,7.5444145,0.09573145,461013.031398,5868600.88158,03458
03458,2024,82616.0,25.0,2813.0,10.0,-0.100197926,2.0863073,0.0006459422,8.178766,0.0052830097,461013.031398,5868600.88158,03458
03458,2025,82616.0,25.0,2813.0,10.0,-0.100197926,2.1316528,0.06594674,8.558173,0.5643837,461013.031398,5868600.88158,03458
03459,2007,73142.0,25.0,2626.0,10.0,-0.023286767,1.5716531,0.047984935,4.895988,0.23493366,457866.252567,5796923.56257,03459
03459,2008,73142.0,25.0,2626.0,10.0,-0.023286767,1.5883882,0.015500741,4.978612,0.077172175,457866.252567,5796923.56257,03459
03459,2009,73142.0,25.0,2626.0,10.0,-0.023286767,1.5759121,0.02999967,4.9168844,0.14750491,457866.252567,5796923.56257,03459
03459,2010,73142.0,25.0,2626.0,10.0,-0.023286767,1.568152,0.0013793932,4.878876,0.0067298887,457866.252567,5796923.56257,03459
03459,2011,73142.0,25.0,2626.0,10.0,-0.023286767,1.5448099,0.029804768,4.766312,0.14205882,457866.252567,5796923.56257,03459
03459,2012,73142.0,25.0,2626.0,10.0,-0.023286767,1.5320784,0.024273697,4.7060146,0.11423237,457866.252567,5796923.56257,03459
03459,2013,73142.0,25.0,2626.0,10.0,-0.023286767,1.5513021,0.015232197,4.797356,0.073074274,457866.252567,5796923.56257,03459
03459,2014,73142.0,25.0,2626.0,10.0,-0.023286767,1.5370132,0.042273883,4.729295,0.19992566,457866.252567,5796923.56257,03459
03459,2015,73142.0,25.0,2626.0,10.0,-0.023286767,1.5271795,0.09166444,4.6830163,0.42926607,457866.252567,5796923.56257,03459
03459,2016,73142.0,25.0,2626.0,10.0,-0.023286767,1.509532,0.03091777,4.6010976,0.14225568,457866.252567,5796923.56257,03459
03459,2017,73142.0,25.0,2626.0,10.0,-0.023286767,1.5575525,0.032450173,4.827436,0.15665114,457866.252567,5796923.56257,03459
03459,2018,73142.0,25.0,2626.0,10.0,-0.023286767,1.6007766,0.070625275,5.0406723,0.35599887,457866.252567,5796923.56257,03459
03459,2019,73142.0,25.0,2626.0,10.0,-0.023286767,1.6869886,0.039920207,5.494522,0.21934246,457866.252567,5796923.56257,03459
03459,2020,73142.0,25.0,2626.0,10.0,-0.023286767,1.767246,0.03088388,5.9536767,0.18387264,457866.252567,5796923.56257,03459
03459,2021,73142.0,25.0,2626.0,10.0,-0.023286767,2.0229454,0.14709392,7.6883674,1.1309121,457866.252567,5796923.56257,03459
03459,2022,73142.0,25.0,2626.0,10.0,-0.023286767,2.0332708,0.09074069,7.7681637,0.7048885,457866.252567,5796923.56257,03459
03459,2023,73142.0,25.0,2626.0,10.0,-0.023286767,2.11666,0.07192029,8.443722,0.60727495,457866.252567,5796923.56257,03459
03459,2024,73142.0,25.0,2626.0,10.0,-0.023286767,2.1226315,0.042627886,8.494293,0.36209375,457866.252567,5796923.56257,03459
03459,2025,73142.0,25.0,2626.0,10.0,-0.023286767,2.0953166,0.039684985,8.265411,0.32801273,457866.252567,5796923.56257,03459
03460,2007,15269.0,25.0,3270.0,10.0,-0.035149425,1.6599606,0.009334126,5.3389974,0.04983487,442281.166189,5843035.70551,03460
03460,2008,15269.0,25.0,3270.0,10.0,-0.035149425,1.6470542,0.033420272,5.270532,0.17614263,442281.166189,5843035.70551,03460
03460,2009,15269.0,25.0,3270.0,10.0,-0.035149425,1.6912525,0.06616041,5.5087056,0.36445823,442281.166189,5843035.70551,03460
03460,2010,15269.0,25.0,3270.0,10.0,-0.035149425,1.7156944,0.05035258,5.6450076,0.28424072,442281.166189,5843035.70551,03460
03460,2011,15269.0,25.0,3270.0,10.0,-0.035149425,1.7605716,0.030664258,5.9041104,0.18104516,442281.166189,5843035.70551,03460
03460,2012,15269.0,25.0,3270.0,10.0,-0.035149425,1.8409541,0.0028905012,6.398293,0.018494274,442281.166189,5843035.70551,03460
03460,2013,15269.0,25.0,3270.0,10.0,-0.035149425,1.8215736,0.028820418,6.2754855,0.18086211,442281.166189,5843035.70551,03460
03460,2014,15269.0,25.0,3270.0,10.0,-0.035149425,1.8945366,0.008654944,6.7504816,0.05842504,442281.166189,5843035.70551,03460
03460,2015,15269.0,25.0,3270.0,10.0,-0.035149425,1.9663839,0.00558802,7.253333,0.040531773,442281.166189,5843035.70551,03460
03460,2016,15269.0,25.0,3270.0,10.0,-0.035149425,2.044182,0.028372338,7.840161,0.22244368,442281.166189,5843035.70551,03460
03460,2017,15269.0,25.0,3270.0,10.0,-0.035149425,2.0439658,0.0029521426,7.8384643,0.023140265,442281.166189,5843035.70551,03460
03460,2018,15269.0,25.0,3270.0,10.0,-0.035149425,2.1177895,0.02790157,8.439024,0.23546201,442281.166189,5843035.70551,03460
03460,2019,15269.0,25.0,3270.0,10.0,-0.035149425,2.0524192,0.016150903,7.9050074,0.127673,442281.166189,5843035.70551,03460
03460,2020,15269.0,25.0,3270.0,10.0,-0.035149425,2.0869944,0.039538156,8.1831045,0.32354486,442281.166189,5843035.70551,03460
03460,2021,15269.0,25.0,3270.0,10.0,-0.035149425,2.104571,0.032796513,8.328209,0.2731362,442281.166189,5843035.70551,03460
03460,2022,15269.0,25.0,3270.0,10.0,-0.035149425,2.1129367,0.032300163,8.39817,0.2712623,442281.166189,5843035.70551,03460
03460,2023,15269.0,25.0,3270.0,10.0,-0.035149425,2.2129915,0.057422817,9.281923,0.53299415,442281.166189,5843035.70551,03460
03460,2024,15269.0,25.0,3270.0,10.0,-0.035149425,2.2864509,0.002158475,9.989435,0.021561947,442281.166189,5843035.70551,03460
03460,2025,15269.0,25.0,3270.0,10.0,-0.035149425,2.3814032,0.02923645,10.984447,0.32114622,442281.166189,5843035.70551,03460
03461,2007,30867.0,10.0,30867.0,10.0,0.0,1.5276619,0.047740467,4.6665487,0.22278321,465035.138834,5890897.8149,03461
03461,2008,30867.0,10.0,30867.0,10.0,0.0,1.5045452,0.03359285,4.5599113,0.1531804,465035.138834,5890897.8149,03461
03461,2009,30867.0,10.0,30867.0,10.0,0.0,1.4894791,0.046669524,4.4917254,0.20962667,465035.138834,5890897.8149,03461
03461,2010,30867.0,10.0,30867.0,10.0,0.0,1.495513,0.00018442402,4.51891,0.0008333955,465035.138834,5890897.8149,03461
03461,2011,30867.0,10.0,30867.0,10.0,0.0,1.550348,0.07034857,4.773625,0.33581766,465035.138834,5890897.8149,03461
03461,2012,30867.0,10.0,30867.0,10.0,0.0,1.5809056,0.1511922,4.9217463,0.7441297,465035.138834,5890897.8149,03461
03461,2013,30867.0,10.0,30867.0,10.0,0.0,1.6381723,0.13497467,5.2118254,0.70346445,465035.138834,5890897.8149,03461
03461,2014,30867.0,10.0,30867.0,10.0,0.0,1.6054207,0.092007995,5.043895,0.46407866,465035.138834,5890897.8149,03461
03461,2015,30867.0,10.0,30867.0,10.0,0.0,1.659286,0.044997633,5.323036,0.239524,465035.138834,5890897.8149,03461
03461,2016,30867.0,10.0,30867.0,10.0,0.0,1.7508324,0.090473995,5.8333435,0.52776587,465035.138834,5890897.8149,03461
03461,2017,30867.0,10.0,30867.0,10.0,0.0,1.7158016,0.07176194,5.632534,0.40420163,465035.138834,5890897.8149,03461
03461,2018,30867.0,10.0,30867.0,10.0,0.0,1.8077139,0.086875856,6.1747704,0.53643847,465035.138834,5890897.8149,03461
03461,2019,30867.0,10.0,30867.0,10.0,0.0,1.8071859,0.039460734,6.1715117,0.24353237,465035.138834,5890897.8149,03461
03461,2020,30867.0,10.0,30867.0,10.0,0.0,1.8843864,0.15749168,6.6668286,1.04997,465035.138834,5890897.8149,03461
03461,2021,30867.0,10.0,30867.0,10.0,0.0,1.9684623,0.17448391,7.251586,1.2652851,465035.138834,5890897.8149,03461
03461,2022,30867.0,10.0,30867.0,10.0,0.0,2.1156397,0.13644016,8.401394,1.1462874,465035.138834,5890897.8149,03461
03461,2023,30867.0,10.0,30867.0,10.0,0.0,2.15815,0.045183025,8.766238,0.39608517,465035.138834,5890897.8149,03461
03461,2024,30867.0,10.0,30867.0,10.0,0.0,2.1828427,0.0949063,8.985396,0.8527707,465035.138834,5890897.8149,03461
03461,2025,30867.0,10.0,30867.0,10.0,0.0,2.2567384,0.08918107,9.674526,0.86278456,465035.138834,5890897.8149,03461
03462,2007,75855.0,25.0,2721.0,10.0,0.080892816,1.4056596,0.11659833,4.137832,0.48246434,422957.411498,5923554.65451,03462
03462,2008,75855.0,25.0,2721.0,10.0,0.080892816,1.3505408,0.054467846,3.9159317,0.21329238,422957.411498,5923554.65451,03462
03462,2009,75855.0,25.0,2721.0,10.0,0.080892816,1.5472317,0.025344392,4.767129,0.12081998,422957.411498,5923554.65451,03462
03462,2010,75855.0,25.0,2721.0,10.0,0.080892816,1.558469,0.028974041,4.821001,0.13968389,422957.411498,5923554.65451,03462
03462,2011,75855.0,25.0,2721.0,10.0,0.080892816,1.598291,0.0078331465,5.0168567,0.03929777,422957.411498,5923554.65451,03462
03462,2012,75855.0,25.0,2721.0,10.0,0.080892816,1.5644536,0.005177743,4.8499393,0.025111737,422957.411498,5923554.65451,03462
03462,2013,75855.0,25.0,2721.0,10.0,0.080892816,1.5956297,0.07721274,5.003523,0.38633573,422957.411498,5923554.65451,03462
03462,2014,75855.0,25.0,2721.0,10.0,0.080892816,1.5026841,0.03232675,4.5594254,0.14739141,422957.411498,5923554.65451,03462
03462,2015,75855.0,25.0,2721.0,10.0,0.080892816,1.5634346,0.07025481,4.845,0.3403845,422957.411498,5923554.65451,03462
03462,2016,75855.0,25.0,2721.0,10.0,0.080892816,1.6775354,0.0068720146,5.430591,0.0373191,422957.411498,5923554.65451,03462
03462,2017,75855.0,25.0,2721.0,10.0,0.080892816,1.6154379,0.104320996,5.1036215,0.53241485,422957.411498,5923554.65451,03462
03462,2018,75855.0,25.0,2721.0,10.0,0.080892816,1.6589718,0.10950784,5.3307095,0.5837544,422957.411498,5923554.65451,03462
03462,2019,75855.0,25.0,2721.0,10.0,0.080892816,1.6944165,0.018953932,5.5230436,0.1046834,422957.411498,5923554.65451,03462
03462,2020,75855.0,25.0,2721.0,10.0,0.080892816,1.7605121,0.0067904196,5.9004264,0.040066373,422957.411498,5923554.65451,03462
03462,2021,75855.0,25.0,2721.0,10.0,0.080892816,1.8438039,0.054563206,6.4129314,0.34991008,422957.411498,5923554.65451,03462
03462,2022,75855.0,25.0,2721.0,10.0,0.080892816,1.9451337,0.101696424,7.096816,0.7217208,422957.411498,5923554.65451,03462
03462,2023,75855.0,25.0,2721.0,10.0,0.080892816,1.9712934,0.1342443,7.2849164,0.9779585,422957.411498,5923554.65451,03462
03462,2024,75855.0,25.0,2721.0,10.0,0.080892816,2.1056569,0.02161483,8.332549,0.18010661,422957.411498,5923554.65451,03462
03462,2025,75855.0,25.0,2721.0,10.0,0.080892816,2.1550188,0.030085715,8.75418,0.26337576,422957.411498,5923554.65451,03462
04011,2007,145962.0,10.0,145962.0,10.0,0.0,1.7343246,0.12495902,5.7993107,0.7246762,485347.452388,5885530.93733,04011
04011,2008,145962.0,10.0,145962.0,10.0,0.0,1.7353495,0.10202765,5.805258,0.5922968,485347.452388,5885530.93733,04011
04011,2009,145962.0,10.0,145962.0,10.0,0.0,1.8022816,0.108293734,6.207114,0.67219156,485347.452388,5885530.93733,04011
04011,2010,145962.0,10.0,145962.0,10.0,0.0,1.8526808,0.1202707,6.527965,0.78512293,485347.452388,5885530.93733,04011
04011,2011,145962.0,10.0,145962.0,10.0,0.0,1.9024534,0.12991749,6.8611007,0.8913769,485347.452388,5885530.93733,04011
04011,2012,145962.0,10.0,145962.0,10.0,0.0,1.9441308,0.15336941,7.1530957,1.097066,485347.452388,5885530.93733,04011
04011,2013,145962.0,10.0,145962.0,10.0,0.0,2.0327947,0.1395687,7.8162837,1.0909086,485347.452388,5885530.93733,04011
04011,2014,145962.0,10.0,145962.0,10.0,0.0,2.0512755,0.12542763,7.962078,0.9986646,485347.452388,5885530.93733,04011
04011,2015,145962.0,10.0,145962.0,10.0,0.0,2.0285628,0.123993084,7.7832756,0.9650724,485347.452388,5885530.93733,04011
04011,2016,145962.0,10.0,145962.0,10.0,0.0,2.0495625,0.1514649,7.94845,1.2039112,485347.452388,5885530.93733,04011
04011,2017,145962.0,10.0,145962.0,10.0,0.0,2.3036387,0.11513407,10.247699,1.1798593,485347.452388,5885530.93733,04011
04011,2018,145962.0,10.0,145962.0,10.0,0.0,2.2416966,0.1227256,9.632194,1.1821167,485347.452388,5885530.93733,04011
04011,2019,145962.0,10.0,145962.0,10.0,0.0,2.1882648,0.090859026,9.131037,0.82963705,485347.452388,5885530.93733,04011
04011,2020,145962.0,10.0,145962.0,10.0,0.0,2.2659843,0.09232282,9.869002,0.91113406,485347.452388,5885530.93733,04011
04011,2021,145962.0,10.0,145962.0,10.0,0.0,2.3005235,0.09122319,10.215826,0.9319202,485347.452388,5885530.93733,04011
04011,2022,145962.0,10.0,145962.0,10.0,0.0,2.3078303,0.097262494,10.290743,1.0009034,485347.452388,5885530.93733,04011
04011,2023,145962.0,10.0,145962.0,10.0,0.0,2.3640237,0.059627824,10.885571,0.6490829,485347.452388,5885530.93733,04011
04011,2024,145962.0,10.0,145962.0,10.0,0.0,2.4130058,0.039217025,11.432046,0.44833082,485347.452388,5885530.93733,04011
04011,2025,145962.0,10.0,145962.0,10.0,0.0,2.463048,0.06417547,12.018683,0.77130467,485347.452388,5885530.93733,04011
04012,2007,70507.0,10.0,70507.0,10.0,0.0,1.5194068,0.02017182,4.6333947,0.09346401,472591.462416,5932215.35203,04012
04012,2008,70507.0,10.0,70507.0,10.0,0.0,1.5355073,0.007340926,4.7085986,0.034565475,472591.462416,5932215.35203,04012
04012,2009,70507.0,10.0,70507.0,10.0,0.0,1.5302432,0.012906267,4.683877,0.060451366,472591.462416,5932215.35203,04012
04012,2010,70507.0,10.0,70507.0,10.0,0.0,1.5402147,0.0041608913,4.730816,0.01968441,472591.462416,5932215.35203,04012
04012,2011,70507.0,10.0,70507.0,10.0,0.0,1.5544167,0.008209785,4.798482,0.03939451,472591.462416,5932215.35203,04012
04012,2012,70507.0,10.0,70507.0,10.0,0.0,1.5485787,0.018914923,4.7705507,0.09023459,472591.462416,5932215.35203,04012
04012,2013,70507.0,10.0,70507.0,10.0,0.0,1.5878336,0.010535916,4.961542,0.05227439,472591.462416,5932215.35203,04012
04012,2014,70507.0,10.0,70507.0,10.0,0.0,1.6447828,0.0015080743,5.2522984,0.007920857,472591.462416,5932215.35203,04012
04012,2015,70507.0,10.0,70507.0,10.0,0.0,1.6433132,0.007630293,5.2445855,0.04001772,472591.462416,5932215.35203,04012
04012,2016,70507.0,10.0,70507.0,10.0,0.0,1.6741501,0.0155695705,5.4088316,0.08421319,472591.462416,5932215.35203,04012
04012,2017,70507.0,10.0,70507.0,10.0,0.0,1.6889546,0.01804453,5.4895024,0.09905549,472591.462416,5932215.35203,04012
04012,2018,70507.0,10.0,70507.0,10.0,0.0,1.7399626,0.014257064,5.7767754,0.08235985,472591.462416,5932215.35203,04012
04012,2019,70507.0,10.0,70507.0,10.0,0.0,1.8593254,0.009763378,6.5091467,0.06355126,472591.462416,5932215.35203,04012
04012,2020,70507.0,10.0,70507.0,10.0,0.0,1.8207498,0.004566659,6.2628336,0.028600227,472591.462416,5932215.35203,04012
04012,2021,70507.0,10.0,70507.0,10.0,0.0,1.8430614,0.007236175,6.404139,0.046341468,472591.462416,5932215.35203,04012
04012,2022,70507.0,10.0,70507.0,10.0,0.0,1.885434,0.008331752,6.6813297,0.055667188,472591.462416,5932215.35203,04012
04012,2023,70507.0,10.0,70507.0,10.0,0.0,1.9509053,0.013695566,7.133403,0.09769599,472591.462416,5932215.35203,04012
04012,2024,70507.0,10.0,70507.0,10.0,0.0,2.0282855,0.0074351104,7.707305,0.057304665,472591.462416,5932215.35203,04012
04012,2025,70507.0,10.0,70507.0,10.0,0.0,2.0570633,0.008344664,7.9323273,0.066192605,472591.462416,5932215.35203,04012
05111,2007,579149.0,10.0,579149.0,10.0,0.0,2.09897,0.015483457,8.355606,0.12937365,347126.753174,5678284.63734,05111
05111,2008,579149.0,10.0,579149.0,10.0,0.0,2.1073804,0.014214048,8.426177,0.11977009,347126.753174,5678284.63734,05111
05111,2009,579149.0,10.0,579149.0,10.0,0.0,2.1249769,0.012880913,8.575761,0.11046363,347126.753174,5678284.63734,05111
05111,2010,579149.0,10.0,579149.0,10.0,0.0,2.1442387,0.017445883,8.742547,0.15252146,347126.753174,5678284.63734,05111
05111,2011,579149.0,10.0,579149.0,10.0,0.0,2.1794474,0.015490759,9.055843,0.14028189,347126.753174,5678284.63734,05111
05111,2012,579149.0,10.0,579149.0,10.0,0.0,2.2094285,0.02545066,9.331458,0.23749177,347126.753174,5678284.63734,05111
05111,2013,579149.0,10.0,579149.0,10.0,0.0,2.2234716,0.02510512,9.463425,0.23758042,347126.753174,5678284.63734,05111
05111,2014,579149.0,10.0,579149.0,10.0,0.0,2.2500367,0.019406343,9.718191,0.18859456,347126.753174,5678284.63734,05111
05111,2015,579149.0,10.0,579149.0,10.0,0.0,2.2995405,0.02252097,10.211387,0.22997034,347126.753174,5678284.63734,05111
05111,2016,579149.0,10.0,579149.0,10.0,0.0,2.3194883,0.023749122,10.417126,0.2473976,347126.753174,5678284.63734,05111
05111,2017,579149.0,10.0,579149.0,10.0,0.0,2.4032605,0.025845898,11.327384,0.29276642,347126.753174,5678284.63734,05111
05111,2018,579149.0,10.0,579149.0,10.0,0.0,2.440892,0.023145944,11.761775,0.27223736,347126.753174,5678284.63734,05111
05111,2019,579149.0,10.0,579149.0,10.0,0.0,2.4809484,0.02539512,12.242473,0.31089905,347126.753174,5678284.63734,05111
05111,2020,579149.0,10.0,579149.0,10.0,0.0,2.5415154,0.02347979,13.006877,0.30539873,347126.753174,5678284.63734,05111
05111,2021,579149.0,10.0,579149.0,10.0,0.0,2.532943,0.027829511,12.895852,0.35888526,347126.753174,5678284.63734,05111
05111,2022,579149.0,10.0,579149.0,10.0,0.0,2.581032,0.02504355,13.531157,0.3388682,347126.753174,5678284.63734,05111
05111,2023,579149.0,10.0,579149.0,10.0,0.0,2.624566,0.026448382,14.133232,0.3738011,347126.753174,5678284.63734,05111
05111,2024,579149.0,10.0,579149.0,10.0,0.0,2.646884,0.026776649,14.452203,0.38698155,347126.753174,5678284.63734,05111
05111,2025,579149.0,10.0,579149.0,10.0,0.0,2.698823,0.030579416,15.222671,0.46550038,347126.753174,5678284.63734,05111
05112,2007,313767.0,10.0,313767.0,10.0,0.0,1.6250609,0.010423092,5.1595106,0.053778056,342559.156655,5701141.63687,05112
05112,2008,313767.0,10.0,313767.0,10.0,0.0,1.6346852,0.020715963,5.2094064,0.107917875,342559.156655,5701141.63687,05112
05112,2009,313767.0,10.0,313767.0,10.0,0.0,1.6271995,0.01847123,5.1705565,0.095506534,342559.156655,5701141.63687,05112
05112,2010,313767.0,10.0,313767.0,10.0,0.0,1.6247118,0.023209566,5.1577096,0.1197082,342559.156655,5701141.63687,05112
05112,2011,313767.0,10.0,313767.0,10.0,0.0,1.6419811,0.0153035065,5.2475533,0.08030597,342559.156655,5701141.63687,05112
05112,2012,313767.0,10.0,313767.0,10.0,0.0,1.6505738,0.023901165,5.2928386,0.12650502,342559.156655,5701141.63687,05112
05112,2013,313767.0,10.0,313767.0,10.0,0.0,1.6588557,0.022048898,5.336855,0.11767177,342559.156655,5701141.63687,05112
05112,2014,313767.0,10.0,313767.0,10.0,0.0,1.655302,0.011114813,5.3179235,0.05910773,342559.156655,5701141.63687,05112
05112,2015,313767.0,10.0,313767.0,10.0,0.0,1.6645738,0.006983171,5.3674593,0.037481885,342559.156655,5701141.63687,05112
05112,2016,313767.0,10.0,313767.0,10.0,0.0,1.7275995,0.013342456,5.7166348,0.07627395,342559.156655,5701141.63687,05112
05112,2017,313767.0,10.0,313767.0,10.0,0.0,1.7673692,0.020496085,5.948565,0.1219223,342559.156655,5701141.63687,05112
05112,2018,313767.0,10.0,313767.0,10.0,0.0,1.7742839,0.0054421676,5.98984,0.032597713,342559.156655,5701141.63687,05112
05112,2019,313767.0,10.0,313767.0,10.0,0.0,1.7990438,0.0021414415,6.1399994,0.013148449,342559.156655,5701141.63687,05112
05112,2020,313767.0,10.0,313767.0,10.0,0.0,1.8634697,0.0067380676,6.548595,0.044124875,342559.156655,5701141.63687,05112
05112,2021,313767.0,10.0,313767.0,10.0,0.0,1.8975223,0.009975524,6.7754326,0.067588486,342559.156655,5701141.63687,05112
05112,2022,313767.0,10.0,313767.0,10.0,0.0,1.9333254,0.0019945097,7.0224085,0.014006263,342559.156655,5701141.63687,05112
05112,2023,313767.0,10.0,313767.0,10.0,0.0,1.9860458,0.00599261,7.4025655,0.04436069,342559.156655,5701141.63687,05112
05112,2024,313767.0,10.0,313767.0,10.0,0.0,2.033708,0.00050294265,7.7639318,0.0039048123,342559.156655,5701141.63687,05112
05112,2025,313767.0,10.0,313767.0,10.0,0.0,2.0651145,0.011283636,8.011639,0.09040041,342559.156655,5701141.63687,05112
05113,2007,470583.0,10.0,470583.0,10.0,0.0,1.8438,0.018871216,6.4226727,0.121203646,362169.927434,5699933.58845,05113
05113,2008,470583.0,10.0,470583.0,10.0,0.0,1.8274765,0.016925957,6.318684,0.10694977,362169.927434,5699933.58845,05113
05113,2009,470583.0,10.0,470583.0,10.0,0.0,1.826037,0.0070214034,6.3095946,0.04430221,362169.927434,5699933.58845,05113
05113,2010,470583.0,10.0,470583.0,10.0,0.0,1.7923236,0.0014959555,6.100422,0.00912596,362169.927434,5699933.58845,05113
05113,2011,470583.0,10.0,470583.0,10.0,0.0,1.8269911,0.0027619072,6.3156176,0.017443148,362169.927434,5699933.58845,05113
05113,2012,470583.0,10.0,470583.0,10.0,0.0,1.8436708,0.0047370503,6.4218435,0.030420594,362169.927434,5699933.58845,05113
05113,2013,470583.0,10.0,470583.0,10.0,0.0,1.8754299,0.0046409136,6.6290684,0.030764934,362169.927434,5699933.58845,05113
05113,2014,470583.0,10.0,470583.0,10.0,0.0,1.8890972,0.0040753833,6.7202916,0.027387766,362169.927434,5699933.58845,05113
05113,2015,470583.0,10.0,470583.0,10.0,0.0,1.9061184,0.021259354,6.835658,0.14532168,362169.927434,5699933.58845,05113
05113,2016,470583.0,10.0,470583.0,10.0,0.0,1.9757738,0.020025596,7.328774,0.14676306,362169.927434,5699933.58845,05113
05113,2017,470583.0,10.0,470583.0,10.0,0.0,2.039662,0.019528968,7.812275,0.15256567,362169.927434,5699933.58845,05113
05113,2018,470583.0,10.0,470583.0,10.0,0.0,2.0644867,0.017812654,8.008641,0.14265515,362169.927434,5699933.58845,05113
05113,2019,470583.0,10.0,470583.0,10.0,0.0,2.1074228,0.018497288,8.359989,0.15463713,362169.927434,5699933.58845,05113
05113,2020,470583.0,10.0,470583.0,10.0,0.0,2.1434226,0.02036237,8.666431,0.17646907,362169.927434,5699933.58845,05113
05113,2021,470583.0,10.0,470583.0,10.0,0.0,2.15336,0.01632847,8.752981,0.1429228,362169.927434,5699933.58845,05113
05113,2022,470583.0,10.0,470583.0,10.0,0.0,2.195117,0.01791385,9.126219,0.1634857,362169.927434,5699933.58845,05113
05113,2023,470583.0,10.0,470583.0,10.0,0.0,2.2476377,0.014859875,9.618343,0.14292738,362169.927434,5699933.58845,05113
05113,2024,470583.0,10.0,470583.0,10.0,0.0,2.2983897,0.011628379,10.119093,0.11766865,362169.927434,5699933.58845,05113
05113,2025,470583.0,10.0,470583.0,10.0,0.0,2.3452926,0.015228107,10.605013,0.16149427,362169.927434,5699933.58845,05113
05114,2007,156685.0,10.0,156685.0,10.0,0.0,1.7508168,0.0034213027,5.858081,0.020042269,331440.479852,5690996.87852,05114
05114,2008,156685.0,10.0,156685.0,10.0,0.0,1.7497838,0.010743753,5.852032,0.06287279,331440.479852,5690996.87852,05114
05114,2009,156685.0,10.0,156685.0,10.0,0.0,1.7317026,0.0048535806,5.747172,0.027894361,331440.479852,5690996.87852,05114
05114,2010,156685.0,10.0,156685.0,10.0,0.0,1.7332377,0.011346293,5.756001,0.06530927,331440.479852,5690996.87852,05114
05114,2011,156685.0,10.0,156685.0,10.0,0.0,1.7560098,0.013604265,5.8885813,0.08010982,331440.479852,5690996.87852,05114
05114,2012,156685.0,10.0,156685.0,10.0,0.0,1.7810711,0.0146797225,6.0380216,0.08863648,331440.479852,5690996.87852,05114
05114,2013,156685.0,10.0,156685.0,10.0,0.0,1.8181276,0.018947659,6.2659664,0.118725404,331440.479852,5690996.87852,05114
05114,2014,156685.0,10.0,156685.0,10.0,0.0,1.8365676,0.019236432,6.3825836,0.122778125,331440.479852,5690996.87852,05114
05114,2015,156685.0,10.0,156685.0,10.0,0.0,1.8548232,0.017396033,6.5001717,0.11307719,331440.479852,5690996.87852,05114
05114,2016,156685.0,10.0,156685.0,10.0,0.0,1.8742112,0.013888489,6.6274257,0.092044935,331440.479852,5690996.87852,05114
05114,2017,156685.0,10.0,156685.0,10.0,0.0,1.9246286,0.014038264,6.97013,0.09784852,331440.479852,5690996.87852,05114
05114,2018,156685.0,10.0,156685.0,10.0,0.0,1.9399351,0.020826548,7.077639,0.1474028,331440.479852,5690996.87852,05114
05114,2019,156685.0,10.0,156685.0,10.0,0.0,1.9875362,0.015931627,7.42269,0.11825552,331440.479852,5690996.87852,05114
05114,2020,156685.0,10.0,156685.0,10.0,0.0,2.0201812,0.01694809,7.669001,0.12997492,331440.479852,5690996.87852,05114
05114,2021,156685.0,10.0,156685.0,10.0,0.0,2.038707,0.0069745914,7.8124003,0.0544883,331440.479852,5690996.87852,05114
05114,2022,156685.0,10.0,156685.0,10.0,0.0,2.0848644,0.006410343,8.181453,0.052445922,331440.479852,5690996.87852,05114
05114,2023,156685.0,10.0,156685.0,10.0,0.0,2.152946,0.0073991865,8.757856,0.064801015,331440.479852,5690996.87852,05114
05114,2024,156685.0,10.0,156685.0,10.0,0.0,2.219234,0.0058197607,9.358072,0.054461736,331440.479852,5690996.87852,05114
05114,2025,156685.0,10.0,156685.0,10.0,0.0,2.2486982,0.0055937693,9.637902,0.053912204,331440.479852,5690996.87852,05114
05116,2007,145790.0,10.0,145790.0,10.0,0.0,1.7078164,0.0015786065,5.5926986,0.008828671,319068.161405,5671600.51571,05116
05116,2008,145790.0,10.0,145790.0,10.0,0.0,1.7022765,0.010289178,5.5618014,0.057226367,319068.161405,5671600.51571,05116
05116,2009,145790.0,10.0,145790.0,10.0,0.0,1.694307,0.003609874,5.5176525,0.01991803,319068.161405,5671600.51571,05116
05116,2010,145790.0,10.0,145790.0,10.0,0.0,1.6980562,0.00074523484,5.5383787,0.0041273925,319068.161405,5671600.51571,05116
05116,2011,145790.0,10.0,145790.0,10.0,0.0,1.7035025,0.007454694,5.568625,0.041512392,319068.161405,5671600.51571,05116
05116,2012,145790.0,10.0,145790.0,10.0,0.0,1.7253369,0.00546289,5.6915493,0.031092307,319068.161405,5671600.51571,05116
05116,2013,145790.0,10.0,145790.0,10.0,0.0,1.759099,0.005849627,5.8869886,0.034436688,319068.161405,5671600.51571,05116
05116,2014,145790.0,10.0,145790.0,10.0,0.0,1.7753661,0.0060486416,5.983536,0.036192264,319068.161405,5671600.51571,05116
05116,2015,145790.0,10.0,145790.0,10.0,0.0,1.7820613,0.004970292,6.023731,0.029939706,319068.161405,5671600.51571,05116
05116,2016,145790.0,10.0,145790.0,10.0,0.0,1.8173814,0.0007040717,6.2402916,0.004393613,319068.161405,5671600.51571,05116
05116,2017,145790.0,10.0,145790.0,10.0,0.0,1.8572239,0.006094869,6.49394,0.039579716,319068.161405,5671600.51571,05116
05116,2018,145790.0,10.0,145790.0,10.0,0.0,1.8974348,0.0002107523,6.760389,0.0014247674,319068.161405,5671600.51571,05116
05116,2019,145790.0,10.0,145790.0,10.0,0.0,1.9340118,0.008265794,7.012242,0.057961747,319068.161405,5671600.51571,05116
05116,2020,145790.0,10.0,145790.0,10.0,0.0,1.9661672,0.002027231,7.2413874,0.014679966,319068.161405,5671600.51571,05116
05116,2021,145790.0,10.0,145790.0,10.0,0.0,2.0061574,0.004209018,7.5368395,0.03172269,319068.161405,5671600.51571,05116
05116,2022,145790.0,10.0,145790.0,10.0,0.0,2.079663,0.0031439168,8.111709,0.025502538,319068.161405,5671600.51571,05116
05116,2023,145790.0,10.0,145790.0,10.0,0.0,2.1318853,0.004667864,8.5465765,0.039894257,319068.161405,5671600.51571,05116
05116,2024,145790.0,10.0,145790.0,10.0,0.0,2.1658409,0.0063669905,8.8417635,0.056295425,319068.161405,5671600.51571,05116
05116,2025,145790.0,10.0,145790.0,10.0,0.0,2.2080991,0.0075096623,9.223408,0.06926468,319068.161405,5671600.51571,05116
05117,2007,425532.0,10.0,425532.0,10.0,0.0,1.7325956,0.009448862,5.7440276,0.054274525,352466.794874,5697973.26289,05117
05117,2008,425532.0,10.0,425532.0,10.0,0.0,1.7761024,0.020391705,5.999448,0.12233896,352466.794874,5697973.26289,05117
05117,2009,425532.0,10.0,425532.0,10.0,0.0,1.7432913,0.011840742,5.805794,0.068744905,352466.794874,5697973.26289,05117
05117,2010,425532.0,10.0,425532.0,10.0,0.0,1.8101226,0.018246641,6.2070622,0.11325804,352466.794874,5697973.26289,05117
05117,2011,425532.0,10.0,425532.0,10.0,0.0,1.8279772,0.015528757,6.3188815,0.098124385,352466.794874,5697973.26289,05117
05117,2012,425532.0,10.0,425532.0,10.0,0.0,1.862407,0.0030030252,6.540228,0.01964047,352466.794874,5697973.26289,05117
05117,2013,425532.0,10.0,425532.0,10.0,0.0,1.8816423,0.02039457,6.667249,0.13597567,352466.794874,5697973.26289,05117
05117,2014,425532.0,10.0,425532.0,10.0,0.0,1.898934,0.0139171565,6.78354,0.09440758,352466.794874,5697973.26289,05117
05117,2015,425532.0,10.0,425532.0,10.0,0.0,1.9045098,0.009682767,6.821469,0.0660507,352466.794874,5697973.26289,05117
05117,2016,425532.0,10.0,425532.0,10.0,0.0,1.9325042,0.015377623,7.0151296,0.10787601,352466.794874,5697973.26289,05117
05117,2017,425532.0,10.0,425532.0,10.0,0.0,1.9667847,0.011695754,7.2597814,0.08490861,352466.794874,5697973.26289,05117
05117,2018,425532.0,10.0,425532.0,10.0,0.0,1.9976709,0.0019842458,7.4875073,0.014857056,352466.794874,5697973.26289,05117
05117,2019,425532.0,10.0,425532.0,10.0,0.0,2.0343826,0.0009662387,7.767495,0.0075052544,352466.794874,5697973.26289,05117
05117,2020,425532.0,10.0,425532.0,10.0,0.0,2.057169,0.0042223833,7.94652,0.033553254,352466.794874,5697973.26289,05117
05117,2021,425532.0,10.0,425532.0,10.0,0.0,2.0631268,0.0014453403,7.994004,0.011554057,352466.794874,5697973.26289,05117
05117,2022,425532.0,10.0,425532.0,10.0,0.0,2.1128857,0.0057571894,8.401841,0.048370987,352466.794874,5697973.26289,05117
05117,2023,425532.0,10.0,425532.0,10.0,0.0,2.166648,0.01072414,8.865904,0.09507919,352466.794874,5697973.26289,05117
05117,2024,425532.0,10.0,425532.0,10.0,0.0,2.2149086,0.0036378333,9.304273,0.033847395,352466.794874,5697973.26289,05117
05117,2025,425532.0,10.0,425532.0,10.0,0.0,2.2693577,8.19892e-05,9.824927,0.0008055379,352466.794874,5697973.26289,05117
05119,2007,302458.0,10.0,302458.0,10.0,0.0,1.6298579,0.04343601,5.1753073,0.2247947,350613.789585,5709087.23495,05119
05119,2008,302458.0,10.0,302458.0,10.0,0.0,1.6222131,0.009916368,5.1358943,0.050929412,350613.789585,5709087.23495,05119
05119,2009,302458.0,10.0,302458.0,10.0,0.0,1.6324893,0.022847014,5.1889434,0.118551865,350613.789585,5709087.23495,05119
05119,2010,302458.0,10.0,302458.0,10.0,0.0,1.6290399,0.022878237,5.1710753,0.11830508,350613.789585,5709087.23495,05119
05119,2011,302458.0,10.0,302458.0,10.0,0.0,1.6252136,0.02825843,5.151327,0.14556842,350613.789585,5709087.23495,05119
05119,2012,302458.0,10.0,302458.0,10.0,0.0,1.6291211,0.034534067,5.171495,0.17859274,350613.789585,5709087.23495,05119
05119,2013,302458.0,10.0,302458.0,10.0,0.0,1.6322087,0.0277914,5.1874876,0.14416754,350613.789585,5709087.23495,05119
05119,2014,302458.0,10.0,302458.0,10.0,0.0,1.6364864,0.023405652,5.209726,0.12193703,350613.789585,5709087.23495,05119
05119,2015,302458.0,10.0,302458.0,10.0,0.0,1.6651392,0.018322418,5.3611584,0.09822938,350613.789585,5709087.23495,05119
05119,2016,302458.0,10.0,302458.0,10.0,0.0,1.7320477,0.031714596,5.732137,0.18179241,350613.789585,5709087.23495,05119
05119,2017,302458.0,10.0,302458.0,10.0,0.0,1.7314627,0.037538745,5.728785,0.2150514,350613.789585,5709087.23495,05119
05119,2018,302458.0,10.0,302458.0,10.0,0.0,1.7774856,0.017119575,5.9986014,0.10269351,350613.789585,5709087.23495,05119
05119,2019,302458.0,10.0,302458.0,10.0,0.0,1.8191849,0.021222852,6.2540274,0.1327283,350613.789585,5709087.23495,05119
05119,2020,302458.0,10.0,302458.0,10.0,0.0,1.8398172,0.023523511,6.3844028,0.15018357,350613.789585,5709087.23495,05119
05119,2021,302458.0,10.0,302458.0,10.0,0.0,1.8643147,0.026192775,6.5427365,0.17137243,350613.789585,5709087.23495,05119
05119,2022,302458.0,10.0,302458.0,10.0,0.0,1.9349408,0.034104805,7.021533,0.23946802,350613.789585,5709087.23495,05119
05119,2023,302458.0,10.0,302458.0,10.0,0.0,1.9731222,0.045114968,7.2948093,0.3291051,350613.789585,5709087.23495,05119
05119,2024,302458.0,10.0,302458.0,10.0,0.0,2.0670297,0.026794171,8.013042,0.21470283,350613.789585,5709087.23495,05119
05119,2025,302458.0,10.0,302458.0,10.0,0.0,2.089862,0.017031647,8.198104,0.13962722,350613.789585,5709087.23495,05119
05120,2007,149234.0,10.0,149234.0,10.0,0.0,1.6805352,0.03499808,5.447252,0.19064339,375875.140406,5671641.33474,05120
05120,2008,149234.0,10.0,149234.0,10.0,0.0,1.6948045,0.041685376,5.525538,0.23033413,375875.140406,5671641.33474,05120
05120,2009,149234.0,10.0,149234.0,10.0,0.0,1.6832886,0.038228687,5.4622707,0.20881544,375875.140406,5671641.33474,05120
05120,2010,149234.0,10.0,149234.0,10.0,0.0,1.680849,0.045689717,5.4489617,0.24896152,375875.140406,5671641.33474,05120
05120,2011,149234.0,10.0,149234.0,10.0,0.0,1.6808484,0.05336112,5.448958,0.2907625,375875.140406,5671641.33474,05120
05120,2012,149234.0,10.0,149234.0,10.0,0.0,1.6876684,0.04667387,5.4862475,0.25606441,375875.140406,5671641.33474,05120
05120,2013,149234.0,10.0,149234.0,10.0,0.0,1.7191147,0.049626045,5.6615105,0.28095838,375875.140406,5671641.33474,05120
05120,2014,149234.0,10.0,149234.0,10.0,0.0,1.7083198,0.028114473,5.6007237,0.1574614,375875.140406,5671641.33474,05120
05120,2015,149234.0,10.0,149234.0,10.0,0.0,1.7239513,0.024096206,5.68896,0.13708235,375875.140406,5671641.33474,05120
05120,2016,149234.0,10.0,149234.0,10.0,0.0,1.7362826,0.0061504114,5.759546,0.03542358,375875.140406,5671641.33474,05120
05120,2017,149234.0,10.0,149234.0,10.0,0.0,1.7213858,0.008232861,5.6743836,0.04671641,375875.140406,5671641.33474,05120
05120,2018,149234.0,10.0,149234.0,10.0,0.0,1.7365239,0.01582269,5.760936,0.091153495,375875.140406,5671641.33474,05120
05120,2019,149234.0,10.0,149234.0,10.0,0.0,1.7844551,0.013706336,6.043789,0.0828382,375875.140406,5671641.33474,05120
05120,2020,149234.0,10.0,149234.0,10.0,0.0,1.8134754,0.016384117,6.2217517,0.101937905,375875.140406,5671641.33474,05120
05120,2021,149234.0,10.0,149234.0,10.0,0.0,1.8313923,0.02641721,6.3342304,0.1673327,375875.140406,5671641.33474,05120
05120,2022,149234.0,10.0,149234.0,10.0,0.0,1.8891922,0.029869573,6.7111363,0.20045878,375875.140406,5671641.33474,05120
05120,2023,149234.0,10.0,149234.0,10.0,0.0,1.9506377,0.025450815,7.1364384,0.18162817,375875.140406,5671641.33474,05120
05120,2024,149234.0,10.0,149234.0,10.0,0.0,1.9964315,0.022364575,7.4708405,0.16708218,375875.140406,5671641.33474,05120
05120,2025,149234.0,10.0,149234.0,10.0,0.0,2.03076,0.017998578,7.731756,0.13916062,375875.140406,5671641.33474,05120
05122,2007,181725.0,10.0,181725.0,10.0,0.0,1.7895682,0.03185321,6.077101,0.19357517,364778.775808,5669668.78934,05122
05122,2008,181725.0,10.0,181725.0,10.0,0.0,1.7581444,0.021174591,5.8891053,0.1246994,364778.775808,5669668.78934,05122
05122,2009,181725.0,10.0,181725.0,10.0,0.0,1.7525239,0.0071717803,5.8560987,0.041998655,364778.775808,5669668.78934,05122
05122,2010,181725.0,10.0,181725.0,10.0,0.0,1.772184,0.0188454,5.972369,0.11255168,364778.775808,5669668.78934,05122
05122,2011,181725.0,10.0,181725.0,10.0,0.0,1.769339,0.016964892,5.9554014,0.10103274,364778.775808,5669668.78934,05122
05122,2012,181725.0,10.0,181725.0,10.0,0.0,1.7677748,0.0059342505,5.946094,0.035285614,364778.775808,5669668.78934,05122
05122,2013,181725.0,10.0,181725.0,10.0,0.0,1.8043811,0.025718668,6.167792,0.15862739,364778.775808,5669668.78934,05122
05122,2014,181725.0,10.0,181725.0,10.0,0.0,1.8052269,0.016020527,6.173011,0.09889489,364778.775808,5669668.78934,05122
05122,2015,181725.0,10.0,181725.0,10.0,0.0,1.816729,0.01057957,6.244422,0.0660633,364778.775808,5669668.78934,05122
05122,2016,181725.0,10.0,181725.0,10.0,0.0,1.8361262,0.0095011415,6.3667293,0.060491197,364778.775808,5669668.78934,05122
05122,2017,181725.0,10.0,181725.0,10.0,0.0,1.8722874,0.009598709,6.6011715,0.063362725,364778.775808,5669668.78934,05122
05122,2018,181725.0,10.0,181725.0,10.0,0.0,1.9068061,0.0009487547,6.8330135,0.0064828536,364778.775808,5669668.78934,05122
05122,2019,181725.0,10.0,181725.0,10.0,0.0,1.9453965,0.01639957,7.1018567,0.116467394,364778.775808,5669668.78934,05122
05122,2020,181725.0,10.0,181725.0,10.0,0.0,2.0008464,0.0017953452,7.5067754,0.013477253,364778.775808,5669668.78934,05122
05122,2021,181725.0,10.0,181725.0,10.0,0.0,2.038222,0.001066279,7.792657,0.008309146,364778.775808,5669668.78934,05122
05122,2022,181725.0,10.0,181725.0,10.0,0.0,2.0794806,0.0066663707,8.120895,0.0541369,364778.775808,5669668.78934,05122
05122,2023,181725.0,10.0,181725.0,10.0,0.0,2.1099355,0.008173294,8.37202,0.06842698,364778.775808,5669668.78934,05122
05122,2024,181725.0,10.0,181725.0,10.0,0.0,2.1567447,0.0043236245,8.773224,0.037932128,364778.775808,5669668.78934,05122
05122,2025,181725.0,10.0,181725.0,10.0,0.0,2.193083,0.0065260637,9.097893,0.059373427,364778.775808,5669668.78934,05122
05124,2007,269027.0,10.0,269027.0,10.0,0.0,1.7137086,0.006578332,5.626905,0.037015647,372210.663401,5679292.28697,05124
05124,2008,269027.0,10.0,269027.0,10.0,0.0,1.7159553,0.007024987,5.63956,0.03961784,372210.663401,5679292.28697,05124
05124,2009,269027.0,10.0,269027.0,10.0,0.0,1.6770078,0.019837394,5.4241366,0.10760073,372210.663401,5679292.28697,05124
05124,2010,269027.0,10.0,269027.0,10.0,0.0,1.6767021,0.013435351,5.422478,0.0728529,372210.663401,5679292.28697,05124
05124,2011,269027.0,10.0,269027.0,10.0,0.0,1.7038962,0.008205463,5.571961,0.04572052,372210.663401,5679292.28697,05124
05124,2012,269027.0,10.0,269027.0,10.0,0.0,1.699597,0.032622185,5.5480576,0.18098974,372210.663401,5679292.28697,05124
05124,2013,269027.0,10.0,269027.0,10.0,0.0,1.7247775,0.01895124,5.689534,0.10782373,372210.663401,5679292.28697,05124
05124,2014,269027.0,10.0,269027.0,10.0,0.0,1.7578396,0.016332153,5.880786,0.096045904,372210.663401,5679292.28697,05124
05124,2015,269027.0,10.0,269027.0,10.0,0.0,1.7541432,0.012293317,5.8590884,0.07202764,372210.663401,5679292.28697,05124
05124,2016,269027.0,10.0,269027.0,10.0,0.0,1.8189881,0.02210753,6.2516093,0.13820764,372210.663401,5679292.28697,05124
05124,2017,269027.0,10.0,269027.0,10.0,0.0,1.852227,0.025018606,6.462898,0.1616927,372210.663401,5679292.28697,05124
05124,2018,269027.0,10.0,269027.0,10.0,0.0,1.8608744,0.031762313,6.519028,0.20705943,372210.663401,5679292.28697,05124
05124,2019,269027.0,10.0,269027.0,10.0,0.0,1.9063632,0.01815719,6.8224196,0.12387596,372210.663401,5679292.28697,05124
05124,2020,269027.0,10.0,269027.0,10.0,0.0,1.925709,0.024031907,6.9556894,0.16715848,372210.663401,5679292.28697,05124
05124,2021,269027.0,10.0,269027.0,10.0,0.0,1.9637378,0.008673289,7.2253,0.06266712,372210.663401,5679292.28697,05124
05124,2022,269027.0,10.0,269027.0,10.0,0.0,2.0159848,0.014351134,7.6128354,0.10925282,372210.663401,5679292.28697,05124
05124,2023,269027.0,10.0,269027.0,10.0,0.0,2.075662,0.02031516,8.080977,0.16416635,372210.663401,5679292.28697,05124
05124,2024,269027.0,10.0,269027.0,10.0,0.0,2.1369019,0.026171321,8.591323,0.22484627,372210.663401,5679292.28697,05124
05124,2025,269027.0,10.0,269027.0,10.0,0.0,2.1802468,0.013887603,8.971903,0.12459823,372210.663401,5679292.28697,05124
05154,2007,21368.0,10.0,21368.0,10.0,0.0,1.7100483,0.06933842,5.6191154,0.38962057,307259.251512,5737840.96723,05154
05154,2008,21368.0,10.0,21368.0,10.0,0.0,1.64877,0.048844546,5.2851233,0.25814945,307259.251512,5737840.96723,05154
05154,2009,21368.0,10.0,21368.0,10.0,0.0,1.6118073,0.003774516,5.0933375,0.019224884,307259.251512,5737840.96723,05154
05154,2010,21368.0,10.0,21368.0,10.0,0.0,1.6992673,0.008303685,5.558861,0.04615903,307259.251512,5737840.96723,05154
05154,2011,21368.0,10.0,21368.0,10.0,0.0,1.6994283,0.011418748,5.5597563,0.06348546,307259.251512,5737840.96723,05154
05154,2012,21368.0,10.0,21368.0,10.0,0.0,1.7668475,0.033433694,5.947515,0.1988474,307259.251512,5737840.96723,05154
05154,2013,21368.0,10.0,21368.0,10.0,0.0,1.7907339,0.011882663,6.0912905,0.07238075,307259.251512,5737840.96723,05154
05154,2014,21368.0,10.0,21368.0,10.0,0.0,1.7941871,0.023445116,6.1123605,0.143305,307259.251512,5737840.96723,05154
05154,2015,21368.0,10.0,21368.0,10.0,0.0,1.8314438,0.00917981,6.3443823,0.058240224,307259.251512,5737840.96723,05154
05154,2016,21368.0,10.0,21368.0,10.0,0.0,1.7868341,0.044236332,6.067581,0.26840752,307259.251512,5737840.96723,05154
05154,2017,21368.0,10.0,21368.0,10.0,0.0,1.91238,0.0645042,6.879225,0.4437389,307259.251512,5737840.96723,05154
05154,2018,21368.0,10.0,21368.0,10.0,0.0,1.8259301,0.025637899,6.309498,0.16176227,307259.251512,5737840.96723,05154
05154,2019,21368.0,10.0,21368.0,10.0,0.0,1.9092528,0.009798148,6.8577456,0.0671932,307259.251512,5737840.96723,05154
05154,2020,21368.0,10.0,21368.0,10.0,0.0,1.9668715,0.00079942564,7.2644854,0.005807416,307259.251512,5737840.96723,05154
05154,2021,21368.0,10.0,21368.0,10.0,0.0,1.989396,0.035241503,7.4299707,0.26184332,307259.251512,5737840.96723,05154
05154,2022,21368.0,10.0,21368.0,10.0,0.0,2.0663567,0.024565812,8.024365,0.19712505,307259.251512,5737840.96723,05154
05154,2023,21368.0,10.0,21368.0,10.0,0.0,2.0642605,0.02144512,8.007563,0.17172314,307259.251512,5737840.96723,05154
05154,2024,21368.0,10.0,21368.0,10.0,0.0,2.0838022,0.10442664,8.165584,0.85270447,307259.251512,5737840.96723,05154
05154,2025,21368.0,10.0,21368.0,10.0,0.0,2.0725553,0.033287186,8.07426,0.2687694,307259.251512,5737840.96723,05154
05158,2007,408179.0,10.0,408179.0,10.0,0.0,2.0150218,0.035426397,7.640629,0.27067995,355218.222228,5676080.49296,05158
05158,2008,408179.0,10.0,408179.0,10.0,0.0,2.0052094,0.054219402,7.566023,0.41022524,355218.222228,5676080.49296,05158
05158,2009,408179.0,10.0,408179.0,10.0,0.0,1.9804835,0.049006745,7.38124,0.36173055,355218.222228,5676080.49296,05158
05158,2010,408179.0,10.0,408179.0,10.0,0.0,1.9670641,0.030522222,7.28285,0.22228876,355218.222228,5676080.49296,05158
05158,2011,408179.0,10.0,408179.0,10.0,0.0,1.9887657,0.029623318,7.4426265,0.2204753,355218.222228,5676080.49296,05158
05158,2012,408179.0,10.0,408179.0,10.0,0.0,2.0204136,0.045305207,7.6819367,0.34803176,355218.222228,5676080.49296,05158
05158,2013,408179.0,10.0,408179.0,10.0,0.0,2.037966,0.029850429,7.8179646,0.23336959,355218.222228,5676080.49296,05158
05158,2014,408179.0,10.0,408179.0,10.0,0.0,2.034558,0.0182701,7.791367,0.14234905,355218.222228,5676080.49296,05158
05158,2015,408179.0,10.0,408179.0,10.0,0.0,2.0525138,0.05695091,7.93253,0.45176476,355218.222228,5676080.49296,05158
05158,2016,408179.0,10.0,408179.0,10.0,0.0,2.0993612,0.05391937,8.31299,0.44823122,355218.222228,5676080.49296,05158
05158,2017,408179.0,10.0,408179.0,10.0,0.0,2.0922043,0.0310061,8.253707,0.25591525,355218.222228,5676080.49296,05158
05158,2018,408179.0,10.0,408179.0,10.0,0.0,2.1379635,0.017807087,8.640165,0.15385617,355218.222228,5676080.49296,05158
05158,2019,408179.0,10.0,408179.0,10.0,0.0,2.1536796,0.029146943,8.777026,0.2558235,355218.222228,5676080.49296,05158
05158,2020,408179.0,10.0,408179.0,10.0,0.0,2.193199,0.022584423,9.130834,0.2062146,355218.222228,5676080.49296,05158
05158,2021,408179.0,10.0,408179.0,10.0,0.0,2.239291,0.042954456,9.561543,0.4107109,355218.222228,5676080.49296,05158
05158,2022,408179.0,10.0,408179.0,10.0,0.0,2.262523,0.027707065,9.786278,0.27114904,355218.222228,5676080.49296,05158
05158,2023,408179.0,10.0,408179.0,10.0,0.0,2.3079283,0.022131646,10.240869,0.22664727,355218.222228,5676080.49296,05158
05158,2024,408179.0,10.0,408179.0,10.0,0.0,2.3845315,0.029319476,11.056182,0.32416147,355218.222228,5676080.49296,05158
05158,2025,408179.0,10.0,408179.0,10.0,0.0,2.4321613,0.020078493,11.595529,0.23282075,355218.222228,5676080.49296,05158
05162,2007,113353.0,10.0,113353.0,10.0,0.0,1.8858094,0.04129611,6.7096853,0.2770839,345651.038382,5663774.03219,05162
05162,2008,113353.0,10.0,113353.0,10.0,0.0,1.8759174,0.03589439,6.6436405,0.2384694,345651.038382,5663774.03219,05162
05162,2009,113353.0,10.0,113353.0,10.0,0.0,1.8778808,0.021146731,6.6566973,0.1407674,345651.038382,5663774.03219,05162
05162,2010,113353.0,10.0,113353.0,10.0,0.0,1.9026582,0.0323366,6.8236933,0.22065505,345651.038382,5663774.03219,05162
05162,2011,113353.0,10.0,113353.0,10.0,0.0,1.8818803,0.003789375,6.683374,0.025325809,345651.038382,5663774.03219,05162
05162,2012,113353.0,10.0,113353.0,10.0,0.0,1.8751382,0.010042325,6.6384654,0.06666563,345651.038382,5663774.03219,05162
05162,2013,113353.0,10.0,113353.0,10.0,0.0,1.8934723,0.036516674,6.761298,0.24690013,345651.038382,5663774.03219,05162
05162,2014,113353.0,10.0,113353.0,10.0,0.0,1.9168388,0.02576562,6.9211464,0.17832763,345651.038382,5663774.03219,05162
05162,2015,113353.0,10.0,113353.0,10.0,0.0,1.9690799,8.335959e-05,7.292325,0.0006078852,345651.038382,5663774.03219,05162
05162,2016,113353.0,10.0,113353.0,10.0,0.0,1.9672568,0.00037670732,7.279043,0.0027420688,345651.038382,5663774.03219,05162
05162,2017,113353.0,10.0,113353.0,10.0,0.0,1.9847997,0.045811485,7.407866,0.33936533,345651.038382,5663774.03219,05162
05162,2018,113353.0,10.0,113353.0,10.0,0.0,2.032408,0.024838552,7.769071,0.19297248,345651.038382,5663774.03219,05162
05162,2019,113353.0,10.0,113353.0,10.0,0.0,2.0791538,0.05913223,8.140865,0.4813875,345651.038382,5663774.03219,05162
05162,2020,113353.0,10.0,113353.0,10.0,0.0,2.139157,0.027298337,8.644297,0.23597492,345651.038382,5663774.03219,05162
05162,2021,113353.0,10.0,113353.0,10.0,0.0,2.184014,0.0028311592,9.040882,0.025596175,345651.038382,5663774.03219,05162
05162,2022,113353.0,10.0,113353.0,10.0,0.0,2.2542598,0.011864526,9.698803,0.1150717,345651.038382,5663774.03219,05162
05162,2023,113353.0,10.0,113353.0,10.0,0.0,2.280319,0.009185073,9.954868,0.091436185,345651.038382,5663774.03219,05162
05162,2024,113353.0,10.0,113353.0,10.0,0.0,2.3673844,0.022362538,10.860442,0.24286705,345651.038382,5663774.03219,05162
05162,2025,113353.0,10.0,113353.0,10.0,0.0,2.399621,0.017475238,11.21625,0.19600664,345651.038382,5663774.03219,05162
05166,2007,15752.0,10.0,15752.0,10.0,0.0,1.6846664,0.0011610206,5.478155,0.0063602505,302159.009149,5682919.3837,05166
05166,2008,15752.0,10.0,15752.0,10.0,0.0,1.7245032,0.019587854,5.7007914,0.11166628,302159.009149,5682919.3837,05166
05166,2009,15752.0,10.0,15752.0,10.0,0.0,1.6572601,0.024907567,5.3300576,0.13275875,302159.009149,5682919.3837,05166
05166,2010,15752.0,10.0,15752.0,10.0,0.0,1.75047,0.05185579,5.8507624,0.30339593,302159.009149,5682919.3837,05166
05166,2011,15752.0,10.0,15752.0,10.0,0.0,1.7084213,0.03701705,5.6098456,0.20765996,302159.009149,5682919.3837,05166
05166,2012,15752.0,10.0,15752.0,10.0,0.0,1.7529825,0.02707753,5.8654804,0.15882273,302159.009149,5682919.3837,05166
05166,2013,15752.0,10.0,15752.0,10.0,0.0,1.7240274,0.02300183,5.6980805,0.13106626,302159.009149,5682919.3837,05166
05166,2014,15752.0,10.0,15752.0,10.0,0.0,1.7657226,0.05521929,5.9406857,0.32804045,302159.009149,5682919.3837,05166
05166,2015,15752.0,10.0,15752.0,10.0,0.0,1.7514993,0.085281,5.856787,0.49947265,302159.009149,5682919.3837,05166
05166,2016,15752.0,10.0,15752.0,10.0,0.0,1.7960378,0.041151963,6.123536,0.25199553,302159.009149,5682919.3837,05166
05166,2017,15752.0,10.0,15752.0,10.0,0.0,1.9016074,0.04674303,6.8053517,0.31810278,302159.009149,5682919.3837,05166
05166,2018,15752.0,10.0,15752.0,10.0,0.0,1.8982383,0.043183286,6.782462,0.29288903,302159.009149,5682919.3837,05166
05166,2019,15752.0,10.0,15752.0,10.0,0.0,1.989155,0.06663092,7.4280024,0.49493465,302159.009149,5682919.3837,05166
05166,2020,15752.0,10.0,15752.0,10.0,0.0,1.9362116,0.13341592,7.0449667,0.9399107,302159.009149,5682919.3837,05166
05166,2021,15752.0,10.0,15752.0,10.0,0.0,2.0335784,0.12896395,7.7654176,1.0014589,302159.009149,5682919.3837,05166
05166,2022,15752.0,10.0,15752.0,10.0,0.0,1.9753841,0.12887593,7.3264127,0.9441982,302159.009149,5682919.3837,05166
05166,2023,15752.0,10.0,15752.0,10.0,0.0,2.1155875,0.072137,8.429095,0.60804963,302159.009149,5682919.3837,05166
05166,2024,15752.0,10.0,15752.0,10.0,0.0,2.1694698,0.02262698,8.895733,0.20128356,302159.009149,5682919.3837,05166
05166,2025,15752.0,10.0,15752.0,10.0,0.0,2.2514236,0.062437814,9.655479,0.602867,302159.009149,5682919.3837,05166
05170,2007,12320.0,10.0,12320.0,10.0,0.0,1.6318083,0.083855435,5.185554,0.4348369,326077.754176,5719152.61847,05170
05170,2008,12320.0,10.0,12320.0,10.0,0.0,1.6174177,0.024504654,5.111465,0.12525468,326077.754176,5719152.61847,05170
05170,2009,12320.0,10.0,12320.0,10.0,0.0,1.6492615,0.07843334,5.2768526,0.4138812,326077.754176,5719152.61847,05170
05170,2010,12320.0,10.0,12320.0,10.0,0.0,1.6688533,0.09326104,5.381255,0.50186145,326077.754176,5719152.61847,05170
05170,2011,12320.0,10.0,12320.0,10.0,0.0,1.6841662,0.043335605,5.464292,0.2367984,326077.754176,5719152.61847,05170
05170,2012,12320.0,10.0,12320.0,10.0,0.0,1.7369511,0.048020698,5.7604723,0.2766219,326077.754176,5719152.61847,05170
05170,2013,12320.0,10.0,12320.0,10.0,0.0,1.7076968,0.053712893,5.5943947,0.30049112,326077.754176,5719152.61847,05170
05170,2014,12320.0,10.0,12320.0,10.0,0.0,1.7063311,0.057758555,5.5867596,0.32268316,326077.754176,5719152.61847,05170
05170,2015,12320.0,10.0,12320.0,10.0,0.0,1.7660055,0.06751379,5.9302945,0.40037668,326077.754176,5719152.61847,05170
05170,2016,12320.0,10.0,12320.0,10.0,0.0,1.7528006,0.083259694,5.8525,0.4872774,326077.754176,5719152.61847,05170
05170,2017,12320.0,10.0,12320.0,10.0,0.0,1.8195122,0.05495168,6.256248,0.34379134,326077.754176,5719152.61847,05170
05170,2018,12320.0,10.0,12320.0,10.0,0.0,1.7979832,0.023174532,6.1229963,0.14189757,326077.754176,5719152.61847,05170
05170,2019,12320.0,10.0,12320.0,10.0,0.0,1.9018388,0.05011224,6.7930984,0.3404174,326077.754176,5719152.61847,05170
05170,2020,12320.0,10.0,12320.0,10.0,0.0,1.8864712,0.035153277,6.689503,0.23515797,326077.754176,5719152.61847,05170
05170,2021,12320.0,10.0,12320.0,10.0,0.0,1.9439416,0.0025156643,7.085213,0.017824018,326077.754176,5719152.61847,05170
05170,2022,12320.0,10.0,12320.0,10.0,0.0,2.0288913,0.034825575,7.7134056,0.2686238,326077.754176,5719152.61847,05170
05170,2023,12320.0,10.0,12320.0,10.0,0.0,2.1156175,0.03988189,8.412224,0.33549538,326077.754176,5719152.61847,05170
05170,2024,12320.0,10.0,12320.0,10.0,0.0,2.1286144,0.12147206,8.52227,1.0352178,326077.754176,5719152.61847,05170
05170,2025,12320.0,10.0,12320.0,10.0,0.0,2.3305073,0.08581048,10.428845,0.89490426,326077.754176,5719152.61847,05170
05314,2007,227631.0,10.0,227631.0,10.0,0.0,2.1673887,0.019370293,8.906924,0.17252974,366535.122828,5618810.13108,05314
05314,2008,227631.0,10.0,227631.0,10.0,0.0,2.181487,0.008744615,9.033389,0.078993514,366535.122828,5618810.13108,05314
05314,2009,227631.0,10.0,227631.0,10.0,0.0,2.1778262,0.018657302,9.000379,0.16792277,366535.122828,5618810.13108,05314
05314,2010,227631.0,10.0,227631.0,10.0,0.0,2.202907,0.017761273,9.228971,0.16391826,366535.122828,5618810.13108,05314
05314,2011,227631.0,10.0,227631.0,10.0,0.0,2.2069056,0.019687567,9.265947,0.18242396,366535.122828,5618810.13108,05314
05314,2012,227631.0,10.0,227631.0,10.0,0.0,2.260899,0.013383106,9.780001,0.1308868,366535.122828,5618810.13108,05314
05314,2013,227631.0,10.0,227631.0,10.0,0.0,2.2527053,0.0028297624,9.700193,0.02744924,366535.122828,5618810.13108,05314
05314,2014,227631.0,10.0,227631.0,10.0,0.0,2.2543397,0.0058182064,9.71606,0.056530043,366535.122828,5618810.13108,05314
05314,2015,227631.0,10.0,227631.0,10.0,0.0,2.250605,0.013219577,9.679842,0.12796341,366535.122828,5618810.13108,05314
05314,2016,227631.0,10.0,227631.0,10.0,0.0,2.2540374,0.011659531,9.713121,0.11325044,366535.122828,5618810.13108,05314
05314,2017,227631.0,10.0,227631.0,10.0,0.0,2.3732426,0.010167198,10.942814,0.11125776,366535.122828,5618810.13108,05314
05314,2018,227631.0,10.0,227631.0,10.0,0.0,2.4136093,0.008532818,11.393575,0.0972193,366535.122828,5618810.13108,05314
05314,2019,227631.0,10.0,227631.0,10.0,0.0,2.459865,0.008055572,11.932974,0.096126944,366535.122828,5618810.13108,05314
05314,2020,227631.0,10.0,227631.0,10.0,0.0,2.4946759,0.0057871565,12.355685,0.07150429,366535.122828,5618810.13108,05314
05314,2021,227631.0,10.0,227631.0,10.0,0.0,2.50213,0.009447748,12.448132,0.117606804,366535.122828,5618810.13108,05314
05314,2022,227631.0,10.0,227631.0,10.0,0.0,2.5532732,0.0065164766,13.101329,0.085374504,366535.122828,5618810.13108,05314
05314,2023,227631.0,10.0,227631.0,10.0,0.0,2.5299294,0.013551686,12.799035,0.1734485,366535.122828,5618810.13108,05314
05314,2024,227631.0,10.0,227631.0,10.0,0.0,2.5440927,0.0091225235,12.981601,0.11842496,366535.122828,5618810.13108,05314
05314,2025,227631.0,10.0,227631.0,10.0,0.0,2.6334407,0.0020646092,14.194878,0.029306874,366535.122828,5618810.13108,05314
05315,2007,493781.0,10.0,493781.0,10.0,0.0,2.2185042,0.012984736,9.415389,0.12225634,357636.998732,5645730.82125,05315
05315,2008,493781.0,10.0,493781.0,10.0,0.0,2.2199984,0.011782635,9.429467,0.11110397,357636.998732,5645730.82125,05315
05315,2009,493781.0,10.0,493781.0,10.0,0.0,2.2094924,0.014157411,9.330921,0.13210168,357636.998732,5645730.82125,05315
05315,2010,493781.0,10.0,493781.0,10.0,0.0,2.2209618,0.014087258,9.438558,0.13296339,357636.998732,5645730.82125,05315
05315,2011,493781.0,10.0,493781.0,10.0,0.0,2.245648,0.015512341,9.6744585,0.1500735,357636.998732,5645730.82125,05315
05315,2012,493781.0,10.0,493781.0,10.0,0.0,2.2577827,0.030410714,9.792571,0.29779908,357636.998732,5645730.82125,05315
05315,2013,493781.0,10.0,493781.0,10.0,0.0,2.2648113,0.03260203,9.861642,0.32150957,357636.998732,5645730.82125,05315
05315,2014,493781.0,10.0,493781.0,10.0,0.0,2.3407638,0.029323988,10.639837,0.31200245,357636.998732,5645730.82125,05315
05315,2015,493781.0,10.0,493781.0,10.0,0.0,2.311878,0.031198686,10.336892,0.32249746,357636.998732,5645730.82125,05315
05315,2016,493781.0,10.0,493781.0,10.0,0.0,2.377494,0.016342398,11.037907,0.18038586,357636.998732,5645730.82125,05315
05315,2017,493781.0,10.0,493781.0,10.0,0.0,2.5003536,0.016737508,12.480843,0.2088982,357636.998732,5645730.82125,05315
05315,2018,493781.0,10.0,493781.0,10.0,0.0,2.542167,0.014843234,13.013771,0.19316645,357636.998732,5645730.82125,05315
05315,2019,493781.0,10.0,493781.0,10.0,0.0,2.6145828,0.008572,13.991136,0.11993202,357636.998732,5645730.82125,05315
05315,2020,493781.0,10.0,493781.0,10.0,0.0,2.6624026,0.0060462374,14.676445,0.088737264,357636.998732,5645730.82125,05315
05315,2021,493781.0,10.0,493781.0,10.0,0.0,2.6603951,0.0106555,14.647012,0.15607125,357636.998732,5645730.82125,05315
05315,2022,493781.0,10.0,493781.0,10.0,0.0,2.7157912,0.011026439,15.481294,0.17070355,357636.998732,5645730.82125,05315
05315,2023,493781.0,10.0,493781.0,10.0,0.0,2.7009676,0.022199804,15.253498,0.33862466,357636.998732,5645730.82125,05315
05315,2024,493781.0,10.0,493781.0,10.0,0.0,2.7019,0.018156976,15.267727,0.27721575,357636.998732,5645730.82125,05315
05315,2025,493781.0,10.0,493781.0,10.0,0.0,2.7194917,0.005937422,15.53869,0.092259765,357636.998732,5645730.82125,05315
05316,2007,182665.0,10.0,182665.0,10.0,0.0,1.8430601,0.065880656,6.42257,0.42312315,360907.084071,5657601.65019,05316
05316,2008,182665.0,10.0,182665.0,10.0,0.0,1.8454419,0.0373623,6.4378858,0.24053422,360907.084071,5657601.65019,05316
05316,2009,182665.0,10.0,182665.0,10.0,0.0,1.8264074,0.020001994,6.3165026,0.12634264,360907.084071,5657601.65019,05316
05316,2010,182665.0,10.0,182665.0,10.0,0.0,1.8445888,0.026353091,6.4323955,0.16951351,360907.084071,5657601.65019,05316
05316,2011,182665.0,10.0,182665.0,10.0,0.0,1.871159,0.031332806,6.605596,0.20697184,360907.084071,5657601.65019,05316
05316,2012,182665.0,10.0,182665.0,10.0,0.0,1.8821917,0.018380681,6.678877,0.12276231,360907.084071,5657601.65019,05316
05316,2013,182665.0,10.0,182665.0,10.0,0.0,1.9079566,0.024730692,6.853194,0.16948423,360907.084071,5657601.65019,05316
05316,2014,182665.0,10.0,182665.0,10.0,0.0,1.9237783,0.008302333,6.962486,0.057804875,360907.084071,5657601.65019,05316
05316,2015,182665.0,10.0,182665.0,10.0,0.0,1.928918,0.0014352306,6.9983625,0.010044265,360907.084071,5657601.65019,05316
05316,2016,182665.0,10.0,182665.0,10.0,0.0,1.963072,0.00061009405,7.2415133,0.004418004,360907.084071,5657601.65019,05316
05316,2017,182665.0,10.0,182665.0,10.0,0.0,2.0028071,0.003880103,7.535049,0.029236766,360907.084071,5657601.65019,05316
05316,2018,182665.0,10.0,182665.0,10.0,0.0,2.029241,0.012126227,7.736887,0.093819246,360907.084071,5657601.65019,05316
05316,2019,182665.0,10.0,182665.0,10.0,0.0,2.0726845,0.008026282,8.080412,0.06485567,360907.084071,5657601.65019,05316
05316,2020,182665.0,10.0,182665.0,10.0,0.0,2.114503,0.012102705,8.425485,0.10197116,360907.084071,5657601.65019,05316
05316,2021,182665.0,10.0,182665.0,10.0,0.0,2.1582685,0.007525415,8.80242,0.06624186,360907.084071,5657601.65019,05316
05316,2022,182665.0,10.0,182665.0,10.0,0.0,2.2130425,0.012621617,9.298013,0.11735596,360907.084071,5657601.65019,05316
05316,2023,182665.0,10.0,182665.0,10.0,0.0,2.2361412,0.0067649647,9.5152855,0.064370565,360907.084071,5657601.65019,05316
05316,2024,182665.0,10.0,182665.0,10.0,0.0,2.3396144,0.0048935967,10.552603,0.05164018,360907.084071,5657601.65019,05316
05316,2025,182665.0,10.0,182665.0,10.0,0.0,2.3985136,0.024697639,11.192812,0.27643603,360907.084071,5657601.65019,05316
05334,2007,142680.0,10.0,142680.0,10.0,0.0,1.8760036,0.014683006,6.6609564,0.09780287,296161.224185,5627068.69594,05334
05334,2008,142680.0,10.0,142680.0,10.0,0.0,1.8839682,0.015921444,6.71422,0.10690008,296161.224185,5627068.69594,05334
05334,2009,142680.0,10.0,142680.0,10.0,0.0,1.8902497,0.023600563,6.7565284,0.15945788,296161.224185,5627068.69594,05334
05334,2010,142680.0,10.0,142680.0,10.0,0.0,1.9165678,0.025664726,6.9367075,0.17802869,296161.224185,5627068.69594,05334
05334,2011,142680.0,10.0,142680.0,10.0,0.0,1.9487485,0.016021924,7.163566,0.114774115,296161.224185,5627068.69594,05334
05334,2012,142680.0,10.0,142680.0,10.0,0.0,2.026579,0.013379995,7.74338,0.10360639,296161.224185,5627068.69594,05334
05334,2013,142680.0,10.0,142680.0,10.0,0.0,2.0806143,0.014487151,8.173308,0.11840795,296161.224185,5627068.69594,05334
05334,2014,142680.0,10.0,142680.0,10.0,0.0,2.1370866,0.01633614,8.648155,0.14127748,296161.224185,5627068.69594,05334
05334,2015,142680.0,10.0,142680.0,10.0,0.0,2.0934572,0.019650225,8.278954,0.16268331,296161.224185,5627068.69594,05334
05334,2016,142680.0,10.0,142680.0,10.0,0.0,2.1093633,0.025396947,8.411694,0.21363135,296161.224185,5627068.69594,05334
05334,2017,142680.0,10.0,142680.0,10.0,0.0,2.1699085,0.022444684,8.936713,0.20058171,296161.224185,5627068.69594,05334
05334,2018,142680.0,10.0,142680.0,10.0,0.0,2.2085142,0.016230796,9.288467,0.15075922,296161.224185,5627068.69594,05334
05334,2019,142680.0,10.0,142680.0,10.0,0.0,2.2414234,0.0164341,9.59923,0.15775469,296161.224185,5627068.69594,05334
05334,2020,142680.0,10.0,142680.0,10.0,0.0,2.256935,0.017550139,9.749288,0.17110136,296161.224185,5627068.69594,05334
05334,2021,142680.0,10.0,142680.0,10.0,0.0,2.271969,0.020502983,9.89697,0.2029174,296161.224185,5627068.69594,05334
05334,2022,142680.0,10.0,142680.0,10.0,0.0,2.3168066,0.020062814,10.350823,0.20766664,296161.224185,5627068.69594,05334
05334,2023,142680.0,10.0,142680.0,10.0,0.0,2.3280165,0.011707046,10.467507,0.122543596,296161.224185,5627068.69594,05334
05334,2024,142680.0,10.0,142680.0,10.0,0.0,2.4013138,0.008585862,11.263565,0.09670742,296161.224185,5627068.69594,05334
05334,2025,142680.0,10.0,142680.0,10.0,0.0,2.4526489,0.009370952,11.856882,0.11111027,296161.224185,5627068.69594,05334
05358,2007,38105.0,10.0,38105.0,10.0,0.0,1.6031038,0.060216002,5.050948,0.3041479,307453.153802,5642080.90353,05358
05358,2008,38105.0,10.0,38105.0,10.0,0.0,1.6305916,0.087944895,5.191714,0.45658472,307453.153802,5642080.90353,05358
05358,2009,38105.0,10.0,38105.0,10.0,0.0,1.5342823,0.11205784,4.715027,0.5283557,307453.153802,5642080.90353,05358
05358,2010,38105.0,10.0,38105.0,10.0,0.0,1.5764451,0.115637615,4.9180756,0.56871456,307453.153802,5642080.90353,05358
05358,2011,38105.0,10.0,38105.0,10.0,0.0,1.6459239,0.095058315,5.271928,0.5011406,307453.153802,5642080.90353,05358
05358,2012,38105.0,10.0,38105.0,10.0,0.0,1.6448549,0.05263389,5.2662954,0.27718562,307453.153802,5642080.90353,05358
05358,2013,38105.0,10.0,38105.0,10.0,0.0,1.6509981,0.0153539665,5.298747,0.08135678,307453.153802,5642080.90353,05358
05358,2014,38105.0,10.0,38105.0,10.0,0.0,1.6596051,0.008961743,5.3445506,0.047896482,307453.153802,5642080.90353,05358
05358,2015,38105.0,10.0,38105.0,10.0,0.0,1.6905026,0.036379326,5.5122614,0.20053236,307453.153802,5642080.90353,05358
05358,2016,38105.0,10.0,38105.0,10.0,0.0,1.7424951,0.032285504,5.8064384,0.18746379,307453.153802,5642080.90353,05358
05358,2017,38105.0,10.0,38105.0,10.0,0.0,1.8543783,0.04656585,6.493818,0.30239013,307453.153802,5642080.90353,05358
05358,2018,38105.0,10.0,38105.0,10.0,0.0,1.8155485,0.05583171,6.2464967,0.34875262,307453.153802,5642080.90353,05358
05358,2019,38105.0,10.0,38105.0,10.0,0.0,1.7827352,0.0011770572,6.044855,0.0071151396,307453.153802,5642080.90353,05358
05358,2020,38105.0,10.0,38105.0,10.0,0.0,1.8355044,0.07636636,6.372403,0.48663723,307453.153802,5642080.90353,05358
05358,2021,38105.0,10.0,38105.0,10.0,0.0,1.8651872,0.01438646,6.5643888,0.094438314,307453.153802,5642080.90353,05358
05358,2022,38105.0,10.0,38105.0,10.0,0.0,1.9478084,0.031391215,7.129782,0.2238125,307453.153802,5642080.90353,05358
05358,2023,38105.0,10.0,38105.0,10.0,0.0,2.030722,0.08330603,7.746135,0.64529973,307453.153802,5642080.90353,05358
05358,2024,38105.0,10.0,38105.0,10.0,0.0,2.0462055,0.023233563,7.8670087,0.18277863,307453.153802,5642080.90353,05358
05358,2025,38105.0,10.0,38105.0,10.0,0.0,2.0941455,0.075223796,8.253339,0.62084746,307453.153802,5642080.90353,05358
05362,2007,31680.0,10.0,31680.0,10.0,0.0,1.6154282,0.006979823,5.115257,0.03570359,327788.118092,5653774.60667,05362
05362,2008,31680.0,10.0,31680.0,10.0,0.0,1.6546675,0.04234521,5.3199654,0.22527507,327788.118092,5653774.60667,05362
05362,2009,31680.0,10.0,31680.0,10.0,0.0,1.7140036,0.0015509909,5.6451845,0.008755629,327788.118092,5653774.60667,05362
05362,2010,31680.0,10.0,31680.0,10.0,0.0,1.7180889,0.0047302064,5.668294,0.026812201,327788.118092,5653774.60667,05362
05362,2011,31680.0,10.0,31680.0,10.0,0.0,1.686505,0.00666261,5.492065,0.036591485,327788.118092,5653774.60667,05362
05362,2012,31680.0,10.0,31680.0,10.0,0.0,1.618652,0.009758292,5.1317735,0.050077345,327788.118092,5653774.60667,05362
05362,2013,31680.0,10.0,31680.0,10.0,0.0,1.6625423,0.0066180117,5.362025,0.035485942,327788.118092,5653774.60667,05362
05362,2014,31680.0,10.0,31680.0,10.0,0.0,1.6987798,0.008850945,5.5598946,0.049210325,327788.118092,5653774.60667,05362
05362,2015,31680.0,10.0,31680.0,10.0,0.0,1.7246804,0.013171783,5.7057805,0.075155295,327788.118092,5653774.60667,05362
05362,2016,31680.0,10.0,31680.0,10.0,0.0,1.8013005,0.030714499,6.1601424,0.18920569,327788.118092,5653774.60667,05362
05362,2017,31680.0,10.0,31680.0,10.0,0.0,1.8457323,0.038944077,6.4400206,0.25080064,327788.118092,5653774.60667,05362
05362,2018,31680.0,10.0,31680.0,10.0,0.0,1.8578116,0.022080684,6.5182824,0.14392813,327788.118092,5653774.60667,05362
05362,2019,31680.0,10.0,31680.0,10.0,0.0,1.9327137,0.012610808,7.025266,0.08859428,327788.118092,5653774.60667,05362
05362,2020,31680.0,10.0,31680.0,10.0,0.0,2.0063515,0.01966893,7.5621133,0.14873867,327788.118092,5653774.60667,05362
05362,2021,31680.0,10.0,31680.0,10.0,0.0,2.0759768,0.0070152353,8.10739,0.05687525,327788.118092,5653774.60667,05362
05362,2022,31680.0,10.0,31680.0,10.0,0.0,2.099643,0.020509439,8.301551,0.17026015,327788.118092,5653774.60667,05362
05362,2023,31680.0,10.0,31680.0,10.0,0.0,2.161802,0.021293174,8.833943,0.18810269,327788.118092,5653774.60667,05362
05362,2024,31680.0,10.0,31680.0,10.0,0.0,2.2409358,0.032476027,9.561408,0.31051654,327788.118092,5653774.60667,05362
05362,2025,31680.0,10.0,31680.0,10.0,0.0,2.2930965,0.032777812,10.073375,0.33018318,327788.118092,5653774.60667,05362
05366,2007,84623.0,25.0,5839.0,10.0,0.0068384917,1.6682768,0.03702266,5.3933444,0.19967596,345211.639772,5600066.53936,05366
05366,2008,84623.0,25.0,5839.0,10.0,0.0068384917,1.624157,0.047872666,5.1605635,0.24704994,345211.639772,5600066.53936,05366
05366,2009,84623.0,25.0,5839.0,10.0,0.0068384917,1.5641278,0.017589329,4.859894,0.08548227,345211.639772,5600066.53936,05366
05366,2010,84623.0,25.0,5839.0,10.0,0.0068384917,1.6161693,0.023683181,5.1195073,0.12124622,345211.639772,5600066.53936,05366
05366,2011,84623.0,25.0,5839.0,10.0,0.0068384917,1.6021364,0.010885213,5.048167,0.054950375,345211.639772,5600066.53936,05366
05366,2012,84623.0,25.0,5839.0,10.0,0.0068384917,1.6860402,0.058663443,5.490004,0.32206255,345211.639772,5600066.53936,05366
05366,2013,84623.0,25.0,5839.0,10.0,0.0068384917,1.6847198,0.036067102,5.48276,0.19774726,345211.639772,5600066.53936,05366
05366,2014,84623.0,25.0,5839.0,10.0,0.0068384917,1.7011731,0.028116202,5.573715,0.1567117,345211.639772,5600066.53936,05366
05366,2015,84623.0,25.0,5839.0,10.0,0.0068384917,1.7095991,0.003590337,5.620878,0.020180847,345211.639772,5600066.53936,05366
05366,2016,84623.0,25.0,5839.0,10.0,0.0068384917,1.7287652,0.011441167,5.729648,0.06555387,345211.639772,5600066.53936,05366
05366,2017,84623.0,25.0,5839.0,10.0,0.0068384917,1.7330331,0.0070536244,5.7541533,0.040587634,345211.639772,5600066.53936,05366
05366,2018,84623.0,25.0,5839.0,10.0,0.0068384917,1.7775989,0.0023444803,6.0163918,0.014105311,345211.639772,5600066.53936,05366
05366,2019,84623.0,25.0,5839.0,10.0,0.0068384917,1.8318349,0.04345252,6.3517084,0.27599773,345211.639772,5600066.53936,05366
05366,2020,84623.0,25.0,5839.0,10.0,0.0068384917,1.88721,0.04888347,6.7133555,0.32817215,345211.639772,5600066.53936,05366
05366,2021,84623.0,25.0,5839.0,10.0,0.0068384917,1.8923396,0.02521186,6.7478805,0.17012662,345211.639772,5600066.53936,05366
05366,2022,84623.0,25.0,5839.0,10.0,0.0068384917,2.0556471,0.0046621524,7.944947,0.03704055,345211.639772,5600066.53936,05366
05366,2023,84623.0,25.0,5839.0,10.0,0.0068384917,2.1290007,0.032465734,8.5496435,0.27757046,345211.639772,5600066.53936,05366
05366,2024,84623.0,25.0,5839.0,10.0,0.0068384917,2.1654491,0.04108354,8.867013,0.3642883,345211.639772,5600066.53936,05366
05366,2025,84623.0,25.0,5839.0,10.0,0.0068384917,2.201618,0.015822798,9.193593,0.14546835,345211.639772,5600066.53936,05366
05370,2007,29578.0,10.0,29578.0,10.0,0.0,1.8165926,0.013286324,6.229984,0.08277359,313544.652848,5660741.60796,05370
05370,2008,29578.0,10.0,29578.0,10.0,0.0,1.8120005,0.006801376,6.2014413,0.042178333,313544.652848,5660741.60796,05370
05370,2009,29578.0,10.0,29578.0,10.0,0.0,1.7958447,0.0028695723,6.102057,0.017510293,313544.652848,5660741.60796,05370
05370,2010,29578.0,10.0,29578.0,10.0,0.0,1.7800184,0.0033283688,6.006244,0.019990996,313544.652848,5660741.60796,05370
05370,2011,29578.0,10.0,29578.0,10.0,0.0,1.7636377,0.036432486,5.9086585,0.21526714,313544.652848,5660741.60796,05370
05370,2012,29578.0,10.0,29578.0,10.0,0.0,1.7857714,0.03526811,6.040897,0.21305102,313544.652848,5660741.60796,05370
05370,2013,29578.0,10.0,29578.0,10.0,0.0,1.8178476,0.01690902,6.2378078,0.10547521,313544.652848,5660741.60796,05370
05370,2014,29578.0,10.0,29578.0,10.0,0.0,1.8135802,0.013566822,6.211245,0.08426686,313544.652848,5660741.60796,05370
05370,2015,29578.0,10.0,29578.0,10.0,0.0,1.876244,0.0044454616,6.6129184,0.029397475,313544.652848,5660741.60796,05370
05370,2016,29578.0,10.0,29578.0,10.0,0.0,1.890233,0.00606937,6.706078,0.04070167,313544.652848,5660741.60796,05370
05370,2017,29578.0,10.0,29578.0,10.0,0.0,1.9180541,0.036697995,6.8952675,0.2530425,313544.652848,5660741.60796,05370
05370,2018,29578.0,10.0,29578.0,10.0,0.0,1.963607,0.025692265,7.2166305,0.18541159,313544.652848,5660741.60796,05370
05370,2019,29578.0,10.0,29578.0,10.0,0.0,2.007376,0.014977885,7.539509,0.1129259,313544.652848,5660741.60796,05370
05370,2020,29578.0,10.0,29578.0,10.0,0.0,1.9937146,0.003338145,7.4372096,0.024826486,313544.652848,5660741.60796,05370
05370,2021,29578.0,10.0,29578.0,10.0,0.0,2.0500762,0.00503758,7.8684216,0.039637804,313544.652848,5660741.60796,05370
05370,2022,29578.0,10.0,29578.0,10.0,0.0,2.1359193,0.0018027651,8.57371,0.015456385,313544.652848,5660741.60796,05370
05370,2023,29578.0,10.0,29578.0,10.0,0.0,2.1615415,0.008114812,8.796225,0.07137971,313544.652848,5660741.60796,05370
05370,2024,29578.0,10.0,29578.0,10.0,0.0,2.2604756,0.022085814,9.710977,0.21447483,313544.652848,5660741.60796,05370
05370,2025,29578.0,10.0,29578.0,10.0,0.0,2.272162,0.020057056,9.825127,0.19706312,313544.652848,5660741.60796,05370
05374,2007,14434.0,10.0,14434.0,10.0,0.0,1.6300573,0.052873086,5.1870437,0.274255,407434.77091,5653838.0263,05374
05374,2008,14434.0,10.0,14434.0,10.0,0.0,1.4590808,0.039756905,4.371855,0.17381142,407434.77091,5653838.0263,05374
05374,2009,14434.0,10.0,14434.0,10.0,0.0,1.4778111,0.033426832,4.4545126,0.14890026,407434.77091,5653838.0263,05374
05374,2010,14434.0,10.0,14434.0,10.0,0.0,1.5075352,0.009319067,4.5889063,0.042764325,407434.77091,5653838.0263,05374
05374,2011,14434.0,10.0,14434.0,10.0,0.0,1.5558182,0.0056421105,4.815909,0.02717189,407434.77091,5653838.0263,05374
05374,2012,14434.0,10.0,14434.0,10.0,0.0,1.5307585,0.023969552,4.696723,0.11257834,407434.77091,5653838.0263,05374
05374,2013,14434.0,10.0,14434.0,10.0,0.0,1.4610085,0.020134522,4.3802905,0.088195056,407434.77091,5653838.0263,05374
05374,2014,14434.0,10.0,14434.0,10.0,0.0,1.5894314,0.032830786,4.980538,0.16351499,407434.77091,5653838.0263,05374
05374,2015,14434.0,10.0,14434.0,10.0,0.0,1.5733507,0.045330986,4.9010878,0.22217114,407434.77091,5653838.0263,05374
05374,2016,14434.0,10.0,14434.0,10.0,0.0,1.5800822,0.002092136,4.9341908,0.010322998,407434.77091,5653838.0263,05374
05374,2017,14434.0,10.0,14434.0,10.0,0.0,1.6382326,0.031951338,5.2296224,0.16709344,407434.77091,5653838.0263,05374
05374,2018,14434.0,10.0,14434.0,10.0,0.0,1.6699985,0.0223143,5.398413,0.12046182,407434.77091,5653838.0263,05374
05374,2019,14434.0,10.0,14434.0,10.0,0.0,1.7045829,0.010366176,5.5883803,0.057930134,407434.77091,5653838.0263,05374
05374,2020,14434.0,10.0,14434.0,10.0,0.0,1.7589356,0.0696182,5.90053,0.41078427,407434.77091,5653838.0263,05374
05374,2021,14434.0,10.0,14434.0,10.0,0.0,1.8826041,0.060490765,6.6772795,0.40391374,407434.77091,5653838.0263,05374
05374,2022,14434.0,10.0,14434.0,10.0,0.0,1.9347662,0.014895962,7.0348244,0.10479047,407434.77091,5653838.0263,05374
05374,2023,14434.0,10.0,14434.0,10.0,0.0,1.9454315,0.019449165,7.110255,0.13828853,407434.77091,5653838.0263,05374
05374,2024,14434.0,10.0,14434.0,10.0,0.0,1.992848,0.016929677,7.4555197,0.12621953,407434.77091,5653838.0263,05374
05374,2025,14434.0,10.0,14434.0,10.0,0.0,2.0893772,0.013411009,8.211073,0.11011877,407434.77091,5653838.0263,05374
05378,2007,133241.0,10.0,133241.0,10.0,0.0,2.0624056,0.024605729,7.9746265,0.19622149,370443.658441,5649122.17252,05378
05378,2008,133241.0,10.0,133241.0,10.0,0.0,2.0217512,0.020171367,7.6569247,0.15445064,370443.658441,5649122.17252,05378
05378,2009,133241.0,10.0,133241.0,10.0,0.0,2.0057807,0.01707846,7.535612,0.12869664,370443.658441,5649122.17252,05378
05378,2010,133241.0,10.0,133241.0,10.0,0.0,1.9982429,0.011565467,7.479023,0.086498395,370443.658441,5649122.17252,05378
05378,2011,133241.0,10.0,133241.0,10.0,0.0,2.0170681,0.009226027,7.621151,0.07031295,370443.658441,5649122.17252,05378
05378,2012,133241.0,10.0,133241.0,10.0,0.0,2.0210936,0.01579411,7.651891,0.1208548,370443.658441,5649122.17252,05378
05378,2013,133241.0,10.0,133241.0,10.0,0.0,2.0503979,0.017514378,7.879443,0.13800356,370443.658441,5649122.17252,05378
05378,2014,133241.0,10.0,133241.0,10.0,0.0,2.0696063,0.01711352,8.032256,0.13746019,370443.658441,5649122.17252,05378
05378,2015,133241.0,10.0,133241.0,10.0,0.0,2.0763078,0.0093265455,8.0862665,0.07541693,370443.658441,5649122.17252,05378
05378,2016,133241.0,10.0,133241.0,10.0,0.0,2.118971,0.014711528,8.438717,0.124146424,370443.658441,5649122.17252,05378
05378,2017,133241.0,10.0,133241.0,10.0,0.0,2.1559255,0.00048027688,8.756398,0.004205496,370443.658441,5649122.17252,05378
05378,2018,133241.0,10.0,133241.0,10.0,0.0,2.19552,0.0036445798,9.11006,0.03320234,370443.658441,5649122.17252,05378
05378,2019,133241.0,10.0,133241.0,10.0,0.0,2.2338479,0.003732251,9.466007,0.035329513,370443.658441,5649122.17252,05378
05378,2020,133241.0,10.0,133241.0,10.0,0.0,2.2648623,0.008198873,9.76419,0.080055356,370443.658441,5649122.17252,05378
05378,2021,133241.0,10.0,133241.0,10.0,0.0,2.2853935,0.00047306513,9.966733,0.0047149137,370443.658441,5649122.17252,05378
05378,2022,133241.0,10.0,133241.0,10.0,0.0,2.333484,0.011623064,10.457749,0.12155109,370443.658441,5649122.17252,05378
05378,2023,133241.0,10.0,133241.0,10.0,0.0,2.3660576,0.003681684,10.804006,0.039776932,370443.658441,5649122.17252,05378
05378,2024,133241.0,10.0,133241.0,10.0,0.0,2.404383,0.013930422,11.2261095,0.15638444,370443.658441,5649122.17252,05378
05378,2025,133241.0,10.0,133241.0,10.0,0.0,2.4552925,0.0039294716,11.812424,0.046416584,370443.658441,5649122.17252,05378
05382,2007,166762.0,10.0,166762.0,10.0,0.0,1.8367772,0.08488244,6.406635,0.5438108,359256.807482,5619448.84268,05382
05382,2008,166762.0,10.0,166762.0,10.0,0.0,1.8828549,0.08554881,6.7087445,0.5739251,359256.807482,5619448.84268,05382
05382,2009,166762.0,10.0,166762.0,10.0,0.0,1.8691007,0.07693875,6.617102,0.5091116,359256.807482,5619448.84268,05382
05382,2010,166762.0,10.0,166762.0,10.0,0.0,1.8561431,0.059225906,6.531914,0.38685852,359256.807482,5619448.84268,05382
05382,2011,166762.0,10.0,166762.0,10.0,0.0,1.8651588,0.07841929,6.5910697,0.51686704,359256.807482,5619448.84268,05382
05382,2012,166762.0,10.0,166762.0,10.0,0.0,1.9116658,0.092987955,6.9048405,0.642067,359256.807482,5619448.84268,05382
05382,2013,166762.0,10.0,166762.0,10.0,0.0,1.9607376,0.08330126,7.252125,0.60411114,359256.807482,5619448.84268,05382
05382,2014,166762.0,10.0,166762.0,10.0,0.0,1.997307,0.12120715,7.522239,0.9117492,359256.807482,5619448.84268,05382
05382,2015,166762.0,10.0,166762.0,10.0,0.0,1.9745533,0.004661965,7.353013,0.034279488,359256.807482,5619448.84268,05382
05382,2016,166762.0,10.0,166762.0,10.0,0.0,2.0168612,0.03995538,7.6707783,0.30648884,359256.807482,5619448.84268,05382
05382,2017,166762.0,10.0,166762.0,10.0,0.0,2.1117191,0.09574859,8.43404,0.8075475,359256.807482,5619448.84268,05382
05382,2018,166762.0,10.0,166762.0,10.0,0.0,2.131931,0.09234364,8.606243,0.7947319,359256.807482,5619448.84268,05382
05382,2019,166762.0,10.0,166762.0,10.0,0.0,2.1267025,0.07752806,8.561362,0.6637458,359256.807482,5619448.84268,05382
05382,2020,166762.0,10.0,166762.0,10.0,0.0,2.180052,0.108938254,9.03051,0.983768,359256.807482,5619448.84268,05382
05382,2021,166762.0,10.0,166762.0,10.0,0.0,2.2449772,0.11187169,9.63627,1.0780257,359256.807482,5619448.84268,05382
05382,2022,166762.0,10.0,166762.0,10.0,0.0,2.2976437,0.07834426,10.15738,0.7957725,359256.807482,5619448.84268,05382
05382,2023,166762.0,10.0,166762.0,10.0,0.0,2.3548994,0.05699954,10.75592,0.6130825,359256.807482,5619448.84268,05382
05382,2024,166762.0,10.0,166762.0,10.0,0.0,2.3377483,0.037599623,10.573017,0.3975415,359256.807482,5619448.84268,05382
05382,2025,166762.0,10.0,166762.0,10.0,0.0,2.4215581,0.052286264,11.497332,0.60115254,359256.807482,5619448.84268,05382
05512,2007,148157.0,10.0,148157.0,10.0,0.0,1.7912912,0.046308547,6.081864,0.28164226,355863.864851,5715450.28023,05512
05512,2008,148157.0,10.0,148157.0,10.0,0.0,1.7496393,0.0327175,5.8337455,0.19086556,355863.864851,5715450.28023,05512
05512,2009,148157.0,10.0,148157.0,10.0,0.0,1.7050931,0.030332891,5.579578,0.16924474,355863.864851,5715450.28023,05512
05512,2010,148157.0,10.0,148157.0,10.0,0.0,1.7207992,0.030924154,5.667903,0.1752751,355863.864851,5715450.28023,05512
05512,2011,148157.0,10.0,148157.0,10.0,0.0,1.7552922,0.020920957,5.8668165,0.12273941,355863.864851,5715450.28023,05512
05512,2012,148157.0,10.0,148157.0,10.0,0.0,1.7638481,0.0035473632,5.9172277,0.020990556,355863.864851,5715450.28023,05512
05512,2013,148157.0,10.0,148157.0,10.0,0.0,1.7186747,0.014482499,5.655874,0.081911184,355863.864851,5715450.28023,05512
05512,2014,148157.0,10.0,148157.0,10.0,0.0,1.7912294,0.0018565148,6.081487,0.011290371,355863.864851,5715450.28023,05512
05512,2015,148157.0,10.0,148157.0,10.0,0.0,1.7663298,0.031627133,5.9319305,0.18760997,355863.864851,5715450.28023,05512
05512,2016,148157.0,10.0,148157.0,10.0,0.0,1.7789427,0.015698198,6.0072236,0.09430259,355863.864851,5715450.28023,05512
05512,2017,148157.0,10.0,148157.0,10.0,0.0,1.8109871,0.044142738,6.202839,0.2738103,355863.864851,5715450.28023,05512
05512,2018,148157.0,10.0,148157.0,10.0,0.0,1.854416,0.0348923,6.478157,0.22603777,355863.864851,5715450.28023,05512
05512,2019,148157.0,10.0,148157.0,10.0,0.0,1.9027231,0.0040086443,6.7987795,0.027253889,355863.864851,5715450.28023,05512
05512,2020,148157.0,10.0,148157.0,10.0,0.0,1.9237765,0.019156212,6.9434347,0.1330099,355863.864851,5715450.28023,05512
05512,2021,148157.0,10.0,148157.0,10.0,0.0,1.9260244,0.007236333,6.9590597,0.050358076,355863.864851,5715450.28023,05512
05512,2022,148157.0,10.0,148157.0,10.0,0.0,1.9878058,0.0056851096,7.4025593,0.042084362,355863.864851,5715450.28023,05512
05512,2023,148157.0,10.0,148157.0,10.0,0.0,2.058613,0.024253413,7.945717,0.19271074,355863.864851,5715450.28023,05512
05512,2024,148157.0,10.0,148157.0,10.0,0.0,2.1045063,0.018832216,8.318868,0.1566627,355863.864851,5715450.28023,05512
05512,2025,148157.0,10.0,148157.0,10.0,0.0,2.145624,0.004601472,8.66805,0.039885793,355863.864851,5715450.28023,05512
05513,2007,340284.0,10.0,340284.0,10.0,0.0,1.5302927,0.0014310445,4.6807256,0.0066983267,366280.465796,5713188.17792,05513
05513,2008,340284.0,10.0,340284.0,10.0,0.0,1.5571808,0.016326232,4.808288,0.07850123,366280.465796,5713188.17792,05513
05513,2009,340284.0,10.0,340284.0,10.0,0.0,1.5397934,0.012968996,4.7254076,0.06128379,366280.465796,5713188.17792,05513
05513,2010,340284.0,10.0,340284.0,10.0,0.0,1.5607971,0.0076743653,4.8257084,0.037034247,366280.465796,5713188.17792,05513
05513,2011,340284.0,10.0,340284.0,10.0,0.0,1.5415674,0.013885242,4.733798,0.06572994,366280.465796,5713188.17792,05513
05513,2012,340284.0,10.0,340284.0,10.0,0.0,1.560107,0.0058076656,4.822379,0.028006766,366280.465796,5713188.17792,05513
05513,2013,340284.0,10.0,340284.0,10.0,0.0,1.591272,0.01936052,4.975035,0.096319266,366280.465796,5713188.17792,05513
05513,2014,340284.0,10.0,340284.0,10.0,0.0,1.5938065,0.015984863,4.9876604,0.07972707,366280.465796,5713188.17792,05513
05513,2015,340284.0,10.0,340284.0,10.0,0.0,1.6106194,0.023298964,5.072226,0.118177615,366280.465796,5713188.17792,05513
05513,2016,340284.0,10.0,340284.0,10.0,0.0,1.6936339,0.020284569,5.5112658,0.11179365,366280.465796,5713188.17792,05513
05513,2017,340284.0,10.0,340284.0,10.0,0.0,1.6884933,0.013422695,5.4830074,0.07359673,366280.465796,5713188.17792,05513
05513,2018,340284.0,10.0,340284.0,10.0,0.0,1.7217216,0.014326948,5.6682596,0.081208855,366280.465796,5713188.17792,05513
05513,2019,340284.0,10.0,340284.0,10.0,0.0,1.7640221,0.020056717,5.9131722,0.118598826,366280.465796,5713188.17792,05513
05513,2020,340284.0,10.0,340284.0,10.0,0.0,1.7570662,0.000614128,5.8721843,0.0036062729,366280.465796,5713188.17792,05513
05513,2021,340284.0,10.0,340284.0,10.0,0.0,1.7733425,0.0005234227,5.9685435,0.0031240715,366280.465796,5713188.17792,05513
05513,2022,340284.0,10.0,340284.0,10.0,0.0,1.8069396,0.0039187814,6.172476,0.024188586,366280.465796,5713188.17792,05513
05513,2023,340284.0,10.0,340284.0,10.0,0.0,1.8560823,0.015190101,6.4833846,0.09848327,366280.465796,5713188.17792,05513
05513,2024,340284.0,10.0,340284.0,10.0,0.0,1.9224021,0.0070077553,6.9279404,0.04854931,366280.465796,5713188.17792,05513
05513,2025,340284.0,10.0,340284.0,10.0,0.0,1.9426231,0.00076682173,7.0694566,0.0054210126,366280.465796,5713188.17792,05513
05515,2007,93196.0,10.0,93196.0,10.0,0.0,2.1373656,0.01053936,8.657324,0.09124266,405418.593545,5756848.16559,05515
05515,2008,93196.0,10.0,93196.0,10.0,0.0,2.1433196,0.017618239,8.7090225,0.15343764,405418.593545,5756848.16559,05515
05515,2009,93196.0,10.0,93196.0,10.0,0.0,2.1625328,0.014556535,8.877969,0.12923247,405418.593545,5756848.16559,05515
05515,2010,93196.0,10.0,93196.0,10.0,0.0,2.203625,0.0070870887,9.250383,0.065558285,405418.593545,5756848.16559,05515
05515,2011,93196.0,10.0,93196.0,10.0,0.0,2.2355802,0.00855492,9.550755,0.081705935,405418.593545,5756848.16559,05515
05515,2012,93196.0,10.0,93196.0,10.0,0.0,2.252892,0.009611355,9.717535,0.09339869,405418.593545,5756848.16559,05515
05515,2013,93196.0,10.0,93196.0,10.0,0.0,2.2198536,0.012294468,9.401731,0.11558927,405418.593545,5756848.16559,05515
05515,2014,93196.0,10.0,93196.0,10.0,0.0,2.3210573,0.0018218034,10.403033,0.01895228,405418.593545,5756848.16559,05515
05515,2015,93196.0,10.0,93196.0,10.0,0.0,2.2421856,0.003989882,9.61405,0.038358923,405418.593545,5756848.16559,05515
05515,2016,93196.0,10.0,93196.0,10.0,0.0,2.2507312,0.0062796,9.69656,0.060890514,405418.593545,5756848.16559,05515
05515,2017,93196.0,10.0,93196.0,10.0,0.0,2.3939111,0.0075764265,11.189224,0.08477434,405418.593545,5756848.16559,05515
05515,2018,93196.0,10.0,93196.0,10.0,0.0,2.443065,0.012825178,11.752957,0.15073377,405418.593545,5756848.16559,05515
05515,2019,93196.0,10.0,93196.0,10.0,0.0,2.4941113,0.00030915308,12.368481,0.0038237541,405418.593545,5756848.16559,05515
05515,2020,93196.0,10.0,93196.0,10.0,0.0,2.489846,0.0039186496,12.315837,0.04826145,405418.593545,5756848.16559,05515
05515,2021,93196.0,10.0,93196.0,10.0,0.0,2.506197,0.003276515,12.518868,0.041018263,405418.593545,5756848.16559,05515
05515,2022,93196.0,10.0,93196.0,10.0,0.0,2.5589323,0.000251314,13.196772,0.0033165335,405418.593545,5756848.16559,05515
05515,2023,93196.0,10.0,93196.0,10.0,0.0,2.5525553,0.00048547398,13.112884,0.0063659637,405418.593545,5756848.16559,05515
05515,2024,93196.0,10.0,93196.0,10.0,0.0,2.5312989,0.0037682706,12.837093,0.04837364,405418.593545,5756848.16559,05515
05515,2025,93196.0,10.0,93196.0,10.0,0.0,2.5822241,0.0051131286,13.507758,0.06906691,405418.593545,5756848.16559,05515
05554,2007,22803.0,25.0,4086.0,10.0,0.007197874,1.5418873,0.015501621,4.7394385,0.07346898,360470.232677,5773875.88632,05554
05554,2008,22803.0,25.0,4086.0,10.0,0.007197874,1.6176183,0.02311795,5.1123013,0.11818593,360470.232677,5773875.88632,05554
05554,2009,22803.0,25.0,4086.0,10.0,0.007197874,1.6472607,0.03424345,5.266111,0.1803298,360470.232677,5773875.88632,05554
05554,2010,22803.0,25.0,4086.0,10.0,0.007197874,1.6999011,0.01629168,5.550747,0.090431,360470.232677,5773875.88632,05554
05554,2011,22803.0,25.0,4086.0,10.0,0.007197874,1.6551476,0.019326385,5.3078084,0.10258074,360470.232677,5773875.88632,05554
05554,2012,22803.0,25.0,4086.0,10.0,0.007197874,1.6995422,0.021248812,5.5487547,0.11790445,360470.232677,5773875.88632,05554
05554,2013,22803.0,25.0,4086.0,10.0,0.007197874,1.7061286,0.011698898,5.5854216,0.06534328,360470.232677,5773875.88632,05554
05554,2014,22803.0,25.0,4086.0,10.0,0.007197874,1.7212342,0.018802434,5.6704335,0.10661795,360470.232677,5773875.88632,05554
05554,2015,22803.0,25.0,4086.0,10.0,0.007197874,1.754271,0.014598276,5.8608956,0.08555897,360470.232677,5773875.88632,05554
05554,2016,22803.0,25.0,4086.0,10.0,0.007197874,1.781702,0.038547587,6.023891,0.23220646,360470.232677,5773875.88632,05554
05554,2017,22803.0,25.0,4086.0,10.0,0.007197874,1.834163,0.019121258,6.348346,0.12138837,360470.232677,5773875.88632,05554
05554,2018,22803.0,25.0,4086.0,10.0,0.007197874,1.8573809,0.010114896,6.4974666,0.0657212,360470.232677,5773875.88632,05554
05554,2019,22803.0,25.0,4086.0,10.0,0.007197874,1.8979158,0.00898026,6.766251,0.060762696,360470.232677,5773875.88632,05554
05554,2020,22803.0,25.0,4086.0,10.0,0.007197874,1.9150513,0.027777154,6.8831935,0.19119553,360470.232677,5773875.88632,05554
05554,2021,22803.0,25.0,4086.0,10.0,0.007197874,1.9581851,0.010974422,7.1865873,0.07886864,360470.232677,5773875.88632,05554
05554,2022,22803.0,25.0,4086.0,10.0,0.007197874,2.0065405,0.017617455,7.5426373,0.13288207,360470.232677,5773875.88632,05554
05554,2023,22803.0,25.0,4086.0,10.0,0.007197874,2.0935557,0.020843342,8.228364,0.17150661,360470.232677,5773875.88632,05554
05554,2024,22803.0,25.0,4086.0,10.0,0.007197874,2.1537056,0.0072644735,8.738485,0.0634805,360470.232677,5773875.88632,05554
05554,2025,22803.0,25.0,4086.0,10.0,0.007197874,2.1835244,0.0050114524,9.002981,0.04511801,360470.232677,5773875.88632,05554
05558,2007,232428.0,25.0,5059.0,10.0,0.023728639,1.5758446,0.03781016,4.9297633,0.18639517,406153.853976,5736714.5633,05558
05558,2008,232428.0,25.0,5059.0,10.0,0.023728639,1.5743383,0.0055497536,4.9223433,0.02731779,406153.853976,5736714.5633,05558
05558,2009,232428.0,25.0,5059.0,10.0,0.023728639,1.5798763,0.020871686,4.949679,0.103308134,406153.853976,5736714.5633,05558
05558,2010,232428.0,25.0,5059.0,10.0,0.023728639,1.5834557,0.0050162286,4.967427,0.02491775,406153.853976,5736714.5633,05558
05558,2011,232428.0,25.0,5059.0,10.0,0.023728639,1.556816,0.011023203,4.8368435,0.053317506,406153.853976,5736714.5633,05558
05558,2012,232428.0,25.0,5059.0,10.0,0.023728639,1.5808557,0.01049415,4.954529,0.051993567,406153.853976,5736714.5633,05558
05558,2013,232428.0,25.0,5059.0,10.0,0.023728639,1.6021531,0.0030282373,5.0611787,0.015326451,406153.853976,5736714.5633,05558
05558,2014,232428.0,25.0,5059.0,10.0,0.023728639,1.6037964,0.0057503264,5.0695024,0.029151293,406153.853976,5736714.5633,05558
05558,2015,232428.0,25.0,5059.0,10.0,0.023728639,1.6365536,0.008373274,5.238315,0.043861847,406153.853976,5736714.5633,05558
05558,2016,232428.0,25.0,5059.0,10.0,0.023728639,1.7149857,0.029242745,5.665709,0.16568089,406153.853976,5736714.5633,05558
05558,2017,232428.0,25.0,5059.0,10.0,0.023728639,1.7678245,0.04031849,5.973129,0.24082752,406153.853976,5736714.5633,05558
05558,2018,232428.0,25.0,5059.0,10.0,0.023728639,1.7579459,0.008299356,5.914413,0.049085822,406153.853976,5736714.5633,05558
05558,2019,232428.0,25.0,5059.0,10.0,0.023728639,1.7594604,0.030677103,5.9233775,0.18171206,406153.853976,5736714.5633,05558
05558,2020,232428.0,25.0,5059.0,10.0,0.023728639,1.7883589,0.0080386475,6.0970516,0.04901205,406153.853976,5736714.5633,05558
05558,2021,232428.0,25.0,5059.0,10.0,0.023728639,1.8409638,0.004253484,6.426372,0.02733447,406153.853976,5736714.5633,05558
05558,2022,232428.0,25.0,5059.0,10.0,0.023728639,1.909704,0.0047628544,6.8836584,0.032785863,406153.853976,5736714.5633,05558
05558,2023,232428.0,25.0,5059.0,10.0,0.023728639,2.0024168,0.007912451,7.5523834,0.05975787,406153.853976,5736714.5633,05558
05558,2024,232428.0,25.0,5059.0,10.0,0.023728639,2.0779884,0.018999515,8.145248,0.15475577,406153.853976,5736714.5633,05558
05558,2025,232428.0,25.0,5059.0,10.0,0.023728639,2.117962,0.014007747,8.477437,0.11874979,406153.853976,5736714.5633,05558
05562,2007,208587.0,10.0,208587.0,10.0,0.0,1.5973847,0.047672436,5.018879,0.2392622,383184.689117,5714585.34635,05562
05562,2008,208587.0,10.0,208587.0,10.0,0.0,1.6193421,0.049803812,5.130299,0.25550845,383184.689117,5714585.34635,05562
05562,2009,208587.0,10.0,208587.0,10.0,0.0,1.5874764,0.08161156,4.969396,0.4055602,383184.689117,5714585.34635,05562
05562,2010,208587.0,10.0,208587.0,10.0,0.0,1.5810188,0.11522024,4.937409,0.5688895,383184.689117,5714585.34635,05562
05562,2011,208587.0,10.0,208587.0,10.0,0.0,1.550027,0.15819788,4.7867365,0.75725156,383184.689117,5714585.34635,05562
05562,2012,208587.0,10.0,208587.0,10.0,0.0,1.6024395,0.0911591,5.044313,0.459835,383184.689117,5714585.34635,05562
05562,2013,208587.0,10.0,208587.0,10.0,0.0,1.6488655,0.04631598,5.284021,0.24473462,383184.689117,5714585.34635,05562
05562,2014,208587.0,10.0,208587.0,10.0,0.0,1.6601149,0.04885794,5.3437986,0.261087,383184.689117,5714585.34635,05562
05562,2015,208587.0,10.0,208587.0,10.0,0.0,1.6936238,0.048665676,5.5258975,0.26892155,383184.689117,5714585.34635,05562
05562,2016,208587.0,10.0,208587.0,10.0,0.0,1.7345972,0.03311661,5.7570148,0.1906528,383184.689117,5714585.34635,05562
05562,2017,208587.0,10.0,208587.0,10.0,0.0,1.7632632,0.039010685,5.924434,0.23111625,383184.689117,5714585.34635,05562
05562,2018,208587.0,10.0,208587.0,10.0,0.0,1.7828906,0.03197644,6.041864,0.1931973,383184.689117,5714585.34635,05562
05562,2019,208587.0,10.0,208587.0,10.0,0.0,1.8292259,0.059241317,6.328402,0.37490287,383184.689117,5714585.34635,05562
05562,2020,208587.0,10.0,208587.0,10.0,0.0,1.8616675,0.0389317,6.5370727,0.25449935,383184.689117,5714585.34635,05562
05562,2021,208587.0,10.0,208587.0,10.0,0.0,1.8846794,0.0194233,6.6892476,0.12992726,383184.689117,5714585.34635,05562
05562,2022,208587.0,10.0,208587.0,10.0,0.0,1.9554393,0.017893331,7.179726,0.12846923,383184.689117,5714585.34635,05562
05562,2023,208587.0,10.0,208587.0,10.0,0.0,1.9837464,0.02173646,7.3858676,0.1605426,383184.689117,5714585.34635,05562
05562,2024,208587.0,10.0,208587.0,10.0,0.0,2.035283,0.011571742,7.7764897,0.089987524,383184.689117,5714585.34635,05562
05562,2025,208587.0,10.0,208587.0,10.0,0.0,2.0626748,0.03721825,7.992445,0.29746482,383184.689117,5714585.34635,05562
05566,2007,14103.0,10.0,14103.0,10.0,0.0,1.7389305,0.0041400967,5.7931657,0.023984265,395607.664564,5766436.3171,05566
05566,2008,14103.0,10.0,14103.0,10.0,0.0,1.7244678,0.0005197765,5.709984,0.0029679153,395607.664564,5766436.3171,05566
05566,2009,14103.0,10.0,14103.0,10.0,0.0,1.7438315,0.007880898,5.8216276,0.045879655,395607.664564,5766436.3171,05566
05566,2010,14103.0,10.0,14103.0,10.0,0.0,1.7422014,0.016609713,5.812146,0.096538074,395607.664564,5766436.3171,05566
05566,2011,14103.0,10.0,14103.0,10.0,0.0,1.716479,0.054654907,5.6645494,0.3095954,395607.664564,5766436.3171,05566
05566,2012,14103.0,10.0,14103.0,10.0,0.0,1.7719923,0.032754693,5.9879,0.19613181,395607.664564,5766436.3171,05566
05566,2013,14103.0,10.0,14103.0,10.0,0.0,1.7948035,0.025033977,6.126061,0.15335967,395607.664564,5766436.3171,05566
05566,2014,14103.0,10.0,14103.0,10.0,0.0,1.7912537,0.016069941,6.104353,0.098096594,395607.664564,5766436.3171,05566
05566,2015,14103.0,10.0,14103.0,10.0,0.0,1.8147045,0.02061812,6.2491965,0.12884669,395607.664564,5766436.3171,05566
05566,2016,14103.0,10.0,14103.0,10.0,0.0,1.8467715,0.0059801224,6.4528375,0.03858876,395607.664564,5766436.3171,05566
05566,2017,14103.0,10.0,14103.0,10.0,0.0,1.854939,0.0016888207,6.5057564,0.0109870555,395607.664564,5766436.3171,05566
05566,2018,14103.0,10.0,14103.0,10.0,0.0,1.9060174,0.00021225309,6.8466935,0.0014532318,395607.664564,5766436.3171,05566
05566,2019,14103.0,10.0,14103.0,10.0,0.0,1.946743,0.0037326734,7.131285,0.026618758,395607.664564,5766436.3171,05566
05566,2020,14103.0,10.0,14103.0,10.0,0.0,1.9802543,0.025556454,7.3743124,0.18846127,395607.664564,5766436.3171,05566
05566,2021,14103.0,10.0,14103.0,10.0,0.0,2.0445564,0.0021705455,7.8640738,0.01706933,395607.664564,5766436.3171,05566
05566,2022,14103.0,10.0,14103.0,10.0,0.0,2.100387,0.03158982,8.315618,0.26268888,395607.664564,5766436.3171,05566
05566,2023,14103.0,10.0,14103.0,10.0,0.0,2.3209994,0.0078036813,10.368244,0.080910474,395607.664564,5766436.3171,05566
05566,2024,14103.0,10.0,14103.0,10.0,0.0,2.2786481,0.034693804,9.938305,0.34479758,395607.664564,5766436.3171,05566
05566,2025,14103.0,10.0,14103.0,10.0,0.0,2.3573875,0.013128774,10.752476,0.14116682,395607.664564,5766436.3171,05566
05570,2007,16938.0,10.0,16938.0,10.0,0.0,1.5525705,0.02104492,4.785637,0.10071335,423963.288926,5735824.07107,05570
05570,2008,16938.0,10.0,16938.0,10.0,0.0,1.5309725,0.013387463,4.683385,0.06269865,423963.288926,5735824.07107,05570
05570,2009,16938.0,10.0,16938.0,10.0,0.0,1.5179125,0.017500088,4.6226177,0.08089621,423963.288926,5735824.07107,05570
05570,2010,16938.0,10.0,16938.0,10.0,0.0,1.5894965,0.0058976403,4.9656544,0.029285643,423963.288926,5735824.07107,05570
05570,2011,16938.0,10.0,16938.0,10.0,0.0,1.6215509,0.010429985,5.127404,0.053478748,423963.288926,5735824.07107,05570
05570,2012,16938.0,10.0,16938.0,10.0,0.0,1.5818696,0.025452407,4.927926,0.12542757,423963.288926,5735824.07107,05570
05570,2013,16938.0,10.0,16938.0,10.0,0.0,1.6095442,0.030691762,5.0662093,0.15549089,423963.288926,5735824.07107,05570
05570,2014,16938.0,10.0,16938.0,10.0,0.0,1.6463325,0.025981193,5.2560573,0.13655864,423963.288926,5735824.07107,05570
05570,2015,16938.0,10.0,16938.0,10.0,0.0,1.6712475,0.018755548,5.3886566,0.101067215,423963.288926,5735824.07107,05570
05570,2016,16938.0,10.0,16938.0,10.0,0.0,1.7152362,0.014490428,5.6309876,0.08159542,423963.288926,5735824.07107,05570
05570,2017,16938.0,10.0,16938.0,10.0,0.0,1.7347069,0.014266264,5.741701,0.08191262,423963.288926,5735824.07107,05570
05570,2018,16938.0,10.0,16938.0,10.0,0.0,1.7884126,0.010559396,6.058494,0.06397404,423963.288926,5735824.07107,05570
05570,2019,16938.0,10.0,16938.0,10.0,0.0,1.7984886,0.024478996,6.119848,0.14980772,423963.288926,5735824.07107,05570
05570,2020,16938.0,10.0,16938.0,10.0,0.0,1.8462718,0.020583149,6.4193726,0.1321309,423963.288926,5735824.07107,05570
05570,2021,16938.0,10.0,16938.0,10.0,0.0,1.8648914,0.036630604,6.540019,0.23956487,423963.288926,5735824.07107,05570
05570,2022,16938.0,10.0,16938.0,10.0,0.0,1.943343,0.01207073,7.0737567,0.08538541,423963.288926,5735824.07107,05570
05570,2023,16938.0,10.0,16938.0,10.0,0.0,1.9820569,0.013639512,7.3529787,0.100291036,423963.288926,5735824.07107,05570
05570,2024,16938.0,10.0,16938.0,10.0,0.0,2.088473,0.013148992,8.178605,0.107540414,423963.288926,5735824.07107,05570
05570,2025,16938.0,10.0,16938.0,10.0,0.0,2.1314175,0.014378399,8.537483,0.122755334,423963.288926,5735824.07107,05570
05711,2007,119523.0,10.0,119523.0,10.0,0.0,1.8854442,0.0063330038,6.7208166,0.042562958,468482.682041,5762354.96406,05711
05711,2008,119523.0,10.0,119523.0,10.0,0.0,1.9085971,0.00838918,6.878239,0.057702783,468482.682041,5762354.96406,05711
05711,2009,119523.0,10.0,119523.0,10.0,0.0,1.8886241,0.004928147,6.7422223,0.03322666,468482.682041,5762354.96406,05711
05711,2010,119523.0,10.0,119523.0,10.0,0.0,1.8647162,0.008289036,6.5829415,0.05456624,468482.682041,5762354.96406,05711
05711,2011,119523.0,10.0,119523.0,10.0,0.0,1.850455,0.0008366513,6.489728,0.0054296395,468482.682041,5762354.96406,05711
05711,2012,119523.0,10.0,119523.0,10.0,0.0,1.8735758,0.0016509165,6.6415234,0.010964601,468482.682041,5762354.96406,05711
05711,2013,119523.0,10.0,119523.0,10.0,0.0,1.9533557,0.00487788,7.193093,0.035087045,468482.682041,5762354.96406,05711
05711,2014,119523.0,10.0,119523.0,10.0,0.0,1.945066,0.0045795636,7.133711,0.032669283,468482.682041,5762354.96406,05711
05711,2015,119523.0,10.0,119523.0,10.0,0.0,1.943575,0.012511177,7.1230826,0.089118145,468482.682041,5762354.96406,05711
05711,2016,119523.0,10.0,119523.0,10.0,0.0,2.0050817,0.008919753,7.574953,0.067566715,468482.682041,5762354.96406,05711
05711,2017,119523.0,10.0,119523.0,10.0,0.0,2.0914803,0.00077045587,8.258524,0.006362828,468482.682041,5762354.96406,05711
05711,2018,119523.0,10.0,119523.0,10.0,0.0,2.1070988,0.00025317326,8.388523,0.0021237498,468482.682041,5762354.96406,05711
05711,2019,119523.0,10.0,119523.0,10.0,0.0,2.1437018,0.004631855,8.701256,0.040302955,468482.682041,5762354.96406,05711
05711,2020,119523.0,10.0,119523.0,10.0,0.0,2.1364365,0.0030295008,8.6382675,0.02616964,468482.682041,5762354.96406,05711
05711,2021,119523.0,10.0,119523.0,10.0,0.0,2.1587937,0.0073241075,8.83357,0.06469801,468482.682041,5762354.96406,05711
05711,2022,119523.0,10.0,119523.0,10.0,0.0,2.1931305,0.0054889037,9.142155,0.050180405,468482.682041,5762354.96406,05711
05711,2023,119523.0,10.0,119523.0,10.0,0.0,2.2265604,0.009058819,9.452941,0.08563249,468482.682041,5762354.96406,05711
05711,2024,119523.0,10.0,119523.0,10.0,0.0,2.26933,0.004577448,9.866012,0.045161158,468482.682041,5762354.96406,05711
05711,2025,119523.0,10.0,119523.0,10.0,0.0,2.301281,0.0065270243,10.186328,0.06648641,468482.682041,5762354.96406,05711
05754,2007,10341.0,10.0,10341.0,10.0,0.0,1.8243321,0.005252291,6.30654,0.033123784,451101.646107,5771798.18475,05754
05754,2008,10341.0,10.0,10341.0,10.0,0.0,1.6618842,0.058690634,5.3609395,0.31463695,451101.646107,5771798.18475,05754
05754,2009,10341.0,10.0,10341.0,10.0,0.0,1.6519506,0.11386616,5.3079495,0.6043958,451101.646107,5771798.18475,05754
05754,2010,10341.0,10.0,10341.0,10.0,0.0,1.6413107,0.061044514,5.251773,0.32059193,451101.646107,5771798.18475,05754
05754,2011,10341.0,10.0,10341.0,10.0,0.0,1.5862474,0.0006108452,4.970411,0.0030361516,451101.646107,5771798.18475,05754
05754,2012,10341.0,10.0,10341.0,10.0,0.0,1.6330088,0.031780813,5.2083535,0.1655257,451101.646107,5771798.18475,05754
05754,2013,10341.0,10.0,10341.0,10.0,0.0,1.5947318,0.0061957487,5.0127606,0.031057805,451101.646107,5771798.18475,05754
05754,2014,10341.0,10.0,10341.0,10.0,0.0,1.655036,0.007862057,5.3243523,0.04186036,451101.646107,5771798.18475,05754
05754,2015,10341.0,10.0,10341.0,10.0,0.0,1.6333754,0.011186961,5.2102633,0.05828701,451101.646107,5771798.18475,05754
05754,2016,10341.0,10.0,10341.0,10.0,0.0,1.6640376,0.040071514,5.372496,0.21528405,451101.646107,5771798.18475,05754
05754,2017,10341.0,10.0,10341.0,10.0,0.0,1.6705005,0.004232499,5.4073305,0.02288652,451101.646107,5771798.18475,05754
05754,2018,10341.0,10.0,10341.0,10.0,0.0,1.7832628,0.0713704,6.052781,0.4319894,451101.646107,5771798.18475,05754
05754,2019,10341.0,10.0,10341.0,10.0,0.0,1.803505,0.06487173,6.1765504,0.40068352,451101.646107,5771798.18475,05754
05754,2020,10341.0,10.0,10341.0,10.0,0.0,1.8787245,0.09527576,6.659068,0.63444775,451101.646107,5771798.18475,05754
05754,2021,10341.0,10.0,10341.0,10.0,0.0,1.8935415,0.042889234,6.7584696,0.28986558,451101.646107,5771798.18475,05754
05754,2022,10341.0,10.0,10341.0,10.0,0.0,1.9410208,0.044862162,7.087097,0.3179425,451101.646107,5771798.18475,05754
05754,2023,10341.0,10.0,10341.0,10.0,0.0,2.0352075,0.05415156,7.787053,0.42168108,451101.646107,5771798.18475,05754
05754,2024,10341.0,10.0,10341.0,10.0,0.0,2.0540185,0.088364094,7.9349217,0.70116216,451101.646107,5771798.18475,05754
05754,2025,10341.0,10.0,10341.0,10.0,0.0,2.0984082,0.061708886,8.295086,0.5118805,451101.646107,5771798.18475,05754
05758,2007,18818.0,10.0,18818.0,10.0,0.0,1.6072642,0.035980947,5.0549893,0.1818833,470236.15447,5784128.5552,05758
05758,2008,18818.0,10.0,18818.0,10.0,0.0,1.6165336,0.0070149195,5.102064,0.03579057,470236.15447,5784128.5552,05758
05758,2009,18818.0,10.0,18818.0,10.0,0.0,1.5957443,0.016857905,4.9970903,0.08424048,470236.15447,5784128.5552,05758
05758,2010,18818.0,10.0,18818.0,10.0,0.0,1.594089,0.01749262,4.988826,0.08726764,470236.15447,5784128.5552,05758
05758,2011,18818.0,10.0,18818.0,10.0,0.0,1.6389129,0.015450374,5.217532,0.08061282,470236.15447,5784128.5552,05758
05758,2012,18818.0,10.0,18818.0,10.0,0.0,1.6439185,0.023457656,5.2437143,0.12300524,470236.15447,5784128.5552,05758
05758,2013,18818.0,10.0,18818.0,10.0,0.0,1.6848667,0.010704046,5.462892,0.058475047,470236.15447,5784128.5552,05758
05758,2014,18818.0,10.0,18818.0,10.0,0.0,1.6889987,0.009575444,5.4855113,0.052526206,470236.15447,5784128.5552,05758
05758,2015,18818.0,10.0,18818.0,10.0,0.0,1.7079536,0.016208187,5.5904803,0.09061154,470236.15447,5784128.5552,05758
05758,2016,18818.0,10.0,18818.0,10.0,0.0,1.7325747,0.011260444,5.7298326,0.064520456,470236.15447,5784128.5552,05758
05758,2017,18818.0,10.0,18818.0,10.0,0.0,1.7886896,0.018836323,6.0605536,0.11415855,470236.15447,5784128.5552,05758
05758,2018,18818.0,10.0,18818.0,10.0,0.0,1.815343,0.001208708,6.224261,0.007523314,470236.15447,5784128.5552,05758
05758,2019,18818.0,10.0,18818.0,10.0,0.0,1.8498033,0.0033998094,6.442488,0.021903234,470236.15447,5784128.5552,05758
05758,2020,18818.0,10.0,18818.0,10.0,0.0,1.8896022,0.024400072,6.7040634,0.16357963,470236.15447,5784128.5552,05758
05758,2021,18818.0,10.0,18818.0,10.0,0.0,1.967881,0.02192335,7.2499356,0.15894288,470236.15447,5784128.5552,05758
05758,2022,18818.0,10.0,18818.0,10.0,0.0,1.9956627,0.012609107,7.454175,0.0939905,470236.15447,5784128.5552,05758
05758,2023,18818.0,10.0,18818.0,10.0,0.0,2.0500414,0.002973584,7.8707476,0.023404328,470236.15447,5784128.5552,05758
05758,2024,18818.0,10.0,18818.0,10.0,0.0,2.1493464,0.0016743463,8.692477,0.014554217,470236.15447,5784128.5552,05758
05758,2025,18818.0,10.0,18818.0,10.0,0.0,2.1478186,0.0011095856,8.679206,0.009630322,470236.15447,5784128.5552,05758
05762,2007,56713.0,25.0,3655.0,10.0,0.05357765,1.6200254,0.06161451,5.1455235,0.3170389,502643.137691,5730102.21389,05762
05762,2008,56713.0,25.0,3655.0,10.0,0.05357765,1.4182144,0.0099027725,4.205176,0.041642897,502643.137691,5730102.21389,05762
05762,2009,56713.0,25.0,3655.0,10.0,0.05357765,1.4135209,0.03173663,4.185485,0.1328332,502643.137691,5730102.21389,05762
05762,2010,56713.0,25.0,3655.0,10.0,0.05357765,1.4532914,0.07431015,4.3552985,0.3236429,502643.137691,5730102.21389,05762
05762,2011,56713.0,25.0,3655.0,10.0,0.05357765,1.4412279,0.032446194,4.303074,0.13961837,502643.137691,5730102.21389,05762
05762,2012,56713.0,25.0,3655.0,10.0,0.05357765,1.4431647,0.0113874795,4.3114157,0.04909616,502643.137691,5730102.21389,05762
05762,2013,56713.0,25.0,3655.0,10.0,0.05357765,1.4776722,0.00643142,4.462789,0.02870207,502643.137691,5730102.21389,05762
05762,2014,56713.0,25.0,3655.0,10.0,0.05357765,1.5102099,0.04052745,4.6103864,0.18684721,502643.137691,5730102.21389,05762
05762,2015,56713.0,25.0,3655.0,10.0,0.05357765,1.5016111,0.0121872295,4.5709124,0.055706754,502643.137691,5730102.21389,05762
05762,2016,56713.0,25.0,3655.0,10.0,0.05357765,1.570754,0.021613216,4.898141,0.10586458,502643.137691,5730102.21389,05762
05762,2017,56713.0,25.0,3655.0,10.0,0.05357765,1.5831348,0.018946271,4.959161,0.09395761,502643.137691,5730102.21389,05762
05762,2018,56713.0,25.0,3655.0,10.0,0.05357765,1.6003034,0.021643799,5.0450373,0.10919377,502643.137691,5730102.21389,05762
05762,2019,56713.0,25.0,3655.0,10.0,0.05357765,1.6447096,0.020675957,5.274117,0.10904741,502643.137691,5730102.21389,05762
05762,2020,56713.0,25.0,3655.0,10.0,0.05357765,1.709338,0.070041746,5.6262302,0.39407098,502643.137691,5730102.21389,05762
05762,2021,56713.0,25.0,3655.0,10.0,0.05357765,1.7570523,0.02110512,5.90119,0.12454531,502643.137691,5730102.21389,05762
05762,2022,56713.0,25.0,3655.0,10.0,0.05357765,1.8392936,0.023461075,6.4070263,0.15031573,502643.137691,5730102.21389,05762
05762,2023,56713.0,25.0,3655.0,10.0,0.05357765,1.9065408,0.036244027,6.852698,0.24836937,502643.137691,5730102.21389,05762
05762,2024,56713.0,25.0,3655.0,10.0,0.05357765,1.9698764,0.0001833264,7.3007574,0.0013384216,502643.137691,5730102.21389,05762
05762,2025,56713.0,25.0,3655.0,10.0,0.05357765,2.0274057,0.037510704,7.7330823,0.29007336,502643.137691,5730102.21389,05762
05766,2007,22182.0,10.0,22182.0,10.0,0.0,1.703944,0.12538302,5.581538,0.6998302,483211.238516,5750085.85895,05766
05766,2008,22182.0,10.0,22182.0,10.0,0.0,1.6630843,0.10012318,5.358075,0.5364675,483211.238516,5750085.85895,05766
05766,2009,22182.0,10.0,22182.0,10.0,0.0,1.6216782,0.04717043,5.140749,0.24249133,483211.238516,5750085.85895,05766
05766,2010,22182.0,10.0,22182.0,10.0,0.0,1.6370625,0.040588412,5.220447,0.21188967,483211.238516,5750085.85895,05766
05766,2011,22182.0,10.0,22182.0,10.0,0.0,1.6169169,0.016151581,5.11633,0.082636826,483211.238516,5750085.85895,05766
05766,2012,22182.0,10.0,22182.0,10.0,0.0,1.6245332,0.108123936,5.1554465,0.55742717,483211.238516,5750085.85895,05766
05766,2013,22182.0,10.0,22182.0,10.0,0.0,1.640629,0.10954327,5.239099,0.57390803,483211.238516,5750085.85895,05766
05766,2014,22182.0,10.0,22182.0,10.0,0.0,1.6223401,0.028515805,5.144152,0.14668964,483211.238516,5750085.85895,05766
05766,2015,22182.0,10.0,22182.0,10.0,0.0,1.652661,0.099721834,5.302516,0.5287766,483211.238516,5750085.85895,05766
05766,2016,22182.0,10.0,22182.0,10.0,0.0,1.6257397,0.080976315,5.16167,0.417973,483211.238516,5750085.85895,05766
05766,2017,22182.0,10.0,22182.0,10.0,0.0,1.7146645,0.13417454,5.641698,0.7569722,483211.238516,5750085.85895,05766
05766,2018,22182.0,10.0,22182.0,10.0,0.0,1.7221929,0.08730283,5.6843305,0.4962581,483211.238516,5750085.85895,05766
05766,2019,22182.0,10.0,22182.0,10.0,0.0,1.7555648,0.13365564,5.8772283,0.7855247,483211.238516,5750085.85895,05766
05766,2020,22182.0,10.0,22182.0,10.0,0.0,1.8399388,0.12868103,6.3946342,0.82286817,483211.238516,5750085.85895,05766
05766,2021,22182.0,10.0,22182.0,10.0,0.0,1.8346357,0.11122093,6.3608136,0.70745564,483211.238516,5750085.85895,05766
05766,2022,22182.0,10.0,22182.0,10.0,0.0,2.0147693,0.06449476,7.616293,0.49121097,483211.238516,5750085.85895,05766
05766,2023,22182.0,10.0,22182.0,10.0,0.0,2.1040432,0.000568033,8.327504,0.0047302973,483211.238516,5750085.85895,05766
05766,2024,22182.0,10.0,22182.0,10.0,0.0,2.0933242,0.03277048,8.238718,0.26998675,483211.238516,5750085.85895,05766
05766,2025,22182.0,10.0,22182.0,10.0,0.0,2.0821335,0.080084145,8.147035,0.6524483,483211.238516,5750085.85895,05766
05770,2007,36482.0,10.0,36482.0,10.0,0.0,1.6864175,0.020979231,5.4893675,0.11516271,486284.965987,5785894.76557,05770
05770,2008,36482.0,10.0,36482.0,10.0,0.0,1.6964005,0.012230794,5.544443,0.06781294,486284.965987,5785894.76557,05770
05770,2009,36482.0,10.0,36482.0,10.0,0.0,1.634831,0.019659478,5.213371,0.10249215,486284.965987,5785894.76557,05770
05770,2010,36482.0,10.0,36482.0,10.0,0.0,1.6748137,0.019624365,5.4260387,0.106482565,486284.965987,5785894.76557,05770
05770,2011,36482.0,10.0,36482.0,10.0,0.0,1.6971596,0.023696076,5.548653,0.1314813,486284.965987,5785894.76557,05770
05770,2012,36482.0,10.0,36482.0,10.0,0.0,1.7478696,0.0038833374,5.8372817,0.022668134,486284.965987,5785894.76557,05770
05770,2013,36482.0,10.0,36482.0,10.0,0.0,1.7715373,0.01088578,5.977085,0.06506523,486284.965987,5785894.76557,05770
05770,2014,36482.0,10.0,36482.0,10.0,0.0,1.7283709,0.015835825,5.7245646,0.09065321,486284.965987,5785894.76557,05770
05770,2015,36482.0,10.0,36482.0,10.0,0.0,1.7229707,0.022273296,5.6937346,0.12681824,486284.965987,5785894.76557,05770
05770,2016,36482.0,10.0,36482.0,10.0,0.0,1.8875167,0.024930526,6.7121034,0.16733626,486284.965987,5785894.76557,05770
05770,2017,36482.0,10.0,36482.0,10.0,0.0,1.8661087,0.009593409,6.5699377,0.0630281,486284.965987,5785894.76557,05770
05770,2018,36482.0,10.0,36482.0,10.0,0.0,1.8775839,0.003921372,6.645763,0.026060509,486284.965987,5785894.76557,05770
05770,2019,36482.0,10.0,36482.0,10.0,0.0,1.8853503,0.0033119728,6.697578,0.022182196,486284.965987,5785894.76557,05770
05770,2020,36482.0,10.0,36482.0,10.0,0.0,1.9332715,0.022995768,7.026348,0.16157627,486284.965987,5785894.76557,05770
05770,2021,36482.0,10.0,36482.0,10.0,0.0,1.9237099,0.017699832,6.9594855,0.123181716,486284.965987,5785894.76557,05770
05770,2022,36482.0,10.0,36482.0,10.0,0.0,1.9703858,0.0055619897,7.292026,0.040558174,486284.965987,5785894.76557,05770
05770,2023,36482.0,10.0,36482.0,10.0,0.0,2.0298336,0.026016515,7.7386656,0.20133312,486284.965987,5785894.76557,05770
05770,2024,36482.0,10.0,36482.0,10.0,0.0,2.111432,0.0026690357,8.396607,0.022410845,486284.965987,5785894.76557,05770
05770,2025,36482.0,10.0,36482.0,10.0,0.0,2.163827,0.01112634,8.848276,0.09844893,486284.965987,5785894.76557,05770
05774,2007,71454.0,25.0,8868.0,10.0,0.10991398,1.7026389,0.108697504,5.587475,0.60734457,495681.946598,5731958.78957,05774
05774,2008,71454.0,25.0,8868.0,10.0,0.10991398,1.6134018,0.0087991515,5.1104646,0.044967752,495681.946598,5731958.78957,05774
05774,2009,71454.0,25.0,8868.0,10.0,0.10991398,1.5697697,0.02680356,4.892279,0.1311305,495681.946598,5731958.78957,05774
05774,2010,71454.0,25.0,8868.0,10.0,0.10991398,1.626894,0.03166591,5.179883,0.16402572,495681.946598,5731958.78957,05774
05774,2011,71454.0,25.0,8868.0,10.0,0.10991398,1.6409256,0.007022365,5.2530785,0.03688903,495681.946598,5731958.78957,05774
05774,2012,71454.0,25.0,8868.0,10.0,0.10991398,1.6544442,0.01856167,5.324574,0.098832995,495681.946598,5731958.78957,05774
05774,2013,71454.0,25.0,8868.0,10.0,0.10991398,1.70693,0.046435982,5.6115026,0.26057565,495681.946598,5731958.78957,05774
05774,2014,71454.0,25.0,8868.0,10.0,0.10991398,1.7363456,0.036393058,5.7790203,0.21031623,495681.946598,5731958.78957,05774
05774,2015,71454.0,25.0,8868.0,10.0,0.10991398,1.746602,0.019393483,5.8385973,0.11323074,495681.946598,5731958.78957,05774
05774,2016,71454.0,25.0,8868.0,10.0,0.10991398,1.8263757,0.04361376,6.323446,0.27578926,495681.946598,5731958.78957,05774
05774,2017,71454.0,25.0,8868.0,10.0,0.10991398,1.8375982,0.06927646,6.3948107,0.44300985,495681.946598,5731958.78957,05774
05774,2018,71454.0,25.0,8868.0,10.0,0.10991398,1.8711724,0.09151074,6.613156,0.6051748,495681.946598,5731958.78957,05774
05774,2019,71454.0,25.0,8868.0,10.0,0.10991398,1.9076706,0.09105559,6.8589826,0.6245487,495681.946598,5731958.78957,05774
05774,2020,71454.0,25.0,8868.0,10.0,0.10991398,1.9578917,0.04633596,7.212245,0.33418632,495681.946598,5731958.78957,05774
05774,2021,71454.0,25.0,8868.0,10.0,0.10991398,1.9889294,0.040033083,7.4396067,0.2978304,495681.946598,5731958.78957,05774
05774,2022,71454.0,25.0,8868.0,10.0,0.10991398,2.0416815,0.046395965,7.842597,0.36386487,495681.946598,5731958.78957,05774
05774,2023,71454.0,25.0,8868.0,10.0,0.10991398,2.090224,0.00044975907,8.232687,0.0037027257,495681.946598,5731958.78957,05774
05774,2024,71454.0,25.0,8868.0,10.0,0.10991398,2.1182332,0.010925882,8.466538,0.0925044,495681.946598,5731958.78957,05774
05774,2025,71454.0,25.0,8868.0,10.0,0.10991398,2.2038739,0.02556714,9.223574,0.2358204,495681.946598,5731958.78957,05774
05911,2007,341725.0,10.0,341725.0,10.0,0.0,1.7803808,0.018449243,6.0203643,0.111071154,376712.802069,5703575.52671,05911
05911,2008,341725.0,10.0,341725.0,10.0,0.0,1.7695795,0.024101935,5.9556866,0.14354357,376712.802069,5703575.52671,05911
05911,2009,341725.0,10.0,341725.0,10.0,0.0,1.7492738,0.013122287,5.835971,0.076581284,376712.802069,5703575.52671,05911
05911,2010,341725.0,10.0,341725.0,10.0,0.0,1.7332718,0.009967452,5.743327,0.05724634,376712.802069,5703575.52671,05911
05911,2011,341725.0,10.0,341725.0,10.0,0.0,1.7692168,0.004184603,5.9535265,0.024913145,376712.802069,5703575.52671,05911
05911,2012,341725.0,10.0,341725.0,10.0,0.0,1.803138,0.012470967,6.1589413,0.07680795,376712.802069,5703575.52671,05911
05911,2013,341725.0,10.0,341725.0,10.0,0.0,1.8217068,0.011672299,6.2743735,0.07323636,376712.802069,5703575.52671,05911
05911,2014,341725.0,10.0,341725.0,10.0,0.0,1.8347955,0.020030305,6.3570366,0.12733339,376712.802069,5703575.52671,05911
05911,2015,341725.0,10.0,341725.0,10.0,0.0,1.8483369,0.0019337359,6.443706,0.0124604255,376712.802069,5703575.52671,05911
05911,2016,341725.0,10.0,341725.0,10.0,0.0,1.9260316,0.021828573,6.9643097,0.15202093,376712.802069,5703575.52671,05911
05911,2017,341725.0,10.0,341725.0,10.0,0.0,1.947058,0.035486065,7.112294,0.25238734,376712.802069,5703575.52671,05911
05911,2018,341725.0,10.0,341725.0,10.0,0.0,2.0070007,0.02008524,7.5516605,0.15167692,376712.802069,5703575.52671,05911
05911,2019,341725.0,10.0,341725.0,10.0,0.0,2.0597532,0.028957,7.960725,0.23051871,376712.802069,5703575.52671,05911
05911,2020,341725.0,10.0,341725.0,10.0,0.0,2.1011908,0.023302715,8.297529,0.19335496,376712.802069,5703575.52671,05911
05911,2021,341725.0,10.0,341725.0,10.0,0.0,2.1072714,0.01689138,8.348137,0.14101155,376712.802069,5703575.52671,05911
05911,2022,341725.0,10.0,341725.0,10.0,0.0,2.1332932,0.025355147,8.568221,0.21724851,376712.802069,5703575.52671,05911
05911,2023,341725.0,10.0,341725.0,10.0,0.0,2.168107,0.019932622,8.871767,0.17683758,376712.802069,5703575.52671,05911
05911,2024,341725.0,10.0,341725.0,10.0,0.0,2.2201018,0.027818201,9.345256,0.25996822,376712.802069,5703575.52671,05911
05911,2025,341725.0,10.0,341725.0,10.0,0.0,2.2788863,0.029037643,9.911078,0.28779435,376712.802069,5703575.52671,05911
05913,2007,288149.0,10.0,288149.0,10.0,0.0,1.6849418,0.007823177,5.4982324,0.04301364,394177.597348,5708317.95659,05913
05913,2008,288149.0,10.0,288149.0,10.0,0.0,1.6805285,0.0075402926,5.474021,0.04127572,394177.597348,5708317.95659,05913
05913,2009,288149.0,10.0,288149.0,10.0,0.0,1.7018499,0.013158826,5.591988,0.073584,394177.597348,5708317.95659,05913
05913,2010,288149.0,10.0,288149.0,10.0,0.0,1.6957216,0.02183886,5.557823,0.121376514,394177.597348,5708317.95659,05913
05913,2011,288149.0,10.0,288149.0,10.0,0.0,1.7239709,0.037384268,5.7170663,0.21372834,394177.597348,5708317.95659,05913
05913,2012,288149.0,10.0,288149.0,10.0,0.0,1.7551289,0.023127899,5.8980026,0.1364084,394177.597348,5708317.95659,05913
05913,2013,288149.0,10.0,288149.0,10.0,0.0,1.8094261,0.0078102355,6.2271013,0.048635125,394177.597348,5708317.95659,05913
05913,2014,288149.0,10.0,288149.0,10.0,0.0,1.8642315,0.0027307314,6.5779057,0.017962493,394177.597348,5708317.95659,05913
05913,2015,288149.0,10.0,288149.0,10.0,0.0,1.8844754,0.0033157482,6.7124248,0.02225671,394177.597348,5708317.95659,05913
05913,2016,288149.0,10.0,288149.0,10.0,0.0,1.9629842,0.00048355907,7.2606483,0.0035109522,394177.597348,5708317.95659,05913
05913,2017,288149.0,10.0,288149.0,10.0,0.0,2.030665,0.0074653476,7.7690644,0.05799877,394177.597348,5708317.95659,05913
05913,2018,288149.0,10.0,288149.0,10.0,0.0,2.0629694,0.006048985,8.024138,0.048537888,394177.597348,5708317.95659,05913
05913,2019,288149.0,10.0,288149.0,10.0,0.0,2.0972793,0.008872219,8.304223,0.073676884,394177.597348,5708317.95659,05913
05913,2020,288149.0,10.0,288149.0,10.0,0.0,2.1419737,0.0032783982,8.683795,0.028468937,394177.597348,5708317.95659,05913
05913,2021,288149.0,10.0,288149.0,10.0,0.0,2.1471956,0.010335685,8.7292595,0.09022287,394177.597348,5708317.95659,05913
05913,2022,288149.0,10.0,288149.0,10.0,0.0,2.1866536,0.011014191,9.080584,0.10001529,394177.597348,5708317.95659,05913
05913,2023,288149.0,10.0,288149.0,10.0,0.0,2.2025743,0.013811531,9.226311,0.12742947,394177.597348,5708317.95659,05913
05913,2024,288149.0,10.0,288149.0,10.0,0.0,2.2473328,0.008793484,9.648648,0.08484524,394177.597348,5708317.95659,05913
05913,2025,288149.0,10.0,288149.0,10.0,0.0,2.2570615,0.008709569,9.742972,0.0848571,394177.597348,5708317.95659,05913
05914,2007,98025.0,10.0,98025.0,10.0,0.0,1.5370525,0.035599716,4.7216353,0.16808888,395367.468551,5689599.6688,05914
05914,2008,98025.0,10.0,98025.0,10.0,0.0,1.5511252,0.026831623,4.7885513,0.12848459,395367.468551,5689599.6688,05914
05914,2009,98025.0,10.0,98025.0,10.0,0.0,1.5546649,0.020123761,4.805531,0.09670536,395367.468551,5689599.6688,05914
05914,2010,98025.0,10.0,98025.0,10.0,0.0,1.566,0.018475262,4.8603125,0.08979555,395367.468551,5689599.6688,05914
05914,2011,98025.0,10.0,98025.0,10.0,0.0,1.577118,0.01916035,4.9146514,0.09416644,395367.468551,5689599.6688,05914
05914,2012,98025.0,10.0,98025.0,10.0,0.0,1.5799701,0.016729157,4.928688,0.082452804,395367.468551,5689599.6688,05914
05914,2013,98025.0,10.0,98025.0,10.0,0.0,1.6005791,0.019630423,5.031317,0.09876688,395367.468551,5689599.6688,05914
05914,2014,98025.0,10.0,98025.0,10.0,0.0,1.5979493,0.022484042,5.018103,0.112827234,395367.468551,5689599.6688,05914
05914,2015,98025.0,10.0,98025.0,10.0,0.0,1.6112993,0.016218975,5.0855436,0.08248231,395367.468551,5689599.6688,05914
05914,2016,98025.0,10.0,98025.0,10.0,0.0,1.6771121,0.026836684,5.431497,0.14576337,395367.468551,5689599.6688,05914
05914,2017,98025.0,10.0,98025.0,10.0,0.0,1.6879047,0.025787175,5.490434,0.14158279,395367.468551,5689599.6688,05914
05914,2018,98025.0,10.0,98025.0,10.0,0.0,1.7063407,0.027960557,5.592595,0.15637209,395367.468551,5689599.6688,05914
05914,2019,98025.0,10.0,98025.0,10.0,0.0,1.7177365,0.028717829,5.656692,0.16244791,395367.468551,5689599.6688,05914
05914,2020,98025.0,10.0,98025.0,10.0,0.0,1.751188,0.0325115,5.8491173,0.19016357,395367.468551,5689599.6688,05914
05914,2021,98025.0,10.0,98025.0,10.0,0.0,1.7630094,0.026072022,5.918672,0.15431175,395367.468551,5689599.6688,05914
05914,2022,98025.0,10.0,98025.0,10.0,0.0,1.810454,0.040406942,6.2062488,0.25077555,395367.468551,5689599.6688,05914
05914,2023,98025.0,10.0,98025.0,10.0,0.0,1.8660772,0.044777643,6.5612416,0.29379696,395367.468551,5689599.6688,05914
05914,2024,98025.0,10.0,98025.0,10.0,0.0,1.9200207,0.052091964,6.9248986,0.36073157,395367.468551,5689599.6688,05914
05914,2025,98025.0,10.0,98025.0,10.0,0.0,1.96389,0.05862081,7.2354507,0.424148,395367.468551,5689599.6688,05914
05915,2007,33405.0,10.0,33405.0,10.0,0.0,1.59267,0.014102803,4.9816256,0.070254885,418637.857014,5724458.21556,05915
05915,2008,33405.0,10.0,33405.0,10.0,0.0,1.6338345,0.016666755,5.1909714,0.08651665,418637.857014,5724458.21556,05915
05915,2009,33405.0,10.0,33405.0,10.0,0.0,1.6450931,0.015901301,5.2497444,0.083477765,418637.857014,5724458.21556,05915
05915,2010,33405.0,10.0,33405.0,10.0,0.0,1.6560599,0.015615866,5.307635,0.08288331,418637.857014,5724458.21556,05915
05915,2011,33405.0,10.0,33405.0,10.0,0.0,1.6641836,0.0006841253,5.350928,0.0036607052,418637.857014,5724458.21556,05915
05915,2012,33405.0,10.0,33405.0,10.0,0.0,1.6883966,0.0119686285,5.482071,0.065612875,418637.857014,5724458.21556,05915
05915,2013,33405.0,10.0,33405.0,10.0,0.0,1.7452028,0.007838824,5.8025017,0.04548479,418637.857014,5724458.21556,05915
05915,2014,33405.0,10.0,33405.0,10.0,0.0,1.7377723,0.00104702,5.7595463,0.00603036,418637.857014,5724458.21556,05915
05915,2015,33405.0,10.0,33405.0,10.0,0.0,1.7500509,0.012559628,5.8307014,0.07323144,418637.857014,5724458.21556,05915
05915,2016,33405.0,10.0,33405.0,10.0,0.0,1.8259532,0.0039182953,6.290494,0.024648013,418637.857014,5724458.21556,05915
05915,2017,33405.0,10.0,33405.0,10.0,0.0,1.8520566,0.023877978,6.456859,0.15417674,418637.857014,5724458.21556,05915
05915,2018,33405.0,10.0,33405.0,10.0,0.0,1.8677257,0.0048820307,6.5588293,0.032020405,418637.857014,5724458.21556,05915
05915,2019,33405.0,10.0,33405.0,10.0,0.0,1.935106,0.007839578,7.0159936,0.055002436,418637.857014,5724458.21556,05915
05915,2020,33405.0,10.0,33405.0,10.0,0.0,1.9408394,0.003027905,7.056335,0.021365913,418637.857014,5724458.21556,05915
05915,2021,33405.0,10.0,33405.0,10.0,0.0,1.9667773,0.0029587317,7.241756,0.021426413,418637.857014,5724458.21556,05915
05915,2022,33405.0,10.0,33405.0,10.0,0.0,2.014186,0.012276616,7.593346,0.0932206,418637.857014,5724458.21556,05915
05915,2023,33405.0,10.0,33405.0,10.0,0.0,2.0479996,0.003724061,7.854495,0.029250618,418637.857014,5724458.21556,05915
05915,2024,33405.0,10.0,33405.0,10.0,0.0,2.119005,0.0051258374,8.432485,0.043223545,418637.857014,5724458.21556,05915
05915,2025,33405.0,10.0,33405.0,10.0,0.0,2.1295917,0.008657708,8.52223,0.07378298,418637.857014,5724458.21556,05915
05916,2007,345535.0,10.0,345535.0,10.0,0.0,1.5947285,0.020683378,5.002657,0.103471845,375756.160624,5711124.02315,05916
05916,2008,345535.0,10.0,345535.0,10.0,0.0,1.5854626,0.0013893218,4.956517,0.006886197,375756.160624,5711124.02315,05916
05916,2009,345535.0,10.0,345535.0,10.0,0.0,1.5759912,0.009201705,4.9097934,0.045178477,375756.160624,5711124.02315,05916
05916,2010,345535.0,10.0,345535.0,10.0,0.0,1.5909634,0.011753618,4.983857,0.058578353,375756.160624,5711124.02315,05916
05916,2011,345535.0,10.0,345535.0,10.0,0.0,1.615832,0.008082745,5.1093526,0.04129759,375756.160624,5711124.02315,05916
05916,2012,345535.0,10.0,345535.0,10.0,0.0,1.60658,0.01525143,5.062299,0.0772073,375756.160624,5711124.02315,05916
05916,2013,345535.0,10.0,345535.0,10.0,0.0,1.6482913,0.011990371,5.27792,0.06328422,375756.160624,5711124.02315,05916
05916,2014,345535.0,10.0,345535.0,10.0,0.0,1.66646,0.020747505,5.3746896,0.111511394,375756.160624,5711124.02315,05916
05916,2015,345535.0,10.0,345535.0,10.0,0.0,1.6948717,0.006929328,5.529583,0.038316295,375756.160624,5711124.02315,05916
05916,2016,345535.0,10.0,345535.0,10.0,0.0,1.7279197,0.007792419,5.715378,0.044536617,375756.160624,5711124.02315,05916
05916,2017,345535.0,10.0,345535.0,10.0,0.0,1.7559435,0.009995992,5.87781,0.05875455,375756.160624,5711124.02315,05916
05916,2018,345535.0,10.0,345535.0,10.0,0.0,1.7923496,0.030563917,6.0957413,0.18630973,375756.160624,5711124.02315,05916
05916,2019,345535.0,10.0,345535.0,10.0,0.0,1.8303205,0.031030864,6.331652,0.19647664,375756.160624,5711124.02315,05916
05916,2020,345535.0,10.0,345535.0,10.0,0.0,1.8713048,0.01953872,6.5965414,0.12888797,375756.160624,5711124.02315,05916
05916,2021,345535.0,10.0,345535.0,10.0,0.0,1.8894118,0.019773657,6.7170734,0.1328211,375756.160624,5711124.02315,05916
05916,2022,345535.0,10.0,345535.0,10.0,0.0,1.925491,0.036986697,6.963845,0.2575696,375756.160624,5711124.02315,05916
05916,2023,345535.0,10.0,345535.0,10.0,0.0,1.9641125,0.019789722,7.2380605,0.1432392,375756.160624,5711124.02315,05916
05916,2024,345535.0,10.0,345535.0,10.0,0.0,2.0095184,0.019082932,7.5742855,0.14453956,375756.160624,5711124.02315,05916
05916,2025,345535.0,10.0,345535.0,10.0,0.0,2.0343788,0.029664831,7.7649465,0.23034582,375756.160624,5711124.02315,05916
05954,2007,40041.0,10.0,40041.0,10.0,0.0,1.7957774,0.054433357,6.1000695,0.33204728,392072.189835,5680633.55899,05954
05954,2008,40041.0,10.0,40041.0,10.0,0.0,1.7615749,0.022190396,5.8949594,0.13081148,392072.189835,5680633.55899,05954
05954,2009,40041.0,10.0,40041.0,10.0,0.0,1.7606283,0.009309891,5.889382,0.054829504,392072.189835,5680633.55899,05954
05954,2010,40041.0,10.0,40041.0,10.0,0.0,1.7123792,0.03815878,5.6119704,0.21414596,392072.189835,5680633.55899,05954
05954,2011,40041.0,10.0,40041.0,10.0,0.0,1.7150525,0.0584236,5.626993,0.3287492,392072.189835,5680633.55899,05954
05954,2012,40041.0,10.0,40041.0,10.0,0.0,1.7472408,0.05222787,5.8110633,0.30349943,392072.189835,5680633.55899,05954
05954,2013,40041.0,10.0,40041.0,10.0,0.0,1.7041379,0.014950464,5.565911,0.08321294,392072.189835,5680633.55899,05954
05954,2014,40041.0,10.0,40041.0,10.0,0.0,1.6948581,0.017374711,5.514499,0.09581283,392072.189835,5680633.55899,05954
05954,2015,40041.0,10.0,40041.0,10.0,0.0,1.7064081,0.010317911,5.5785613,0.057559103,392072.189835,5680633.55899,05954
05954,2016,40041.0,10.0,40041.0,10.0,0.0,1.7319244,0.020592064,5.722737,0.117842965,392072.189835,5680633.55899,05954
05954,2017,40041.0,10.0,40041.0,10.0,0.0,1.7455684,0.0037240318,5.8013525,0.021604422,392072.189835,5680633.55899,05954
05954,2018,40041.0,10.0,40041.0,10.0,0.0,1.7363534,0.028789043,5.748139,0.16548342,392072.189835,5680633.55899,05954
05954,2019,40041.0,10.0,40041.0,10.0,0.0,1.7789633,0.0156130055,5.99836,0.09365243,392072.189835,5680633.55899,05954
05954,2020,40041.0,10.0,40041.0,10.0,0.0,1.7813426,0.026738975,6.012649,0.16077207,392072.189835,5680633.55899,05954
05954,2021,40041.0,10.0,40041.0,10.0,0.0,1.8862305,0.040509485,6.6775637,0.27050465,392072.189835,5680633.55899,05954
05954,2022,40041.0,10.0,40041.0,10.0,0.0,1.8676643,0.08172812,6.554731,0.53570586,392072.189835,5680633.55899,05954
05954,2023,40041.0,10.0,40041.0,10.0,0.0,2.027154,0.034944743,7.688124,0.2686595,392072.189835,5680633.55899,05954
05954,2024,40041.0,10.0,40041.0,10.0,0.0,2.0345705,0.009299653,7.7453537,0.0720291,392072.189835,5680633.55899,05954
05954,2025,40041.0,10.0,40041.0,10.0,0.0,2.0589333,0.025920967,7.9363704,0.2057184,392072.189835,5680633.55899,05954
05958,2007,11293.0,10.0,11293.0,10.0,0.0,1.561966,0.023873014,4.839964,0.11554452,432008.619741,5696794.42538,05958
05958,2008,11293.0,10.0,11293.0,10.0,0.0,1.4994582,0.054428708,4.54669,0.24747045,432008.619741,5696794.42538,05958
05958,2009,11293.0,10.0,11293.0,10.0,0.0,1.4693068,0.016806114,4.411647,0.07414265,432008.619741,5696794.42538,05958
05958,2010,11293.0,10.0,11293.0,10.0,0.0,1.5105553,0.0074579124,4.597426,0.0342872,432008.619741,5696794.42538,05958
05958,2011,11293.0,10.0,11293.0,10.0,0.0,1.5595253,0.02107031,4.828165,0.10173094,432008.619741,5696794.42538,05958
05958,2012,11293.0,10.0,11293.0,10.0,0.0,1.5536562,0.0015603077,4.799912,0.007489339,432008.619741,5696794.42538,05958
05958,2013,11293.0,10.0,11293.0,10.0,0.0,1.4711174,0.015069679,4.419642,0.06660258,432008.619741,5696794.42538,05958
05958,2014,11293.0,10.0,11293.0,10.0,0.0,1.4923905,0.050211728,4.514669,0.22668932,432008.619741,5696794.42538,05958
05958,2015,11293.0,10.0,11293.0,10.0,0.0,1.5334507,0.003060198,4.7039003,0.014394866,432008.619741,5696794.42538,05958
05958,2016,11293.0,10.0,11293.0,10.0,0.0,1.6244775,0.03575401,5.1521745,0.1842109,432008.619741,5696794.42538,05958
05958,2017,11293.0,10.0,11293.0,10.0,0.0,1.6571354,0.045127068,5.323211,0.2402209,432008.619741,5696794.42538,05958
05958,2018,11293.0,10.0,11293.0,10.0,0.0,1.6817745,0.012224976,5.4559994,0.06669946,432008.619741,5696794.42538,05958
05958,2019,11293.0,10.0,11293.0,10.0,0.0,1.6653285,0.08655002,5.3670034,0.4645143,432008.619741,5696794.42538,05958
05958,2020,11293.0,10.0,11293.0,10.0,0.0,1.6955228,0.0019109204,5.531528,0.01057031,432008.619741,5696794.42538,05958
05958,2021,11293.0,10.0,11293.0,10.0,0.0,1.7884209,0.047739513,6.070022,0.2897799,432008.619741,5696794.42538,05958
05958,2022,11293.0,10.0,11293.0,10.0,0.0,1.8039848,0.01991958,6.1652336,0.122808866,432008.619741,5696794.42538,05958
05958,2023,11293.0,10.0,11293.0,10.0,0.0,1.8780857,0.028239094,6.639436,0.18749164,432008.619741,5696794.42538,05958
05958,2024,11293.0,10.0,11293.0,10.0,0.0,1.8585408,0.06590929,6.510928,0.42913067,432008.619741,5696794.42538,05958
05958,2025,11293.0,10.0,11293.0,10.0,0.0,1.9408387,0.014593383,7.0694313,0.103166915,432008.619741,5696794.42538,05958
05962,2007,37106.0,10.0,37106.0,10.0,0.0,1.4773797,0.06277234,4.445053,0.2790264,408522.573442,5682298.4644,05962
05962,2008,37106.0,10.0,37106.0,10.0,0.0,1.4548024,0.010069661,4.3458204,0.043760937,408522.573442,5682298.4644,05962
05962,2009,37106.0,10.0,37106.0,10.0,0.0,1.3959494,0.0069894735,4.0974364,0.028638922,408522.573442,5682298.4644,05962
05962,2010,37106.0,10.0,37106.0,10.0,0.0,1.408411,0.016293779,4.1488166,0.06759991,408522.573442,5682298.4644,05962
05962,2011,37106.0,10.0,37106.0,10.0,0.0,1.3265258,0.1411521,3.8226273,0.5395719,408522.573442,5682298.4644,05962
05962,2012,37106.0,10.0,37106.0,10.0,0.0,1.302629,0.10495789,3.7323616,0.3917408,408522.573442,5682298.4644,05962
05962,2013,37106.0,10.0,37106.0,10.0,0.0,1.3484219,0.098482944,3.9072511,0.38479757,408522.573442,5682298.4644,05962
05962,2014,37106.0,10.0,37106.0,10.0,0.0,1.4155084,0.025371004,4.178367,0.10600937,408522.573442,5682298.4644,05962
05962,2015,37106.0,10.0,37106.0,10.0,0.0,1.4669684,0.049039338,4.399015,0.21572478,408522.573442,5682298.4644,05962
05962,2016,37106.0,10.0,37106.0,10.0,0.0,1.4569122,0.021659903,4.3549986,0.09432884,408522.573442,5682298.4644,05962
05962,2017,37106.0,10.0,37106.0,10.0,0.0,1.466221,0.037618127,4.3957276,0.16535905,408522.573442,5682298.4644,05962
05962,2018,37106.0,10.0,37106.0,10.0,0.0,1.5532004,0.005525713,4.7951856,0.026496818,408522.573442,5682298.4644,05962
05962,2019,37106.0,10.0,37106.0,10.0,0.0,1.5798477,0.0042777685,4.924682,0.021066653,408522.573442,5682298.4644,05962
05962,2020,37106.0,10.0,37106.0,10.0,0.0,1.6244836,0.0063882745,5.1494803,0.03289629,408522.573442,5682298.4644,05962
05962,2021,37106.0,10.0,37106.0,10.0,0.0,1.6326264,0.03076541,5.1915827,0.15972118,408522.573442,5682298.4644,05962
05962,2022,37106.0,10.0,37106.0,10.0,0.0,1.6732848,0.034976237,5.4070134,0.18911698,408522.573442,5682298.4644,05962
05962,2023,37106.0,10.0,37106.0,10.0,0.0,1.7055088,0.015117506,5.584087,0.08441747,408522.573442,5682298.4644,05962
05962,2024,37106.0,10.0,37106.0,10.0,0.0,1.6739876,0.024124632,5.4108152,0.13053393,408522.573442,5682298.4644,05962
05962,2025,37106.0,10.0,37106.0,10.0,0.0,1.675034,0.035017826,5.41648,0.18967336,408522.573442,5682298.4644,05962
05966,2007,64334.0,25.0,3915.0,10.0,-0.14162043,1.703518,0.0068463394,5.5919957,0.0382847,422858.950807,5663858.67025,05966
05966,2008,64334.0,25.0,3915.0,10.0,-0.14162043,1.6542528,0.018888945,5.3231807,0.100549266,422858.950807,5663858.67025,05966
05966,2009,64334.0,25.0,3915.0,10.0,-0.14162043,1.665974,0.013480292,5.385942,0.072604075,422858.950807,5663858.67025,05966
05966,2010,64334.0,25.0,3915.0,10.0,-0.14162043,1.6392988,0.012515551,5.24417,0.065633684,422858.950807,5663858.67025,05966
05966,2011,64334.0,25.0,3915.0,10.0,-0.14162043,1.6059668,0.080467895,5.0722523,0.40815347,422858.950807,5663858.67025,05966
05966,2012,64334.0,25.0,3915.0,10.0,-0.14162043,1.6225424,0.064769566,5.157029,0.33401853,422858.950807,5663858.67025,05966
05966,2013,64334.0,25.0,3915.0,10.0,-0.14162043,1.6490339,0.06100577,5.295472,0.32305437,422858.950807,5663858.67025,05966
05966,2014,64334.0,25.0,3915.0,10.0,-0.14162043,1.7422382,0.014974577,5.812765,0.0870437,422858.950807,5663858.67025,05966
05966,2015,64334.0,25.0,3915.0,10.0,-0.14162043,1.7380016,0.03470731,5.788191,0.20089255,422858.950807,5663858.67025,05966
05966,2016,64334.0,25.0,3915.0,10.0,-0.14162043,1.778421,0.033350915,6.0269394,0.20100394,422858.950807,5663858.67025,05966
05966,2017,64334.0,25.0,3915.0,10.0,-0.14162043,1.859229,0.020160168,6.534182,0.13173021,422858.950807,5663858.67025,05966
05966,2018,64334.0,25.0,3915.0,10.0,-0.14162043,1.8820084,0.05744381,6.6847353,0.38399667,422858.950807,5663858.67025,05966
05966,2019,64334.0,25.0,3915.0,10.0,-0.14162043,1.8873872,0.04432286,6.720788,0.29788452,422858.950807,5663858.67025,05966
05966,2020,64334.0,25.0,3915.0,10.0,-0.14162043,1.9572912,0.014142614,7.2074084,0.101931594,422858.950807,5663858.67025,05966
05966,2021,64334.0,25.0,3915.0,10.0,-0.14162043,2.0080655,0.00306632,7.58281,0.023251321,422858.950807,5663858.67025,05966
05966,2022,64334.0,25.0,3915.0,10.0,-0.14162043,2.0115967,0.008511537,7.6096334,0.06476968,422858.950807,5663858.67025,05966
05966,2023,64334.0,25.0,3915.0,10.0,-0.14162043,2.1181498,3.709183e-05,8.465237,0.00031399113,422858.950807,5663858.67025,05966
05966,2024,64334.0,25.0,3915.0,10.0,-0.14162043,2.111551,0.027569467,8.409561,0.2318471,422858.950807,5663858.67025,05966
05966,2025,64334.0,25.0,3915.0,10.0,-0.14162043,2.2109778,0.035548296,9.288676,0.33019662,422858.950807,5663858.67025,05966
05970,2007,135787.0,50.0,2805.0,15.0,0.1746107,1.6094346,0.007864009,5.1287723,0.04033271,458248.799716,5656110.85476,05970
05970,2008,135787.0,50.0,2805.0,15.0,0.1746107,1.5500419,0.030842181,4.83303,0.1490612,458248.799716,5656110.85476,05970
05970,2009,135787.0,50.0,2805.0,15.0,0.1746107,1.5748311,0.0038397438,4.9543347,0.019023376,458248.799716,5656110.85476,05970
05970,2010,135787.0,50.0,2805.0,15.0,0.1746107,1.5810403,0.030143294,4.9851923,0.15027012,458248.799716,5656110.85476,05970
05970,2011,135787.0,50.0,2805.0,15.0,0.1746107,1.6595379,0.0142048495,5.392287,0.076596625,458248.799716,5656110.85476,05970
05970,2012,135787.0,50.0,2805.0,15.0,0.1746107,1.7080865,0.0035022297,5.6605344,0.01982449,458248.799716,5656110.85476,05970
05970,2013,135787.0,50.0,2805.0,15.0,0.1746107,1.6231102,0.016997922,5.199393,0.088378884,458248.799716,5656110.85476,05970
05970,2014,135787.0,50.0,2805.0,15.0,0.1746107,1.6487148,0.014062452,5.3342404,0.075012505,458248.799716,5656110.85476,05970
05970,2015,135787.0,50.0,2805.0,15.0,0.1746107,1.6747006,0.01353455,5.4746723,0.07409722,458248.799716,5656110.85476,05970
05970,2016,135787.0,50.0,2805.0,15.0,0.1746107,1.7278496,0.042583868,5.7735167,0.24585868,458248.799716,5656110.85476,05970
05970,2017,135787.0,50.0,2805.0,15.0,0.1746107,1.7017213,0.017856965,5.624618,0.10043861,458248.799716,5656110.85476,05970
05970,2018,135787.0,50.0,2805.0,15.0,0.1746107,1.7905263,0.025334122,6.146962,0.1557279,458248.799716,5656110.85476,05970
05970,2019,135787.0,50.0,2805.0,15.0,0.1746107,1.7834086,0.029074596,6.103366,0.17745289,458248.799716,5656110.85476,05970
05970,2020,135787.0,50.0,2805.0,15.0,0.1746107,1.7733665,0.029874234,6.042382,0.18051152,458248.799716,5656110.85476,05970
05970,2021,135787.0,50.0,2805.0,15.0,0.1746107,1.8910029,0.01136473,6.7966824,0.077242464,458248.799716,5656110.85476,05970
05970,2022,135787.0,50.0,2805.0,15.0,0.1746107,1.9304451,0.007221708,7.070115,0.051058307,458248.799716,5656110.85476,05970
05970,2023,135787.0,50.0,2805.0,15.0,0.1746107,1.9232934,0.021298124,7.0197325,0.14950714,458248.799716,5656110.85476,05970
05970,2024,135787.0,50.0,2805.0,15.0,0.1746107,1.9206359,0.025878726,7.001103,0.18117961,458248.799716,5656110.85476,05970
05970,2025,135787.0,50.0,2805.0,15.0,0.1746107,1.9828383,0.04798837,7.4504166,0.35753334,458248.799716,5656110.85476,05970
05974,2007,41925.0,25.0,3010.0,10.0,0.12567705,1.511734,0.077433735,4.6041527,0.35651672,452096.753432,5711114.96976,05974
05974,2008,41925.0,25.0,3010.0,10.0,0.12567705,1.5273296,0.029032173,4.6765194,0.13576952,452096.753432,5711114.96976,05974
05974,2009,41925.0,25.0,3010.0,10.0,0.12567705,1.5392141,0.00029967746,4.732429,0.0014182023,452096.753432,5711114.96976,05974
05974,2010,41925.0,25.0,3010.0,10.0,0.12567705,1.5416546,0.01364829,4.743993,0.06474739,452096.753432,5711114.96976,05974
05974,2011,41925.0,25.0,3010.0,10.0,0.12567705,1.5418814,0.017925741,4.745069,0.085058875,452096.753432,5711114.96976,05974
05974,2012,41925.0,25.0,3010.0,10.0,0.12567705,1.6223779,0.0112831695,5.142824,0.058027357,452096.753432,5711114.96976,05974
05974,2013,41925.0,25.0,3010.0,10.0,0.12567705,1.656342,0.023551604,5.320496,0.12530622,452096.753432,5711114.96976,05974
05974,2014,41925.0,25.0,3010.0,10.0,0.12567705,1.6770456,0.023088502,5.4317975,0.12541206,452096.753432,5711114.96976,05974
05974,2015,41925.0,25.0,3010.0,10.0,0.12567705,1.675907,0.014844972,5.4256163,0.08054312,452096.753432,5711114.96976,05974
05974,2016,41925.0,25.0,3010.0,10.0,0.12567705,1.728497,0.013334438,5.718586,0.07625413,452096.753432,5711114.96976,05974
05974,2017,41925.0,25.0,3010.0,10.0,0.12567705,1.7492619,0.021062845,5.8385725,0.12297695,452096.753432,5711114.96976,05974
05974,2018,41925.0,25.0,3010.0,10.0,0.12567705,1.7485658,0.0010975378,5.8345103,0.0064035957,452096.753432,5711114.96976,05974
05974,2019,41925.0,25.0,3010.0,10.0,0.12567705,1.8100681,0.007231893,6.204611,0.04487108,452096.753432,5711114.96976,05974
05974,2020,41925.0,25.0,3010.0,10.0,0.12567705,1.8633405,0.014829197,6.5441074,0.09704386,452096.753432,5711114.96976,05974
05974,2021,41925.0,25.0,3010.0,10.0,0.12567705,1.892787,0.003598506,6.7396736,0.024252757,452096.753432,5711114.96976,05974
05974,2022,41925.0,25.0,3010.0,10.0,0.12567705,1.947064,0.008084345,7.1155934,0.057524916,452096.753432,5711114.96976,05974
05974,2023,41925.0,25.0,3010.0,10.0,0.12567705,1.8933029,0.03676032,6.743152,0.24788043,452096.753432,5711114.96976,05974
05974,2024,41925.0,25.0,3010.0,10.0,0.12567705,2.0421982,0.04725345,7.825775,0.36979488,452096.753432,5711114.96976,05974
05974,2025,41925.0,25.0,3010.0,10.0,0.12567705,2.0677183,0.07062512,8.028059,0.56698257,452096.753432,5711114.96976,05974
05978,2007,80098.0,10.0,80098.0,10.0,0.0,1.6567475,0.06309303,5.3115,0.33511865,405136.931834,5719990.53731,05978
05978,2008,80098.0,10.0,80098.0,10.0,0.0,1.6201673,0.035755035,5.1207156,0.18309136,405136.931834,5719990.53731,05978
05978,2009,80098.0,10.0,80098.0,10.0,0.0,1.5920324,0.01086584,4.9786525,0.054097243,405136.931834,5719990.53731,05978
05978,2010,80098.0,10.0,80098.0,10.0,0.0,1.5893449,0.010387513,4.9652905,0.051577017,405136.931834,5719990.53731,05978
05978,2011,80098.0,10.0,80098.0,10.0,0.0,1.5910282,0.0077585354,4.9736557,0.03858828,405136.931834,5719990.53731,05978
05978,2012,80098.0,10.0,80098.0,10.0,0.0,1.5774591,0.017261479,4.9066234,0.08469558,405136.931834,5719990.53731,05978
05978,2013,80098.0,10.0,80098.0,10.0,0.0,1.5763472,0.024698827,4.901171,0.121053174,405136.931834,5719990.53731,05978
05978,2014,80098.0,10.0,80098.0,10.0,0.0,1.5885378,0.017835505,4.9612846,0.08848702,405136.931834,5719990.53731,05978
05978,2015,80098.0,10.0,80098.0,10.0,0.0,1.601656,0.024938017,5.0267963,0.12535833,405136.931834,5719990.53731,05978
05978,2016,80098.0,10.0,80098.0,10.0,0.0,1.6571714,0.01576338,5.3137527,0.083762705,405136.931834,5719990.53731,05978
05978,2017,80098.0,10.0,80098.0,10.0,0.0,1.7285043,0.021522008,5.7066445,0.12281845,405136.931834,5719990.53731,05978
05978,2018,80098.0,10.0,80098.0,10.0,0.0,1.7258132,0.026852742,5.691308,0.15282722,405136.931834,5719990.53731,05978
05978,2019,80098.0,10.0,80098.0,10.0,0.0,1.7488499,0.014482497,5.8239384,0.08434517,405136.931834,5719990.53731,05978
05978,2020,80098.0,10.0,80098.0,10.0,0.0,1.8216823,0.004824407,6.2639394,0.030219793,405136.931834,5719990.53731,05978
05978,2021,80098.0,10.0,80098.0,10.0,0.0,1.828507,0.0110375,6.3068337,0.069611676,405136.931834,5719990.53731,05978
05978,2022,80098.0,10.0,80098.0,10.0,0.0,1.9333583,0.009398789,7.0040264,0.06582937,405136.931834,5719990.53731,05978
05978,2023,80098.0,10.0,80098.0,10.0,0.0,1.9696337,0.005405942,7.2627645,0.039262082,405136.931834,5719990.53731,05978
05978,2024,80098.0,10.0,80098.0,10.0,0.0,1.9926401,0.008081451,7.4317923,0.060059667,405136.931834,5719990.53731,05978
05978,2025,80098.0,10.0,80098.0,10.0,0.0,2.0204377,0.0054281056,7.641277,0.041477658,405136.931834,5719990.53731,05978
06411,2007,111504.0,10.0,111504.0,10.0,0.0,2.156136,0.0068861386,8.791756,0.06054125,475918.837672,5525508.64622,06411
06411,2008,111504.0,10.0,111504.0,10.0,0.0,2.1852205,0.0052576275,9.051214,0.047587913,475918.837672,5525508.64622,06411
06411,2009,111504.0,10.0,111504.0,10.0,0.0,2.1720612,0.005323147,8.932886,0.04755107,475918.837672,5525508.64622,06411
06411,2010,111504.0,10.0,111504.0,10.0,0.0,2.1934736,0.007852255,9.126224,0.07166144,475918.837672,5525508.64622,06411
06411,2011,111504.0,10.0,111504.0,10.0,0.0,2.1927264,0.0024219484,9.119408,0.022086734,475918.837672,5525508.64622,06411
06411,2012,111504.0,10.0,111504.0,10.0,0.0,2.2203314,0.0033064862,9.374656,0.030997168,475918.837672,5525508.64622,06411
06411,2013,111504.0,10.0,111504.0,10.0,0.0,2.193096,0.0037265206,9.122777,0.033996213,475918.837672,5525508.64622,06411
06411,2014,111504.0,10.0,111504.0,10.0,0.0,2.23852,0.007507289,9.546726,0.07167003,475918.837672,5525508.64622,06411
06411,2015,111504.0,10.0,111504.0,10.0,0.0,2.168655,0.010576675,8.90251,0.09415895,475918.837672,5525508.64622,06411
06411,2016,111504.0,10.0,111504.0,10.0,0.0,2.230797,0.010053487,9.473281,0.095239505,475918.837672,5525508.64622,06411
06411,2017,111504.0,10.0,111504.0,10.0,0.0,2.3861527,0.0006408506,11.065489,0.007091325,475918.837672,5525508.64622,06411
06411,2018,111504.0,10.0,111504.0,10.0,0.0,2.435687,0.0038869057,11.627413,0.045194656,475918.837672,5525508.64622,06411
06411,2019,111504.0,10.0,111504.0,10.0,0.0,2.5011535,0.006121172,12.414087,0.07598876,475918.837672,5525508.64622,06411
06411,2020,111504.0,10.0,111504.0,10.0,0.0,2.5146363,0.0013725345,12.582596,0.017270047,475918.837672,5525508.64622,06411
06411,2021,111504.0,10.0,111504.0,10.0,0.0,2.5163558,0.0032382505,12.604253,0.040815726,475918.837672,5525508.64622,06411
06411,2022,111504.0,10.0,111504.0,10.0,0.0,2.5333612,0.008643532,12.820423,0.110813744,475918.837672,5525508.64622,06411
06411,2023,111504.0,10.0,111504.0,10.0,0.0,2.5769978,0.0043074447,13.39225,0.057686377,475918.837672,5525508.64622,06411
06411,2024,111504.0,10.0,111504.0,10.0,0.0,2.5946438,0.0038741652,13.630669,0.052807465,475918.837672,5525508.64622,06411
06411,2025,111504.0,10.0,111504.0,10.0,0.0,2.6653767,0.00031091855,14.629721,0.0045486516,475918.837672,5525508.64622,06411
06412,2007,694957.0,10.0,694957.0,10.0,0.0,2.4795108,0.004889632,12.307424,0.060178775,474558.791196,5551803.8675,06412
06412,2008,694957.0,10.0,694957.0,10.0,0.0,2.5268679,0.008837922,12.904286,0.11404707,474558.791196,5551803.8675,06412
06412,2009,694957.0,10.0,694957.0,10.0,0.0,2.4996266,0.0070648636,12.557504,0.08871705,474558.791196,5551803.8675,06412
06412,2010,694957.0,10.0,694957.0,10.0,0.0,2.514877,0.0040197102,12.75048,0.051253233,474558.791196,5551803.8675,06412
06412,2011,694957.0,10.0,694957.0,10.0,0.0,2.5078843,0.008967778,12.661629,0.11354667,474558.791196,5551803.8675,06412
06412,2012,694957.0,10.0,694957.0,10.0,0.0,2.533542,0.016025443,12.990698,0.2081817,474558.791196,5551803.8675,06412
06412,2013,694957.0,10.0,694957.0,10.0,0.0,2.5588272,0.009045804,13.3233595,0.1205205,474558.791196,5551803.8675,06412
06412,2014,694957.0,10.0,694957.0,10.0,0.0,2.610429,0.019328162,14.028916,0.27115318,474558.791196,5551803.8675,06412
06412,2015,694957.0,10.0,694957.0,10.0,0.0,2.638668,0.035619687,14.430726,0.51401794,474558.791196,5551803.8675,06412
06412,2016,694957.0,10.0,694957.0,10.0,0.0,2.5859222,0.0289166,13.689294,0.39584783,474558.791196,5551803.8675,06412
06412,2017,694957.0,10.0,694957.0,10.0,0.0,2.7197583,0.014354904,15.6496725,0.22464955,474558.791196,5551803.8675,06412
06412,2018,694957.0,10.0,694957.0,10.0,0.0,2.8225267,0.009631215,17.343512,0.1670391,474558.791196,5551803.8675,06412
06412,2019,694957.0,10.0,694957.0,10.0,0.0,2.8660898,0.014094755,18.115747,0.25533703,474558.791196,5551803.8675,06412
06412,2020,694957.0,10.0,694957.0,10.0,0.0,2.9259667,0.007147474,19.233595,0.13747162,474558.791196,5551803.8675,06412
06412,2021,694957.0,10.0,694957.0,10.0,0.0,2.8885415,0.0014976979,18.527075,0.02774796,474558.791196,5551803.8675,06412
06412,2022,694957.0,10.0,694957.0,10.0,0.0,2.9312785,0.0016758332,19.336031,0.032403965,474558.791196,5551803.8675,06412
06412,2023,694957.0,10.0,694957.0,10.0,0.0,3.063963,0.026557086,22.07961,0.5863701,474558.791196,5551803.8675,06412
06412,2024,694957.0,10.0,694957.0,10.0,0.0,3.0481706,0.011126604,21.733664,0.24182187,474558.791196,5551803.8675,06412
06412,2025,694957.0,10.0,694957.0,10.0,0.0,3.003615,0.0037462232,20.786562,0.0778711,474558.791196,5551803.8675,06412
06413,2007,536154.0,10.0,536154.0,10.0,0.0,1.9231504,0.06067451,7.064367,0.42862698,484329.990309,5548780.74912,06413
06413,2008,536154.0,10.0,536154.0,10.0,0.0,1.9290175,0.070283085,7.1059356,0.49942708,484329.990309,5548780.74912,06413
06413,2009,536154.0,10.0,536154.0,10.0,0.0,1.939686,0.062036112,7.182151,0.4455527,484329.990309,5548780.74912,06413
06413,2010,536154.0,10.0,536154.0,10.0,0.0,1.9445157,0.07055046,7.2169228,0.50915724,484329.990309,5548780.74912,06413
06413,2011,536154.0,10.0,536154.0,10.0,0.0,1.9986467,0.08990045,7.618349,0.684893,484329.990309,5548780.74912,06413
06413,2012,536154.0,10.0,536154.0,10.0,0.0,2.034428,0.09285278,7.895878,0.7331542,484329.990309,5548780.74912,06413
06413,2013,536154.0,10.0,536154.0,10.0,0.0,2.041155,0.03657357,7.9491735,0.29072967,484329.990309,5548780.74912,06413
06413,2014,536154.0,10.0,536154.0,10.0,0.0,2.092096,0.098410964,8.364603,0.82316864,484329.990309,5548780.74912,06413
06413,2015,536154.0,10.0,536154.0,10.0,0.0,2.1101334,0.16271813,8.516848,1.3858455,484329.990309,5548780.74912,06413
06413,2016,536154.0,10.0,536154.0,10.0,0.0,2.123465,0.09307167,8.631151,0.8033157,484329.990309,5548780.74912,06413
06413,2017,536154.0,10.0,536154.0,10.0,0.0,2.2364252,0.09903548,9.663327,0.95701224,484329.990309,5548780.74912,06413
06413,2018,536154.0,10.0,536154.0,10.0,0.0,2.270869,0.09325174,10.001968,0.932701,484329.990309,5548780.74912,06413
06413,2019,536154.0,10.0,536154.0,10.0,0.0,2.3323572,0.09790236,10.636272,1.0413162,484329.990309,5548780.74912,06413
06413,2020,536154.0,10.0,536154.0,10.0,0.0,2.3652806,0.08890006,10.992284,0.97721463,484329.990309,5548780.74912,06413
06413,2021,536154.0,10.0,536154.0,10.0,0.0,2.3968446,0.08068803,11.344777,0.9153877,484329.990309,5548780.74912,06413
06413,2022,536154.0,10.0,536154.0,10.0,0.0,2.4009964,0.07436697,11.391977,0.84718686,484329.990309,5548780.74912,06413
06413,2023,536154.0,10.0,536154.0,10.0,0.0,2.3601887,0.032759503,10.936456,0.35827282,484329.990309,5548780.74912,06413
06413,2024,536154.0,10.0,536154.0,10.0,0.0,2.4751623,0.025057051,12.268991,0.30742475,484329.990309,5548780.74912,06413
06413,2025,536154.0,10.0,536154.0,10.0,0.0,2.5630877,0.057663005,13.396597,0.772488,484329.990309,5548780.74912,06413
06414,2007,288190.0,10.0,288190.0,10.0,0.0,2.1653702,0.009243403,8.905155,0.08231393,447082.405569,5547697.46433,06414
06414,2008,288190.0,10.0,288190.0,10.0,0.0,2.1690576,0.00789615,8.938052,0.0705762,447082.405569,5547697.46433,06414
06414,2009,288190.0,10.0,288190.0,10.0,0.0,2.1573782,0.007258444,8.834268,0.064123034,447082.405569,5547697.46433,06414
06414,2010,288190.0,10.0,288190.0,10.0,0.0,2.1549191,0.009406757,8.81257,0.0828977,447082.405569,5547697.46433,06414
06414,2011,288190.0,10.0,288190.0,10.0,0.0,2.1869988,0.0050824536,9.099858,0.046249606,447082.405569,5547697.46433,06414
06414,2012,288190.0,10.0,288190.0,10.0,0.0,2.2049181,0.001819952,9.264391,0.016860746,447082.405569,5547697.46433,06414
06414,2013,288190.0,10.0,288190.0,10.0,0.0,2.254095,0.005414051,9.731375,0.05268616,447082.405569,5547697.46433,06414
06414,2014,288190.0,10.0,288190.0,10.0,0.0,2.2955523,0.0027880443,10.143289,0.028279936,447082.405569,5547697.46433,06414
06414,2015,288190.0,10.0,288190.0,10.0,0.0,2.2824955,0.0014198008,10.011712,0.014214636,447082.405569,5547697.46433,06414
06414,2016,288190.0,10.0,288190.0,10.0,0.0,2.2967281,0.004050203,10.155224,0.04113072,447082.405569,5547697.46433,06414
06414,2017,288190.0,10.0,288190.0,10.0,0.0,2.3868358,0.003040301,11.112782,0.0337862,447082.405569,5547697.46433,06414
06414,2018,288190.0,10.0,288190.0,10.0,0.0,2.3902571,0.0020512007,11.150865,0.022872662,447082.405569,5547697.46433,06414
06414,2019,288190.0,10.0,288190.0,10.0,0.0,2.4401531,0.00024003597,11.721365,0.0028135492,447082.405569,5547697.46433,06414
06414,2020,288190.0,10.0,288190.0,10.0,0.0,2.4730628,0.003415462,12.113528,0.041373298,447082.405569,5547697.46433,06414
06414,2021,288190.0,10.0,288190.0,10.0,0.0,2.4771523,0.0022411176,12.16317,0.027259095,447082.405569,5547697.46433,06414
06414,2022,288190.0,10.0,288190.0,10.0,0.0,2.480294,0.0008437556,12.201443,0.010295035,447082.405569,5547697.46433,06414
06414,2023,288190.0,10.0,288190.0,10.0,0.0,2.5216124,0.0027376036,12.716145,0.03481176,447082.405569,5547697.46433,06414
06414,2024,288190.0,10.0,288190.0,10.0,0.0,2.558594,0.0029435405,13.195213,0.038840644,447082.405569,5547697.46433,06414
06414,2025,288190.0,10.0,288190.0,10.0,0.0,2.640686,0.0053569246,14.324138,0.07673333,447082.405569,5547697.46433,06414
06431,2007,30929.0,10.0,30929.0,10.0,0.0,1.641093,0.010146443,5.2437534,0.05320544,484600.385476,5487462.08749,06431
06431,2008,30929.0,10.0,30929.0,10.0,0.0,1.6473664,0.014568236,5.2767525,0.076872975,484600.385476,5487462.08749,06431
06431,2009,30929.0,10.0,30929.0,10.0,0.0,1.6108236,0.045950282,5.087406,0.23376776,484600.385476,5487462.08749,06431
06431,2010,30929.0,10.0,30929.0,10.0,0.0,1.5534452,0.0062691565,4.8037157,0.030115247,484600.385476,5487462.08749,06431
06431,2011,30929.0,10.0,30929.0,10.0,0.0,1.7320158,0.15167883,5.7428775,0.871073,484600.385476,5487462.08749,06431
06431,2012,30929.0,10.0,30929.0,10.0,0.0,1.6558598,0.042919043,5.321761,0.2284049,484600.385476,5487462.08749,06431
06431,2013,30929.0,10.0,30929.0,10.0,0.0,1.5841222,0.030567028,4.9533625,0.15140958,484600.385476,5487462.08749,06431
06431,2014,30929.0,10.0,30929.0,10.0,0.0,1.6405559,0.0052322396,5.240937,0.02742184,484600.385476,5487462.08749,06431
06431,2015,30929.0,10.0,30929.0,10.0,0.0,1.7177565,0.01270639,5.6615686,0.0719381,484600.385476,5487462.08749,06431
06431,2016,30929.0,10.0,30929.0,10.0,0.0,1.7281804,0.017621953,5.720893,0.10081331,484600.385476,5487462.08749,06431
06431,2017,30929.0,10.0,30929.0,10.0,0.0,1.7501372,0.021231102,5.8478947,0.12415724,484600.385476,5487462.08749,06431
06431,2018,30929.0,10.0,30929.0,10.0,0.0,1.7675864,0.0031619165,5.950831,0.01881603,484600.385476,5487462.08749,06431
06431,2019,30929.0,10.0,30929.0,10.0,0.0,1.9379762,0.007475687,7.0562987,0.052750684,484600.385476,5487462.08749,06431
06431,2020,30929.0,10.0,30929.0,10.0,0.0,1.9261252,0.019546418,6.973168,0.13630044,484600.385476,5487462.08749,06431
06431,2021,30929.0,10.0,30929.0,10.0,0.0,1.9994966,0.052579675,7.504036,0.39455977,484600.385476,5487462.08749,06431
06431,2022,30929.0,10.0,30929.0,10.0,0.0,2.0749683,0.049393497,8.0922985,0.39970693,484600.385476,5487462.08749,06431
06431,2023,30929.0,10.0,30929.0,10.0,0.0,2.1459324,0.0314922,8.687427,0.27358618,484600.385476,5487462.08749,06431
06431,2024,30929.0,10.0,30929.0,10.0,0.0,2.1382065,0.020650554,8.620569,0.17801954,484600.385476,5487462.08749,06431
06431,2025,30929.0,10.0,30929.0,10.0,0.0,2.2768629,0.029316891,9.9026985,0.2903163,484600.385476,5487462.08749,06431
06432,2007,49880.0,10.0,49880.0,10.0,0.0,2.0463605,0.0017368267,7.851789,0.013637197,470547.957091,5509971.95424,06432
06432,2008,49880.0,10.0,49880.0,10.0,0.0,2.059065,0.011629458,7.952179,0.09247953,470547.957091,5509971.95424,06432
06432,2009,49880.0,10.0,49880.0,10.0,0.0,1.9700117,0.008840522,7.2746267,0.0643115,470547.957091,5509971.95424,06432
06432,2010,49880.0,10.0,49880.0,10.0,0.0,1.9632168,0.024502816,7.225364,0.17704175,470547.957091,5509971.95424,06432
06432,2011,49880.0,10.0,49880.0,10.0,0.0,2.0196738,0.0003872559,7.6450205,0.0029605792,470547.957091,5509971.95424,06432
06432,2012,49880.0,10.0,49880.0,10.0,0.0,2.072525,0.013194957,8.0599375,0.106350526,470547.957091,5509971.95424,06432
06432,2013,49880.0,10.0,49880.0,10.0,0.0,2.0476687,0.00022032687,7.8620667,0.0017322245,470547.957091,5509971.95424,06432
06432,2014,49880.0,10.0,49880.0,10.0,0.0,2.0417957,0.010567334,7.816028,0.08259457,470547.957091,5509971.95424,06432
06432,2015,49880.0,10.0,49880.0,10.0,0.0,2.088179,0.011590433,8.187102,0.09489206,470547.957091,5509971.95424,06432
06432,2016,49880.0,10.0,49880.0,10.0,0.0,2.1326127,0.008812499,8.559087,0.07542694,470547.957091,5509971.95424,06432
06432,2017,49880.0,10.0,49880.0,10.0,0.0,2.187811,0.022588585,9.044815,0.20430957,470547.957091,5509971.95424,06432
06432,2018,49880.0,10.0,49880.0,10.0,0.0,2.2083592,0.0011583688,9.2325945,0.01069475,470547.957091,5509971.95424,06432
06432,2019,49880.0,10.0,49880.0,10.0,0.0,2.225752,0.021796543,9.394581,0.20476939,470547.957091,5509971.95424,06432
06432,2020,49880.0,10.0,49880.0,10.0,0.0,2.2928488,0.0052015116,10.046554,0.052257266,470547.957091,5509971.95424,06432
06432,2021,49880.0,10.0,49880.0,10.0,0.0,2.3060026,0.020208595,10.179577,0.20571494,470547.957091,5509971.95424,06432
06432,2022,49880.0,10.0,49880.0,10.0,0.0,2.3939269,0.02912145,11.115134,0.32368883,470547.957091,5509971.95424,06432
06432,2023,49880.0,10.0,49880.0,10.0,0.0,2.4050078,0.019322967,11.238986,0.21717057,470547.957091,5509971.95424,06432
06432,2024,49880.0,10.0,49880.0,10.0,0.0,2.4357138,0.024245003,11.589442,0.28098607,470547.957091,5509971.95424,06432
06432,2025,49880.0,10.0,49880.0,10.0,0.0,2.486988,0.004127757,12.199182,0.050355256,470547.957091,5509971.95424,06432
06433,2007,14936.0,10.0,14936.0,10.0,0.0,1.8333519,0.011141635,6.330425,0.07053128,460793.321226,5514684.41768,06433
06433,2008,14936.0,10.0,14936.0,10.0,0.0,1.8308852,0.025682082,6.3148284,0.16217795,460793.321226,5514684.41768,06433
06433,2009,14936.0,10.0,14936.0,10.0,0.0,1.8450813,0.02392877,6.4051147,0.15326652,460793.321226,5514684.41768,06433
06433,2010,14936.0,10.0,14936.0,10.0,0.0,1.8520576,0.008045226,6.449954,0.051891346,460793.321226,5514684.41768,06433
06433,2011,14936.0,10.0,14936.0,10.0,0.0,1.8552629,0.037905317,6.470661,0.24527246,460793.321226,5514684.41768,06433
06433,2012,14936.0,10.0,14936.0,10.0,0.0,1.8927227,0.039230093,6.7176485,0.26353398,460793.321226,5514684.41768,06433
06433,2013,14936.0,10.0,14936.0,10.0,0.0,1.9012796,0.027947512,6.775377,0.18935493,460793.321226,5514684.41768,06433
06433,2014,14936.0,10.0,14936.0,10.0,0.0,1.89304,0.033714216,6.7197804,0.22655213,460793.321226,5514684.41768,06433
06433,2015,14936.0,10.0,14936.0,10.0,0.0,1.9734805,0.025857592,7.282658,0.18831201,460793.321226,5514684.41768,06433
06433,2016,14936.0,10.0,14936.0,10.0,0.0,1.9866085,0.03169703,7.3788958,0.23388909,460793.321226,5514684.41768,06433
06433,2017,14936.0,10.0,14936.0,10.0,0.0,2.041276,0.026037987,7.79351,0.20292732,460793.321226,5514684.41768,06433
06433,2018,14936.0,10.0,14936.0,10.0,0.0,2.0889153,0.014681369,8.173775,0.1200022,460793.321226,5514684.41768,06433
06433,2019,14936.0,10.0,14936.0,10.0,0.0,2.089918,0.05301158,8.181974,0.4337394,460793.321226,5514684.41768,06433
06433,2020,14936.0,10.0,14936.0,10.0,0.0,2.1284466,0.0632965,8.5033655,0.5382333,460793.321226,5514684.41768,06433
06433,2021,14936.0,10.0,14936.0,10.0,0.0,2.1813626,0.03455246,8.965447,0.30977827,460793.321226,5514684.41768,06433
06433,2022,14936.0,10.0,14936.0,10.0,0.0,2.248741,0.014006893,9.59034,0.13433085,460793.321226,5514684.41768,06433
06433,2023,14936.0,10.0,14936.0,10.0,0.0,2.337641,0.0036690077,10.481967,0.038458418,460793.321226,5514684.41768,06433
06433,2024,14936.0,10.0,14936.0,10.0,0.0,2.3371587,0.0039054058,10.476913,0.040916596,460793.321226,5514684.41768,06433
06433,2025,14936.0,10.0,14936.0,10.0,0.0,2.4050176,0.02832298,11.2125435,0.31757265,460793.321226,5514684.41768,06433
06434,2007,158224.0,10.0,158224.0,10.0,0.0,2.2439463,0.0101889055,9.59232,0.09773525,471442.559748,5564927.89432,06434
06434,2008,158224.0,10.0,158224.0,10.0,0.0,2.2579591,0.015318808,9.727681,0.14901648,471442.559748,5564927.89432,06434
06434,2009,158224.0,10.0,158224.0,10.0,0.0,2.2318735,0.004174303,9.477209,0.039560743,471442.559748,5564927.89432,06434
06434,2010,158224.0,10.0,158224.0,10.0,0.0,2.2323525,0.012752241,9.48175,0.12091356,471442.559748,5564927.89432,06434
06434,2011,158224.0,10.0,158224.0,10.0,0.0,2.2508388,0.008425349,9.658662,0.081377596,471442.559748,5564927.89432,06434
06434,2012,158224.0,10.0,158224.0,10.0,0.0,2.2746916,0.01594055,9.891818,0.15768102,471442.559748,5564927.89432,06434
06434,2013,158224.0,10.0,158224.0,10.0,0.0,2.2966223,0.011844804,10.11115,0.11976458,471442.559748,5564927.89432,06434
06434,2014,158224.0,10.0,158224.0,10.0,0.0,2.2890627,0.012761222,10.035002,0.1280589,471442.559748,5564927.89432,06434
06434,2015,158224.0,10.0,158224.0,10.0,0.0,2.3546126,0.004560519,10.714832,0.048865195,471442.559748,5564927.89432,06434
06434,2016,158224.0,10.0,158224.0,10.0,0.0,2.3187675,0.0065011187,10.337561,0.06720571,471442.559748,5564927.89432,06434
06434,2017,158224.0,10.0,158224.0,10.0,0.0,2.4080713,0.004019473,11.303222,0.045432996,471442.559748,5564927.89432,06434
06434,2018,158224.0,10.0,158224.0,10.0,0.0,2.4518104,0.004693074,11.808584,0.05541856,471442.559748,5564927.89432,06434
06434,2019,158224.0,10.0,158224.0,10.0,0.0,2.4716442,0.011942721,12.045132,0.14385165,471442.559748,5564927.89432,06434
06434,2020,158224.0,10.0,158224.0,10.0,0.0,2.5137424,0.0048127444,12.563036,0.060462683,471442.559748,5564927.89432,06434
06434,2021,158224.0,10.0,158224.0,10.0,0.0,2.5123513,0.0029640303,12.54557,0.03718545,471442.559748,5564927.89432,06434
06434,2022,158224.0,10.0,158224.0,10.0,0.0,2.533568,0.0032282316,12.814589,0.041368462,471442.559748,5564927.89432,06434
06434,2023,158224.0,10.0,158224.0,10.0,0.0,2.5936244,0.013382997,13.607767,0.18211271,471442.559748,5564927.89432,06434
06434,2024,158224.0,10.0,158224.0,10.0,0.0,2.6399732,0.0136119155,14.253318,0.19401495,471442.559748,5564927.89432,06434
06434,2025,158224.0,10.0,158224.0,10.0,0.0,2.735477,0.015986735,15.681683,0.2506989,471442.559748,5564927.89432,06434
06435,2007,41092.0,25.0,8935.0,10.0,0.033491958,1.7521523,0.024948116,5.8440614,0.14579833,526420.320531,5562429.50849,06435
06435,2008,41092.0,25.0,8935.0,10.0,0.033491958,1.7296389,0.0075989156,5.7139626,0.04341992,526420.320531,5562429.50849,06435
06435,2009,41092.0,25.0,8935.0,10.0,0.033491958,1.7277285,0.0047000973,5.7030563,0.02680492,526420.320531,5562429.50849,06435
06435,2010,41092.0,25.0,8935.0,10.0,0.033491958,1.7500656,0.009129959,5.831879,0.053244818,526420.320531,5562429.50849,06435
06435,2011,41092.0,25.0,8935.0,10.0,0.033491958,1.7571845,0.0004366473,5.8735447,0.0025646675,526420.320531,5562429.50849,06435
06435,2012,41092.0,25.0,8935.0,10.0,0.033491958,1.7729121,0.005649892,5.9666514,0.033710938,526420.320531,5562429.50849,06435
06435,2013,41092.0,25.0,8935.0,10.0,0.033491958,1.7869635,0.0029088506,6.0510826,0.017601695,526420.320531,5562429.50849,06435
06435,2014,41092.0,25.0,8935.0,10.0,0.033491958,1.8309556,0.0069033885,6.323225,0.043651678,526420.320531,5562429.50849,06435
06435,2015,41092.0,25.0,8935.0,10.0,0.033491958,1.8351486,0.003982726,6.349794,0.025289489,526420.320531,5562429.50849,06435
06435,2016,41092.0,25.0,8935.0,10.0,0.033491958,1.885334,0.010478533,6.6765924,0.06996089,526420.320531,5562429.50849,06435
06435,2017,41092.0,25.0,8935.0,10.0,0.033491958,1.9204485,0.017376129,6.915203,0.120159455,526420.320531,5562429.50849,06435
06435,2018,41092.0,25.0,8935.0,10.0,0.033491958,1.9690509,0.0016829032,7.259599,0.012217203,526420.320531,5562429.50849,06435
06435,2019,41092.0,25.0,8935.0,10.0,0.033491958,2.0372326,0.009827179,7.771835,0.076375216,526420.320531,5562429.50849,06435
06435,2020,41092.0,25.0,8935.0,10.0,0.033491958,2.0487275,0.010399633,7.8616867,0.081758656,526420.320531,5562429.50849,06435
06435,2021,41092.0,25.0,8935.0,10.0,0.033491958,2.0824854,0.0034311542,8.131613,0.027900817,526420.320531,5562429.50849,06435
06435,2022,41092.0,25.0,8935.0,10.0,0.033491958,2.1343484,0.008455475,8.56447,0.07241666,526420.320531,5562429.50849,06435
06435,2023,41092.0,25.0,8935.0,10.0,0.033491958,2.1865602,0.008303061,9.023515,0.07492279,526420.320531,5562429.50849,06435
06435,2024,41092.0,25.0,8935.0,10.0,0.033491958,2.2431822,0.008390363,9.549186,0.08012114,526420.320531,5562429.50849,06435
06435,2025,41092.0,25.0,8935.0,10.0,0.033491958,2.2943828,0.018743979,10.050844,0.18839282,526420.320531,5562429.50849,06435
06436,2007,221888.0,10.0,221888.0,10.0,0.0,2.225371,0.035872772,9.419664,0.33790946,463291.924573,5555725.72014,06436
06436,2008,221888.0,10.0,221888.0,10.0,0.0,2.2247565,0.02860568,9.4138775,0.2692904,463291.924573,5555725.72014,06436
06436,2009,221888.0,10.0,221888.0,10.0,0.0,2.2156646,0.01704762,9.328677,0.15903173,463291.924573,5555725.72014,06436
06436,2010,221888.0,10.0,221888.0,10.0,0.0,2.2150154,0.016614515,9.322622,0.15489085,463291.924573,5555725.72014,06436
06436,2011,221888.0,10.0,221888.0,10.0,0.0,2.2476392,0.015155588,9.631777,0.14597525,463291.924573,5555725.72014,06436
06436,2012,221888.0,10.0,221888.0,10.0,0.0,2.2599254,0.0082494505,9.750843,0.0804391,463291.924573,5555725.72014,06436
06436,2013,221888.0,10.0,221888.0,10.0,0.0,2.2895856,0.008816766,10.044389,0.08855902,463291.924573,5555725.72014,06436
06436,2014,221888.0,10.0,221888.0,10.0,0.0,2.2896407,0.015874092,10.04494,0.1594543,463291.924573,5555725.72014,06436
06436,2015,221888.0,10.0,221888.0,10.0,0.0,2.3070152,0.0017991137,10.220993,0.01838873,463291.924573,5555725.72014,06436
06436,2016,221888.0,10.0,221888.0,10.0,0.0,2.3107142,0.0014873192,10.258871,0.015258215,463291.924573,5555725.72014,06436
06436,2017,221888.0,10.0,221888.0,10.0,0.0,2.3482833,0.015331856,10.651618,0.16330908,463291.924573,5555725.72014,06436
06436,2018,221888.0,10.0,221888.0,10.0,0.0,2.3836608,0.0037517122,11.035191,0.041400857,463291.924573,5555725.72014,06436
06436,2019,221888.0,10.0,221888.0,10.0,0.0,2.4012916,0.016157791,11.231474,0.18147582,463291.924573,5555725.72014,06436
06436,2020,221888.0,10.0,221888.0,10.0,0.0,2.429947,0.027520742,11.557971,0.31808394,463291.924573,5555725.72014,06436
06436,2021,221888.0,10.0,221888.0,10.0,0.0,2.4620798,0.026227778,11.935394,0.3130389,463291.924573,5555725.72014,06436
06436,2022,221888.0,10.0,221888.0,10.0,0.0,2.50223,0.048445527,12.424354,0.60190433,463291.924573,5555725.72014,06436
06436,2023,221888.0,10.0,221888.0,10.0,0.0,2.5109544,0.030580034,12.533221,0.38326633,463291.924573,5555725.72014,06436
06436,2024,221888.0,10.0,221888.0,10.0,0.0,2.5819983,0.031046456,13.456024,0.41776183,463291.924573,5555725.72014,06436
06436,2025,221888.0,10.0,221888.0,10.0,0.0,2.619727,0.031190194,13.973399,0.43583304,463291.924573,5555725.72014,06436
06437,2007,72686.0,25.0,8192.0,10.0,-0.026664358,1.6734707,0.017703317,5.41026,0.09577955,500801.847558,5509873.20529,06437
06437,2008,72686.0,25.0,8192.0,10.0,-0.026664358,1.6851866,0.01515334,5.4740186,0.08294966,500801.847558,5509873.20529,06437
06437,2009,72686.0,25.0,8192.0,10.0,-0.026664358,1.6181937,0.048581354,5.119313,0.24870312,500801.847558,5509873.20529,06437
06437,2010,72686.0,25.0,8192.0,10.0,-0.026664358,1.675618,0.0041529965,5.4218903,0.02251709,500801.847558,5509873.20529,06437
06437,2011,72686.0,25.0,8192.0,10.0,-0.026664358,1.6590298,0.02560277,5.3326926,0.1365317,500801.847558,5509873.20529,06437
06437,2012,72686.0,25.0,8192.0,10.0,-0.026664358,1.690102,0.0369742,5.5009913,0.20339476,500801.847558,5509873.20529,06437
06437,2013,72686.0,25.0,8192.0,10.0,-0.026664358,1.7132413,0.021094391,5.629765,0.118756466,500801.847558,5509873.20529,06437
06437,2014,72686.0,25.0,8192.0,10.0,-0.026664358,1.76733,0.0059877858,5.942658,0.035583362,500801.847558,5509873.20529,06437
06437,2015,72686.0,25.0,8192.0,10.0,-0.026664358,1.7809649,0.0054256166,6.024239,0.032685213,500801.847558,5509873.20529,06437
06437,2016,72686.0,25.0,8192.0,10.0,-0.026664358,1.7947985,0.011758453,6.108156,0.071822464,500801.847558,5509873.20529,06437
06437,2017,72686.0,25.0,8192.0,10.0,-0.026664358,1.8164803,0.018883253,6.242038,0.11786997,500801.847558,5509873.20529,06437
06437,2018,72686.0,25.0,8192.0,10.0,-0.026664358,1.859576,0.0022973868,6.516924,0.014971894,500801.847558,5509873.20529,06437
06437,2019,72686.0,25.0,8192.0,10.0,-0.026664358,1.9265215,0.0033791226,6.9681377,0.023546191,500801.847558,5509873.20529,06437
06437,2020,72686.0,25.0,8192.0,10.0,-0.026664358,1.9758091,0.032447364,7.3201847,0.2375207,500801.847558,5509873.20529,06437
06437,2021,72686.0,25.0,8192.0,10.0,-0.026664358,2.0795515,0.030906789,8.120388,0.25097513,500801.847558,5509873.20529,06437
06437,2022,72686.0,25.0,8192.0,10.0,-0.026664358,2.1125598,0.00590611,8.3929,0.049569394,500801.847558,5509873.20529,06437
06437,2023,72686.0,25.0,8192.0,10.0,-0.026664358,2.1913674,0.06675929,9.081085,0.60624677,500801.847558,5509873.20529,06437
06437,2024,72686.0,25.0,8192.0,10.0,-0.026664358,2.2470186,0.037843738,9.600787,0.36332968,500801.847558,5509873.20529,06437
06437,2025,72686.0,25.0,8192.0,10.0,-0.026664358,2.261026,0.07429505,9.736215,0.72335255,500801.847558,5509873.20529,06437
06438,2007,155128.0,10.0,155128.0,10.0,0.0,2.024501,0.041721486,7.674625,0.32019675,484539.184551,5539903.05425,06438
06438,2008,155128.0,10.0,155128.0,10.0,0.0,2.0036354,0.041038748,7.5161486,0.30845335,484539.184551,5539903.05425,06438
06438,2009,155128.0,10.0,155128.0,10.0,0.0,2.0006533,0.02031445,7.493768,0.15223177,484539.184551,5539903.05425,06438
06438,2010,155128.0,10.0,155128.0,10.0,0.0,2.0014167,0.022618316,7.49949,0.16962583,484539.184551,5539903.05425,06438
06438,2011,155128.0,10.0,155128.0,10.0,0.0,2.0460927,0.022029191,7.8421354,0.1727559,484539.184551,5539903.05425,06438
06438,2012,155128.0,10.0,155128.0,10.0,0.0,2.0611255,0.026814384,7.9609156,0.21346705,484539.184551,5539903.05425,06438
06438,2013,155128.0,10.0,155128.0,10.0,0.0,2.093591,0.040187545,8.223611,0.33048674,484539.184551,5539903.05425,06438
06438,2014,155128.0,10.0,155128.0,10.0,0.0,2.0883608,0.024743423,8.180713,0.20241882,484539.184551,5539903.05425,06438
06438,2015,155128.0,10.0,155128.0,10.0,0.0,2.0746205,0.03299836,8.069076,0.2662663,484539.184551,5539903.05425,06438
06438,2016,155128.0,10.0,155128.0,10.0,0.0,2.1127765,0.025566962,8.382909,0.2143255,484539.184551,5539903.05425,06438
06438,2017,155128.0,10.0,155128.0,10.0,0.0,2.1831791,0.011385825,8.994358,0.10240819,484539.184551,5539903.05425,06438
06438,2018,155128.0,10.0,155128.0,10.0,0.0,2.2430387,0.023718107,9.549196,0.22648887,484539.184551,5539903.05425,06438
06438,2019,155128.0,10.0,155128.0,10.0,0.0,2.254747,0.015993217,9.661658,0.154521,484539.184551,5539903.05425,06438
06438,2020,155128.0,10.0,155128.0,10.0,0.0,2.3097842,0.00022115363,10.208314,0.0022576055,484539.184551,5539903.05425,06438
06438,2021,155128.0,10.0,155128.0,10.0,0.0,2.3265214,0.02427814,10.380612,0.25202197,484539.184551,5539903.05425,06438
06438,2022,155128.0,10.0,155128.0,10.0,0.0,2.385479,0.009939512,11.011029,0.10944426,484539.184551,5539903.05425,06438
06438,2023,155128.0,10.0,155128.0,10.0,0.0,2.419749,0.003463384,11.394918,0.039464977,484539.184551,5539903.05425,06438
06438,2024,155128.0,10.0,155128.0,10.0,0.0,2.476074,0.012105546,12.055155,0.14593422,484539.184551,5539903.05425,06438
06438,2025,155128.0,10.0,155128.0,10.0,0.0,2.5317173,0.01178856,12.744958,0.1502447,484539.184551,5539903.05425,06438
06439,2007,279557.0,25.0,7432.0,10.0,0.09931223,1.6435567,0.013456263,5.2845507,0.07111031,434650.923269,5566775.48105,06439
06439,2008,279557.0,25.0,7432.0,10.0,0.09931223,1.6274068,0.012134153,5.1998916,0.063096285,434650.923269,5566775.48105,06439
06439,2009,279557.0,25.0,7432.0,10.0,0.09931223,1.5869069,0.00048441306,4.993504,0.0024189185,434650.923269,5566775.48105,06439
06439,2010,279557.0,25.0,7432.0,10.0,0.09931223,1.5734469,0.0024786922,4.9267416,0.012211876,434650.923269,5566775.48105,06439
06439,2011,279557.0,25.0,7432.0,10.0,0.09931223,1.6019695,0.01965151,5.069288,0.09961916,434650.923269,5566775.48105,06439
06439,2012,279557.0,25.0,7432.0,10.0,0.09931223,1.6093473,0.012362549,5.106827,0.063133396,434650.923269,5566775.48105,06439
06439,2013,279557.0,25.0,7432.0,10.0,0.09931223,1.6375681,0.008182149,5.252999,0.04298082,434650.923269,5566775.48105,06439
06439,2014,279557.0,25.0,7432.0,10.0,0.09931223,1.651891,0.003127843,5.328778,0.016667578,434650.923269,5566775.48105,06439
06439,2015,279557.0,25.0,7432.0,10.0,0.09931223,1.6837552,0.008538267,5.5013094,0.046971645,434650.923269,5566775.48105,06439
06439,2016,279557.0,25.0,7432.0,10.0,0.09931223,1.743868,0.018283475,5.84215,0.10681481,434650.923269,5566775.48105,06439
06439,2017,279557.0,25.0,7432.0,10.0,0.09931223,1.7634828,0.0084665,5.9578743,0.05044234,434650.923269,5566775.48105,06439
06439,2018,279557.0,25.0,7432.0,10.0,0.09931223,1.8117747,0.004577469,6.2526517,0.028621318,434650.923269,5566775.48105,06439
06439,2019,279557.0,25.0,7432.0,10.0,0.09931223,1.855781,0.0014174212,6.5339518,0.009261361,434650.923269,5566775.48105,06439
06439,2020,279557.0,25.0,7432.0,10.0,0.09931223,1.8534135,0.013301474,6.518501,0.08670566,434650.923269,5566775.48105,06439
06439,2021,279557.0,25.0,7432.0,10.0,0.09931223,1.8974544,0.014067397,6.811997,0.09582707,434650.923269,5566775.48105,06439
06439,2022,279557.0,25.0,7432.0,10.0,0.09931223,2.0070913,0.0039389255,7.6013217,0.029941037,434650.923269,5566775.48105,06439
06439,2023,279557.0,25.0,7432.0,10.0,0.09931223,2.0810711,0.022791548,8.184992,0.18654862,434650.923269,5566775.48105,06439
06439,2024,279557.0,25.0,7432.0,10.0,0.09931223,2.160463,0.0293997,8.861303,0.26051968,434650.923269,5566775.48105,06439
06439,2025,279557.0,25.0,7432.0,10.0,0.09931223,2.1699512,0.011908413,8.945782,0.106530055,434650.923269,5566775.48105,06439
06440,2007,17159.0,10.0,17159.0,10.0,0.0,1.7785387,0.004557264,5.9899945,0.027297987,496721.585163,5570695.18039,06440
06440,2008,17159.0,10.0,17159.0,10.0,0.0,1.7750839,0.00044929457,5.9693356,0.0026819902,496721.585163,5570695.18039,06440
06440,2009,17159.0,10.0,17159.0,10.0,0.0,1.7341231,0.0034457836,5.7297673,0.01974354,496721.585163,5570695.18039,06440
06440,2010,17159.0,10.0,17159.0,10.0,0.0,1.7578608,0.003000093,5.8674054,0.017602762,496721.585163,5570695.18039,06440
06440,2011,17159.0,10.0,17159.0,10.0,0.0,1.775394,0.021440212,5.971187,0.12802352,496721.585163,5570695.18039,06440
06440,2012,17159.0,10.0,17159.0,10.0,0.0,1.7713972,0.003953464,5.9473696,0.023512712,496721.585163,5570695.18039,06440
06440,2013,17159.0,10.0,17159.0,10.0,0.0,1.8101782,0.005594538,6.182544,0.03458848,496721.585163,5570695.18039,06440
06440,2014,17159.0,10.0,17159.0,10.0,0.0,1.8441942,0.01431314,6.396468,0.09155354,496721.585163,5570695.18039,06440
06440,2015,17159.0,10.0,17159.0,10.0,0.0,1.8532665,0.0012298914,6.454762,0.007938657,496721.585163,5570695.18039,06440
06440,2016,17159.0,10.0,17159.0,10.0,0.0,1.8572794,0.027930293,6.4807167,0.18100832,496721.585163,5570695.18039,06440
06440,2017,17159.0,10.0,17159.0,10.0,0.0,1.9185829,0.036458474,6.8904376,0.25121483,496721.585163,5570695.18039,06440
06440,2018,17159.0,10.0,17159.0,10.0,0.0,1.9821373,0.01854186,7.3425713,0.13614492,496721.585163,5570695.18039,06440
06440,2019,17159.0,10.0,17159.0,10.0,0.0,2.0377178,0.018096378,7.7622285,0.14046822,496721.585163,5570695.18039,06440
06440,2020,17159.0,10.0,17159.0,10.0,0.0,2.0630178,0.019884523,7.9611197,0.15830307,496721.585163,5570695.18039,06440
06440,2021,17159.0,10.0,17159.0,10.0,0.0,2.0976002,0.019330848,8.241249,0.15931033,496721.585163,5570695.18039,06440
06440,2022,17159.0,10.0,17159.0,10.0,0.0,2.208973,0.01116581,9.212164,0.10286127,496721.585163,5570695.18039,06440
06440,2023,17159.0,10.0,17159.0,10.0,0.0,2.2259524,0.009233248,9.369916,0.08651476,496721.585163,5570695.18039,06440
06440,2024,17159.0,10.0,17159.0,10.0,0.0,2.2146945,0.012927526,9.265021,0.119773805,496721.585163,5570695.18039,06440
06440,2025,17159.0,10.0,17159.0,10.0,0.0,2.292091,0.0008192879,10.010582,0.008201548,496721.585163,5570695.18039,06440
06531,2007,88310.0,25.0,6120.0,10.0,0.26259968,1.816795,0.07347048,6.296894,0.46263582,487500.048592,5614298.62315,06531
06531,2008,88310.0,25.0,6120.0,10.0,0.26259968,1.8283144,0.043513916,6.3698497,0.2771771,487500.048592,5614298.62315,06531
06531,2009,88310.0,25.0,6120.0,10.0,0.26259968,1.7960854,0.0015555045,6.167828,0.009594085,487500.048592,5614298.62315,06531
06531,2010,88310.0,25.0,6120.0,10.0,0.26259968,1.8374866,0.05436221,6.4285445,0.3494699,487500.048592,5614298.62315,06531
06531,2011,88310.0,25.0,6120.0,10.0,0.26259968,1.8721265,0.09419437,6.65513,0.62687576,487500.048592,5614298.62315,06531
06531,2012,88310.0,25.0,6120.0,10.0,0.26259968,1.926281,0.05878016,7.0254726,0.4129584,487500.048592,5614298.62315,06531
06531,2013,88310.0,25.0,6120.0,10.0,0.26259968,1.9275469,0.07355574,7.0343714,0.5174184,487500.048592,5614298.62315,06531
06531,2014,88310.0,25.0,6120.0,10.0,0.26259968,1.936038,0.058510754,7.094356,0.4150961,487500.048592,5614298.62315,06531
06531,2015,88310.0,25.0,6120.0,10.0,0.26259968,1.988732,0.069585204,7.47821,0.52037275,487500.048592,5614298.62315,06531
06531,2016,88310.0,25.0,6120.0,10.0,0.26259968,1.9700457,0.06305522,7.3397675,0.4628106,487500.048592,5614298.62315,06531
06531,2017,88310.0,25.0,6120.0,10.0,0.26259968,2.099876,0.090410195,8.357317,0.7555867,487500.048592,5614298.62315,06531
06531,2018,88310.0,25.0,6120.0,10.0,0.26259968,2.1204028,0.056145966,8.53064,0.478961,487500.048592,5614298.62315,06531
06531,2019,88310.0,25.0,6120.0,10.0,0.26259968,2.134612,0.03574896,8.652718,0.30932567,487500.048592,5614298.62315,06531
06531,2020,88310.0,25.0,6120.0,10.0,0.26259968,2.13911,2.5473317e-05,8.691727,0.0002214071,487500.048592,5614298.62315,06531
06531,2021,88310.0,25.0,6120.0,10.0,0.26259968,2.1076105,0.080087736,8.422208,0.67451555,487500.048592,5614298.62315,06531
06531,2022,88310.0,25.0,6120.0,10.0,0.26259968,2.192703,0.026805634,9.170249,0.24581434,487500.048592,5614298.62315,06531
06531,2023,88310.0,25.0,6120.0,10.0,0.26259968,2.2460372,0.10385119,9.672615,1.0045125,487500.048592,5614298.62315,06531
06531,2024,88310.0,25.0,6120.0,10.0,0.26259968,2.2807121,0.07335473,10.013896,0.7345666,487500.048592,5614298.62315,06531
06531,2025,88310.0,25.0,6120.0,10.0,0.26259968,2.2973692,0.0812819,10.182095,0.82762,487500.048592,5614298.62315,06531
06532,2007,12302.0,10.0,12302.0,10.0,0.0,1.6628662,0.088963106,5.3508625,0.47602937,460572.286929,5606977.2703,06532
06532,2008,12302.0,10.0,12302.0,10.0,0.0,1.701794,0.014078355,5.563267,0.07832165,460572.286929,5606977.2703,06532
06532,2009,12302.0,10.0,12302.0,10.0,0.0,1.6744165,0.049278714,5.413025,0.2667469,460572.286929,5606977.2703,06532
06532,2010,12302.0,10.0,12302.0,10.0,0.0,1.6612811,0.052533314,5.3423877,0.28065333,460572.286929,5606977.2703,06532
06532,2011,12302.0,10.0,12302.0,10.0,0.0,1.7092731,0.008687729,5.6050315,0.048694994,460572.286929,5606977.2703,06532
06532,2012,12302.0,10.0,12302.0,10.0,0.0,1.6991599,0.019080566,5.548632,0.105871044,460572.286929,5606977.2703,06532
06532,2013,12302.0,10.0,12302.0,10.0,0.0,1.7236738,0.038618263,5.6863317,0.21959627,460572.286929,5606977.2703,06532
06532,2014,12302.0,10.0,12302.0,10.0,0.0,1.7296118,0.0040926803,5.7201977,0.02341094,460572.286929,5606977.2703,06532
06532,2015,12302.0,10.0,12302.0,10.0,0.0,1.7479739,0.04782001,5.8262024,0.27860907,460572.286929,5606977.2703,06532
06532,2016,12302.0,10.0,12302.0,10.0,0.0,1.7879722,0.023685569,6.0639644,0.14362845,460572.286929,5606977.2703,06532
06532,2017,12302.0,10.0,12302.0,10.0,0.0,1.8128366,0.04278772,6.2166314,0.26599547,460572.286929,5606977.2703,06532
06532,2018,12302.0,10.0,12302.0,10.0,0.0,1.8013439,0.0016734517,6.1455946,0.010284356,460572.286929,5606977.2703,06532
06532,2019,12302.0,10.0,12302.0,10.0,0.0,1.8599167,0.05497587,6.5163093,0.3582398,460572.286929,5606977.2703,06532
06532,2020,12302.0,10.0,12302.0,10.0,0.0,1.9275137,0.012956216,6.9720216,0.09033101,460572.286929,5606977.2703,06532
06532,2021,12302.0,10.0,12302.0,10.0,0.0,1.927159,0.001362535,6.9695487,0.009496254,460572.286929,5606977.2703,06532
06532,2022,12302.0,10.0,12302.0,10.0,0.0,2.05704,0.024432192,7.936175,0.19389814,460572.286929,5606977.2703,06532
06532,2023,12302.0,10.0,12302.0,10.0,0.0,2.0607405,0.035067897,7.965599,0.2793368,460572.286929,5606977.2703,06532
06532,2024,12302.0,10.0,12302.0,10.0,0.0,2.1905396,0.064634174,9.069627,0.58620787,460572.286929,5606977.2703,06532
06532,2025,12302.0,10.0,12302.0,10.0,0.0,2.161466,0.03670235,8.809734,0.32333797,460572.286929,5606977.2703,06532
06533,2007,11972.0,10.0,11972.0,10.0,0.0,1.5252111,0.05125243,4.6573133,0.23869863,439728.713548,5590147.38406,06533
06533,2008,11972.0,10.0,11972.0,10.0,0.0,1.5405027,0.019658165,4.7290783,0.09296501,439728.713548,5590147.38406,06533
06533,2009,11972.0,10.0,11972.0,10.0,0.0,1.5733707,0.08073951,4.887097,0.39458182,439728.713548,5590147.38406,06533
06533,2010,11972.0,10.0,11972.0,10.0,0.0,1.5980215,0.014419492,5.009065,0.07222817,439728.713548,5590147.38406,06533
06533,2011,11972.0,10.0,11972.0,10.0,0.0,1.5155257,0.00673448,4.6124234,0.031062275,439728.713548,5590147.38406,06533
06533,2012,11972.0,10.0,11972.0,10.0,0.0,1.5475668,0.036748745,4.7626038,0.1750197,439728.713548,5590147.38406,06533
06533,2013,11972.0,10.0,11972.0,10.0,0.0,1.5337125,0.0069170785,4.6970763,0.032490045,439728.713548,5590147.38406,06533
06533,2014,11972.0,10.0,11972.0,10.0,0.0,1.547889,0.018899664,4.7641387,0.090040624,439728.713548,5590147.38406,06533
06533,2015,11972.0,10.0,11972.0,10.0,0.0,1.5939627,0.0066194218,4.988775,0.033022806,439728.713548,5590147.38406,06533
06533,2016,11972.0,10.0,11972.0,10.0,0.0,1.651662,0.031191226,5.2850904,0.16484845,439728.713548,5590147.38406,06533
06533,2017,11972.0,10.0,11972.0,10.0,0.0,1.6213843,0.0413913,5.127468,0.21223257,439728.713548,5590147.38406,06533
06533,2018,11972.0,10.0,11972.0,10.0,0.0,1.7224549,0.014322413,5.6727986,0.081248164,439728.713548,5590147.38406,06533
06533,2019,11972.0,10.0,11972.0,10.0,0.0,1.7094455,0.014122738,5.599477,0.07907994,439728.713548,5590147.38406,06533
06533,2020,11972.0,10.0,11972.0,10.0,0.0,1.8156964,0.019171068,6.227183,0.11938174,439728.713548,5590147.38406,06533
06533,2021,11972.0,10.0,11972.0,10.0,0.0,1.823129,0.017563315,6.27364,0.11018592,439728.713548,5590147.38406,06533
06533,2022,11972.0,10.0,11972.0,10.0,0.0,1.8861423,0.011365534,6.6816835,0.0759409,439728.713548,5590147.38406,06533
06533,2023,11972.0,10.0,11972.0,10.0,0.0,2.0367458,0.014796191,7.767695,0.1149323,439728.713548,5590147.38406,06533
06533,2024,11972.0,10.0,11972.0,10.0,0.0,2.0186908,0.04821426,7.6287074,0.36781248,439728.713548,5590147.38406,06533
06533,2025,11972.0,10.0,11972.0,10.0,0.0,2.0956059,0.09820535,8.238625,0.8090771,439728.713548,5590147.38406,06533
06534,2007,50591.0,25.0,7030.0,10.0,0.27414072,1.6443069,0.045861613,5.3014503,0.24313308,494729.85226,5624651.91884,06534
06534,2008,50591.0,25.0,7030.0,10.0,0.27414072,1.7085272,0.019843232,5.653081,0.1121754,494729.85226,5624651.91884,06534
06534,2009,50591.0,25.0,7030.0,10.0,0.27414072,1.7529839,0.028601658,5.9100685,0.16903776,494729.85226,5624651.91884,06534
06534,2010,50591.0,25.0,7030.0,10.0,0.27414072,1.8240356,0.061256953,6.345267,0.38869172,494729.85226,5624651.91884,06534
06534,2011,50591.0,25.0,7030.0,10.0,0.27414072,1.8600948,0.076657265,6.578247,0.50427043,494729.85226,5624651.91884,06534
06534,2012,50591.0,25.0,7030.0,10.0,0.27414072,1.9021112,0.021778895,6.86053,0.14941476,494729.85226,5624651.91884,06534
06534,2013,50591.0,25.0,7030.0,10.0,0.27414072,1.926719,0.032886587,7.031447,0.23124029,494729.85226,5624651.91884,06534
06534,2014,50591.0,25.0,7030.0,10.0,0.27414072,1.9682226,0.07794547,7.329418,0.57129496,494729.85226,5624651.91884,06534
06534,2015,50591.0,25.0,7030.0,10.0,0.27414072,1.9834516,0.053727023,7.441892,0.3998307,494729.85226,5624651.91884,06534
06534,2016,50591.0,25.0,7030.0,10.0,0.27414072,1.9984485,0.04299118,7.554338,0.32476988,494729.85226,5624651.91884,06534
06534,2017,50591.0,25.0,7030.0,10.0,0.27414072,2.057604,0.077269636,8.014702,0.61929315,494729.85226,5624651.91884,06534
06534,2018,50591.0,25.0,7030.0,10.0,0.27414072,2.079556,0.08418199,8.192585,0.6896681,494729.85226,5624651.91884,06534
06534,2019,50591.0,25.0,7030.0,10.0,0.27414072,2.0816307,0.03885173,8.2096,0.31895718,494729.85226,5624651.91884,06534
06534,2020,50591.0,25.0,7030.0,10.0,0.27414072,2.091647,0.017335642,8.292242,0.14375135,494729.85226,5624651.91884,06534
06534,2021,50591.0,25.0,7030.0,10.0,0.27414072,2.0912023,0.014591877,8.288555,0.12094559,494729.85226,5624651.91884,06534
06534,2022,50591.0,25.0,7030.0,10.0,0.27414072,2.0773237,0.017992418,8.174317,0.14707573,494729.85226,5624651.91884,06534
06534,2023,50591.0,25.0,7030.0,10.0,0.27414072,2.0966406,0.049883753,8.333755,0.41571894,494729.85226,5624651.91884,06534
06534,2024,50591.0,25.0,7030.0,10.0,0.27414072,2.1379325,0.0490134,8.685074,0.425685,494729.85226,5624651.91884,06534
06534,2025,50591.0,25.0,7030.0,10.0,0.27414072,2.2457447,0.003912789,9.673771,0.037851423,494729.85226,5624651.91884,06534
06535,2007,11696.0,25.0,2030.0,10.0,-0.065251134,1.5365674,0.0010467052,4.7244167,0.0049450714,521028.826139,5623637.4066,06535
06535,2008,11696.0,25.0,2030.0,10.0,-0.065251134,1.5492437,0.045421563,4.784686,0.21732792,521028.826139,5623637.4066,06535
06535,2009,11696.0,25.0,2030.0,10.0,-0.065251134,1.5362704,0.028445285,4.723014,0.13434747,521028.826139,5623637.4066,06535
06535,2010,11696.0,25.0,2030.0,10.0,-0.065251134,1.5345151,0.063929655,4.7147307,0.30141112,521028.826139,5623637.4066,06535
06535,2011,11696.0,25.0,2030.0,10.0,-0.065251134,1.4933906,0.04416145,4.5247726,0.19982052,521028.826139,5623637.4066,06535
06535,2012,11696.0,25.0,2030.0,10.0,-0.065251134,1.5480279,0.047489636,4.778872,0.22694689,521028.826139,5623637.4066,06535
06535,2013,11696.0,25.0,2030.0,10.0,-0.065251134,1.6037126,0.06824583,5.052531,0.34481415,521028.826139,5623637.4066,06535
06535,2014,11696.0,25.0,2030.0,10.0,-0.065251134,1.6137408,0.017534362,5.1034536,0.08948581,521028.826139,5623637.4066,06535
06535,2015,11696.0,25.0,2030.0,10.0,-0.065251134,1.6239611,0.038094923,5.15588,0.19641286,521028.826139,5623637.4066,06535
06535,2016,11696.0,25.0,2030.0,10.0,-0.065251134,1.5829748,0.01513776,4.9488316,0.074914224,521028.826139,5623637.4066,06535
06535,2017,11696.0,25.0,2030.0,10.0,-0.065251134,1.6451097,0.06612268,5.266081,0.34820735,521028.826139,5623637.4066,06535
06535,2018,11696.0,25.0,2030.0,10.0,-0.065251134,1.6894351,0.0034731592,5.5047526,0.019118883,521028.826139,5623637.4066,06535
06535,2019,11696.0,25.0,2030.0,10.0,-0.065251134,1.7181511,0.00038563221,5.665118,0.0021846523,521028.826139,5623637.4066,06535
06535,2020,11696.0,25.0,2030.0,10.0,-0.065251134,1.735715,0.03692252,5.765499,0.21287675,521028.826139,5623637.4066,06535
06535,2021,11696.0,25.0,2030.0,10.0,-0.065251134,1.8083632,0.040834855,6.1999416,0.25317374,521028.826139,5623637.4066,06535
06535,2022,11696.0,25.0,2030.0,10.0,-0.065251134,1.9282598,0.0064015994,6.9896927,0.04474521,521028.826139,5623637.4066,06535
06535,2023,11696.0,25.0,2030.0,10.0,-0.065251134,1.9196802,0.029624255,6.9299803,0.2052955,521028.826139,5623637.4066,06535
06535,2024,11696.0,25.0,2030.0,10.0,-0.065251134,2.010333,0.02478602,7.587558,0.18806536,521028.826139,5623637.4066,06535
06535,2025,11696.0,25.0,2030.0,10.0,-0.065251134,2.045417,0.078546874,7.858484,0.6172593,521028.826139,5623637.4066,06535
06611,2007,75518.0,10.0,75518.0,10.0,0.0,1.5999035,0.024479026,5.0439405,0.123470746,532074.47659,5684562.16097,06611
06611,2008,75518.0,10.0,75518.0,10.0,0.0,1.6413531,0.026304772,5.257403,0.13829479,532074.47659,5684562.16097,06611
06611,2009,75518.0,10.0,75518.0,10.0,0.0,1.6538465,0.02032831,5.3234982,0.108217716,532074.47659,5684562.16097,06611
06611,2010,75518.0,10.0,75518.0,10.0,0.0,1.6719174,0.023964858,5.4205728,0.12990327,532074.47659,5684562.16097,06611
06611,2011,75518.0,10.0,75518.0,10.0,0.0,1.7187893,0.035842277,5.680694,0.20360902,532074.47659,5684562.16097,06611
06611,2012,75518.0,10.0,75518.0,10.0,0.0,1.8112762,0.01896638,6.2311463,0.118182294,532074.47659,5684562.16097,06611
06611,2013,75518.0,10.0,75518.0,10.0,0.0,1.9192775,0.0016249544,6.941804,0.011280115,532074.47659,5684562.16097,06611
06611,2014,75518.0,10.0,75518.0,10.0,0.0,1.9804469,0.0022604153,7.379686,0.016681155,532074.47659,5684562.16097,06611
06611,2015,75518.0,10.0,75518.0,10.0,0.0,1.9820477,0.009706564,7.3915076,0.07174614,532074.47659,5684562.16097,06611
06611,2016,75518.0,10.0,75518.0,10.0,0.0,2.0131578,0.013159259,7.625074,0.10034032,532074.47659,5684562.16097,06611
06611,2017,75518.0,10.0,75518.0,10.0,0.0,2.0591016,0.013287407,7.9835696,0.10608094,532074.47659,5684562.16097,06611
06611,2018,75518.0,10.0,75518.0,10.0,0.0,2.0951092,0.019968694,8.2762785,0.16526648,532074.47659,5684562.16097,06611
06611,2019,75518.0,10.0,75518.0,10.0,0.0,2.136499,0.013104313,8.626019,0.11303804,532074.47659,5684562.16097,06611
06611,2020,75518.0,10.0,75518.0,10.0,0.0,2.1700552,0.0101175355,8.920386,0.090252325,532074.47659,5684562.16097,06611
06611,2021,75518.0,10.0,75518.0,10.0,0.0,2.1465318,0.018112808,8.712998,0.15781687,532074.47659,5684562.16097,06611
06611,2022,75518.0,10.0,75518.0,10.0,0.0,2.1667213,0.022598306,8.8906975,0.2009147,532074.47659,5684562.16097,06611
06611,2023,75518.0,10.0,75518.0,10.0,0.0,2.20404,0.014258181,9.228754,0.13158526,532074.47659,5684562.16097,06611
06611,2024,75518.0,10.0,75518.0,10.0,0.0,2.2668598,0.016399074,9.8271,0.16115533,532074.47659,5684562.16097,06611
06611,2025,75518.0,10.0,75518.0,10.0,0.0,2.3006694,0.02082006,10.165031,0.21163657,532074.47659,5684562.16097,06611
06631,2007,33011.0,25.0,2335.0,10.0,0.23514651,1.2717142,0.25826758,3.6384585,0.9396959,535626.929207,5609018.12901,06631
06631,2008,33011.0,25.0,2335.0,10.0,0.23514651,1.4259313,0.30217218,4.2451506,1.2827665,535626.929207,5609018.12901,06631
06631,2009,33011.0,25.0,2335.0,10.0,0.23514651,1.5208834,0.073398165,4.6679935,0.34262216,535626.929207,5609018.12901,06631
06631,2010,33011.0,25.0,2335.0,10.0,0.23514651,1.5366279,0.019033577,4.74207,0.09025856,535626.929207,5609018.12901,06631
06631,2011,33011.0,25.0,2335.0,10.0,0.23514651,1.5232154,0.03847947,4.678892,0.18004127,535626.929207,5609018.12901,06631
06631,2012,33011.0,25.0,2335.0,10.0,0.23514651,1.5776613,0.02602087,4.9407005,0.12856133,535626.929207,5609018.12901,06631
06631,2013,33011.0,25.0,2335.0,10.0,0.23514651,1.5880545,0.0056852805,4.992318,0.02838273,535626.929207,5609018.12901,06631
06631,2014,33011.0,25.0,2335.0,10.0,0.23514651,1.6018676,0.08259551,5.0617566,0.41807833,535626.929207,5609018.12901,06631
06631,2015,33011.0,25.0,2335.0,10.0,0.23514651,1.6652279,0.038254403,5.392849,0.20630021,535626.929207,5609018.12901,06631
06631,2016,33011.0,25.0,2335.0,10.0,0.23514651,1.7217926,0.13265021,5.706686,0.75699306,535626.929207,5609018.12901,06631
06631,2017,33011.0,25.0,2335.0,10.0,0.23514651,1.8994904,0.21939173,6.8164325,1.495469,535626.929207,5609018.12901,06631
06631,2018,33011.0,25.0,2335.0,10.0,0.23514651,2.0369842,0.19378255,7.8211384,1.5156001,535626.929207,5609018.12901,06631
06631,2019,33011.0,25.0,2335.0,10.0,0.23514651,2.0173814,0.14241347,7.669316,1.0922139,535626.929207,5609018.12901,06631
06631,2020,33011.0,25.0,2335.0,10.0,0.23514651,1.9900665,0.18292859,7.462664,1.3651346,535626.929207,5609018.12901,06631
06631,2021,33011.0,25.0,2335.0,10.0,0.23514651,2.0136535,0.12834409,7.6407776,0.98064864,535626.929207,5609018.12901,06631
06631,2022,33011.0,25.0,2335.0,10.0,0.23514651,1.9687657,0.06853461,7.305384,0.5006716,535626.929207,5609018.12901,06631
06631,2023,33011.0,25.0,2335.0,10.0,0.23514651,2.0446503,0.06563167,7.881327,0.5172647,535626.929207,5609018.12901,06631
06631,2024,33011.0,25.0,2335.0,10.0,0.23514651,2.13256,0.10762342,8.605538,0.9261575,535626.929207,5609018.12901,06631
06631,2025,33011.0,25.0,2335.0,10.0,0.23514651,2.1495714,0.08508532,8.753183,0.7447673,535626.929207,5609018.12901,06631
06632,2007,16236.0,25.0,1642.0,10.0,0.027853178,1.4204489,0.013893746,4.244145,0.058967073,546246.629121,5653241.1493,06632
06632,2008,16236.0,25.0,1642.0,10.0,0.027853178,1.3983185,0.011189857,4.151252,0.04645191,546246.629121,5653241.1493,06632
06632,2009,16236.0,25.0,1642.0,10.0,0.027853178,1.4183972,0.111728966,4.235446,0.473222,546246.629121,5653241.1493,06632
06632,2010,16236.0,25.0,1642.0,10.0,0.027853178,1.2427108,0.13636176,3.5530353,0.48449817,546246.629121,5653241.1493,06632
06632,2011,16236.0,25.0,1642.0,10.0,0.027853178,1.2622687,0.09142288,3.623209,0.3312442,546246.629121,5653241.1493,06632
06632,2012,16236.0,25.0,1642.0,10.0,0.027853178,1.436866,0.028811537,4.3143964,0.12430439,546246.629121,5653241.1493,06632
06632,2013,16236.0,25.0,1642.0,10.0,0.027853178,1.6356596,0.05490937,5.2632623,0.28900242,546246.629121,5653241.1493,06632
06632,2014,16236.0,25.0,1642.0,10.0,0.027853178,1.5789877,0.012002934,4.9732776,0.059693925,546246.629121,5653241.1493,06632
06632,2015,16236.0,25.0,1642.0,10.0,0.027853178,1.5675007,0.0063221278,4.9164767,0.031082595,546246.629121,5653241.1493,06632
06632,2016,16236.0,25.0,1642.0,10.0,0.027853178,1.6583197,0.017679237,5.38389,0.09518307,546246.629121,5653241.1493,06632
06632,2017,16236.0,25.0,1642.0,10.0,0.027853178,1.6884507,0.04125401,5.5485806,0.2289012,546246.629121,5653241.1493,06632
06632,2018,16236.0,25.0,1642.0,10.0,0.027853178,1.6934842,0.09784144,5.57658,0.5456206,546246.629121,5653241.1493,06632
06632,2019,16236.0,25.0,1642.0,10.0,0.027853178,1.8726308,0.1297934,6.6706834,0.86581063,546246.629121,5653241.1493,06632
06632,2020,16236.0,25.0,1642.0,10.0,0.027853178,1.7905327,0.036938846,6.144911,0.2269859,546246.629121,5653241.1493,06632
06632,2021,16236.0,25.0,1642.0,10.0,0.027853178,1.7202923,0.048340973,5.7281,0.27690193,546246.629121,5653241.1493,06632
06632,2022,16236.0,25.0,1642.0,10.0,0.027853178,2.0436556,0.020538637,7.9149,0.16256125,546246.629121,5653241.1493,06632
06632,2023,16236.0,25.0,1642.0,10.0,0.027853178,2.0097773,0.03500993,7.651247,0.26786965,546246.629121,5653241.1493,06632
06632,2024,16236.0,25.0,1642.0,10.0,0.027853178,2.0764346,0.0144281,8.178642,0.118002266,546246.629121,5653241.1493,06632
06632,2025,16236.0,25.0,1642.0,10.0,0.027853178,2.0284932,0.03010058,7.7957954,0.23465796,546246.629121,5653241.1493,06632
06633,2007,58293.0,10.0,58293.0,10.0,0.0,1.8449397,0.05344069,6.447249,0.34454542,527772.757946,5690471.13319,06633
06633,2008,58293.0,10.0,58293.0,10.0,0.0,1.8005942,0.047237724,6.167589,0.29134288,527772.757946,5690471.13319,06633
06633,2009,58293.0,10.0,58293.0,10.0,0.0,1.6787287,0.014787405,5.4599657,0.08073872,527772.757946,5690471.13319,06633
06633,2010,58293.0,10.0,58293.0,10.0,0.0,1.7291613,0.0750154,5.742388,0.43076754,527772.757946,5690471.13319,06633
06633,2011,58293.0,10.0,58293.0,10.0,0.0,1.7280543,0.043525383,5.7360344,0.24966308,527772.757946,5690471.13319,06633
06633,2012,58293.0,10.0,58293.0,10.0,0.0,1.8565441,0.016433934,6.5225015,0.10719036,527772.757946,5690471.13319,06633
06633,2013,58293.0,10.0,58293.0,10.0,0.0,1.9391047,0.0876904,7.0838566,0.6211862,527772.757946,5690471.13319,06633
06633,2014,58293.0,10.0,58293.0,10.0,0.0,1.9405264,0.019257732,7.0939345,0.13661309,527772.757946,5690471.13319,06633
06633,2015,58293.0,10.0,58293.0,10.0,0.0,1.9953991,0.083528735,7.4940767,0.6259708,527772.757946,5690471.13319,06633
06633,2016,58293.0,10.0,58293.0,10.0,0.0,2.0124433,0.08629093,7.6229014,0.6577873,527772.757946,5690471.13319,06633
06633,2017,58293.0,10.0,58293.0,10.0,0.0,2.0875401,0.09378696,8.217401,0.7706851,527772.757946,5690471.13319,06633
06633,2018,58293.0,10.0,58293.0,10.0,0.0,2.0824513,0.0881728,8.175691,0.7208736,527772.757946,5690471.13319,06633
06633,2019,58293.0,10.0,58293.0,10.0,0.0,2.1279306,0.07725026,8.5561,0.6609609,527772.757946,5690471.13319,06633
06633,2020,58293.0,10.0,58293.0,10.0,0.0,2.0960774,0.0389746,8.287856,0.3230159,527772.757946,5690471.13319,06633
06633,2021,58293.0,10.0,58293.0,10.0,0.0,2.1607726,0.05131411,8.8417635,0.45370725,527772.757946,5690471.13319,06633
06633,2022,58293.0,10.0,58293.0,10.0,0.0,2.2038598,0.073882625,9.231057,0.68201464,527772.757946,5690471.13319,06633
06633,2023,58293.0,10.0,58293.0,10.0,0.0,2.244153,0.0504183,9.610601,0.48455015,527772.757946,5690471.13319,06633
06633,2024,58293.0,10.0,58293.0,10.0,0.0,2.255891,0.025811194,9.724077,0.25099003,527772.757946,5690471.13319,06633
06633,2025,58293.0,10.0,58293.0,10.0,0.0,2.2989895,0.06680218,10.15233,0.6781978,527772.757946,5690471.13319,06633
06634,2007,17385.0,25.0,4473.0,10.0,-0.046426423,1.4910822,0.04514593,4.52292,0.20419143,519397.164457,5655289.11389,06634
06634,2008,17385.0,25.0,4473.0,10.0,-0.046426423,1.5201458,0.017784681,4.656301,0.082810834,519397.164457,5655289.11389,06634
06634,2009,17385.0,25.0,4473.0,10.0,-0.046426423,1.5263982,0.0050741523,4.6855054,0.023774968,519397.164457,5655289.11389,06634
06634,2010,17385.0,25.0,4473.0,10.0,-0.046426423,1.5280197,0.0156204635,4.693109,0.07330854,519397.164457,5655289.11389,06634
06634,2011,17385.0,25.0,4473.0,10.0,-0.046426423,1.5088639,0.0042527327,4.6040645,0.019579858,519397.164457,5655289.11389,06634
06634,2012,17385.0,25.0,4473.0,10.0,-0.046426423,1.4982108,0.011074719,4.5552773,0.050448414,519397.164457,5655289.11389,06634
06634,2013,17385.0,25.0,4473.0,10.0,-0.046426423,1.5504847,0.00196193,4.7997327,0.009416739,519397.164457,5655289.11389,06634
06634,2014,17385.0,25.0,4473.0,10.0,-0.046426423,1.552712,1.0051758e-05,4.8104353,4.835333e-05,519397.164457,5655289.11389,06634
06634,2015,17385.0,25.0,4473.0,10.0,-0.046426423,1.5375835,0.009691232,4.7382083,0.045919072,519397.164457,5655289.11389,06634
06634,2016,17385.0,25.0,4473.0,10.0,-0.046426423,1.4968265,0.0015612863,4.548976,0.007102254,519397.164457,5655289.11389,06634
06634,2017,17385.0,25.0,4473.0,10.0,-0.046426423,1.5368109,0.0026734504,4.7345486,0.012657582,519397.164457,5655289.11389,06634
06634,2018,17385.0,25.0,4473.0,10.0,-0.046426423,1.5792232,0.007317266,4.939671,0.03614489,519397.164457,5655289.11389,06634
06634,2019,17385.0,25.0,4473.0,10.0,-0.046426423,1.6562059,0.060163632,5.334961,0.32097062,519397.164457,5655289.11389,06634
06634,2020,17385.0,25.0,4473.0,10.0,-0.046426423,1.7316437,0.0067850724,5.7529874,0.039034437,519397.164457,5655289.11389,06634
06634,2021,17385.0,25.0,4473.0,10.0,-0.046426423,1.7587386,0.035896476,5.910995,0.21218391,519397.164457,5655289.11389,06634
06634,2022,17385.0,25.0,4473.0,10.0,-0.046426423,1.8208199,0.0037357174,6.289587,0.023496121,519397.164457,5655289.11389,06634
06634,2023,17385.0,25.0,4473.0,10.0,-0.046426423,1.8692516,0.049998526,6.6017,0.33007523,519397.164457,5655289.11389,06634
06634,2024,17385.0,25.0,4473.0,10.0,-0.046426423,1.9957815,0.013039386,7.4921603,0.09769317,519397.164457,5655289.11389,06634
06634,2025,17385.0,25.0,4473.0,10.0,-0.046426423,1.9708221,0.041250754,7.3074746,0.30143884,519397.164457,5655289.11389,06634
06635,2007,10766.0,25.0,1047.0,10.0,-0.13196668,1.4069293,0.12471374,4.1816955,0.5215149,476474.097783,5654607.4588,06635
06635,2008,10766.0,25.0,1047.0,10.0,-0.13196668,1.4148806,0.016616076,4.2150784,0.070038065,476474.097783,5654607.4588,06635
06635,2009,10766.0,25.0,1047.0,10.0,-0.13196668,1.3764565,0.0048205587,4.0561895,0.0195531,476474.097783,5654607.4588,06635
06635,2010,10766.0,25.0,1047.0,10.0,-0.13196668,1.3389376,0.017423652,3.9068255,0.06807117,476474.097783,5654607.4588,06635
06635,2011,10766.0,25.0,1047.0,10.0,-0.13196668,1.380633,0.06447559,4.0731654,0.26261976,476474.097783,5654607.4588,06635
06635,2012,10766.0,25.0,1047.0,10.0,-0.13196668,1.3361533,0.015223534,3.8959625,0.059310317,476474.097783,5654607.4588,06635
06635,2013,10766.0,25.0,1047.0,10.0,-0.13196668,1.3519225,0.010756373,3.957886,0.042572502,476474.097783,5654607.4588,06635
06635,2014,10766.0,25.0,1047.0,10.0,-0.13196668,1.3874866,0.0083980085,4.1011777,0.03444172,476474.097783,5654607.4588,06635
06635,2015,10766.0,25.0,1047.0,10.0,-0.13196668,1.4101568,0.0065179802,4.1952143,0.027344324,476474.097783,5654607.4588,06635
06635,2016,10766.0,25.0,1047.0,10.0,-0.13196668,1.4584261,0.009753025,4.4026814,0.042939458,476474.097783,5654607.4588,06635
06635,2017,10766.0,25.0,1047.0,10.0,-0.13196668,1.4234707,0.037278224,4.2514424,0.15848622,476474.097783,5654607.4588,06635
06635,2018,10766.0,25.0,1047.0,10.0,-0.13196668,1.4966081,0.061180368,4.5740347,0.27984113,476474.097783,5654607.4588,06635
06635,2019,10766.0,25.0,1047.0,10.0,-0.13196668,1.5868663,0.10780322,5.006083,0.53967184,476474.097783,5654607.4588,06635
06635,2020,10766.0,25.0,1047.0,10.0,-0.13196668,1.5537577,0.12209603,4.843053,0.59131753,476474.097783,5654607.4588,06635
06635,2021,10766.0,25.0,1047.0,10.0,-0.13196668,1.4906148,0.17653286,4.546703,0.80264246,476474.097783,5654607.4588,06635
06635,2022,10766.0,25.0,1047.0,10.0,-0.13196668,1.7689677,0.0071050283,6.0059776,0.04267264,476474.097783,5654607.4588,06635
06635,2023,10766.0,25.0,1047.0,10.0,-0.13196668,1.9287729,0.04973467,7.0467076,0.3504657,476474.097783,5654607.4588,06635
06635,2024,10766.0,25.0,1047.0,10.0,-0.13196668,1.8575537,0.01721182,6.5623007,0.11294915,476474.097783,5654607.4588,06635
06635,2025,10766.0,25.0,1047.0,10.0,-0.13196668,1.9869876,0.07001355,7.469105,0.52293855,476474.097783,5654607.4588,06635
06636,2007,13379.0,25.0,1544.0,10.0,0.024788918,1.3319356,0.04095456,3.8637347,0.15823756,566279.673833,5680385.72885,06636
06636,2008,13379.0,25.0,1544.0,10.0,0.024788918,1.4040909,0.017852189,4.1528277,0.07413707,566279.673833,5680385.72885,06636
06636,2009,13379.0,25.0,1544.0,10.0,0.024788918,1.3552167,0.043447427,3.954742,0.17182337,566279.673833,5680385.72885,06636
06636,2010,13379.0,25.0,1544.0,10.0,0.024788918,1.3766589,0.01739142,4.040456,0.07026927,566279.673833,5680385.72885,06636
06636,2011,13379.0,25.0,1544.0,10.0,0.024788918,1.363963,0.013721965,3.989483,0.054743547,566279.673833,5680385.72885,06636
06636,2012,13379.0,25.0,1544.0,10.0,0.024788918,1.4238871,0.005213938,4.2358575,0.0220855,566279.673833,5680385.72885,06636
06636,2013,13379.0,25.0,1544.0,10.0,0.024788918,1.5023491,0.0020083797,4.5815973,0.009201586,566279.673833,5680385.72885,06636
06636,2014,13379.0,25.0,1544.0,10.0,0.024788918,1.51171,0.024835983,4.624687,0.11485865,566279.673833,5680385.72885,06636
06636,2015,13379.0,25.0,1544.0,10.0,0.024788918,1.5360514,0.025875289,4.7386394,0.12261367,566279.673833,5680385.72885,06636
06636,2016,13379.0,25.0,1544.0,10.0,0.024788918,1.6032463,0.039059382,5.067993,0.19795267,566279.673833,5680385.72885,06636
06636,2017,13379.0,25.0,1544.0,10.0,0.024788918,1.607941,0.005080523,5.091842,0.02586922,566279.673833,5680385.72885,06636
06636,2018,13379.0,25.0,1544.0,10.0,0.024788918,1.6085817,0.06005543,5.095105,0.30598876,566279.673833,5680385.72885,06636
06636,2019,13379.0,25.0,1544.0,10.0,0.024788918,1.6680855,0.044607196,5.4074845,0.24121273,566279.673833,5680385.72885,06636
06636,2020,13379.0,25.0,1544.0,10.0,0.024788918,1.6886567,0.03690417,5.519876,0.20370644,566279.673833,5680385.72885,06636
06636,2021,13379.0,25.0,1544.0,10.0,0.024788918,1.7242572,0.048020985,5.719926,0.27467647,566279.673833,5680385.72885,06636
06636,2022,13379.0,25.0,1544.0,10.0,0.024788918,1.8718336,0.012828503,6.6295185,0.0850468,566279.673833,5680385.72885,06636
06636,2023,13379.0,25.0,1544.0,10.0,0.024788918,1.9127197,0.0026920876,6.906192,0.018592075,566279.673833,5680385.72885,06636
06636,2024,13379.0,25.0,1544.0,10.0,0.024788918,1.9209279,0.07997923,6.9631124,0.55690444,566279.673833,5680385.72885,06636
06636,2025,13379.0,25.0,1544.0,10.0,0.024788918,1.946186,0.052477013,7.141227,0.37475026,566279.673833,5680385.72885,06636
07111,2007,72156.0,10.0,72156.0,10.0,0.0,1.8021408,0.011309686,6.1700764,0.069781624,398938.329683,5578347.69075,07111
07111,2008,72156.0,10.0,72156.0,10.0,0.0,1.8015964,0.009303858,6.166718,0.057374265,398938.329683,5578347.69075,07111
07111,2009,72156.0,10.0,72156.0,10.0,0.0,1.7963308,0.00293087,6.134332,0.017978929,398938.329683,5578347.69075,07111
07111,2010,72156.0,10.0,72156.0,10.0,0.0,1.8149496,0.0029737684,6.2496157,0.018584909,398938.329683,5578347.69075,07111
07111,2011,72156.0,10.0,72156.0,10.0,0.0,1.8487396,0.0040517114,6.4643984,0.026191875,398938.329683,5578347.69075,07111
07111,2012,72156.0,10.0,72156.0,10.0,0.0,1.8714081,0.003493084,6.61261,0.023098404,398938.329683,5578347.69075,07111
07111,2013,72156.0,10.0,72156.0,10.0,0.0,1.9000384,0.0036724526,6.8046665,0.024989815,398938.329683,5578347.69075,07111
07111,2014,72156.0,10.0,72156.0,10.0,0.0,1.945325,0.008159675,7.119912,0.05809617,398938.329683,5578347.69075,07111
07111,2015,72156.0,10.0,72156.0,10.0,0.0,1.9725913,0.001052432,7.3167167,0.0077003464,398938.329683,5578347.69075,07111
07111,2016,72156.0,10.0,72156.0,10.0,0.0,2.034687,0.00012706836,7.7854567,0.0009892852,398938.329683,5578347.69075,07111
07111,2017,72156.0,10.0,72156.0,10.0,0.0,2.1186996,0.004638839,8.4677925,0.03928073,398938.329683,5578347.69075,07111
07111,2018,72156.0,10.0,72156.0,10.0,0.0,2.1563156,0.009214024,8.792384,0.08101324,398938.329683,5578347.69075,07111
07111,2019,72156.0,10.0,72156.0,10.0,0.0,2.177612,0.004242199,8.98164,0.038101904,398938.329683,5578347.69075,07111
07111,2020,72156.0,10.0,72156.0,10.0,0.0,2.237238,0.0065778233,9.533464,0.06270944,398938.329683,5578347.69075,07111
07111,2021,72156.0,10.0,72156.0,10.0,0.0,2.233036,0.0032909315,9.49349,0.031242426,398938.329683,5578347.69075,07111
07111,2022,72156.0,10.0,72156.0,10.0,0.0,2.2731996,4.45474e-05,9.882543,0.0004402416,398938.329683,5578347.69075,07111
07111,2023,72156.0,10.0,72156.0,10.0,0.0,2.3174756,0.002344996,10.329935,0.024223654,398938.329683,5578347.69075,07111
07111,2024,72156.0,10.0,72156.0,10.0,0.0,2.3529441,0.00027478175,10.702897,0.002940961,398938.329683,5578347.69075,07111
07111,2025,72156.0,10.0,72156.0,10.0,0.0,2.4275827,0.004609035,11.532315,0.053152844,398938.329683,5578347.69075,07111
07131,2007,23674.0,10.0,23674.0,10.0,0.0,1.8340552,0.020142974,6.3496037,0.1278999,367105.491495,5599208.99067,07131
07131,2008,23674.0,10.0,23674.0,10.0,0.0,1.8696449,0.029261034,6.5796537,0.19252747,367105.491495,5599208.99067,07131
07131,2009,23674.0,10.0,23674.0,10.0,0.0,1.8630763,0.023757463,6.5365767,0.15529248,367105.491495,5599208.99067,07131
07131,2010,23674.0,10.0,23674.0,10.0,0.0,1.8368858,0.026065543,6.367603,0.16597502,367105.491495,5599208.99067,07131
07131,2011,23674.0,10.0,23674.0,10.0,0.0,1.8738642,0.021114388,6.6074743,0.13951278,367105.491495,5599208.99067,07131
07131,2012,23674.0,10.0,23674.0,10.0,0.0,1.9197271,0.031232212,6.9175687,0.21605097,367105.491495,5599208.99067,07131
07131,2013,23674.0,10.0,23674.0,10.0,0.0,1.9276602,0.02528249,6.9726644,0.17628631,367105.491495,5599208.99067,07131
07131,2014,23674.0,10.0,23674.0,10.0,0.0,1.960092,0.023073163,7.2025075,0.16618463,367105.491495,5599208.99067,07131
07131,2015,23674.0,10.0,23674.0,10.0,0.0,1.9785627,0.026821306,7.3367796,0.19678201,367105.491495,5599208.99067,07131
07131,2016,23674.0,10.0,23674.0,10.0,0.0,2.0195382,0.020315375,7.6436515,0.15528366,367105.491495,5599208.99067,07131
07131,2017,23674.0,10.0,23674.0,10.0,0.0,2.0309074,0.011293777,7.7310495,0.08731276,367105.491495,5599208.99067,07131
07131,2018,23674.0,10.0,23674.0,10.0,0.0,2.0836306,0.011582702,8.149591,0.09439429,367105.491495,5599208.99067,07131
07131,2019,23674.0,10.0,23674.0,10.0,0.0,2.120167,0.012716399,8.452854,0.10748986,367105.491495,5599208.99067,07131
07131,2020,23674.0,10.0,23674.0,10.0,0.0,2.1559477,0.025749447,8.76078,0.22558525,367105.491495,5599208.99067,07131
07131,2021,23674.0,10.0,23674.0,10.0,0.0,2.1710203,0.02971216,8.8938265,0.2642548,367105.491495,5599208.99067,07131
07131,2022,23674.0,10.0,23674.0,10.0,0.0,2.215952,0.011313057,9.302556,0.105240345,367105.491495,5599208.99067,07131
07131,2023,23674.0,10.0,23674.0,10.0,0.0,2.2463896,0.0043177255,9.590057,0.04140723,367105.491495,5599208.99067,07131
07131,2024,23674.0,10.0,23674.0,10.0,0.0,2.2696733,0.008615892,9.81597,0.08457335,367105.491495,5599208.99067,07131
07131,2025,23674.0,10.0,23674.0,10.0,0.0,2.3225539,0.0017505228,10.349011,0.018116182,367105.491495,5599208.99067,07131
07132,2007,47660.0,25.0,5041.0,10.0,0.0045955544,1.4764354,0.029452067,4.4541326,0.1311834,402977.563182,5614551.53632,07132
07132,2008,47660.0,25.0,5041.0,10.0,0.0045955544,1.4638755,0.027106067,4.398539,0.11922709,402977.563182,5614551.53632,07132
07132,2009,47660.0,25.0,5041.0,10.0,0.0045955544,1.4082276,0.04163063,4.160455,0.17320237,402977.563182,5614551.53632,07132
07132,2010,47660.0,25.0,5041.0,10.0,0.0045955544,1.4645735,0.015720403,4.40161,0.069195084,402977.563182,5614551.53632,07132
07132,2011,47660.0,25.0,5041.0,10.0,0.0045955544,1.4777821,0.04166856,4.460135,0.18584739,402977.563182,5614551.53632,07132
07132,2012,47660.0,25.0,5041.0,10.0,0.0045955544,1.5227033,0.031492524,4.6650577,0.14691444,402977.563182,5614551.53632,07132
07132,2013,47660.0,25.0,5041.0,10.0,0.0045955544,1.4913102,0.065759964,4.520882,0.29729307,402977.563182,5614551.53632,07132
07132,2014,47660.0,25.0,5041.0,10.0,0.0045955544,1.4822756,0.02559432,4.4802217,0.11466822,402977.563182,5614551.53632,07132
07132,2015,47660.0,25.0,5041.0,10.0,0.0045955544,1.5347587,0.013907276,4.7216372,0.06566511,402977.563182,5614551.53632,07132
07132,2016,47660.0,25.0,5041.0,10.0,0.0045955544,1.5870093,0.02791045,4.9749045,0.13885184,402977.563182,5614551.53632,07132
07132,2017,47660.0,25.0,5041.0,10.0,0.0045955544,1.6156658,0.009886582,5.11953,0.05061465,402977.563182,5614551.53632,07132
07132,2018,47660.0,25.0,5041.0,10.0,0.0045955544,1.6538166,0.007266494,5.318618,0.038647704,402977.563182,5614551.53632,07132
07132,2019,47660.0,25.0,5041.0,10.0,0.0045955544,1.6912899,0.009978709,5.5217056,0.05509949,402977.563182,5614551.53632,07132
07132,2020,47660.0,25.0,5041.0,10.0,0.0045955544,1.6990575,0.023613563,5.564763,0.13140388,402977.563182,5614551.53632,07132
07132,2021,47660.0,25.0,5041.0,10.0,0.0045955544,1.7830456,0.0047131297,6.0523257,0.028525395,402977.563182,5614551.53632,07132
07132,2022,47660.0,25.0,5041.0,10.0,0.0045955544,1.8847404,0.036444526,6.7001987,0.24418555,402977.563182,5614551.53632,07132
07132,2023,47660.0,25.0,5041.0,10.0,0.0045955544,2.105735,0.061613183,8.357271,0.5149181,402977.563182,5614551.53632,07132
07132,2024,47660.0,25.0,5041.0,10.0,0.0045955544,2.0621107,0.00023385987,8.000528,0.0018710025,402977.563182,5614551.53632,07132
07132,2025,47660.0,25.0,5041.0,10.0,0.0045955544,2.0397496,0.004610521,7.8236136,0.03607093,402977.563182,5614551.53632,07132
07133,2007,29227.0,10.0,29227.0,10.0,0.0,1.7246805,0.0035595421,5.694154,0.02026858,418628.470453,5521165.4268,07133
07133,2008,29227.0,10.0,29227.0,10.0,0.0,1.733625,0.0038181369,5.7453136,0.021936394,418628.470453,5521165.4268,07133
07133,2009,29227.0,10.0,29227.0,10.0,0.0,1.7610995,0.0026786495,5.9053507,0.015818365,418628.470453,5521165.4268,07133
07133,2010,29227.0,10.0,29227.0,10.0,0.0,1.7814568,0.007363926,6.0268,0.044380914,418628.470453,5521165.4268,07133
07133,2011,29227.0,10.0,29227.0,10.0,0.0,1.8163353,0.007657658,6.240715,0.04778926,418628.470453,5521165.4268,07133
07133,2012,29227.0,10.0,29227.0,10.0,0.0,1.8464925,0.0043921946,6.431784,0.02824965,418628.470453,5521165.4268,07133
07133,2013,29227.0,10.0,29227.0,10.0,0.0,1.8474472,0.0056847534,6.4379272,0.03659803,418628.470453,5521165.4268,07133
07133,2014,29227.0,10.0,29227.0,10.0,0.0,1.860504,0.0011847557,6.522537,0.007727613,418628.470453,5521165.4268,07133
07133,2015,29227.0,10.0,29227.0,10.0,0.0,1.9168429,0.0021303233,6.9005585,0.01470042,418628.470453,5521165.4268,07133
07133,2016,29227.0,10.0,29227.0,10.0,0.0,1.9334772,0.0018946638,7.016304,0.013293537,418628.470453,5521165.4268,07133
07133,2017,29227.0,10.0,29227.0,10.0,0.0,1.9886783,0.0036335902,7.414502,0.026941262,418628.470453,5521165.4268,07133
07133,2018,29227.0,10.0,29227.0,10.0,0.0,2.0470877,0.001309285,7.8604765,0.010291604,418628.470453,5521165.4268,07133
07133,2019,29227.0,10.0,29227.0,10.0,0.0,2.0892925,0.004586947,8.1993265,0.03760988,418628.470453,5521165.4268,07133
07133,2020,29227.0,10.0,29227.0,10.0,0.0,2.1272469,0.0067633484,8.516508,0.05760011,418628.470453,5521165.4268,07133
07133,2021,29227.0,10.0,29227.0,10.0,0.0,2.150532,0.008153949,8.717142,0.07107913,418628.470453,5521165.4268,07133
07133,2022,29227.0,10.0,29227.0,10.0,0.0,2.194024,0.0047911084,9.104635,0.043621298,418628.470453,5521165.4268,07133
07133,2023,29227.0,10.0,29227.0,10.0,0.0,2.2387092,0.009083562,9.520702,0.08648189,418628.470453,5521165.4268,07133
07133,2024,29227.0,10.0,29227.0,10.0,0.0,2.2694795,0.011901683,9.818212,0.11685324,418628.470453,5521165.4268,07133
07133,2025,29227.0,10.0,29227.0,10.0,0.0,2.3441415,0.013958307,10.579318,0.14766936,418628.470453,5521165.4268,07133
07134,2007,14443.0,25.0,4823.0,10.0,-0.052132763,1.5126084,0.01824791,4.636331,0.084603354,381230.922671,5506787.94239,07134
07134,2008,14443.0,25.0,4823.0,10.0,-0.052132763,1.4395393,0.003386393,4.3096395,0.014594131,381230.922671,5506787.94239,07134
07134,2009,14443.0,25.0,4823.0,10.0,-0.052132763,1.4563565,0.013740808,4.382728,0.060222227,381230.922671,5506787.94239,07134
07134,2010,14443.0,25.0,4823.0,10.0,-0.052132763,1.4481987,0.011160241,4.3471203,0.048514914,381230.922671,5506787.94239,07134
07134,2011,14443.0,25.0,4823.0,10.0,-0.052132763,1.4358408,0.025938751,4.29373,0.11137398,381230.922671,5506787.94239,07134
07134,2012,14443.0,25.0,4823.0,10.0,-0.052132763,1.4908836,0.017658114,4.5366936,0.08010946,381230.922671,5506787.94239,07134
07134,2013,14443.0,25.0,4823.0,10.0,-0.052132763,1.514154,0.0017186725,4.643502,0.00798066,381230.922671,5506787.94239,07134
07134,2014,14443.0,25.0,4823.0,10.0,-0.052132763,1.4999721,0.0027711021,4.578114,0.012686421,381230.922671,5506787.94239,07134
07134,2015,14443.0,25.0,4823.0,10.0,-0.052132763,1.49088,0.0053165946,4.536678,0.024119677,381230.922671,5506787.94239,07134
07134,2016,14443.0,25.0,4823.0,10.0,-0.052132763,1.532615,0.034686036,4.7300224,0.16406573,381230.922671,5506787.94239,07134
07134,2017,14443.0,25.0,4823.0,10.0,-0.052132763,1.6116639,0.05706787,5.119101,0.2921362,381230.922671,5506787.94239,07134
07134,2018,14443.0,25.0,4823.0,10.0,-0.052132763,1.5888294,0.042919442,5.0035334,0.21474886,381230.922671,5506787.94239,07134
07134,2019,14443.0,25.0,4823.0,10.0,-0.052132763,1.6214057,0.036176316,5.169214,0.18700312,381230.922671,5506787.94239,07134
07134,2020,14443.0,25.0,4823.0,10.0,-0.052132763,1.6417953,0.028878149,5.275694,0.15235227,381230.922671,5506787.94239,07134
07134,2021,14443.0,25.0,4823.0,10.0,-0.052132763,1.7386293,0.011733189,5.812114,0.06819463,381230.922671,5506787.94239,07134
07134,2022,14443.0,25.0,4823.0,10.0,-0.052132763,1.8477054,0.0077259913,6.481943,0.050079435,381230.922671,5506787.94239,07134
07134,2023,14443.0,25.0,4823.0,10.0,-0.052132763,1.9007001,0.0010617543,6.8347173,0.0072567905,381230.922671,5506787.94239,07134
07134,2024,14443.0,25.0,4823.0,10.0,-0.052132763,1.9437215,0.0053566345,7.1351724,0.03822051,381230.922671,5506787.94239,07134
07134,2025,14443.0,25.0,4823.0,10.0,-0.052132763,1.9894626,0.005673823,7.4691224,0.042378478,381230.922671,5506787.94239,07134
07135,2007,17108.0,25.0,2726.0,10.0,-0.111804746,1.3687052,0.024853313,4.00891,0.09963471,374193.789316,5551206.67263,07135
07135,2008,17108.0,25.0,2726.0,10.0,-0.111804746,1.3767946,0.0030661589,4.0414715,0.0123917945,374193.789316,5551206.67263,07135
07135,2009,17108.0,25.0,2726.0,10.0,-0.111804746,1.4070269,0.004655982,4.16552,0.019394586,374193.789316,5551206.67263,07135
07135,2010,17108.0,25.0,2726.0,10.0,-0.111804746,1.4523343,0.030976966,4.3585896,0.13501588,374193.789316,5551206.67263,07135
07135,2011,17108.0,25.0,2726.0,10.0,-0.111804746,1.4228747,0.02117115,4.2320604,0.08959758,374193.789316,5551206.67263,07135
07135,2012,17108.0,25.0,2726.0,10.0,-0.111804746,1.374031,0.00861062,4.030318,0.034703538,374193.789316,5551206.67263,07135
07135,2013,17108.0,25.0,2726.0,10.0,-0.111804746,1.5331434,0.052159965,4.7254257,0.24647805,374193.789316,5551206.67263,07135
07135,2014,17108.0,25.0,2726.0,10.0,-0.111804746,1.4735227,0.054222025,4.4519267,0.24139248,374193.789316,5551206.67263,07135
07135,2015,17108.0,25.0,2726.0,10.0,-0.111804746,1.5334048,0.010807345,4.726661,0.05108266,374193.789316,5551206.67263,07135
07135,2016,17108.0,25.0,2726.0,10.0,-0.111804746,1.5534667,0.07568819,4.822444,0.3650021,374193.789316,5551206.67263,07135
07135,2017,17108.0,25.0,2726.0,10.0,-0.111804746,1.6380161,0.07036617,5.247913,0.36927548,374193.789316,5551206.67263,07135
07135,2018,17108.0,25.0,2726.0,10.0,-0.111804746,1.7437503,0.0657935,5.8331933,0.3837862,374193.789316,5551206.67263,07135
07135,2019,17108.0,25.0,2726.0,10.0,-0.111804746,1.7252337,0.05786913,5.726176,0.3313688,374193.789316,5551206.67263,07135
07135,2020,17108.0,25.0,2726.0,10.0,-0.111804746,1.807514,0.025738113,6.2172537,0.16002038,374193.789316,5551206.67263,07135
07135,2021,17108.0,25.0,2726.0,10.0,-0.111804746,1.7784773,0.0070251026,6.039321,0.042426847,374193.789316,5551206.67263,07135
07135,2022,17108.0,25.0,2726.0,10.0,-0.111804746,1.9032787,0.0017186216,6.8420887,0.011758961,374193.789316,5551206.67263,07135
07135,2023,17108.0,25.0,2726.0,10.0,-0.111804746,2.0279703,0.06392255,7.7507114,0.4954452,374193.789316,5551206.67263,07135
07135,2024,17108.0,25.0,2726.0,10.0,-0.111804746,2.0524619,0.033273622,7.9428806,0.26428843,374193.789316,5551206.67263,07135
07135,2025,17108.0,25.0,2726.0,10.0,-0.111804746,2.064334,0.014917865,8.037741,0.11990594,374193.789316,5551206.67263,07135
07137,2007,24079.0,10.0,24079.0,10.0,0.0,1.6231652,0.008029877,5.1496325,0.041350916,384390.938906,5587967.33126,07137
07137,2008,24079.0,10.0,24079.0,10.0,0.0,1.6057594,0.031237321,5.060775,0.15808505,384390.938906,5587967.33126,07137
07137,2009,24079.0,10.0,24079.0,10.0,0.0,1.6320418,0.02718268,5.195547,0.1412289,384390.938906,5587967.33126,07137
07137,2010,24079.0,10.0,24079.0,10.0,0.0,1.6613114,0.04050861,5.349866,0.21671563,384390.938906,5587967.33126,07137
07137,2011,24079.0,10.0,24079.0,10.0,0.0,1.6599635,0.022053532,5.34266,0.117824525,384390.938906,5587967.33126,07137
07137,2012,24079.0,10.0,24079.0,10.0,0.0,1.669953,0.0032776503,5.396298,0.017687177,384390.938906,5587967.33126,07137
07137,2013,24079.0,10.0,24079.0,10.0,0.0,1.7575141,0.0018206263,5.890108,0.010723686,384390.938906,5587967.33126,07137
07137,2014,24079.0,10.0,24079.0,10.0,0.0,1.7927256,0.03862613,6.101202,0.23566581,384390.938906,5587967.33126,07137
07137,2015,24079.0,10.0,24079.0,10.0,0.0,1.7534206,0.024129355,5.8660455,0.1415439,384390.938906,5587967.33126,07137
07137,2016,24079.0,10.0,24079.0,10.0,0.0,1.8251077,0.0023862661,6.3020053,0.015038261,384390.938906,5587967.33126,07137
07137,2017,24079.0,10.0,24079.0,10.0,0.0,1.9764911,0.0072959247,7.3320217,0.05349388,384390.938906,5587967.33126,07137
07137,2018,24079.0,10.0,24079.0,10.0,0.0,1.8841783,0.00855219,6.685483,0.05717552,384390.938906,5587967.33126,07137
07137,2019,24079.0,10.0,24079.0,10.0,0.0,1.9289455,0.010906547,6.9915743,0.076253936,384390.938906,5587967.33126,07137
07137,2020,24079.0,10.0,24079.0,10.0,0.0,1.95505,0.0067329407,7.1764884,0.04831887,384390.938906,5587967.33126,07137
07137,2021,24079.0,10.0,24079.0,10.0,0.0,2.025258,0.005252678,7.6984434,0.040437445,384390.938906,5587967.33126,07137
07137,2022,24079.0,10.0,24079.0,10.0,0.0,2.043363,0.03381093,7.839094,0.26504707,384390.938906,5587967.33126,07137
07137,2023,24079.0,10.0,24079.0,10.0,0.0,2.0957172,0.0074049155,8.260436,0.06116783,384390.938906,5587967.33126,07137
07137,2024,24079.0,10.0,24079.0,10.0,0.0,2.20381,0.021352159,9.203374,0.1965119,384390.938906,5587967.33126,07137
07137,2025,24079.0,10.0,24079.0,10.0,0.0,2.234654,0.017040988,9.491666,0.16174737,384390.938906,5587967.33126,07137
07138,2007,31583.0,10.0,31583.0,10.0,0.0,1.6464489,0.0022144325,5.2587223,0.011645085,392626.444223,5590683.55344,07138
07138,2008,31583.0,10.0,31583.0,10.0,0.0,1.6374431,0.024108905,5.2115765,0.1256454,392626.444223,5590683.55344,07138
07138,2009,31583.0,10.0,31583.0,10.0,0.0,1.6368989,0.008894033,5.2087407,0.046326708,392626.444223,5590683.55344,07138
07138,2010,31583.0,10.0,31583.0,10.0,0.0,1.6252038,0.007135942,5.148179,0.036737107,392626.444223,5590683.55344,07138
07138,2011,31583.0,10.0,31583.0,10.0,0.0,1.6397463,0.010565006,5.2235937,0.0551873,392626.444223,5590683.55344,07138
07138,2012,31583.0,10.0,31583.0,10.0,0.0,1.6868638,0.0058571654,5.475607,0.032071535,392626.444223,5590683.55344,07138
07138,2013,31583.0,10.0,31583.0,10.0,0.0,1.719519,0.0012469507,5.6573653,0.0070544556,392626.444223,5590683.55344,07138
07138,2014,31583.0,10.0,31583.0,10.0,0.0,1.7321377,0.005566599,5.729206,0.03189219,392626.444223,5590683.55344,07138
07138,2015,31583.0,10.0,31583.0,10.0,0.0,1.7709608,0.00094790943,5.9560056,0.005645754,392626.444223,5590683.55344,07138
07138,2016,31583.0,10.0,31583.0,10.0,0.0,1.8115338,0.013340848,6.202628,0.082748316,392626.444223,5590683.55344,07138
07138,2017,31583.0,10.0,31583.0,10.0,0.0,1.8557638,0.006042164,6.4831276,0.03917212,392626.444223,5590683.55344,07138
07138,2018,31583.0,10.0,31583.0,10.0,0.0,1.8802506,0.014576565,6.6438384,0.09684434,392626.444223,5590683.55344,07138
07138,2019,31583.0,10.0,31583.0,10.0,0.0,1.9005806,0.009681698,6.78029,0.06564472,392626.444223,5590683.55344,07138
07138,2020,31583.0,10.0,31583.0,10.0,0.0,1.934096,0.01959667,7.011385,0.1373998,392626.444223,5590683.55344,07138
07138,2021,31583.0,10.0,31583.0,10.0,0.0,1.9965975,0.0019818363,7.4635916,0.014791616,392626.444223,5590683.55344,07138
07138,2022,31583.0,10.0,31583.0,10.0,0.0,2.0772355,0.057988644,8.090372,0.46914968,392626.444223,5590683.55344,07138
07138,2023,31583.0,10.0,31583.0,10.0,0.0,2.1668956,0.034702335,8.849269,0.3070903,392626.444223,5590683.55344,07138
07138,2024,31583.0,10.0,31583.0,10.0,0.0,2.1982193,0.019907687,9.130848,0.18177405,392626.444223,5590683.55344,07138
07138,2025,31583.0,10.0,31583.0,10.0,0.0,2.194576,0.029256284,9.097641,0.26616317,392626.444223,5590683.55344,07138
07140,2007,98195.0,25.0,9358.0,10.0,0.2070591,1.6365341,0.032567225,5.2465196,0.1708646,397680.265015,5563367.61065,07140
07140,2008,98195.0,25.0,9358.0,10.0,0.2070591,1.6144289,0.023005893,5.131817,0.11806203,397680.265015,5563367.61065,07140
07140,2009,98195.0,25.0,9358.0,10.0,0.2070591,1.6073093,0.05087902,5.095411,0.2592495,397680.265015,5563367.61065,07140
07140,2010,98195.0,25.0,9358.0,10.0,0.2070591,1.6026026,0.04387385,5.0714836,0.22250551,397680.265015,5563367.61065,07140
07140,2011,98195.0,25.0,9358.0,10.0,0.2070591,1.6533769,0.008385983,5.3356347,0.044744544,397680.265015,5563367.61065,07140
07140,2012,98195.0,25.0,9358.0,10.0,0.2070591,1.6386696,0.02306655,5.2577357,0.12127783,397680.265015,5563367.61065,07140
07140,2013,98195.0,25.0,9358.0,10.0,0.2070591,1.6576006,0.0011327657,5.358218,0.0060696057,397680.265015,5563367.61065,07140
07140,2014,98195.0,25.0,9358.0,10.0,0.2070591,1.6615552,0.019216344,5.37945,0.103373356,397680.265015,5563367.61065,07140
07140,2015,98195.0,25.0,9358.0,10.0,0.2070591,1.7517918,0.03829043,5.887449,0.22543295,397680.265015,5563367.61065,07140
07140,2016,98195.0,25.0,9358.0,10.0,0.2070591,1.7818402,0.012240646,6.0670414,0.074264504,397680.265015,5563367.61065,07140
07140,2017,98195.0,25.0,9358.0,10.0,0.2070591,1.8604858,0.073281564,6.563452,0.48098004,397680.265015,5563367.61065,07140
07140,2018,98195.0,25.0,9358.0,10.0,0.2070591,1.8844736,0.07028305,6.7227974,0.47249871,397680.265015,5563367.61065,07140
07140,2019,98195.0,25.0,9358.0,10.0,0.2070591,1.9287336,0.07053579,7.0270324,0.49565727,397680.265015,5563367.61065,07140
07140,2020,98195.0,25.0,9358.0,10.0,0.2070591,1.9691455,0.08381674,7.3168244,0.61327237,397680.265015,5563367.61065,07140
07140,2021,98195.0,25.0,9358.0,10.0,0.2070591,1.9689572,0.034159534,7.3154464,0.24989223,397680.265015,5563367.61065,07140
07140,2022,98195.0,25.0,9358.0,10.0,0.2070591,2.0318694,0.011615085,7.7904625,0.090486884,397680.265015,5563367.61065,07140
07140,2023,98195.0,25.0,9358.0,10.0,0.2070591,2.1188915,0.030262915,8.498777,0.2571978,397680.265015,5563367.61065,07140
07140,2024,98195.0,25.0,9358.0,10.0,0.2070591,2.182154,0.044044204,9.053802,0.39876747,397680.265015,5563367.61065,07140
07140,2025,98195.0,25.0,9358.0,10.0,0.2070591,2.211062,0.010724083,9.31935,0.09994148,397680.265015,5563367.61065,07140
07141,2007,57747.0,10.0,57747.0,10.0,0.0,1.6796452,0.08264455,5.4662523,0.451756,404999.155724,5573440.30035,07141
07141,2008,57747.0,10.0,57747.0,10.0,0.0,1.6659877,0.10061111,5.3921046,0.5425056,404999.155724,5573440.30035,07141
07141,2009,57747.0,10.0,57747.0,10.0,0.0,1.6600212,0.064824596,5.3600287,0.34746167,404999.155724,5573440.30035,07141
07141,2010,57747.0,10.0,57747.0,10.0,0.0,1.625893,0.044133205,5.1801867,0.22861823,404999.155724,5573440.30035,07141
07141,2011,57747.0,10.0,57747.0,10.0,0.0,1.6776911,0.0906487,5.455581,0.49454138,404999.155724,5573440.30035,07141
07141,2012,57747.0,10.0,57747.0,10.0,0.0,1.6777582,0.08277989,5.455948,0.45164275,404999.155724,5573440.30035,07141
07141,2013,57747.0,10.0,57747.0,10.0,0.0,1.6857135,0.10216039,5.499524,0.5618335,404999.155724,5573440.30035,07141
07141,2014,57747.0,10.0,57747.0,10.0,0.0,1.6468294,0.078390315,5.289784,0.41466787,404999.155724,5573440.30035,07141
07141,2015,57747.0,10.0,57747.0,10.0,0.0,1.7761328,0.057563927,6.0199614,0.3465326,404999.155724,5573440.30035,07141
07141,2016,57747.0,10.0,57747.0,10.0,0.0,1.7617881,0.10420743,5.934223,0.61839014,404999.155724,5573440.30035,07141
07141,2017,57747.0,10.0,57747.0,10.0,0.0,1.8195256,0.112404816,6.286935,0.7066818,404999.155724,5573440.30035,07141
07141,2018,57747.0,10.0,57747.0,10.0,0.0,1.8547103,0.07940702,6.512077,0.5171046,404999.155724,5573440.30035,07141
07141,2019,57747.0,10.0,57747.0,10.0,0.0,1.894735,0.07334859,6.778007,0.49715725,404999.155724,5573440.30035,07141
07141,2020,57747.0,10.0,57747.0,10.0,0.0,1.9394007,0.1051054,7.0876145,0.74494654,404999.155724,5573440.30035,07141
07141,2021,57747.0,10.0,57747.0,10.0,0.0,1.9621036,0.06662109,7.250364,0.48302713,404999.155724,5573440.30035,07141
07141,2022,57747.0,10.0,57747.0,10.0,0.0,2.0561194,0.08713368,7.9650836,0.69402707,404999.155724,5573440.30035,07141
07141,2023,57747.0,10.0,57747.0,10.0,0.0,2.164962,0.07466595,8.880963,0.66310555,404999.155724,5573440.30035,07141
07141,2024,57747.0,10.0,57747.0,10.0,0.0,2.2123573,0.025576979,9.312015,0.23817319,404999.155724,5573440.30035,07141
07141,2025,57747.0,10.0,57747.0,10.0,0.0,2.2915437,0.039258517,10.07938,0.39570153,404999.155724,5573440.30035,07141
07143,2007,43427.0,25.0,5303.0,10.0,-0.15592381,1.5144217,0.024443481,4.631313,0.11320541,425897.103014,5611394.16355,07143
07143,2008,43427.0,25.0,5303.0,10.0,-0.15592381,1.5325344,0.020130362,4.715963,0.09493404,425897.103014,5611394.16355,07143
07143,2009,43427.0,25.0,5303.0,10.0,-0.15592381,1.4919816,0.019098716,4.5285435,0.08648936,425897.103014,5611394.16355,07143
07143,2010,43427.0,25.0,5303.0,10.0,-0.15592381,1.4788193,0.00027399312,4.469328,0.0012245651,425897.103014,5611394.16355,07143
07143,2011,43427.0,25.0,5303.0,10.0,-0.15592381,1.5117931,0.013827633,4.6191554,0.06387199,425897.103014,5611394.16355,07143
07143,2012,43427.0,25.0,5303.0,10.0,-0.15592381,1.4539471,0.05971026,4.359537,0.2603091,425897.103014,5611394.16355,07143
07143,2013,43427.0,25.0,5303.0,10.0,-0.15592381,1.4993336,0.023583679,4.5619597,0.10758779,425897.103014,5611394.16355,07143
07143,2014,43427.0,25.0,5303.0,10.0,-0.15592381,1.5445597,0.0096943,4.773016,0.046271045,425897.103014,5611394.16355,07143
07143,2015,43427.0,25.0,5303.0,10.0,-0.15592381,1.5455132,0.034259573,4.7775693,0.16367747,425897.103014,5611394.16355,07143
07143,2016,43427.0,25.0,5303.0,10.0,-0.15592381,1.6233011,0.045720726,5.1640434,0.23610382,425897.103014,5611394.16355,07143
07143,2017,43427.0,25.0,5303.0,10.0,-0.15592381,1.6399416,0.04564231,5.2506943,0.23965381,425897.103014,5611394.16355,07143
07143,2018,43427.0,25.0,5303.0,10.0,-0.15592381,1.7781807,0.08827234,6.0291104,0.5322037,425897.103014,5611394.16355,07143
07143,2019,43427.0,25.0,5303.0,10.0,-0.15592381,1.7478584,0.07116144,5.8490376,0.41622594,425897.103014,5611394.16355,07143
07143,2020,43427.0,25.0,5303.0,10.0,-0.15592381,1.7381139,0.06440394,5.7923183,0.37304813,425897.103014,5611394.16355,07143
07143,2021,43427.0,25.0,5303.0,10.0,-0.15592381,1.7459588,0.059351597,5.8379374,0.34649092,425897.103014,5611394.16355,07143
07143,2022,43427.0,25.0,5303.0,10.0,-0.15592381,1.888628,0.021493362,6.7331743,0.14471856,425897.103014,5611394.16355,07143
07143,2023,43427.0,25.0,5303.0,10.0,-0.15592381,2.120408,0.09036905,8.489471,0.7671855,425897.103014,5611394.16355,07143
07143,2024,43427.0,25.0,5303.0,10.0,-0.15592381,1.9932605,0.052170433,7.4758606,0.39001885,425897.103014,5611394.16355,07143
07143,2025,43427.0,25.0,5303.0,10.0,-0.15592381,2.0747132,0.018760918,8.110277,0.15215625,425897.103014,5611394.16355,07143
07211,2007,47398.0,10.0,47398.0,10.0,0.0,1.9724935,0.009688829,7.315947,0.07088295,331118.807795,5514882.05953,07211
07211,2008,47398.0,10.0,47398.0,10.0,0.0,1.9986963,0.0012989626,7.510179,0.009755442,331118.807795,5514882.05953,07211
07211,2009,47398.0,10.0,47398.0,10.0,0.0,2.027035,0.0016278737,7.7260523,0.012577038,331118.807795,5514882.05953,07211
07211,2010,47398.0,10.0,47398.0,10.0,0.0,2.0845103,0.014702537,8.183118,0.120312594,331118.807795,5514882.05953,07211
07211,2011,47398.0,10.0,47398.0,10.0,0.0,2.1269717,0.018696183,8.538067,0.15962926,331118.807795,5514882.05953,07211
07211,2012,47398.0,10.0,47398.0,10.0,0.0,2.1036105,0.012671457,8.340919,0.10569159,331118.807795,5514882.05953,07211
07211,2013,47398.0,10.0,47398.0,10.0,0.0,2.1538095,0.022689711,8.770312,0.19899584,331118.807795,5514882.05953,07211
07211,2014,47398.0,10.0,47398.0,10.0,0.0,2.1165428,0.023379609,8.449488,0.19754572,331118.807795,5514882.05953,07211
07211,2015,47398.0,10.0,47398.0,10.0,0.0,2.1122096,0.011610186,8.412952,0.097675934,331118.807795,5514882.05953,07211
07211,2016,47398.0,10.0,47398.0,10.0,0.0,2.0578778,0.00441061,7.968057,0.035143994,331118.807795,5514882.05953,07211
07211,2017,47398.0,10.0,47398.0,10.0,0.0,2.2020917,0.016848149,9.204151,0.15507291,331118.807795,5514882.05953,07211
07211,2018,47398.0,10.0,47398.0,10.0,0.0,2.2144659,0.004234425,9.318752,0.039459556,331118.807795,5514882.05953,07211
07211,2019,47398.0,10.0,47398.0,10.0,0.0,2.2724538,0.008450108,9.875102,0.08344567,331118.807795,5514882.05953,07211
07211,2020,47398.0,10.0,47398.0,10.0,0.0,2.3034937,0.0012884378,10.186432,0.013124584,331118.807795,5514882.05953,07211
07211,2021,47398.0,10.0,47398.0,10.0,0.0,2.285779,0.003129017,10.007572,0.031313863,331118.807795,5514882.05953,07211
07211,2022,47398.0,10.0,47398.0,10.0,0.0,2.3918536,0.018464645,11.127466,0.20546472,331118.807795,5514882.05953,07211
07211,2023,47398.0,10.0,47398.0,10.0,0.0,2.4532897,0.019177584,11.832533,0.22691941,331118.807795,5514882.05953,07211
07211,2024,47398.0,10.0,47398.0,10.0,0.0,2.4915764,0.02365122,12.294345,0.29077625,331118.807795,5514882.05953,07211
07211,2025,47398.0,10.0,47398.0,10.0,0.0,2.5074036,0.014928434,12.490477,0.18646325,331118.807795,5514882.05953,07211
07231,2007,14698.0,25.0,2678.0,10.0,-0.061375927,1.6564586,0.050100107,5.355315,0.26830187,350207.551249,5539533.1469,07231
07231,2008,14698.0,25.0,2678.0,10.0,-0.061375927,1.6983774,0.0104364455,5.584575,0.058283113,350207.551249,5539533.1469,07231
07231,2009,14698.0,25.0,2678.0,10.0,-0.061375927,1.6707996,0.053944685,5.432669,0.29306364,350207.551249,5539533.1469,07231
07231,2010,14698.0,25.0,2678.0,10.0,-0.061375927,1.6863732,0.013639607,5.5179377,0.0752625,350207.551249,5539533.1469,07231
07231,2011,14698.0,25.0,2678.0,10.0,-0.061375927,1.742546,0.027494887,5.8367662,0.16048123,350207.551249,5539533.1469,07231
07231,2012,14698.0,25.0,2678.0,10.0,-0.061375927,1.730957,0.04599568,5.7695155,0.26537278,350207.551249,5539533.1469,07231
07231,2013,14698.0,25.0,2678.0,10.0,-0.061375927,1.6997669,0.003080565,5.592341,0.01722757,350207.551249,5539533.1469,07231
07231,2014,14698.0,25.0,2678.0,10.0,-0.061375927,1.7426907,0.050654057,5.837611,0.29569867,350207.551249,5539533.1469,07231
07231,2015,14698.0,25.0,2678.0,10.0,-0.061375927,1.7650496,0.010517389,5.9696035,0.06278464,350207.551249,5539533.1469,07231
07231,2016,14698.0,25.0,2678.0,10.0,-0.061375927,1.7762564,0.060713775,6.0368805,0.3665218,350207.551249,5539533.1469,07231
07231,2017,14698.0,25.0,2678.0,10.0,-0.061375927,1.8810242,0.03517219,6.703671,0.23578279,350207.551249,5539533.1469,07231
07231,2018,14698.0,25.0,2678.0,10.0,-0.061375927,1.8899852,0.04623666,6.764012,0.31274533,350207.551249,5539533.1469,07231
07231,2019,14698.0,25.0,2678.0,10.0,-0.061375927,1.8876457,0.029447151,6.748206,0.19871545,350207.551249,5539533.1469,07231
07231,2020,14698.0,25.0,2678.0,10.0,-0.061375927,1.9148744,0.057241667,6.934476,0.39694095,350207.551249,5539533.1469,07231
07231,2021,14698.0,25.0,2678.0,10.0,-0.061375927,1.9650228,0.056973226,7.2910953,0.4153972,350207.551249,5539533.1469,07231
07231,2022,14698.0,25.0,2678.0,10.0,-0.061375927,2.1800106,0.030533366,9.039841,0.27601674,350207.551249,5539533.1469,07231
07231,2023,14698.0,25.0,2678.0,10.0,-0.061375927,2.2051983,0.05101656,9.270425,0.4729452,350207.551249,5539533.1469,07231
07231,2024,14698.0,25.0,2678.0,10.0,-0.061375927,2.1537411,0.03771349,8.805462,0.3320847,350207.551249,5539533.1469,07231
07231,2025,14698.0,25.0,2678.0,10.0,-0.061375927,2.220906,0.009277209,9.417192,0.08736526,350207.551249,5539533.1469,07231
07232,2007,21981.0,25.0,2956.0,10.0,-0.20785713,1.6969335,0.025285106,5.562018,0.1406362,323158.700236,5538666.59698,07232
07232,2008,21981.0,25.0,2956.0,10.0,-0.20785713,1.8577822,0.09647362,6.53263,0.6302265,323158.700236,5538666.59698,07232
07232,2009,21981.0,25.0,2956.0,10.0,-0.20785713,1.7497633,0.01281388,5.863758,0.07513749,323158.700236,5538666.59698,07232
07232,2010,21981.0,25.0,2956.0,10.0,-0.20785713,1.7775193,0.02967151,6.028793,0.17888339,323158.700236,5538666.59698,07232
07232,2011,21981.0,25.0,2956.0,10.0,-0.20785713,1.6778533,0.048785195,5.456899,0.2662159,323158.700236,5538666.59698,07232
07232,2012,21981.0,25.0,2956.0,10.0,-0.20785713,1.6914423,0.036893006,5.531559,0.20407584,323158.700236,5538666.59698,07232
07232,2013,21981.0,25.0,2956.0,10.0,-0.20785713,1.7885699,0.101826474,6.0957837,0.62071216,323158.700236,5538666.59698,07232
07232,2014,21981.0,25.0,2956.0,10.0,-0.20785713,1.7715436,0.07062957,5.992874,0.4232741,323158.700236,5538666.59698,07232
07232,2015,21981.0,25.0,2956.0,10.0,-0.20785713,1.7973342,0.04266555,6.1494436,0.2623694,323158.700236,5538666.59698,07232
07232,2016,21981.0,25.0,2956.0,10.0,-0.20785713,1.8758836,0.016479086,6.6519566,0.10961816,323158.700236,5538666.59698,07232
07232,2017,21981.0,25.0,2956.0,10.0,-0.20785713,1.8759278,0.047066674,6.652251,0.31309932,323158.700236,5538666.59698,07232
07232,2018,21981.0,25.0,2956.0,10.0,-0.20785713,1.9088628,0.05315739,6.87499,0.36545652,323158.700236,5538666.59698,07232
07232,2019,21981.0,25.0,2956.0,10.0,-0.20785713,1.9365462,0.028837768,7.067972,0.20382455,323158.700236,5538666.59698,07232
07232,2020,21981.0,25.0,2956.0,10.0,-0.20785713,1.9715095,0.058463354,7.3194623,0.4279203,323158.700236,5538666.59698,07232
07232,2021,21981.0,25.0,2956.0,10.0,-0.20785713,2.0442083,0.09623485,7.8713975,0.75750273,323158.700236,5538666.59698,07232
07232,2022,21981.0,25.0,2956.0,10.0,-0.20785713,2.057185,0.036538776,7.9742084,0.2913678,323158.700236,5538666.59698,07232
07232,2023,21981.0,25.0,2956.0,10.0,-0.20785713,2.1499588,0.044099078,8.74941,0.3858409,323158.700236,5538666.59698,07232
07232,2024,21981.0,25.0,2956.0,10.0,-0.20785713,2.1368244,0.04124839,8.6352415,0.3561898,323158.700236,5538666.59698,07232
07232,2025,21981.0,25.0,2956.0,10.0,-0.20785713,2.227705,0.04097531,9.456786,0.38749474,323158.700236,5538666.59698,07232
07233,2007,128923.0,50.0,2156.0,10.0,-0.14933008,1.4825132,0.0042753615,4.498105,0.019231025,339954.128719,5569424.70429,07233
07233,2008,128923.0,50.0,2156.0,10.0,-0.14933008,1.4484643,0.018863149,4.347527,0.08200806,339954.128719,5569424.70429,07233
07233,2009,128923.0,50.0,2156.0,10.0,-0.14933008,1.4287151,0.028239658,4.26251,0.12037182,339954.128719,5569424.70429,07233
07233,2010,128923.0,50.0,2156.0,10.0,-0.14933008,1.4595624,0.022202203,4.3960457,0.09760189,339954.128719,5569424.70429,07233
07233,2011,128923.0,50.0,2156.0,10.0,-0.14933008,1.4846959,0.004558102,4.507934,0.020547623,339954.128719,5569424.70429,07233
07233,2012,128923.0,50.0,2156.0,10.0,-0.14933008,1.4792175,0.007639099,4.483305,0.03424841,339954.128719,5569424.70429,07233
07233,2013,128923.0,50.0,2156.0,10.0,-0.14933008,1.5372927,0.0041553113,4.7513833,0.019743476,339954.128719,5569424.70429,07233
07233,2014,128923.0,50.0,2156.0,10.0,-0.14933008,1.5215385,0.014958343,4.677115,0.06996189,339954.128719,5569424.70429,07233
07233,2015,128923.0,50.0,2156.0,10.0,-0.14933008,1.5573932,0.021804102,4.8478546,0.10570311,339954.128719,5569424.70429,07233
07233,2016,128923.0,50.0,2156.0,10.0,-0.14933008,1.6148704,0.007731488,5.134659,0.039698556,339954.128719,5569424.70429,07233
07233,2017,128923.0,50.0,2156.0,10.0,-0.14933008,1.648482,0.0023757736,5.310176,0.012615776,339954.128719,5569424.70429,07233
07233,2018,128923.0,50.0,2156.0,10.0,-0.14933008,1.6630874,0.0032027534,5.388303,0.017257405,339954.128719,5569424.70429,07233
07233,2019,128923.0,50.0,2156.0,10.0,-0.14933008,1.739474,0.032666173,5.816025,0.18998727,339954.128719,5569424.70429,07233
07233,2020,128923.0,50.0,2156.0,10.0,-0.14933008,1.7394271,0.027147552,5.8157525,0.15788344,339954.128719,5569424.70429,07233
07233,2021,128923.0,50.0,2156.0,10.0,-0.14933008,1.725997,0.018037098,5.738168,0.10349989,339954.128719,5569424.70429,07233
07233,2022,128923.0,50.0,2156.0,10.0,-0.14933008,1.9521521,0.022215737,7.194344,0.15982765,339954.128719,5569424.70429,07233
07233,2023,128923.0,50.0,2156.0,10.0,-0.14933008,2.11371,0.043276653,8.455802,0.36593884,339954.128719,5569424.70429,07233
07233,2024,128923.0,50.0,2156.0,10.0,-0.14933008,2.0497744,0.008145052,7.932098,0.064607345,339954.128719,5569424.70429,07233
07233,2025,128923.0,50.0,2156.0,10.0,-0.14933008,2.0950928,0.033947416,8.299837,0.28175804,339954.128719,5569424.70429,07233
07235,2007,56598.0,25.0,2109.0,10.0,0.14828084,1.7172523,0.020040775,5.6895795,0.11402357,347965.493234,5512324.29522,07235
07235,2008,56598.0,25.0,2109.0,10.0,0.14828084,1.6686281,0.04162803,5.4195466,0.22560504,347965.493234,5512324.29522,07235
07235,2009,56598.0,25.0,2109.0,10.0,0.14828084,1.7172991,0.03145772,5.689846,0.17898957,347965.493234,5512324.29522,07235
07235,2010,56598.0,25.0,2109.0,10.0,0.14828084,1.7230625,0.07938347,5.7227335,0.45429045,347965.493234,5512324.29522,07235
07235,2011,56598.0,25.0,2109.0,10.0,0.14828084,1.6760474,0.09195837,5.4599056,0.502084,347965.493234,5512324.29522,07235
07235,2012,56598.0,25.0,2109.0,10.0,0.14828084,1.8437245,0.053621072,6.4566364,0.34621176,347965.493234,5512324.29522,07235
07235,2013,56598.0,25.0,2109.0,10.0,0.14828084,1.8467818,0.03191251,6.476407,0.20667839,347965.493234,5512324.29522,07235
07235,2014,56598.0,25.0,2109.0,10.0,0.14828084,1.8254759,0.0009798409,6.339881,0.0062120743,347965.493234,5512324.29522,07235
07235,2015,56598.0,25.0,2109.0,10.0,0.14828084,1.8439986,0.008002666,6.4584064,0.051684465,347965.493234,5512324.29522,07235
07235,2016,56598.0,25.0,2109.0,10.0,0.14828084,1.8493996,0.001076903,6.493383,0.0069927434,347965.493234,5512324.29522,07235
07235,2017,56598.0,25.0,2109.0,10.0,0.14828084,1.941228,0.026830511,7.1178956,0.19097678,347965.493234,5512324.29522,07235
07235,2018,56598.0,25.0,2109.0,10.0,0.14828084,1.9258868,0.037379704,7.009531,0.2620142,347965.493234,5512324.29522,07235
07235,2019,56598.0,25.0,2109.0,10.0,0.14828084,2.0399804,0.06578768,7.8566823,0.51687294,347965.493234,5512324.29522,07235
07235,2020,56598.0,25.0,2109.0,10.0,0.14828084,2.015177,0.034502685,7.664207,0.2644357,347965.493234,5512324.29522,07235
07235,2021,56598.0,25.0,2109.0,10.0,0.14828084,1.940901,0.07457513,7.115568,0.5306444,347965.493234,5512324.29522,07235
07235,2022,56598.0,25.0,2109.0,10.0,0.14828084,2.059976,0.035430063,8.015363,0.2839848,347965.493234,5512324.29522,07235
07235,2023,56598.0,25.0,2109.0,10.0,0.14828084,2.1928039,0.035211682,9.153974,0.3223268,347965.493234,5512324.29522,07235
07235,2024,56598.0,25.0,2109.0,10.0,0.14828084,2.1838663,0.089676216,9.072522,0.8135895,347965.493234,5512324.29522,07235
07235,2025,56598.0,25.0,2109.0,10.0,0.14828084,2.1735203,0.03966021,8.979141,0.35611466,347965.493234,5512324.29522,07235
07311,2007,120997.0,10.0,120997.0,10.0,0.0,1.8058845,0.0007833203,6.191735,0.0048501114,453466.233349,5486916.89392,07311
07311,2008,120997.0,10.0,120997.0,10.0,0.0,1.7857387,0.002732907,6.0682454,0.01658395,453466.233349,5486916.89392,07311
07311,2009,120997.0,10.0,120997.0,10.0,0.0,1.7749468,0.012626248,6.00311,0.07579675,453466.233349,5486916.89392,07311
07311,2010,120997.0,10.0,120997.0,10.0,0.0,1.7950546,0.017380696,6.1250405,0.10645747,453466.233349,5486916.89392,07311
07311,2011,120997.0,10.0,120997.0,10.0,0.0,1.8140376,0.0049458677,6.2424226,0.030874195,453466.233349,5486916.89392,07311
07311,2012,120997.0,10.0,120997.0,10.0,0.0,1.8192831,0.018241856,6.275254,0.114472285,453466.233349,5486916.89392,07311
07311,2013,120997.0,10.0,120997.0,10.0,0.0,1.8422991,0.0038461247,6.4213595,0.02469735,453466.233349,5486916.89392,07311
07311,2014,120997.0,10.0,120997.0,10.0,0.0,1.8453486,0.035599135,6.440972,0.22929303,453466.233349,5486916.89392,07311
07311,2015,120997.0,10.0,120997.0,10.0,0.0,1.8614929,0.037853867,6.5458,0.24778384,453466.233349,5486916.89392,07311
07311,2016,120997.0,10.0,120997.0,10.0,0.0,1.9316477,0.018343955,7.021511,0.1288023,453466.233349,5486916.89392,07311
07311,2017,120997.0,10.0,120997.0,10.0,0.0,1.9749495,0.0075899754,7.3322344,0.05565148,453466.233349,5486916.89392,07311
07311,2018,120997.0,10.0,120997.0,10.0,0.0,2.002531,0.019061442,7.537283,0.14367148,453466.233349,5486916.89392,07311
07311,2019,120997.0,10.0,120997.0,10.0,0.0,2.0376189,0.015112713,7.8064446,0.11797656,453466.233349,5486916.89392,07311
07311,2020,120997.0,10.0,120997.0,10.0,0.0,2.0742192,0.016287522,8.097457,0.1318875,453466.233349,5486916.89392,07311
07311,2021,120997.0,10.0,120997.0,10.0,0.0,2.13526,0.0062136934,8.60713,0.053482067,453466.233349,5486916.89392,07311
07311,2022,120997.0,10.0,120997.0,10.0,0.0,2.1899986,0.012918841,9.091406,0.117450416,453466.233349,5486916.89392,07311
07311,2023,120997.0,10.0,120997.0,10.0,0.0,2.2713895,0.01993491,9.8623085,0.19660424,453466.233349,5486916.89392,07311
07311,2024,120997.0,10.0,120997.0,10.0,0.0,2.2899141,0.0016012841,10.046706,0.016087633,453466.233349,5486916.89392,07311
07311,2025,120997.0,10.0,120997.0,10.0,0.0,2.3495417,0.00791636,10.663987,0.08441996,453466.233349,5486916.89392,07311
07312,2007,47856.0,10.0,47856.0,10.0,0.0,1.7031131,0.0021384582,5.5844984,0.011942217,410146.221696,5476306.46683,07312
07312,2008,47856.0,10.0,47856.0,10.0,0.0,1.7095636,0.009157027,5.620638,0.051468335,410146.221696,5476306.46683,07312
07312,2009,47856.0,10.0,47856.0,10.0,0.0,1.691748,0.007350865,5.52139,0.040586993,410146.221696,5476306.46683,07312
07312,2010,47856.0,10.0,47856.0,10.0,0.0,1.710519,0.0022640843,5.62601,0.01273776,410146.221696,5476306.46683,07312
07312,2011,47856.0,10.0,47856.0,10.0,0.0,1.7325335,0.0062786415,5.7512374,0.036109958,410146.221696,5476306.46683,07312
07312,2012,47856.0,10.0,47856.0,10.0,0.0,1.7552602,0.008743389,5.883441,0.05144121,410146.221696,5476306.46683,07312
07312,2013,47856.0,10.0,47856.0,10.0,0.0,1.808676,0.003709834,6.206254,0.023024173,410146.221696,5476306.46683,07312
07312,2014,47856.0,10.0,47856.0,10.0,0.0,1.8307121,0.0046617924,6.344534,0.029576901,410146.221696,5476306.46683,07312
07312,2015,47856.0,10.0,47856.0,10.0,0.0,1.8358308,0.0015892463,6.3770933,0.0101347715,410146.221696,5476306.46683,07312
07312,2016,47856.0,10.0,47856.0,10.0,0.0,1.8694237,0.00010981693,6.5949574,0.000724238,410146.221696,5476306.46683,07312
07312,2017,47856.0,10.0,47856.0,10.0,0.0,1.9506117,0.0060113915,7.152724,0.042997822,410146.221696,5476306.46683,07312
07312,2018,47856.0,10.0,47856.0,10.0,0.0,1.9781083,0.01394863,7.3521285,0.102552116,410146.221696,5476306.46683,07312
07312,2019,47856.0,10.0,47856.0,10.0,0.0,2.0334044,0.0133034745,7.770123,0.10336964,410146.221696,5476306.46683,07312
07312,2020,47856.0,10.0,47856.0,10.0,0.0,2.0924714,0.005767002,8.242906,0.04753685,410146.221696,5476306.46683,07312
07312,2021,47856.0,10.0,47856.0,10.0,0.0,2.1324239,0.0035611943,8.578897,0.03055112,410146.221696,5476306.46683,07312
07312,2022,47856.0,10.0,47856.0,10.0,0.0,2.1838412,0.0120197525,9.031538,0.10855686,410146.221696,5476306.46683,07312
07312,2023,47856.0,10.0,47856.0,10.0,0.0,2.2452478,0.0049506016,9.603517,0.047543183,410146.221696,5476306.46683,07312
07312,2024,47856.0,10.0,47856.0,10.0,0.0,2.3365622,0.0055606663,10.521742,0.058507897,410146.221696,5476306.46683,07312
07312,2025,47856.0,10.0,47856.0,10.0,0.0,2.407785,0.002701945,11.298461,0.030527819,410146.221696,5476306.46683,07312
07313,2007,22709.0,10.0,22709.0,10.0,0.0,1.8205005,0.0019638408,6.272665,0.012318516,435159.6838,5449650.0112,07313
07313,2008,22709.0,10.0,22709.0,10.0,0.0,1.8428926,0.00058301183,6.414708,0.0037398508,435159.6838,5449650.0112,07313
07313,2009,22709.0,10.0,22709.0,10.0,0.0,1.8256354,0.007105938,6.3049583,0.044802643,435159.6838,5449650.0112,07313
07313,2010,22709.0,10.0,22709.0,10.0,0.0,1.8730491,0.005679936,6.6110992,0.03755062,435159.6838,5449650.0112,07313
07313,2011,22709.0,10.0,22709.0,10.0,0.0,1.8930439,0.007739331,6.744617,0.052198824,435159.6838,5449650.0112,07313
07313,2012,22709.0,10.0,22709.0,10.0,0.0,1.9260241,0.012799719,6.970765,0.08922384,435159.6838,5449650.0112,07313
07313,2013,22709.0,10.0,22709.0,10.0,0.0,1.9179581,0.006290343,6.914765,0.043496244,435159.6838,5449650.0112,07313
07313,2014,22709.0,10.0,22709.0,10.0,0.0,1.9940686,0.00456164,7.4615974,0.03403712,435159.6838,5449650.0112,07313
07313,2015,22709.0,10.0,22709.0,10.0,0.0,2.0061784,0.0066215107,7.5525055,0.050008997,435159.6838,5449650.0112,07313
07313,2016,22709.0,10.0,22709.0,10.0,0.0,2.0404294,0.0015377372,7.815666,0.012018441,435159.6838,5449650.0112,07313
07313,2017,22709.0,10.0,22709.0,10.0,0.0,2.108603,0.0015959372,8.36707,0.013353319,435159.6838,5449650.0112,07313
07313,2018,22709.0,10.0,22709.0,10.0,0.0,2.146656,0.0052588684,8.6916,0.04570798,435159.6838,5449650.0112,07313
07313,2019,22709.0,10.0,22709.0,10.0,0.0,2.193474,0.002162545,9.108198,0.019696888,435159.6838,5449650.0112,07313
07313,2020,22709.0,10.0,22709.0,10.0,0.0,2.2248573,0.00033947153,9.398577,0.0031905493,435159.6838,5449650.0112,07313
07313,2021,22709.0,10.0,22709.0,10.0,0.0,2.2527483,0.0035134503,9.664401,0.03395539,435159.6838,5449650.0112,07313
07313,2022,22709.0,10.0,22709.0,10.0,0.0,2.2788305,0.006075439,9.9197855,0.060267057,435159.6838,5449650.0112,07313
07313,2023,22709.0,10.0,22709.0,10.0,0.0,2.3172953,0.0017794255,10.308783,0.018343711,435159.6838,5449650.0112,07313
07313,2024,22709.0,10.0,22709.0,10.0,0.0,2.3587132,0.0116496915,10.744714,0.1251726,435159.6838,5449650.0112,07313
07313,2025,22709.0,10.0,22709.0,10.0,0.0,2.420428,0.016544988,11.428712,0.18908791,435159.6838,5449650.0112,07313
07314,2007,209773.0,10.0,209773.0,10.0,0.0,1.8376459,0.07744055,6.406515,0.49612406,456309.867178,5481222.59309,07314
07314,2008,209773.0,10.0,209773.0,10.0,0.0,1.8720037,0.08548304,6.6304536,0.5667913,456309.867178,5481222.59309,07314
07314,2009,209773.0,10.0,209773.0,10.0,0.0,1.8633457,0.0934519,6.5732956,0.61428696,456309.867178,5481222.59309,07314
07314,2010,209773.0,10.0,209773.0,10.0,0.0,1.8705279,0.079913445,6.620676,0.52908105,456309.867178,5481222.59309,07314
07314,2011,209773.0,10.0,209773.0,10.0,0.0,1.9099426,0.07489656,6.886839,0.51580054,456309.867178,5481222.59309,07314
07314,2012,209773.0,10.0,209773.0,10.0,0.0,1.9001617,0.080069385,6.819808,0.5460579,456309.867178,5481222.59309,07314
07314,2013,209773.0,10.0,209773.0,10.0,0.0,1.9347705,0.07196026,7.059965,0.508037,456309.867178,5481222.59309,07314
07314,2014,209773.0,10.0,209773.0,10.0,0.0,1.9791083,0.07478544,7.380031,0.55191886,456309.867178,5481222.59309,07314
07314,2015,209773.0,10.0,209773.0,10.0,0.0,1.966178,0.04956276,7.28522,0.3610756,456309.867178,5481222.59309,07314
07314,2016,209773.0,10.0,209773.0,10.0,0.0,2.0056837,0.07363197,7.5787883,0.5580411,456309.867178,5481222.59309,07314
07314,2017,209773.0,10.0,209773.0,10.0,0.0,2.1380787,0.09204525,8.651634,0.7963418,456309.867178,5481222.59309,07314
07314,2018,209773.0,10.0,209773.0,10.0,0.0,2.1666827,0.114622846,8.902679,1.0204505,456309.867178,5481222.59309,07314
07314,2019,209773.0,10.0,209773.0,10.0,0.0,2.2109594,0.11200668,9.305718,1.0423026,456309.867178,5481222.59309,07314
07314,2020,209773.0,10.0,209773.0,10.0,0.0,2.2814803,0.09336327,9.985658,0.93229365,456309.867178,5481222.59309,07314
07314,2021,209773.0,10.0,209773.0,10.0,0.0,2.3153558,0.09458451,10.3297205,0.9770316,456309.867178,5481222.59309,07314
07314,2022,209773.0,10.0,209773.0,10.0,0.0,2.333214,0.08691611,10.515849,0.91399664,456309.867178,5481222.59309,07314
07314,2023,209773.0,10.0,209773.0,10.0,0.0,2.399504,0.07450911,11.2365675,0.8372266,456309.867178,5481222.59309,07314
07314,2024,209773.0,10.0,209773.0,10.0,0.0,2.416844,0.07166896,11.433109,0.819399,456309.867178,5481222.59309,07314
07314,2025,209773.0,10.0,209773.0,10.0,0.0,2.4348533,0.08064342,11.640878,0.9387603,456309.867178,5481222.59309,07314
07315,2007,181188.0,10.0,181188.0,10.0,0.0,2.1249418,0.03438555,8.53241,0.29339162,445612.848176,5536038.04855,07315
07315,2008,181188.0,10.0,181188.0,10.0,0.0,2.13427,0.015966255,8.612374,0.13750735,445612.848176,5536038.04855,07315
07315,2009,181188.0,10.0,181188.0,10.0,0.0,2.1514618,0.010174144,8.761718,0.089142986,445612.848176,5536038.04855,07315
07315,2010,181188.0,10.0,181188.0,10.0,0.0,2.177257,0.0162505,8.990669,0.14610286,445612.848176,5536038.04855,07315
07315,2011,181188.0,10.0,181188.0,10.0,0.0,2.1795971,0.013750965,9.011732,0.12392001,445612.848176,5536038.04855,07315
07315,2012,181188.0,10.0,181188.0,10.0,0.0,2.2097454,0.0060232677,9.287557,0.05594144,445612.848176,5536038.04855,07315
07315,2013,181188.0,10.0,181188.0,10.0,0.0,2.165824,0.01080448,8.888461,0.096035205,445612.848176,5536038.04855,07315
07315,2014,181188.0,10.0,181188.0,10.0,0.0,2.2700837,0.0019443023,9.865204,0.01918094,445612.848176,5536038.04855,07315
07315,2015,181188.0,10.0,181188.0,10.0,0.0,2.2622364,0.01474635,9.788091,0.14433861,445612.848176,5536038.04855,07315
07315,2016,181188.0,10.0,181188.0,10.0,0.0,2.2470887,0.002541902,9.640942,0.024506329,445612.848176,5536038.04855,07315
07315,2017,181188.0,10.0,181188.0,10.0,0.0,2.3931339,0.0072579146,11.156963,0.080976285,445612.848176,5536038.04855,07315
07315,2018,181188.0,10.0,181188.0,10.0,0.0,2.4302623,0.0033717821,11.578993,0.03904184,445612.848176,5536038.04855,07315
07315,2019,181188.0,10.0,181188.0,10.0,0.0,2.4784086,0.002654899,12.150114,0.032257326,445612.848176,5536038.04855,07315
07315,2020,181188.0,10.0,181188.0,10.0,0.0,2.534427,0.0033616154,12.850168,0.043197323,445612.848176,5536038.04855,07315
07315,2021,181188.0,10.0,181188.0,10.0,0.0,2.5378504,0.0010002147,12.894236,0.012897004,445612.848176,5536038.04855,07315
07315,2022,181188.0,10.0,181188.0,10.0,0.0,2.5877295,0.0071217073,13.553699,0.09652547,445612.848176,5536038.04855,07315
07315,2023,181188.0,10.0,181188.0,10.0,0.0,2.599722,0.00511908,13.71722,0.070219554,445612.848176,5536038.04855,07315
07315,2024,181188.0,10.0,181188.0,10.0,0.0,2.6210306,0.012952001,14.012653,0.1814919,445612.848176,5536038.04855,07315
07315,2025,181188.0,10.0,181188.0,10.0,0.0,2.678423,0.01029077,14.840396,0.1527191,445612.848176,5536038.04855,07315
07316,2007,27753.0,10.0,27753.0,10.0,0.0,1.8169847,0.009977922,6.2404294,0.062266517,438418.359064,5465812.71653,07316
07316,2008,27753.0,10.0,27753.0,10.0,0.0,1.8072975,0.006911922,6.1802692,0.042717535,438418.359064,5465812.71653,07316
07316,2009,27753.0,10.0,27753.0,10.0,0.0,1.7825058,0.0138541255,6.028933,0.0835256,438418.359064,5465812.71653,07316
07316,2010,27753.0,10.0,27753.0,10.0,0.0,1.8360386,0.0069331536,6.3604746,0.044098146,438418.359064,5465812.71653,07316
07316,2011,27753.0,10.0,27753.0,10.0,0.0,1.8628117,0.013704312,6.533064,0.089531146,438418.359064,5465812.71653,07316
07316,2012,27753.0,10.0,27753.0,10.0,0.0,1.8943342,0.014164525,6.7422824,0.09550123,438418.359064,5465812.71653,07316
07316,2013,27753.0,10.0,27753.0,10.0,0.0,1.9025303,0.008424335,6.79777,0.057266697,438418.359064,5465812.71653,07316
07316,2014,27753.0,10.0,27753.0,10.0,0.0,1.92484,8.554669e-05,6.9511304,0.0005946462,438418.359064,5465812.71653,07316
07316,2015,27753.0,10.0,27753.0,10.0,0.0,1.9282074,0.00785044,6.9745774,0.054753505,438418.359064,5465812.71653,07316
07316,2016,27753.0,10.0,27753.0,10.0,0.0,1.927716,0.0065306206,6.971151,0.04552594,438418.359064,5465812.71653,07316
07316,2017,27753.0,10.0,27753.0,10.0,0.0,2.0300837,0.0055337627,7.7225766,0.042734906,438418.359064,5465812.71653,07316
07316,2018,27753.0,10.0,27753.0,10.0,0.0,2.0759513,4.2606665e-05,8.085042,0.00034447666,438418.359064,5465812.71653,07316
07316,2019,27753.0,10.0,27753.0,10.0,0.0,2.1280165,0.008596389,8.517141,0.07321666,438418.359064,5465812.71653,07316
07316,2020,27753.0,10.0,27753.0,10.0,0.0,2.1482205,0.0014303477,8.690973,0.012431114,438418.359064,5465812.71653,07316
07316,2021,27753.0,10.0,27753.0,10.0,0.0,2.1711633,0.009832043,8.892673,0.08743314,438418.359064,5465812.71653,07316
07316,2022,27753.0,10.0,27753.0,10.0,0.0,2.2278092,0.007374992,9.410946,0.06940565,438418.359064,5465812.71653,07316
07316,2023,27753.0,10.0,27753.0,10.0,0.0,2.277855,0.0063987635,9.893908,0.063308775,438418.359064,5465812.71653,07316
07316,2024,27753.0,10.0,27753.0,10.0,0.0,2.3155792,0.008227301,10.274278,0.08452957,438418.359064,5465812.71653,07316
07316,2025,27753.0,10.0,27753.0,10.0,0.0,2.358159,0.0069056437,10.721203,0.074036814,438418.359064,5465812.71653,07316
07317,2007,30996.0,25.0,9779.0,10.0,-0.0491851,1.5049348,0.021335986,4.59037,0.097940065,397603.528925,5450324.76959,07317
07317,2008,30996.0,25.0,9779.0,10.0,-0.0491851,1.4610934,0.013484072,4.3934693,0.05924186,397603.528925,5450324.76959,07317
07317,2009,30996.0,25.0,9779.0,10.0,-0.0491851,1.4217117,0.010706879,4.2238097,0.045223825,397603.528925,5450324.76959,07317
07317,2010,30996.0,25.0,9779.0,10.0,-0.0491851,1.4424462,0.009720483,4.3123026,0.041917663,397603.528925,5450324.76959,07317
07317,2011,30996.0,25.0,9779.0,10.0,-0.0491851,1.4443772,0.012668047,4.3206377,0.054734044,397603.528925,5450324.76959,07317
07317,2012,30996.0,25.0,9779.0,10.0,-0.0491851,1.4289995,0.0054542143,4.2547045,0.02320607,397603.528925,5450324.76959,07317
07317,2013,30996.0,25.0,9779.0,10.0,-0.0491851,1.455128,0.008628443,4.367338,0.037683327,397603.528925,5450324.76959,07317
07317,2014,30996.0,25.0,9779.0,10.0,-0.0491851,1.4716856,0.0027716022,4.4402533,0.012306616,397603.528925,5450324.76959,07317
07317,2015,30996.0,25.0,9779.0,10.0,-0.0491851,1.4825788,0.007719827,4.488886,0.03465342,397603.528925,5450324.76959,07317
07317,2016,30996.0,25.0,9779.0,10.0,-0.0491851,1.5096564,0.0024925936,4.6120954,0.011496078,397603.528925,5450324.76959,07317
07317,2017,30996.0,25.0,9779.0,10.0,-0.0491851,1.53022,0.025741024,4.707918,0.121186644,397603.528925,5450324.76959,07317
07317,2018,30996.0,25.0,9779.0,10.0,-0.0491851,1.5390631,0.011159623,4.7497354,0.053005256,397603.528925,5450324.76959,07317
07317,2019,30996.0,25.0,9779.0,10.0,-0.0491851,1.6159614,0.02042012,5.1293926,0.1047428,397603.528925,5450324.76959,07317
07317,2020,30996.0,25.0,9779.0,10.0,-0.0491851,1.6396608,0.010050076,5.252408,0.0527871,397603.528925,5450324.76959,07317
07317,2021,30996.0,25.0,9779.0,10.0,-0.0491851,1.6793419,0.011027196,5.4650197,0.06026385,397603.528925,5450324.76959,07317
07317,2022,30996.0,25.0,9779.0,10.0,-0.0491851,1.736587,0.011362062,5.7869935,0.06575217,397603.528925,5450324.76959,07317
07317,2023,30996.0,25.0,9779.0,10.0,-0.0491851,1.8107578,0.014597918,6.2325377,0.09098207,397603.528925,5450324.76959,07317
07317,2024,30996.0,25.0,9779.0,10.0,-0.0491851,1.877029,0.017457755,6.6595693,0.116261125,397603.528925,5450324.76959,07317
07317,2025,30996.0,25.0,9779.0,10.0,-0.0491851,1.9141877,0.030169234,6.911685,0.20852023,397603.528925,5450324.76959,07317
07318,2007,40513.0,10.0,40513.0,10.0,0.0,1.9548384,0.0018281152,7.154955,0.013080082,458949.104825,5464260.94461,07318
07318,2008,40513.0,10.0,40513.0,10.0,0.0,1.9724703,0.011057128,7.2822285,0.08052053,458949.104825,5464260.94461,07318
07318,2009,40513.0,10.0,40513.0,10.0,0.0,1.9060382,0.023730854,6.8141737,0.16170615,458949.104825,5464260.94461,07318
07318,2010,40513.0,10.0,40513.0,10.0,0.0,1.9432155,0.020933082,7.072274,0.1480445,458949.104825,5464260.94461,07318
07318,2011,40513.0,10.0,40513.0,10.0,0.0,1.9907163,0.0068924376,7.4163203,0.051116526,458949.104825,5464260.94461,07318
07318,2012,40513.0,10.0,40513.0,10.0,0.0,1.9935809,0.0057555223,7.4375954,0.042807244,458949.104825,5464260.94461,07318
07318,2013,40513.0,10.0,40513.0,10.0,0.0,2.0352113,0.024333084,7.7537603,0.18867292,458949.104825,5464260.94461,07318
07318,2014,40513.0,10.0,40513.0,10.0,0.0,2.0830486,0.018032132,8.133694,0.14666784,458949.104825,5464260.94461,07318
07318,2015,40513.0,10.0,40513.0,10.0,0.0,2.0219097,0.007649179,7.651306,0.058526214,458949.104825,5464260.94461,07318
07318,2016,40513.0,10.0,40513.0,10.0,0.0,2.0698483,0.0014483944,8.027032,0.011626309,458949.104825,5464260.94461,07318
07318,2017,40513.0,10.0,40513.0,10.0,0.0,2.150487,0.0059230463,8.701136,0.051537227,458949.104825,5464260.94461,07318
07318,2018,40513.0,10.0,40513.0,10.0,0.0,2.1952226,0.01813924,9.099226,0.16505304,458949.104825,5464260.94461,07318
07318,2019,40513.0,10.0,40513.0,10.0,0.0,2.2469342,0.00250495,9.582139,0.024002777,458949.104825,5464260.94461,07318
07318,2020,40513.0,10.0,40513.0,10.0,0.0,2.2937274,0.0014276287,10.041175,0.01433507,458949.104825,5464260.94461,07318
07318,2021,40513.0,10.0,40513.0,10.0,0.0,2.3200927,0.0034826007,10.309435,0.035903644,458949.104825,5464260.94461,07318
07318,2022,40513.0,10.0,40513.0,10.0,0.0,2.3518877,0.0007552206,10.642489,0.008037427,458949.104825,5464260.94461,07318
07318,2023,40513.0,10.0,40513.0,10.0,0.0,2.4186077,0.0004996244,11.376779,0.005684116,458949.104825,5464260.94461,07318
07318,2024,40513.0,10.0,40513.0,10.0,0.0,2.4463172,0.00065472245,11.696431,0.0076579163,458949.104825,5464260.94461,07318
07318,2025,40513.0,10.0,40513.0,10.0,0.0,2.4350278,0.011381583,11.56513,0.13162948,458949.104825,5464260.94461,07318
07319,2007,31788.0,10.0,31788.0,10.0,0.0,1.722411,0.014852204,5.669381,0.08420281,451237.257156,5499871.47224,07319
07319,2008,31788.0,10.0,31788.0,10.0,0.0,1.7539345,0.008127903,5.8509464,0.04755592,451237.257156,5499871.47224,07319
07319,2009,31788.0,10.0,31788.0,10.0,0.0,1.7410538,0.0062295813,5.7760653,0.03598247,451237.257156,5499871.47224,07319
07319,2010,31788.0,10.0,31788.0,10.0,0.0,1.7571391,0.012230617,5.8697267,0.07179038,451237.257156,5499871.47224,07319
07319,2011,31788.0,10.0,31788.0,10.0,0.0,1.7857504,0.0032792557,6.0400925,0.019807007,451237.257156,5499871.47224,07319
07319,2012,31788.0,10.0,31788.0,10.0,0.0,1.8018018,0.017041175,6.1378264,0.10459578,451237.257156,5499871.47224,07319
07319,2013,31788.0,10.0,31788.0,10.0,0.0,1.8213573,0.010365259,6.259036,0.064876534,451237.257156,5499871.47224,07319
07319,2014,31788.0,10.0,31788.0,10.0,0.0,1.8579918,0.01689049,6.492585,0.10966294,451237.257156,5499871.47224,07319
07319,2015,31788.0,10.0,31788.0,10.0,0.0,1.912358,0.004616132,6.8553333,0.031645123,451237.257156,5499871.47224,07319
07319,2016,31788.0,10.0,31788.0,10.0,0.0,1.9641042,0.0012033476,7.219409,0.008687458,451237.257156,5499871.47224,07319
07319,2017,31788.0,10.0,31788.0,10.0,0.0,2.0081031,0.0076089557,7.5441465,0.057403076,451237.257156,5499871.47224,07319
07319,2018,31788.0,10.0,31788.0,10.0,0.0,2.0256977,0.0024786624,7.678058,0.019031314,451237.257156,5499871.47224,07319
07319,2019,31788.0,10.0,31788.0,10.0,0.0,2.089139,0.0009874802,8.180946,0.008078523,451237.257156,5499871.47224,07319
07319,2020,31788.0,10.0,31788.0,10.0,0.0,2.1200001,0.0037509215,8.437357,0.031647865,451237.257156,5499871.47224,07319
07319,2021,31788.0,10.0,31788.0,10.0,0.0,2.1340284,0.0066945623,8.556553,0.057282373,451237.257156,5499871.47224,07319
07319,2022,31788.0,10.0,31788.0,10.0,0.0,2.2051365,0.006548969,9.187146,0.060166337,451237.257156,5499871.47224,07319
07319,2023,31788.0,10.0,31788.0,10.0,0.0,2.2624702,0.0048901523,9.729273,0.047577627,451237.257156,5499871.47224,07319
07319,2024,31788.0,10.0,31788.0,10.0,0.0,2.2987328,0.0032418342,10.088555,0.032705422,451237.257156,5499871.47224,07319
07319,2025,31788.0,10.0,31788.0,10.0,0.0,2.353898,0.0051681376,10.660731,0.055096127,451237.257156,5499871.47224,07319
07320,2007,12168.0,10.0,12168.0,10.0,0.0,1.614222,0.0019467961,5.1106935,0.009949478,381036.61344,5456331.3366,07320
07320,2008,12168.0,10.0,12168.0,10.0,0.0,1.5827528,0.002151178,4.9523687,0.010653426,381036.61344,5456331.3366,07320
07320,2009,12168.0,10.0,12168.0,10.0,0.0,1.6025968,0.005409751,5.051625,0.027328031,381036.61344,5456331.3366,07320
07320,2010,12168.0,10.0,12168.0,10.0,0.0,1.5919778,0.00030714474,4.9982657,0.0015351911,381036.61344,5456331.3366,07320
07320,2011,12168.0,10.0,12168.0,10.0,0.0,1.6251915,0.009412276,5.167063,0.048633825,381036.61344,5456331.3366,07320
07320,2012,12168.0,10.0,12168.0,10.0,0.0,1.650193,0.035548992,5.297877,0.1883342,381036.61344,5456331.3366,07320
07320,2013,12168.0,10.0,12168.0,10.0,0.0,1.6429636,0.03712822,5.2597146,0.19528385,381036.61344,5456331.3366,07320
07320,2014,12168.0,10.0,12168.0,10.0,0.0,1.6692345,0.006293663,5.3997226,0.033984035,381036.61344,5456331.3366,07320
07320,2015,12168.0,10.0,12168.0,10.0,0.0,1.6642897,0.010020785,5.373088,0.05384256,381036.61344,5456331.3366,07320
07320,2016,12168.0,10.0,12168.0,10.0,0.0,1.6985469,0.009727244,5.560344,0.054086827,381036.61344,5456331.3366,07320
07320,2017,12168.0,10.0,12168.0,10.0,0.0,1.6877909,0.002014503,5.500858,0.011081495,381036.61344,5456331.3366,07320
07320,2018,12168.0,10.0,12168.0,10.0,0.0,1.7519352,0.0070347176,5.865269,0.041260514,381036.61344,5456331.3366,07320
07320,2019,12168.0,10.0,12168.0,10.0,0.0,1.755238,0.009242413,5.8846726,0.05438857,381036.61344,5456331.3366,07320
07320,2020,12168.0,10.0,12168.0,10.0,0.0,1.8083651,0.017969988,6.205762,0.11151747,381036.61344,5456331.3366,07320
07320,2021,12168.0,10.0,12168.0,10.0,0.0,1.8662541,0.019569289,6.575609,0.12867999,381036.61344,5456331.3366,07320
07320,2022,12168.0,10.0,12168.0,10.0,0.0,1.9073306,0.0054618455,6.8513365,0.037420943,381036.61344,5456331.3366,07320
07320,2023,12168.0,10.0,12168.0,10.0,0.0,2.0433316,0.0010981493,7.8494596,0.008619878,381036.61344,5456331.3366,07320
07320,2024,12168.0,10.0,12168.0,10.0,0.0,2.0453732,0.05109909,7.8655014,0.40192,381036.61344,5456331.3366,07320
07320,2025,12168.0,10.0,12168.0,10.0,0.0,2.0698614,0.02168703,8.060492,0.17480813,381036.61344,5456331.3366,07320
07331,2007,119142.0,25.0,9694.0,10.0,-0.034254055,1.6574103,0.01724194,5.3238974,0.09179431,435391.121199,5510761.22875,07331
07331,2008,119142.0,25.0,9694.0,10.0,-0.034254055,1.6631525,0.0049181012,5.354556,0.026334248,435391.121199,5510761.22875,07331
07331,2009,119142.0,25.0,9694.0,10.0,-0.034254055,1.6617936,0.013433334,5.347285,0.07183187,435391.121199,5510761.22875,07331
07331,2010,119142.0,25.0,9694.0,10.0,-0.034254055,1.6767313,0.017923754,5.427761,0.09728586,435391.121199,5510761.22875,07331
07331,2011,119142.0,25.0,9694.0,10.0,-0.034254055,1.6785847,0.010760176,5.43783,0.058512006,435391.121199,5510761.22875,07331
07331,2012,119142.0,25.0,9694.0,10.0,-0.034254055,1.6934748,0.004655435,5.5194054,0.025695233,435391.121199,5510761.22875,07331
07331,2013,119142.0,25.0,9694.0,10.0,-0.034254055,1.7117691,0.031313963,5.6213083,0.17602545,435391.121199,5510761.22875,07331
07331,2014,119142.0,25.0,9694.0,10.0,-0.034254055,1.7121648,0.018864548,5.6235332,0.10608541,435391.121199,5510761.22875,07331
07331,2015,119142.0,25.0,9694.0,10.0,-0.034254055,1.7590677,0.010849401,5.8935766,0.06394178,435391.121199,5510761.22875,07331
07331,2016,119142.0,25.0,9694.0,10.0,-0.034254055,1.8019625,0.017910274,6.1518807,0.110181876,435391.121199,5510761.22875,07331
07331,2017,119142.0,25.0,9694.0,10.0,-0.034254055,1.8303992,0.013153403,6.3293304,0.08325223,435391.121199,5510761.22875,07331
07331,2018,119142.0,25.0,9694.0,10.0,-0.034254055,1.890258,0.016721813,6.7197657,0.11236666,435391.121199,5510761.22875,07331
07331,2019,119142.0,25.0,9694.0,10.0,-0.034254055,1.9156631,0.021555733,6.8926697,0.14857654,435391.121199,5510761.22875,07331
07331,2020,119142.0,25.0,9694.0,10.0,-0.034254055,1.9679509,0.035565853,7.262661,0.25830275,435391.121199,5510761.22875,07331
07331,2021,119142.0,25.0,9694.0,10.0,-0.034254055,2.0221636,0.024705768,7.667258,0.18942548,435391.121199,5510761.22875,07331
07331,2022,119142.0,25.0,9694.0,10.0,-0.034254055,2.0777967,0.017876733,8.105898,0.14490697,435391.121199,5510761.22875,07331
07331,2023,119142.0,25.0,9694.0,10.0,-0.034254055,2.139733,0.01614342,8.623822,0.13921799,435391.121199,5510761.22875,07331
07331,2024,119142.0,25.0,9694.0,10.0,-0.034254055,2.2227802,0.0035786896,9.3705845,0.03353441,435391.121199,5510761.22875,07331
07331,2025,119142.0,25.0,9694.0,10.0,-0.034254055,2.2609582,0.0037278607,9.735253,0.036291666,435391.121199,5510761.22875,07331
07332,2007,12220.0,10.0,12220.0,10.0,0.0,1.8570234,0.060412165,6.5080996,0.3931684,433843.251072,5478329.66952,07332
07332,2008,12220.0,10.0,12220.0,10.0,0.0,1.7556784,0.014268243,5.880857,0.0839095,433843.251072,5478329.66952,07332
07332,2009,12220.0,10.0,12220.0,10.0,0.0,1.7614566,0.018821465,5.9149365,0.11132777,433843.251072,5478329.66952,07332
07332,2010,12220.0,10.0,12220.0,10.0,0.0,1.8247801,0.073029086,6.3016043,0.46020037,433843.251072,5478329.66952,07332
07332,2011,12220.0,10.0,12220.0,10.0,0.0,1.8478211,0.039104827,6.448485,0.2521669,433843.251072,5478329.66952,07332
07332,2012,12220.0,10.0,12220.0,10.0,0.0,1.9802932,0.106008776,7.3618946,0.7804254,433843.251072,5478329.66952,07332
07332,2013,12220.0,10.0,12220.0,10.0,0.0,1.888279,0.044412944,6.7147264,0.29822075,433843.251072,5478329.66952,07332
07332,2014,12220.0,10.0,12220.0,10.0,0.0,1.9285843,0.014766755,6.9908943,0.103232816,433843.251072,5478329.66952,07332
07332,2015,12220.0,10.0,12220.0,10.0,0.0,1.8915617,0.06609125,6.736806,0.44524392,433843.251072,5478329.66952,07332
07332,2016,12220.0,10.0,12220.0,10.0,0.0,1.9653429,0.022749193,7.2526507,0.16499195,433843.251072,5478329.66952,07332
07332,2017,12220.0,10.0,12220.0,10.0,0.0,2.041329,0.041633353,7.8252296,0.32579055,433843.251072,5478329.66952,07332
07332,2018,12220.0,10.0,12220.0,10.0,0.0,2.0478456,0.03841572,7.876391,0.30257723,433843.251072,5478329.66952,07332
07332,2019,12220.0,10.0,12220.0,10.0,0.0,2.164575,0.016966697,8.851609,0.15018259,433843.251072,5478329.66952,07332
07332,2020,12220.0,10.0,12220.0,10.0,0.0,2.1787927,0.042668693,8.978356,0.38309473,433843.251072,5478329.66952,07332
07332,2021,12220.0,10.0,12220.0,10.0,0.0,2.0765042,0.029199224,8.105384,0.23667091,433843.251072,5478329.66952,07332
07332,2022,12220.0,10.0,12220.0,10.0,0.0,2.1939754,0.041738138,9.115713,0.3804729,433843.251072,5478329.66952,07332
07332,2023,12220.0,10.0,12220.0,10.0,0.0,2.262219,0.03702699,9.759519,0.36136562,433843.251072,5478329.66952,07332
07332,2024,12220.0,10.0,12220.0,10.0,0.0,2.3710644,0.1856529,10.881765,2.0202312,433843.251072,5478329.66952,07332
07332,2025,12220.0,10.0,12220.0,10.0,0.0,2.3600974,0.007944183,10.763077,0.085503854,433843.251072,5478329.66952,07332
07333,2007,57090.0,25.0,3679.0,10.0,0.0951694,1.5389614,0.057892963,4.7383304,0.27431598,415035.78478,5509131.10103,07333
07333,2008,57090.0,25.0,3679.0,10.0,0.0951694,1.4779773,0.048810203,4.458002,0.217596,415035.78478,5509131.10103,07333
07333,2009,57090.0,25.0,3679.0,10.0,0.0951694,1.5760406,0.011657712,4.917322,0.057324726,415035.78478,5509131.10103,07333
07333,2010,57090.0,25.0,3679.0,10.0,0.0951694,1.5858322,0.022233302,4.9657073,0.11040407,415035.78478,5509131.10103,07333
07333,2011,57090.0,25.0,3679.0,10.0,0.0951694,1.6379315,0.011598027,5.2312746,0.06067247,415035.78478,5509131.10103,07333
07333,2012,57090.0,25.0,3679.0,10.0,0.0951694,1.6634889,0.031739853,5.366695,0.17033811,415035.78478,5509131.10103,07333
07333,2013,57090.0,25.0,3679.0,10.0,0.0951694,1.6701782,0.005520853,5.402715,0.029827598,415035.78478,5509131.10103,07333
07333,2014,57090.0,25.0,3679.0,10.0,0.0951694,1.686561,0.031801045,5.491956,0.17464995,415035.78478,5509131.10103,07333
07333,2015,57090.0,25.0,3679.0,10.0,0.0951694,1.7540908,0.040036134,5.8756356,0.23523775,415035.78478,5509131.10103,07333
07333,2016,57090.0,25.0,3679.0,10.0,0.0951694,1.7679788,0.02885625,5.9578056,0.17191993,415035.78478,5509131.10103,07333
07333,2017,57090.0,25.0,3679.0,10.0,0.0951694,1.810102,0.032642115,6.2141285,0.2028423,415035.78478,5509131.10103,07333
07333,2018,57090.0,25.0,3679.0,10.0,0.0951694,1.898879,0.031425145,6.7910295,0.2134091,415035.78478,5509131.10103,07333
07333,2019,57090.0,25.0,3679.0,10.0,0.0951694,1.9737788,0.036656,7.3192096,0.26829293,415035.78478,5509131.10103,07333
07333,2020,57090.0,25.0,3679.0,10.0,0.0951694,1.9718925,0.053965006,7.3054156,0.3942368,415035.78478,5509131.10103,07333
07333,2021,57090.0,25.0,3679.0,10.0,0.0951694,2.0091927,0.04212042,7.583054,0.31940144,415035.78478,5509131.10103,07333
07333,2022,57090.0,25.0,3679.0,10.0,0.0951694,2.0331347,0.016999327,7.766799,0.13203037,415035.78478,5509131.10103,07333
07333,2023,57090.0,25.0,3679.0,10.0,0.0951694,2.1071386,0.02633557,8.363375,0.22025424,415035.78478,5509131.10103,07333
07333,2024,57090.0,25.0,3679.0,10.0,0.0951694,2.093842,0.006695005,8.252908,0.055253256,415035.78478,5509131.10103,07333
07333,2025,57090.0,25.0,3679.0,10.0,0.0951694,2.2205849,0.015681725,9.368081,0.14690767,415035.78478,5509131.10103,07333
07334,2007,18409.0,10.0,18409.0,10.0,0.0,1.7599782,0.013893736,5.8868093,0.08178977,454209.450316,5451388.85264,07334
07334,2008,18409.0,10.0,18409.0,10.0,0.0,1.7563725,0.015454384,5.8656206,0.09064955,454209.450316,5451388.85264,07334
07334,2009,18409.0,10.0,18409.0,10.0,0.0,1.7539105,0.019412,5.8511977,0.11358345,454209.450316,5451388.85264,07334
07334,2010,18409.0,10.0,18409.0,10.0,0.0,1.7709347,0.006437808,5.9516625,0.038315658,454209.450316,5451388.85264,07334
07334,2011,18409.0,10.0,18409.0,10.0,0.0,1.7757446,0.01732893,5.980358,0.1036332,454209.450316,5451388.85264,07334
07334,2012,18409.0,10.0,18409.0,10.0,0.0,1.7504345,0.031478167,5.8308945,0.18354586,454209.450316,5451388.85264,07334
07334,2013,18409.0,10.0,18409.0,10.0,0.0,1.8217764,0.0351041,6.2620792,0.21982466,454209.450316,5451388.85264,07334
07334,2014,18409.0,10.0,18409.0,10.0,0.0,1.8310276,0.02695982,6.3202796,0.1703936,454209.450316,5451388.85264,07334
07334,2015,18409.0,10.0,18409.0,10.0,0.0,1.859273,0.034133073,6.5013437,0.22191083,454209.450316,5451388.85264,07334
07334,2016,18409.0,10.0,18409.0,10.0,0.0,1.9479675,0.033041183,7.104322,0.23473519,454209.450316,5451388.85264,07334
07334,2017,18409.0,10.0,18409.0,10.0,0.0,1.949824,0.012163072,7.117523,0.08657094,454209.450316,5451388.85264,07334
07334,2018,18409.0,10.0,18409.0,10.0,0.0,2.0290718,0.013305089,7.704524,0.10250938,454209.450316,5451388.85264,07334
07334,2019,18409.0,10.0,18409.0,10.0,0.0,2.1015525,0.019045776,8.283689,0.15776928,454209.450316,5451388.85264,07334
07334,2020,18409.0,10.0,18409.0,10.0,0.0,2.1711304,0.0056872475,8.880574,0.05050602,454209.450316,5451388.85264,07334
07334,2021,18409.0,10.0,18409.0,10.0,0.0,2.2000978,0.024318645,9.141584,0.22231095,454209.450316,5451388.85264,07334
07334,2022,18409.0,10.0,18409.0,10.0,0.0,2.2332184,0.009889551,9.4494295,0.09345062,454209.450316,5451388.85264,07334
07334,2023,18409.0,10.0,18409.0,10.0,0.0,2.271059,0.015289852,9.813852,0.15005235,454209.450316,5451388.85264,07334
07334,2024,18409.0,10.0,18409.0,10.0,0.0,2.3409832,0.02076426,10.524639,0.21853633,454209.450316,5451388.85264,07334
07334,2025,18409.0,10.0,18409.0,10.0,0.0,2.375896,0.024438836,10.898574,0.26634845,454209.450316,5451388.85264,07334
07335,2007,77811.0,25.0,6617.0,10.0,0.040097006,1.7524503,0.008050622,5.8971972,0.047476105,386724.795767,5472228.75707,07335
07335,2008,77811.0,25.0,6617.0,10.0,0.040097006,1.8147534,0.0134767145,6.2762976,0.08458387,386724.795767,5472228.75707,07335
07335,2009,77811.0,25.0,6617.0,10.0,0.040097006,1.7911129,0.007866188,6.1296625,0.048217077,386724.795767,5472228.75707,07335
07335,2010,77811.0,25.0,6617.0,10.0,0.040097006,1.7991652,0.026890885,6.17922,0.1661647,386724.795767,5472228.75707,07335
07335,2011,77811.0,25.0,6617.0,10.0,0.040097006,1.7719054,0.019081667,6.0130506,0.11473903,386724.795767,5472228.75707,07335
07335,2012,77811.0,25.0,6617.0,10.0,0.040097006,1.8275064,0.014533373,6.356852,0.09238649,386724.795767,5472228.75707,07335
07335,2013,77811.0,25.0,6617.0,10.0,0.040097006,1.8018235,0.07621509,6.1956677,0.47220337,386724.795767,5472228.75707,07335
07335,2014,77811.0,25.0,6617.0,10.0,0.040097006,1.7979844,0.003611428,6.1719275,0.022289472,386724.795767,5472228.75707,07335
07335,2015,77811.0,25.0,6617.0,10.0,0.040097006,1.8191885,0.017013386,6.3041954,0.107255705,386724.795767,5472228.75707,07335
07335,2016,77811.0,25.0,6617.0,10.0,0.040097006,1.8044711,0.035078883,6.2120934,0.2179133,386724.795767,5472228.75707,07335
07335,2017,77811.0,25.0,6617.0,10.0,0.040097006,1.8638699,0.020275194,6.5922637,0.13365942,386724.795767,5472228.75707,07335
07335,2018,77811.0,25.0,6617.0,10.0,0.040097006,1.9029555,0.032218866,6.855027,0.22086123,386724.795767,5472228.75707,07335
07335,2019,77811.0,25.0,6617.0,10.0,0.040097006,1.9137849,0.048910733,6.929667,0.3389351,386724.795767,5472228.75707,07335
07335,2020,77811.0,25.0,6617.0,10.0,0.040097006,1.9431542,0.04064373,7.1362047,0.29004195,386724.795767,5472228.75707,07335
07335,2021,77811.0,25.0,6617.0,10.0,0.040097006,1.9758866,0.01668017,7.3736544,0.122993805,386724.795767,5472228.75707,07335
07335,2022,77811.0,25.0,6617.0,10.0,0.040097006,2.060702,0.017645834,8.026342,0.14163151,386724.795767,5472228.75707,07335
07335,2023,77811.0,25.0,6617.0,10.0,0.040097006,2.1749525,0.011436264,8.997793,0.10290114,386724.795767,5472228.75707,07335
07335,2024,77811.0,25.0,6617.0,10.0,0.040097006,2.2612762,0.007108993,9.809027,0.0697323,386724.795767,5472228.75707,07335
07335,2025,77811.0,25.0,6617.0,10.0,0.040097006,2.3374376,0.021706007,10.585281,0.22976421,386724.795767,5472228.75707,07335
07336,2007,41586.0,25.0,1673.0,10.0,0.0150824925,1.4476717,0.056693163,4.3460155,0.24638936,402841.229941,5502205.76432,07336
07336,2008,41586.0,25.0,1673.0,10.0,0.0150824925,1.5136812,0.046212636,4.642574,0.2145456,402841.229941,5502205.76432,07336
07336,2009,41586.0,25.0,1673.0,10.0,0.0150824925,1.4312247,0.013212789,4.275121,0.05648628,402841.229941,5502205.76432,07336
07336,2010,41586.0,25.0,1673.0,10.0,0.0150824925,1.4217283,0.008291422,4.234715,0.03511181,402841.229941,5502205.76432,07336
07336,2011,41586.0,25.0,1673.0,10.0,0.0150824925,1.3907481,0.051286288,4.1055346,0.21055764,402841.229941,5502205.76432,07336
07336,2012,41586.0,25.0,1673.0,10.0,0.0150824925,1.4915663,0.03370272,4.541031,0.15304509,402841.229941,5502205.76432,07336
07336,2013,41586.0,25.0,1673.0,10.0,0.0150824925,1.4171972,0.018497469,4.2155714,0.0779774,402841.229941,5502205.76432,07336
07336,2014,41586.0,25.0,1673.0,10.0,0.0150824925,1.4711053,0.04151089,4.449062,0.18468451,402841.229941,5502205.76432,07336
07336,2015,41586.0,25.0,1673.0,10.0,0.0150824925,1.3545003,0.053692393,3.9593828,0.21258873,402841.229941,5502205.76432,07336
07336,2016,41586.0,25.0,1673.0,10.0,0.0150824925,1.4455094,0.07903165,4.336629,0.34273094,402841.229941,5502205.76432,07336
07336,2017,41586.0,25.0,1673.0,10.0,0.0150824925,1.4742571,0.014952238,4.463106,0.06673342,402841.229941,5502205.76432,07336
07336,2018,41586.0,25.0,1673.0,10.0,0.0150824925,1.4778489,0.005018595,4.4791656,0.022479119,402841.229941,5502205.76432,07336
07336,2019,41586.0,25.0,1673.0,10.0,0.0150824925,1.5438387,0.0087011745,4.7847157,0.041632645,402841.229941,5502205.76432,07336
07336,2020,41586.0,25.0,1673.0,10.0,0.0150824925,1.6172478,0.07466563,5.1491704,0.38446605,402841.229941,5502205.76432,07336
07336,2021,41586.0,25.0,1673.0,10.0,0.0150824925,1.6105287,0.063159466,5.1146884,0.32304102,402841.229941,5502205.76432,07336
07336,2022,41586.0,25.0,1673.0,10.0,0.0150824925,1.7412755,0.09972611,5.8291044,0.5813139,402841.229941,5502205.76432,07336
07336,2023,41586.0,25.0,1673.0,10.0,0.0150824925,1.9185851,0.010300181,6.9599547,0.07168879,402841.229941,5502205.76432,07336
07336,2024,41586.0,25.0,1673.0,10.0,0.0150824925,1.8401934,0.013164868,6.4351892,0.08471841,402841.229941,5502205.76432,07336
07336,2025,41586.0,25.0,1673.0,10.0,0.0150824925,1.8665879,0.039098095,6.6073046,0.25833303,402841.229941,5502205.76432,07336
07337,2007,19967.0,10.0,19967.0,10.0,0.0,1.7692223,0.03322834,5.963617,0.1981611,429598.6316,5452432.6416,07337
07337,2008,19967.0,10.0,19967.0,10.0,0.0,1.7955263,0.03619264,6.122565,0.2215918,429598.6316,5452432.6416,07337
07337,2009,19967.0,10.0,19967.0,10.0,0.0,1.7557235,0.047420934,5.8836555,0.27900845,429598.6316,5452432.6416,07337
07337,2010,19967.0,10.0,19967.0,10.0,0.0,1.7969087,0.065070115,6.131035,0.39894715,429598.6316,5452432.6416,07337
07337,2011,19967.0,10.0,19967.0,10.0,0.0,1.8285896,0.0818954,6.3283806,0.5182653,429598.6316,5452432.6416,07337
07337,2012,19967.0,10.0,19967.0,10.0,0.0,1.8893099,0.084088445,6.7245483,0.5654568,429598.6316,5452432.6416,07337
07337,2013,19967.0,10.0,19967.0,10.0,0.0,1.8459265,0.028664717,6.439052,0.18457362,429598.6316,5452432.6416,07337
07337,2014,19967.0,10.0,19967.0,10.0,0.0,1.9093053,0.0941226,6.8603616,0.64571506,429598.6316,5452432.6416,07337
07337,2015,19967.0,10.0,19967.0,10.0,0.0,1.9033031,0.09282655,6.819308,0.6330129,429598.6316,5452432.6416,07337
07337,2016,19967.0,10.0,19967.0,10.0,0.0,1.9832807,0.07052375,7.3871017,0.52096605,429598.6316,5452432.6416,07337
07337,2017,19967.0,10.0,19967.0,10.0,0.0,2.052899,0.076004066,7.9197035,0.60192966,429598.6316,5452432.6416,07337
07337,2018,19967.0,10.0,19967.0,10.0,0.0,2.113329,0.097033516,8.413048,0.8163476,429598.6316,5452432.6416,07337
07337,2019,19967.0,10.0,19967.0,10.0,0.0,2.1061602,0.06064004,8.352952,0.5065234,429598.6316,5452432.6416,07337
07337,2020,19967.0,10.0,19967.0,10.0,0.0,2.1609125,0.089963734,8.823048,0.7937543,429598.6316,5452432.6416,07337
07337,2021,19967.0,10.0,19967.0,10.0,0.0,2.2011018,0.08894083,9.184862,0.81690925,429598.6316,5452432.6416,07337
07337,2022,19967.0,10.0,19967.0,10.0,0.0,2.2275906,0.06342172,9.431408,0.5981561,429598.6316,5452432.6416,07337
07337,2023,19967.0,10.0,19967.0,10.0,0.0,2.2509837,0.025053384,9.654639,0.24188139,429598.6316,5452432.6416,07337
07337,2024,19967.0,10.0,19967.0,10.0,0.0,2.316197,0.025067868,10.305232,0.2583302,429598.6316,5452432.6416,07337
07337,2025,19967.0,10.0,19967.0,10.0,0.0,2.356487,0.027165107,10.728908,0.29145193,429598.6316,5452432.6416,07337
07338,2007,61833.0,10.0,61833.0,10.0,0.0,1.7846484,0.009537009,6.036,0.057565387,454700.391551,5492669.53417,07338
07338,2008,61833.0,10.0,61833.0,10.0,0.0,1.7494518,0.007488798,5.827248,0.043639082,454700.391551,5492669.53417,07338
07338,2009,61833.0,10.0,61833.0,10.0,0.0,1.7647053,0.016615517,5.9168158,0.098310955,454700.391551,5492669.53417,07338
07338,2010,61833.0,10.0,61833.0,10.0,0.0,1.7927356,0.020599587,6.085012,0.12534875,454700.391551,5492669.53417,07338
07338,2011,61833.0,10.0,61833.0,10.0,0.0,1.7797444,0.001181079,6.006471,0.007094117,454700.391551,5492669.53417,07338
07338,2012,61833.0,10.0,61833.0,10.0,0.0,1.826964,0.008638651,6.296898,0.054396704,454700.391551,5492669.53417,07338
07338,2013,61833.0,10.0,61833.0,10.0,0.0,1.8519539,0.01643322,6.456239,0.1060968,454700.391551,5492669.53417,07338
07338,2014,61833.0,10.0,61833.0,10.0,0.0,1.8524925,0.0065450747,6.4597178,0.042279333,454700.391551,5492669.53417,07338
07338,2015,61833.0,10.0,61833.0,10.0,0.0,1.906946,0.007359706,6.821225,0.05020221,454700.391551,5492669.53417,07338
07338,2016,61833.0,10.0,61833.0,10.0,0.0,1.9416008,0.010215446,7.0617576,0.072139,454700.391551,5492669.53417,07338
07338,2017,61833.0,10.0,61833.0,10.0,0.0,1.9742715,0.003950349,7.29628,0.028822852,454700.391551,5492669.53417,07338
07338,2018,61833.0,10.0,61833.0,10.0,0.0,2.0343866,0.0061447495,7.748348,0.047611658,454700.391551,5492669.53417,07338
07338,2019,61833.0,10.0,61833.0,10.0,0.0,2.080598,0.0108137475,8.114814,0.08775155,454700.391551,5492669.53417,07338
07338,2020,61833.0,10.0,61833.0,10.0,0.0,2.091292,0.037653558,8.202057,0.3088366,454700.391551,5492669.53417,07338
07338,2021,61833.0,10.0,61833.0,10.0,0.0,2.185556,0.012832846,9.012829,0.11566025,454700.391551,5492669.53417,07338
07338,2022,61833.0,10.0,61833.0,10.0,0.0,2.2558463,0.0003457418,9.669139,0.0033430257,454700.391551,5492669.53417,07338
07338,2023,61833.0,10.0,61833.0,10.0,0.0,2.2934291,0.013844078,10.039448,0.1389869,454700.391551,5492669.53417,07338
07338,2024,61833.0,10.0,61833.0,10.0,0.0,2.3317912,0.057931233,10.432067,0.60434246,454700.391551,5492669.53417,07338
07338,2025,61833.0,10.0,61833.0,10.0,0.0,2.409353,0.019064229,11.273401,0.21491872,454700.391551,5492669.53417,07338
07339,2007,34947.0,10.0,34947.0,10.0,0.0,1.8000396,0.011081288,6.1424737,0.06806652,423662.406304,5533371.45502,07339
07339,2008,34947.0,10.0,34947.0,10.0,0.0,1.8313632,0.0150169665,6.337923,0.095176384,423662.406304,5533371.45502,07339
07339,2009,34947.0,10.0,34947.0,10.0,0.0,1.751152,0.01897361,5.849406,0.11098433,423662.406304,5533371.45502,07339
07339,2010,34947.0,10.0,34947.0,10.0,0.0,1.7727463,0.011888804,5.9770927,0.07106048,423662.406304,5533371.45502,07339
07339,2011,34947.0,10.0,34947.0,10.0,0.0,1.7919667,0.009473795,6.093086,0.057724647,423662.406304,5533371.45502,07339
07339,2012,34947.0,10.0,34947.0,10.0,0.0,1.8290213,0.00014647759,6.3230987,0.00092619215,423662.406304,5533371.45502,07339
07339,2013,34947.0,10.0,34947.0,10.0,0.0,1.8888253,0.009735868,6.712781,0.06535476,423662.406304,5533371.45502,07339
07339,2014,34947.0,10.0,34947.0,10.0,0.0,1.9132166,0.016300138,6.8785276,0.11212095,423662.406304,5533371.45502,07339
07339,2015,34947.0,10.0,34947.0,10.0,0.0,1.9256284,0.019707356,6.964434,0.13725057,423662.406304,5533371.45502,07339
07339,2016,34947.0,10.0,34947.0,10.0,0.0,2.0240297,0.008563172,7.684595,0.06580451,423662.406304,5533371.45502,07339
07339,2017,34947.0,10.0,34947.0,10.0,0.0,2.0639677,0.0060192365,7.997714,0.04814013,423662.406304,5533371.45502,07339
07339,2018,34947.0,10.0,34947.0,10.0,0.0,2.1156452,0.008308509,8.42188,0.06997327,423662.406304,5533371.45502,07339
07339,2019,34947.0,10.0,34947.0,10.0,0.0,2.1268957,0.0033328184,8.517167,0.02838617,423662.406304,5533371.45502,07339
07339,2020,34947.0,10.0,34947.0,10.0,0.0,2.1358597,0.005139679,8.593857,0.044169668,423662.406304,5533371.45502,07339
07339,2021,34947.0,10.0,34947.0,10.0,0.0,2.1664472,0.0077373614,8.860782,0.06855907,423662.406304,5533371.45502,07339
07339,2022,34947.0,10.0,34947.0,10.0,0.0,2.1816657,0.009320285,8.996662,0.08385146,423662.406304,5533371.45502,07339
07339,2023,34947.0,10.0,34947.0,10.0,0.0,2.2604012,0.022746911,9.733653,0.22141054,423662.406304,5533371.45502,07339
07339,2024,34947.0,10.0,34947.0,10.0,0.0,2.270894,0.015610316,9.836325,0.15354812,423662.406304,5533371.45502,07339
07339,2025,34947.0,10.0,34947.0,10.0,0.0,2.3446083,0.0068148714,10.588795,0.07216127,423662.406304,5533371.45502,07339
07340,2007,32326.0,25.0,5862.0,15.0,-0.025610154,1.5935433,0.064297974,5.0070043,0.3219402,416924.393487,5434994.92549,07340
07340,2008,32326.0,25.0,5862.0,15.0,-0.025610154,1.588472,0.018159762,4.981676,0.090466045,416924.393487,5434994.92549,07340
07340,2009,32326.0,25.0,5862.0,15.0,-0.025610154,1.5387332,0.034183733,4.739955,0.16202936,416924.393487,5434994.92549,07340
07340,2010,32326.0,25.0,5862.0,15.0,-0.025610154,1.544551,0.03565225,4.7676115,0.16997609,416924.393487,5434994.92549,07340
07340,2011,32326.0,25.0,5862.0,15.0,-0.025610154,1.586335,0.084776096,4.9710417,0.4214255,416924.393487,5434994.92549,07340
07340,2012,32326.0,25.0,5862.0,15.0,-0.025610154,1.5529573,0.011420022,4.8078585,0.054905847,416924.393487,5434994.92549,07340
07340,2013,32326.0,25.0,5862.0,15.0,-0.025610154,1.630156,0.045703035,5.1937213,0.23736882,416924.393487,5434994.92549,07340
07340,2014,32326.0,25.0,5862.0,15.0,-0.025610154,1.6672257,0.062840685,5.389864,0.33870277,416924.393487,5434994.92549,07340
07340,2015,32326.0,25.0,5862.0,15.0,-0.025610154,1.6941968,0.05205006,5.5372124,0.28821224,416924.393487,5434994.92549,07340
07340,2016,32326.0,25.0,5862.0,15.0,-0.025610154,1.7090766,0.019431707,5.6202216,0.1092105,416924.393487,5434994.92549,07340
07340,2017,32326.0,25.0,5862.0,15.0,-0.025610154,1.7618421,0.017040983,5.924739,0.10096338,416924.393487,5434994.92549,07340
07340,2018,32326.0,25.0,5862.0,15.0,-0.025610154,1.7857558,0.027900234,6.068128,0.1693022,416924.393487,5434994.92549,07340
07340,2019,32326.0,25.0,5862.0,15.0,-0.025610154,1.8320568,0.055718314,6.3556943,0.35412857,416924.393487,5434994.92549,07340
07340,2020,32326.0,25.0,5862.0,15.0,-0.025610154,1.8463885,0.005760718,6.4474382,0.037141874,416924.393487,5434994.92549,07340
07340,2021,32326.0,25.0,5862.0,15.0,-0.025610154,1.8970349,0.034419,6.782388,0.23344302,416924.393487,5434994.92549,07340
07340,2022,32326.0,25.0,5862.0,15.0,-0.025610154,1.9817994,0.06373384,7.382363,0.4705063,416924.393487,5434994.92549,07340
07340,2023,32326.0,25.0,5862.0,15.0,-0.025610154,2.027183,0.08034153,7.7251215,0.6206481,416924.393487,5434994.92549,07340
07340,2024,32326.0,25.0,5862.0,15.0,-0.025610154,2.0594163,0.053189598,7.9781837,0.4243564,416924.393487,5434994.92549,07340
07340,2025,32326.0,25.0,5862.0,15.0,-0.025610154,2.0664856,0.0490208,8.034783,0.39387152,416924.393487,5434994.92549,07340
08111,2007,382424.0,10.0,382424.0,10.0,0.0,2.2281487,0.0060793357,9.640469,0.058607645,512638.584563,5402407.22932,08111
08111,2008,382424.0,10.0,382424.0,10.0,0.0,2.2687466,0.009878445,10.039906,0.09917866,512638.584563,5402407.22932,08111
08111,2009,382424.0,10.0,382424.0,10.0,0.0,2.281377,0.011093855,10.167518,0.11279697,512638.584563,5402407.22932,08111
08111,2010,382424.0,10.0,382424.0,10.0,0.0,2.3017972,0.011185852,10.377274,0.11607864,512638.584563,5402407.22932,08111
08111,2011,382424.0,10.0,382424.0,10.0,0.0,2.3034143,0.003230219,10.39407,0.03357512,512638.584563,5402407.22932,08111
08111,2012,382424.0,10.0,382424.0,10.0,0.0,2.3352976,0.003864153,10.730807,0.04146548,512638.584563,5402407.22932,08111
08111,2013,382424.0,10.0,382424.0,10.0,0.0,2.3088748,0.035777844,10.450983,0.37391365,512638.584563,5402407.22932,08111
08111,2014,382424.0,10.0,382424.0,10.0,0.0,2.4319775,0.019456811,11.820065,0.22998077,512638.584563,5402407.22932,08111
08111,2015,382424.0,10.0,382424.0,10.0,0.0,2.4356492,0.034267623,11.8635435,0.40653545,512638.584563,5402407.22932,08111
08111,2016,382424.0,10.0,382424.0,10.0,0.0,2.388576,0.02934212,11.31803,0.332095,512638.584563,5402407.22932,08111
08111,2017,382424.0,10.0,382424.0,10.0,0.0,2.8362992,0.006827362,17.709835,0.12091145,512638.584563,5402407.22932,08111
08111,2018,382424.0,10.0,382424.0,10.0,0.0,2.9670043,0.002782011,20.18269,0.056148466,512638.584563,5402407.22932,08111
08111,2019,382424.0,10.0,382424.0,10.0,0.0,3.0052238,0.017675923,20.968994,0.3706463,512638.584563,5402407.22932,08111
08111,2020,382424.0,10.0,382424.0,10.0,0.0,2.9677005,0.004232387,20.196745,0.085480444,512638.584563,5402407.22932,08111
08111,2021,382424.0,10.0,382424.0,10.0,0.0,2.900503,7.8173883e-07,18.884169,1.4762487e-05,512638.584563,5402407.22932,08111
08111,2022,382424.0,10.0,382424.0,10.0,0.0,2.9084516,0.0018074742,19.034872,0.034405038,512638.584563,5402407.22932,08111
08111,2023,382424.0,10.0,382424.0,10.0,0.0,2.9102604,0.0039779088,19.069332,0.07585607,512638.584563,5402407.22932,08111
08111,2024,382424.0,10.0,382424.0,10.0,0.0,2.9603353,0.0013643543,20.04854,0.027353313,512638.584563,5402407.22932,08111
08111,2025,382424.0,10.0,382424.0,10.0,0.0,2.9848402,0.0076995017,20.545898,0.15819319,512638.584563,5402407.22932,08111
08115,2007,99555.0,10.0,99555.0,10.0,0.0,2.0845566,0.0061179344,8.267674,0.050581086,501452.95144,5392087.74909,08115
08115,2008,99555.0,10.0,99555.0,10.0,0.0,2.1060762,0.0047767675,8.447518,0.04035183,501452.95144,5392087.74909,08115
08115,2009,99555.0,10.0,99555.0,10.0,0.0,2.1102746,0.01549389,8.48306,0.13143559,501452.95144,5392087.74909,08115
08115,2010,99555.0,10.0,99555.0,10.0,0.0,2.1191065,0.0014240451,8.558313,0.012187424,501452.95144,5392087.74909,08115
08115,2011,99555.0,10.0,99555.0,10.0,0.0,2.123673,0.011168407,8.597483,0.09602019,501452.95144,5392087.74909,08115
08115,2012,99555.0,10.0,99555.0,10.0,0.0,2.1802325,0.014541293,9.097767,0.1322933,501452.95144,5392087.74909,08115
08115,2013,99555.0,10.0,99555.0,10.0,0.0,2.2006946,0.012039443,9.285845,0.111796394,501452.95144,5392087.74909,08115
08115,2014,99555.0,10.0,99555.0,10.0,0.0,2.251126,0.01420813,9.766152,0.13875875,501452.95144,5392087.74909,08115
08115,2015,99555.0,10.0,99555.0,10.0,0.0,2.2337866,0.012787214,9.598273,0.12273517,501452.95144,5392087.74909,08115
08115,2016,99555.0,10.0,99555.0,10.0,0.0,2.2546732,0.026697438,9.800858,0.26165777,501452.95144,5392087.74909,08115
08115,2017,99555.0,10.0,99555.0,10.0,0.0,2.4513228,0.041120872,11.930753,0.49060294,501452.95144,5392087.74909,08115
08115,2018,99555.0,10.0,99555.0,10.0,0.0,2.5995886,0.029929837,13.83754,0.4141553,501452.95144,5392087.74909,08115
08115,2019,99555.0,10.0,99555.0,10.0,0.0,2.6711802,0.047153465,14.864515,0.7009134,501452.95144,5392087.74909,08115
08115,2020,99555.0,10.0,99555.0,10.0,0.0,2.6630132,0.039351154,14.743611,0.58017814,501452.95144,5392087.74909,08115
08115,2021,99555.0,10.0,99555.0,10.0,0.0,2.667499,0.016915424,14.809896,0.25051567,501452.95144,5392087.74909,08115
08115,2022,99555.0,10.0,99555.0,10.0,0.0,2.6178482,0.011263079,14.092528,0.15872526,501452.95144,5392087.74909,08115
08115,2023,99555.0,10.0,99555.0,10.0,0.0,2.7091055,0.012035362,15.439081,0.18581493,501452.95144,5392087.74909,08115
08115,2024,99555.0,10.0,99555.0,10.0,0.0,2.7272925,0.0051092966,15.722442,0.08033062,501452.95144,5392087.74909,08115
08115,2025,99555.0,10.0,99555.0,10.0,0.0,2.7805276,0.009313068,16.582108,0.1544303,501452.95144,5392087.74909,08115
08116,2007,129904.0,10.0,129904.0,10.0,0.0,2.0295465,0.036840286,7.804317,0.28751326,523628.171847,5393458.25939,08116
08116,2008,129904.0,10.0,129904.0,10.0,0.0,2.0196917,0.00888584,7.727784,0.06866786,523628.171847,5393458.25939,08116
08116,2009,129904.0,10.0,129904.0,10.0,0.0,2.0283792,0.008809763,7.7952127,0.068673976,523628.171847,5393458.25939,08116
08116,2010,129904.0,10.0,129904.0,10.0,0.0,2.029812,0.029967835,7.806391,0.23394063,523628.171847,5393458.25939,08116
08116,2011,129904.0,10.0,129904.0,10.0,0.0,2.0245936,0.002438053,7.7657576,0.018933328,523628.171847,5393458.25939,08116
08116,2012,129904.0,10.0,129904.0,10.0,0.0,2.0802746,0.011078694,8.210429,0.09096083,523628.171847,5393458.25939,08116
08116,2013,129904.0,10.0,129904.0,10.0,0.0,2.0660684,0.06790574,8.094614,0.54967076,523628.171847,5393458.25939,08116
08116,2014,129904.0,10.0,129904.0,10.0,0.0,2.1425383,0.018126592,8.737891,0.1583882,523628.171847,5393458.25939,08116
08116,2015,129904.0,10.0,129904.0,10.0,0.0,2.1479015,0.06351178,8.784879,0.55794334,523628.171847,5393458.25939,08116
08116,2016,129904.0,10.0,129904.0,10.0,0.0,2.1251895,0.10208516,8.587605,0.8766671,523628.171847,5393458.25939,08116
08116,2017,129904.0,10.0,129904.0,10.0,0.0,2.2382689,0.0027044197,9.615722,0.026004946,523628.171847,5393458.25939,08116
08116,2018,129904.0,10.0,129904.0,10.0,0.0,2.4375112,0.049363535,11.735772,0.5793192,523628.171847,5393458.25939,08116
08116,2019,129904.0,10.0,129904.0,10.0,0.0,2.396456,0.011159405,11.263714,0.12569635,523628.171847,5393458.25939,08116
08116,2020,129904.0,10.0,129904.0,10.0,0.0,2.414637,0.02782986,11.470376,0.31921893,523628.171847,5393458.25939,08116
08116,2021,129904.0,10.0,129904.0,10.0,0.0,2.4562483,0.049441643,11.957741,0.5912103,523628.171847,5393458.25939,08116
08116,2022,129904.0,10.0,129904.0,10.0,0.0,2.4329846,0.05282861,11.682771,0.6171845,523628.171847,5393458.25939,08116
08116,2023,129904.0,10.0,129904.0,10.0,0.0,2.5243194,0.045276724,12.800059,0.5795448,523628.171847,5393458.25939,08116
08116,2024,129904.0,10.0,129904.0,10.0,0.0,2.5278716,0.027512867,12.845611,0.35341957,523628.171847,5393458.25939,08116
08116,2025,129904.0,10.0,129904.0,10.0,0.0,2.6070077,0.0034438723,13.903466,0.047881763,523628.171847,5393458.25939,08116
08117,2007,91093.0,25.0,5799.0,10.0,0.014917335,1.5904685,0.027908191,4.982145,0.13904265,567991.758272,5393114.81537,08117
08117,2008,91093.0,25.0,5799.0,10.0,0.014917335,1.6669427,0.00374271,5.3780975,0.02012866,567991.758272,5393114.81537,08117
08117,2009,91093.0,25.0,5799.0,10.0,0.014917335,1.7038299,0.009564546,5.580185,0.053371936,567991.758272,5393114.81537,08117
08117,2010,91093.0,25.0,5799.0,10.0,0.014917335,1.7008215,0.015443644,5.5634227,0.085919514,567991.758272,5393114.81537,08117
08117,2011,91093.0,25.0,5799.0,10.0,0.014917335,1.7463685,0.00753176,5.822679,0.04385502,567991.758272,5393114.81537,08117
08117,2012,91093.0,25.0,5799.0,10.0,0.014917335,1.7728813,0.00730319,5.9791193,0.043666642,567991.758272,5393114.81537,08117
08117,2013,91093.0,25.0,5799.0,10.0,0.014917335,1.8313795,0.011616552,6.3393197,0.07364104,567991.758272,5393114.81537,08117
08117,2014,91093.0,25.0,5799.0,10.0,0.014917335,1.8316034,0.02944802,6.3407397,0.18672223,567991.758272,5393114.81537,08117
08117,2015,91093.0,25.0,5799.0,10.0,0.014917335,1.8272688,0.021334067,6.313315,0.13468869,567991.758272,5393114.81537,08117
08117,2016,91093.0,25.0,5799.0,10.0,0.014917335,1.9181027,0.013933328,6.9136295,0.096329875,567991.758272,5393114.81537,08117
08117,2017,91093.0,25.0,5799.0,10.0,0.014917335,1.9711738,0.0011250369,7.290454,0.008202029,567991.758272,5393114.81537,08117
08117,2018,91093.0,25.0,5799.0,10.0,0.014917335,2.0053957,0.0011845323,7.5442657,0.008936427,567991.758272,5393114.81537,08117
08117,2019,91093.0,25.0,5799.0,10.0,0.014917335,2.1171784,0.0054231356,8.436525,0.04575242,567991.758272,5393114.81537,08117
08117,2020,91093.0,25.0,5799.0,10.0,0.014917335,2.09917,0.033504143,8.285955,0.27761382,567991.758272,5393114.81537,08117
08117,2021,91093.0,25.0,5799.0,10.0,0.014917335,2.104092,0.008678697,8.326838,0.0722661,567991.758272,5393114.81537,08117
08117,2022,91093.0,25.0,5799.0,10.0,0.014917335,2.169265,0.004489209,8.8876,0.039898295,567991.758272,5393114.81537,08117
08117,2023,91093.0,25.0,5799.0,10.0,0.014917335,2.213732,0.022726621,9.291723,0.21116947,567991.758272,5393114.81537,08117
08117,2024,91093.0,25.0,5799.0,10.0,0.014917335,2.2461636,0.01987043,9.598009,0.19071658,567991.758272,5393114.81537,08117
08117,2025,91093.0,25.0,5799.0,10.0,0.014917335,2.2812862,0.015422373,9.941105,0.15331544,567991.758272,5393114.81537,08117
08118,2007,127693.0,10.0,127693.0,10.0,0.0,2.044117,0.011010555,7.8903,0.08687658,510477.237482,5417019.69762,08118
08118,2008,127693.0,10.0,127693.0,10.0,0.0,2.068088,0.017973566,8.081723,0.14525738,510477.237482,5417019.69762,08118
08118,2009,127693.0,10.0,127693.0,10.0,0.0,2.076536,0.019144326,8.150286,0.15603173,510477.237482,5417019.69762,08118
08118,2010,127693.0,10.0,127693.0,10.0,0.0,2.0751927,0.019636817,8.139345,0.15983084,510477.237482,5417019.69762,08118
08118,2011,127693.0,10.0,127693.0,10.0,0.0,2.0850928,0.015172436,8.220327,0.124722384,510477.237482,5417019.69762,08118
08118,2012,127693.0,10.0,127693.0,10.0,0.0,2.1038744,0.003910004,8.376176,0.032750882,510477.237482,5417019.69762,08118
08118,2013,127693.0,10.0,127693.0,10.0,0.0,2.131771,0.010736944,8.613134,0.09247874,510477.237482,5417019.69762,08118
08118,2014,127693.0,10.0,127693.0,10.0,0.0,2.1854749,0.020674372,9.088337,0.18789564,510477.237482,5417019.69762,08118
08118,2015,127693.0,10.0,127693.0,10.0,0.0,2.2157197,0.0285835,9.367412,0.2677534,510477.237482,5417019.69762,08118
08118,2016,127693.0,10.0,127693.0,10.0,0.0,2.2025898,0.02835469,9.245221,0.2621454,510477.237482,5417019.69762,08118
08118,2017,127693.0,10.0,127693.0,10.0,0.0,2.3706906,0.039745554,10.9376135,0.43472153,510477.237482,5417019.69762,08118
08118,2018,127693.0,10.0,127693.0,10.0,0.0,2.454915,0.053834178,11.898735,0.6405586,510477.237482,5417019.69762,08118
08118,2019,127693.0,10.0,127693.0,10.0,0.0,2.4541588,0.024188615,11.88974,0.28759637,510477.237482,5417019.69762,08118
08118,2020,127693.0,10.0,127693.0,10.0,0.0,2.5155768,0.021713229,12.642876,0.27451766,510477.237482,5417019.69762,08118
08118,2021,127693.0,10.0,127693.0,10.0,0.0,2.5327437,0.0066781514,12.86179,0.085892975,510477.237482,5417019.69762,08118
08118,2022,127693.0,10.0,127693.0,10.0,0.0,2.5896895,0.030881312,13.615469,0.42046353,510477.237482,5417019.69762,08118
08118,2023,127693.0,10.0,127693.0,10.0,0.0,2.5915358,0.0328458,13.640632,0.44803745,510477.237482,5417019.69762,08118
08118,2024,127693.0,10.0,127693.0,10.0,0.0,2.6439428,0.016922377,14.374558,0.2432517,510477.237482,5417019.69762,08118
08118,2025,127693.0,10.0,127693.0,10.0,0.0,2.689138,0.0004068651,15.039124,0.0061188946,510477.237482,5417019.69762,08118
08119,2007,13188.0,10.0,13188.0,10.0,0.0,1.9475441,0.025098592,7.104237,0.17830634,551588.260424,5411997.5713,08119
08119,2008,13188.0,10.0,13188.0,10.0,0.0,1.8439968,0.11203963,6.405417,0.71766055,551588.260424,5411997.5713,08119
08119,2009,13188.0,10.0,13188.0,10.0,0.0,1.8220946,0.045636393,6.2666492,0.2859873,551588.260424,5411997.5713,08119
08119,2010,13188.0,10.0,13188.0,10.0,0.0,1.7773043,0.12847015,5.992157,0.76981336,551588.260424,5411997.5713,08119
08119,2011,13188.0,10.0,13188.0,10.0,0.0,1.7679344,0.009088237,5.9362736,0.05395026,551588.260424,5411997.5713,08119
08119,2012,13188.0,10.0,13188.0,10.0,0.0,1.8131024,0.012079644,6.210551,0.07502124,551588.260424,5411997.5713,08119
08119,2013,13188.0,10.0,13188.0,10.0,0.0,1.8276457,0.010854311,6.3015323,0.068398796,551588.260424,5411997.5713,08119
08119,2014,13188.0,10.0,13188.0,10.0,0.0,1.7850333,0.003918725,6.0386505,0.02366381,551588.260424,5411997.5713,08119
08119,2015,13188.0,10.0,13188.0,10.0,0.0,1.8519554,0.019395595,6.4565988,0.12522958,551588.260424,5411997.5713,08119
08119,2016,13188.0,10.0,13188.0,10.0,0.0,1.9523923,0.010994358,7.1387634,0.07848612,551588.260424,5411997.5713,08119
08119,2017,13188.0,10.0,13188.0,10.0,0.0,1.9973899,0.003244543,7.4673266,0.024228062,551588.260424,5411997.5713,08119
08119,2018,13188.0,10.0,13188.0,10.0,0.0,1.9914033,0.019499835,7.4227567,0.14474252,551588.260424,5411997.5713,08119
08119,2019,13188.0,10.0,13188.0,10.0,0.0,2.09543,0.0039013287,8.236512,0.03213334,551588.260424,5411997.5713,08119
08119,2020,13188.0,10.0,13188.0,10.0,0.0,2.0712588,0.025746096,8.039814,0.20699382,551588.260424,5411997.5713,08119
08119,2021,13188.0,10.0,13188.0,10.0,0.0,2.1828375,0.08886127,8.988849,0.7987606,551588.260424,5411997.5713,08119
08119,2022,13188.0,10.0,13188.0,10.0,0.0,2.2077312,0.01756064,9.215423,0.16182873,551588.260424,5411997.5713,08119
08119,2023,13188.0,10.0,13188.0,10.0,0.0,2.2613196,0.0014037134,9.722735,0.0136479335,551588.260424,5411997.5713,08119
08119,2024,13188.0,10.0,13188.0,10.0,0.0,2.2707298,0.028379433,9.814657,0.2785344,551588.260424,5411997.5713,08119
08119,2025,13188.0,10.0,13188.0,10.0,0.0,2.303447,0.02632267,10.141077,0.2669402,551588.260424,5411997.5713,08119
08121,2007,67395.0,10.0,67395.0,10.0,0.0,1.8648063,0.012261151,6.555869,0.0803825,513295.323184,5444451.09365,08121
08121,2008,67395.0,10.0,67395.0,10.0,0.0,1.8635917,0.015892165,6.5479116,0.10406049,513295.323184,5444451.09365,08121
08121,2009,67395.0,10.0,67395.0,10.0,0.0,1.8658555,0.015584401,6.562752,0.102276556,513295.323184,5444451.09365,08121
08121,2010,67395.0,10.0,67395.0,10.0,0.0,1.8878888,0.010552538,6.7089553,0.070796505,513295.323184,5444451.09365,08121
08121,2011,67395.0,10.0,67395.0,10.0,0.0,1.906284,0.02514088,6.83351,0.17180045,513295.323184,5444451.09365,08121
08121,2012,67395.0,10.0,67395.0,10.0,0.0,1.9551462,0.032139566,7.175702,0.23062395,513295.323184,5444451.09365,08121
08121,2013,67395.0,10.0,67395.0,10.0,0.0,2.01441,0.018083407,7.6138163,0.13768375,513295.323184,5444451.09365,08121
08121,2014,67395.0,10.0,67395.0,10.0,0.0,2.052972,0.030064864,7.913155,0.23790795,513295.323184,5444451.09365,08121
08121,2015,67395.0,10.0,67395.0,10.0,0.0,2.0949476,0.033265885,8.252383,0.2745228,513295.323184,5444451.09365,08121
08121,2016,67395.0,10.0,67395.0,10.0,0.0,2.1620297,0.04663652,8.824961,0.41156548,513295.323184,5444451.09365,08121
08121,2017,67395.0,10.0,67395.0,10.0,0.0,2.2496932,0.024708256,9.633509,0.23802722,513295.323184,5444451.09365,08121
08121,2018,67395.0,10.0,67395.0,10.0,0.0,2.320684,0.02506948,10.34226,0.2592751,513295.323184,5444451.09365,08121
08121,2019,67395.0,10.0,67395.0,10.0,0.0,2.424375,0.021422856,11.472233,0.24576798,513295.323184,5444451.09365,08121
08121,2020,67395.0,10.0,67395.0,10.0,0.0,2.4123154,0.021433571,11.334711,0.24294335,513295.323184,5444451.09365,08121
08121,2021,67395.0,10.0,67395.0,10.0,0.0,2.4032922,0.0081350515,11.232897,0.091380194,513295.323184,5444451.09365,08121
08121,2022,67395.0,10.0,67395.0,10.0,0.0,2.4389982,0.010617362,11.641225,0.1235991,513295.323184,5444451.09365,08121
08121,2023,67395.0,10.0,67395.0,10.0,0.0,2.4530234,0.01596763,11.805645,0.18850817,513295.323184,5444451.09365,08121
08121,2024,67395.0,10.0,67395.0,10.0,0.0,2.4841762,0.016745854,12.179214,0.20395133,513295.323184,5444451.09365,08121
08121,2025,67395.0,10.0,67395.0,10.0,0.0,2.5438309,0.011967853,12.92787,0.15471885,513295.323184,5444451.09365,08121
08125,2007,34734.0,10.0,34734.0,10.0,0.0,1.87993,0.0008293278,6.6418138,0.005508241,510787.666949,5452655.08033,08125
08125,2008,34734.0,10.0,34734.0,10.0,0.0,1.8670473,0.01832815,6.556798,0.12017398,510787.666949,5452655.08033,08125
08125,2009,34734.0,10.0,34734.0,10.0,0.0,1.8606423,0.0038425082,6.5149364,0.025033697,510787.666949,5452655.08033,08125
08125,2010,34734.0,10.0,34734.0,10.0,0.0,1.8886702,0.004139358,6.7001195,0.027734194,510787.666949,5452655.08033,08125
08125,2011,34734.0,10.0,34734.0,10.0,0.0,1.8829355,0.016148286,6.6618066,0.10757675,510787.666949,5452655.08033,08125
08125,2012,34734.0,10.0,34734.0,10.0,0.0,1.9212795,0.0009640907,6.9222074,0.0066736354,510787.666949,5452655.08033,08125
08125,2013,34734.0,10.0,34734.0,10.0,0.0,1.9587606,0.022592535,7.1865826,0.16236313,510787.666949,5452655.08033,08125
08125,2014,34734.0,10.0,34734.0,10.0,0.0,1.9963982,0.0067549287,7.462223,0.050406784,510787.666949,5452655.08033,08125
08125,2015,34734.0,10.0,34734.0,10.0,0.0,2.0568764,0.003252511,7.927451,0.025784122,510787.666949,5452655.08033,08125
08125,2016,34734.0,10.0,34734.0,10.0,0.0,2.0928314,0.0105484575,8.217669,0.08668373,510787.666949,5452655.08033,08125
08125,2017,34734.0,10.0,34734.0,10.0,0.0,2.1817944,0.0056910873,8.982243,0.051118724,510787.666949,5452655.08033,08125
08125,2018,34734.0,10.0,34734.0,10.0,0.0,2.2895827,0.013342562,10.004529,0.13348606,510787.666949,5452655.08033,08125
08125,2019,34734.0,10.0,34734.0,10.0,0.0,2.2836127,0.008079326,9.944981,0.08034874,510787.666949,5452655.08033,08125
08125,2020,34734.0,10.0,34734.0,10.0,0.0,2.3259428,0.011123979,10.374988,0.11541115,510787.666949,5452655.08033,08125
08125,2021,34734.0,10.0,34734.0,10.0,0.0,2.3559766,0.0044759833,10.691315,0.047854144,510787.666949,5452655.08033,08125
08125,2022,34734.0,10.0,34734.0,10.0,0.0,2.351993,0.0039073024,10.648811,0.04160813,510787.666949,5452655.08033,08125
08125,2023,34734.0,10.0,34734.0,10.0,0.0,2.4217927,0.014884025,11.418649,0.16995545,510787.666949,5452655.08033,08125
08125,2024,34734.0,10.0,34734.0,10.0,0.0,2.4626253,0.014576525,11.89455,0.17338121,510787.666949,5452655.08033,08125
08125,2025,34734.0,10.0,34734.0,10.0,0.0,2.509004,0.0070113745,12.459198,0.087356105,510787.666949,5452655.08033,08125
08126,2007,12942.0,10.0,12942.0,10.0,0.0,1.7866758,0.03569862,6.045696,0.215823,531987.514,5444967.66074,08126
08126,2008,12942.0,10.0,12942.0,10.0,0.0,1.7743915,0.0020957622,5.9718833,0.012515647,531987.514,5444967.66074,08126
08126,2009,12942.0,10.0,12942.0,10.0,0.0,1.7700484,0.023152547,5.946003,0.13766511,531987.514,5444967.66074,08126
08126,2010,12942.0,10.0,12942.0,10.0,0.0,1.8270895,0.03246045,6.2950296,0.20433952,531987.514,5444967.66074,08126
08126,2011,12942.0,10.0,12942.0,10.0,0.0,1.6862552,0.04337609,5.4680715,0.23718354,531987.514,5444967.66074,08126
08126,2012,12942.0,10.0,12942.0,10.0,0.0,1.802893,0.0047282376,6.14454,0.029052842,531987.514,5444967.66074,08126
08126,2013,12942.0,10.0,12942.0,10.0,0.0,1.8278424,0.054649476,6.2997704,0.34427917,531987.514,5444967.66074,08126
08126,2014,12942.0,10.0,12942.0,10.0,0.0,1.8991333,0.06020525,6.7652836,0.4073056,531987.514,5444967.66074,08126
08126,2015,12942.0,10.0,12942.0,10.0,0.0,1.9201831,0.043839186,6.9091997,0.3028937,531987.514,5444967.66074,08126
08126,2016,12942.0,10.0,12942.0,10.0,0.0,1.9990562,0.029586291,7.4762177,0.22119357,531987.514,5444967.66074,08126
08126,2017,12942.0,10.0,12942.0,10.0,0.0,1.9929063,0.019219069,7.4303813,0.14280501,531987.514,5444967.66074,08126
08126,2018,12942.0,10.0,12942.0,10.0,0.0,2.1084032,0.017796075,8.34009,0.14842086,531987.514,5444967.66074,08126
08126,2019,12942.0,10.0,12942.0,10.0,0.0,2.0801919,0.070293315,8.108093,0.56994474,531987.514,5444967.66074,08126
08126,2020,12942.0,10.0,12942.0,10.0,0.0,2.1579897,0.021574346,8.7640705,0.18907909,531987.514,5444967.66074,08126
08126,2021,12942.0,10.0,12942.0,10.0,0.0,2.2103822,0.048483796,9.235483,0.44777128,531987.514,5444967.66074,08126
08126,2022,12942.0,10.0,12942.0,10.0,0.0,2.226872,0.0036885769,9.389037,0.034632184,531987.514,5444967.66074,08126
08126,2023,12942.0,10.0,12942.0,10.0,0.0,2.3190384,0.010576577,10.295524,0.108891405,531987.514,5444967.66074,08126
08126,2024,12942.0,10.0,12942.0,10.0,0.0,2.3176496,0.022228118,10.281235,0.22853251,531987.514,5444967.66074,08126
08126,2025,12942.0,10.0,12942.0,10.0,0.0,2.399185,0.02564916,11.154641,0.28610715,531987.514,5444967.66074,08126
08127,2007,25215.0,25.0,2749.0,10.0,0.00047314644,1.5060177,0.029646527,4.582191,0.13584605,570238.250863,5461634.75605,08127
08127,2008,25215.0,25.0,2749.0,10.0,0.00047314644,1.5251772,0.013894782,4.67083,0.06490016,570238.250863,5461634.75605,08127
08127,2009,25215.0,25.0,2749.0,10.0,0.00047314644,1.5388213,0.00890873,4.7349963,0.042182803,570238.250863,5461634.75605,08127
08127,2010,25215.0,25.0,2749.0,10.0,0.00047314644,1.5170305,0.02030034,4.6329327,0.09405012,570238.250863,5461634.75605,08127
08127,2011,25215.0,25.0,2749.0,10.0,0.00047314644,1.5671538,0.013841306,4.871069,0.06742196,570238.250863,5461634.75605,08127
08127,2012,25215.0,25.0,2749.0,10.0,0.00047314644,1.6070817,0.030941162,5.0694947,0.15685607,570238.250863,5461634.75605,08127
08127,2013,25215.0,25.0,2749.0,10.0,0.00047314644,1.6456747,0.039546106,5.2689667,0.20836712,570238.250863,5461634.75605,08127
08127,2014,25215.0,25.0,2749.0,10.0,0.00047314644,1.6810535,0.020387515,5.4587135,0.1112896,570238.250863,5461634.75605,08127
08127,2015,25215.0,25.0,2749.0,10.0,0.00047314644,1.7230594,0.015624447,5.6928954,0.08894834,570238.250863,5461634.75605,08127
08127,2016,25215.0,25.0,2749.0,10.0,0.00047314644,1.6388633,0.033689834,5.2331996,0.17630564,570238.250863,5461634.75605,08127
08127,2017,25215.0,25.0,2749.0,10.0,0.00047314644,1.728639,0.03158251,5.7247486,0.18080191,570238.250863,5461634.75605,08127
08127,2018,25215.0,25.0,2749.0,10.0,0.00047314644,1.5784775,0.112646185,4.9265404,0.55495596,570238.250863,5461634.75605,08127
08127,2019,25215.0,25.0,2749.0,10.0,0.00047314644,1.7044967,0.055056185,5.5881953,0.3076647,570238.250863,5461634.75605,08127
08127,2020,25215.0,25.0,2749.0,10.0,0.00047314644,1.8438956,0.05579695,6.4240913,0.3584447,570238.250863,5461634.75605,08127
08127,2021,25215.0,25.0,2749.0,10.0,0.00047314644,1.9156194,0.023443442,6.9017777,0.16180141,570238.250863,5461634.75605,08127
08127,2022,25215.0,25.0,2749.0,10.0,0.00047314644,2.0827556,0.039404765,8.157315,0.3214371,570238.250863,5461634.75605,08127
08127,2023,25215.0,25.0,2749.0,10.0,0.00047314644,2.1638649,0.021470156,8.846522,0.18993622,570238.250863,5461634.75605,08127
08127,2024,25215.0,25.0,2749.0,10.0,0.00047314644,2.1868272,0.01682511,9.05201,0.15230106,570238.250863,5461634.75605,08127
08127,2025,25215.0,25.0,2749.0,10.0,0.00047314644,2.243476,0.0383373,9.579596,0.36725587,570238.250863,5461634.75605,08127
08128,2007,15618.0,25.0,3354.0,15.0,0.010616126,1.4784505,0.0056764344,4.4615774,0.025325852,577436.122367,5478392.05835,08128
08128,2008,15618.0,25.0,3354.0,15.0,0.010616126,1.51642,0.15382387,4.6342382,0.7128564,577436.122367,5478392.05835,08128
08128,2009,15618.0,25.0,3354.0,15.0,0.010616126,1.4553007,0.07897384,4.359479,0.34428477,577436.122367,5478392.05835,08128
08128,2010,15618.0,25.0,3354.0,15.0,0.010616126,1.6999373,0.12434794,5.5677395,0.6923369,577436.122367,5478392.05835,08128
08128,2011,15618.0,25.0,3354.0,15.0,0.010616126,1.6199071,0.03417779,5.139516,0.17565732,577436.122367,5478392.05835,08128
08128,2012,15618.0,25.0,3354.0,15.0,0.010616126,1.6531736,0.020477524,5.313365,0.10880456,577436.122367,5478392.05835,08128
08128,2013,15618.0,25.0,3354.0,15.0,0.010616126,1.6742945,0.051032577,5.4267817,0.27694264,577436.122367,5478392.05835,08128
08128,2014,15618.0,25.0,3354.0,15.0,0.010616126,1.7198178,0.027731327,5.6795363,0.15750107,577436.122367,5478392.05835,08128
08128,2015,15618.0,25.0,3354.0,15.0,0.010616126,1.695634,0.08315171,5.543831,0.46097907,577436.122367,5478392.05835,08128
08128,2016,15618.0,25.0,3354.0,15.0,0.010616126,1.7543204,0.022816181,5.878915,0.13413438,577436.122367,5478392.05835,08128
08128,2017,15618.0,25.0,3354.0,15.0,0.010616126,1.8491659,0.029693449,6.4638023,0.19193257,577436.122367,5478392.05835,08128
08128,2018,15618.0,25.0,3354.0,15.0,0.010616126,1.8207103,0.33452106,6.282463,2.1016161,577436.122367,5478392.05835,08128
08128,2019,15618.0,25.0,3354.0,15.0,0.010616126,1.7667729,0.10674917,5.95258,0.63543296,577436.122367,5478392.05835,08128
08128,2020,15618.0,25.0,3354.0,15.0,0.010616126,1.8734466,0.014759048,6.6226687,0.09774428,577436.122367,5478392.05835,08128
08128,2021,15618.0,25.0,3354.0,15.0,0.010616126,2.0035884,0.031570192,7.5431523,0.23813877,577436.122367,5478392.05835,08128
08128,2022,15618.0,25.0,3354.0,15.0,0.010616126,2.1481793,0.03142368,8.716616,0.27390814,577436.122367,5478392.05835,08128
08128,2023,15618.0,25.0,3354.0,15.0,0.010616126,2.1041896,0.004649354,8.341486,0.038782522,577436.122367,5478392.05835,08128
08128,2024,15618.0,25.0,3354.0,15.0,0.010616126,2.2923326,0.011638827,10.068224,0.117182314,577436.122367,5478392.05835,08128
08128,2025,15618.0,25.0,3354.0,15.0,0.010616126,2.1927948,0.019175166,9.114318,0.17476855,577436.122367,5478392.05835,08128
08135,2007,34577.0,25.0,5444.0,15.0,0.035626885,1.5622845,0.08299112,4.8347087,0.4012379,603071.675274,5395464.87086,08135
08135,2008,34577.0,25.0,5444.0,15.0,0.035626885,1.6020658,0.10293958,5.030917,0.51788056,603071.675274,5395464.87086,08135
08135,2009,34577.0,25.0,5444.0,15.0,0.035626885,1.5636312,0.034232378,4.841224,0.16572662,603071.675274,5395464.87086,08135
08135,2010,34577.0,25.0,5444.0,15.0,0.035626885,1.568681,0.019883594,4.8657336,0.09674827,603071.675274,5395464.87086,08135
08135,2011,34577.0,25.0,5444.0,15.0,0.035626885,1.6411293,0.07913757,5.231331,0.41399482,603071.675274,5395464.87086,08135
08135,2012,34577.0,25.0,5444.0,15.0,0.035626885,1.6566228,0.064025015,5.313014,0.34016582,603071.675274,5395464.87086,08135
08135,2013,34577.0,25.0,5444.0,15.0,0.035626885,1.7290025,0.10286751,5.711827,0.58756137,603071.675274,5395464.87086,08135
08135,2014,34577.0,25.0,5444.0,15.0,0.035626885,1.7893533,0.076776676,6.0671544,0.46581596,603071.675274,5395464.87086,08135
08135,2015,34577.0,25.0,5444.0,15.0,0.035626885,1.7481885,0.044048794,5.822472,0.25647286,603071.675274,5395464.87086,08135
08135,2016,34577.0,25.0,5444.0,15.0,0.035626885,1.8450223,0.104387194,6.4144855,0.6695901,603071.675274,5395464.87086,08135
08135,2017,34577.0,25.0,5444.0,15.0,0.035626885,1.8179247,0.14281131,6.2430024,0.89157134,603071.675274,5395464.87086,08135
08135,2018,34577.0,25.0,5444.0,15.0,0.035626885,1.9600106,0.16416912,7.196157,1.1813868,603071.675274,5395464.87086,08135
08135,2019,34577.0,25.0,5444.0,15.0,0.035626885,1.9735208,0.1470646,7.294038,1.0726947,603071.675274,5395464.87086,08135
08135,2020,34577.0,25.0,5444.0,15.0,0.035626885,1.9803226,0.063605405,7.343819,0.4671066,603071.675274,5395464.87086,08135
08135,2021,34577.0,25.0,5444.0,15.0,0.035626885,2.0075247,0.052002955,7.5463285,0.3924314,603071.675274,5395464.87086,08135
08135,2022,34577.0,25.0,5444.0,15.0,0.035626885,2.198181,0.018591471,9.131385,0.16976587,603071.675274,5395464.87086,08135
08135,2023,34577.0,25.0,5444.0,15.0,0.035626885,2.161924,0.042996157,8.806239,0.37863442,603071.675274,5395464.87086,08135
08135,2024,34577.0,25.0,5444.0,15.0,0.035626885,2.230482,0.025335414,9.431154,0.2389422,603071.675274,5395464.87086,08135
08135,2025,34577.0,25.0,5444.0,15.0,0.035626885,2.2934942,0.03139467,10.044555,0.3153455,603071.675274,5395464.87086,08135
08136,2007,45759.0,25.0,2323.0,10.0,0.13377164,1.7006903,0.046356212,5.566653,0.25804895,570459.513025,5418147.93013,08136
08136,2008,45759.0,25.0,2323.0,10.0,0.13377164,1.7204301,0.036739707,5.6776295,0.20859446,570459.513025,5418147.93013,08136
08136,2009,45759.0,25.0,2323.0,10.0,0.13377164,1.689033,0.027454736,5.502138,0.15105975,570459.513025,5418147.93013,08136
08136,2010,45759.0,25.0,2323.0,10.0,0.13377164,1.685226,0.0474673,5.4812307,0.26017922,570459.513025,5418147.93013,08136
08136,2011,45759.0,25.0,2323.0,10.0,0.13377164,1.6682824,0.02836032,5.3891416,0.15283778,570459.513025,5418147.93013,08136
08136,2012,45759.0,25.0,2323.0,10.0,0.13377164,1.7379018,0.0068835462,5.777699,0.039771058,570459.513025,5418147.93013,08136
08136,2013,45759.0,25.0,2323.0,10.0,0.13377164,1.8019853,0.016607458,6.160075,0.10230319,570459.513025,5418147.93013,08136
08136,2014,45759.0,25.0,2323.0,10.0,0.13377164,1.8482171,0.023084696,6.451553,0.14893214,570459.513025,5418147.93013,08136
08136,2015,45759.0,25.0,2323.0,10.0,0.13377164,1.9430007,0.04779624,7.092972,0.33901736,570459.513025,5418147.93013,08136
08136,2016,45759.0,25.0,2323.0,10.0,0.13377164,1.9700333,0.010124736,7.287328,0.07378227,570459.513025,5418147.93013,08136
08136,2017,45759.0,25.0,2323.0,10.0,0.13377164,1.9749418,0.027887924,7.3231864,0.20422848,570459.513025,5418147.93013,08136
08136,2018,45759.0,25.0,2323.0,10.0,0.13377164,2.043076,0.05220449,7.8395367,0.40925902,570459.513025,5418147.93013,08136
08136,2019,45759.0,25.0,2323.0,10.0,0.13377164,2.0875707,0.01790954,8.19623,0.1467907,570459.513025,5418147.93013,08136
08136,2020,45759.0,25.0,2323.0,10.0,0.13377164,2.1540751,0.068775244,8.75985,0.60246086,570459.513025,5418147.93013,08136
08136,2021,45759.0,25.0,2323.0,10.0,0.13377164,2.1466687,0.037499294,8.695211,0.32606432,570459.513025,5418147.93013,08136
08136,2022,45759.0,25.0,2323.0,10.0,0.13377164,2.1949823,0.022277713,9.12562,0.20329794,570459.513025,5418147.93013,08136
08136,2023,45759.0,25.0,2323.0,10.0,0.13377164,2.2449424,0.038717236,9.593119,0.37141904,570459.513025,5418147.93013,08136
08136,2024,45759.0,25.0,2323.0,10.0,0.13377164,2.2892125,0.0039660744,10.0273485,0.03976921,570459.513025,5418147.93013,08136
08136,2025,45759.0,25.0,2323.0,10.0,0.13377164,2.3146594,0.0018410961,10.285788,0.018937124,570459.513025,5418147.93013,08136
08211,2007,45435.0,10.0,45435.0,10.0,0.0,2.1149356,0.008906829,8.459302,0.07534556,443539.29255,5399776.90155,08211
08211,2008,45435.0,10.0,45435.0,10.0,0.0,2.1355672,0.022661395,8.635642,0.19569571,443539.29255,5399776.90155,08211
08211,2009,45435.0,10.0,45435.0,10.0,0.0,2.1206267,0.007969543,8.507581,0.067801535,443539.29255,5399776.90155,08211
08211,2010,45435.0,10.0,45435.0,10.0,0.0,2.0607243,0.006725483,8.01292,0.053890765,443539.29255,5399776.90155,08211
08211,2011,45435.0,10.0,45435.0,10.0,0.0,2.080103,0.014323506,8.169715,0.11701895,443539.29255,5399776.90155,08211
08211,2012,45435.0,10.0,45435.0,10.0,0.0,2.1580203,0.0036171076,8.831734,0.031945333,443539.29255,5399776.90155,08211
08211,2013,45435.0,10.0,45435.0,10.0,0.0,2.1672966,0.009594061,8.9140415,0.08552186,443539.29255,5399776.90155,08211
08211,2014,45435.0,10.0,45435.0,10.0,0.0,2.2065718,0.007864991,9.271107,0.07291718,443539.29255,5399776.90155,08211
08211,2015,45435.0,10.0,45435.0,10.0,0.0,2.2129474,0.002730381,9.330404,0.025475558,443539.29255,5399776.90155,08211
08211,2016,45435.0,10.0,45435.0,10.0,0.0,2.1668243,0.017358705,8.909831,0.15466313,443539.29255,5399776.90155,08211
08211,2017,45435.0,10.0,45435.0,10.0,0.0,2.2611833,0.011787015,9.791496,0.11541252,443539.29255,5399776.90155,08211
08211,2018,45435.0,10.0,45435.0,10.0,0.0,2.343814,0.0056472407,10.63494,0.06005807,443539.29255,5399776.90155,08211
08211,2019,45435.0,10.0,45435.0,10.0,0.0,2.3735206,0.010411194,10.955608,0.11406097,443539.29255,5399776.90155,08211
08211,2020,45435.0,10.0,45435.0,10.0,0.0,2.4000285,0.0018624105,11.249904,0.020951938,443539.29255,5399776.90155,08211
08211,2021,45435.0,10.0,45435.0,10.0,0.0,2.470263,0.0027454125,12.068444,0.03313286,443539.29255,5399776.90155,08211
08211,2022,45435.0,10.0,45435.0,10.0,0.0,2.4667523,0.0073442888,12.026147,0.0883235,443539.29255,5399776.90155,08211
08211,2023,45435.0,10.0,45435.0,10.0,0.0,2.4694917,0.012943605,12.059139,0.15608872,443539.29255,5399776.90155,08211
08211,2024,45435.0,10.0,45435.0,10.0,0.0,2.5044212,0.013202843,12.4878,0.16487446,443539.29255,5399776.90155,08211
08211,2025,45435.0,10.0,45435.0,10.0,0.0,2.5140784,0.012074647,12.608983,0.15224901,443539.29255,5399776.90155,08211
08212,2007,115444.0,10.0,115444.0,10.0,0.0,2.0650444,0.0046999133,8.050644,0.037837327,457053.409739,5428880.01635,08212
08212,2008,115444.0,10.0,115444.0,10.0,0.0,2.082215,0.0082394965,8.190071,0.06748207,457053.409739,5428880.01635,08212
08212,2009,115444.0,10.0,115444.0,10.0,0.0,2.1044972,0.008027259,8.374613,0.067225195,457053.409739,5428880.01635,08212
08212,2010,115444.0,10.0,115444.0,10.0,0.0,2.121617,0.008186273,8.519218,0.06974065,457053.409739,5428880.01635,08212
08212,2011,115444.0,10.0,115444.0,10.0,0.0,2.1748657,0.0054172897,8.98515,0.04867516,457053.409739,5428880.01635,08212
08212,2012,115444.0,10.0,115444.0,10.0,0.0,2.1640959,0.007860731,8.888902,0.06987327,457053.409739,5428880.01635,08212
08212,2013,115444.0,10.0,115444.0,10.0,0.0,2.1155167,0.01333025,8.467407,0.11287265,457053.409739,5428880.01635,08212
08212,2014,115444.0,10.0,115444.0,10.0,0.0,2.2343645,0.0018134948,9.535981,0.017293453,457053.409739,5428880.01635,08212
08212,2015,115444.0,10.0,115444.0,10.0,0.0,2.1870503,0.0049518226,9.095301,0.045038316,457053.409739,5428880.01635,08212
08212,2016,115444.0,10.0,115444.0,10.0,0.0,2.186641,0.012704057,9.0915785,0.11549993,457053.409739,5428880.01635,08212
08212,2017,115444.0,10.0,115444.0,10.0,0.0,2.3426263,0.007883383,10.626319,0.08377135,457053.409739,5428880.01635,08212
08212,2018,115444.0,10.0,115444.0,10.0,0.0,2.3695688,0.009348793,10.9165125,0.10205621,457053.409739,5428880.01635,08212
08212,2019,115444.0,10.0,115444.0,10.0,0.0,2.4263415,0.009266835,11.554201,0.10707087,457053.409739,5428880.01635,08212
08212,2020,115444.0,10.0,115444.0,10.0,0.0,2.4913208,0.007318964,12.329915,0.09024221,457053.409739,5428880.01635,08212
08212,2021,115444.0,10.0,115444.0,10.0,0.0,2.4537268,0.0049646683,11.874989,0.05895538,457053.409739,5428880.01635,08212
08212,2022,115444.0,10.0,115444.0,10.0,0.0,2.5130749,0.0036591338,12.601081,0.046109043,457053.409739,5428880.01635,08212
08212,2023,115444.0,10.0,115444.0,10.0,0.0,2.513253,0.011886344,12.603323,0.14980744,457053.409739,5428880.01635,08212
08212,2024,115444.0,10.0,115444.0,10.0,0.0,2.5516243,0.011159181,13.09633,0.1461443,457053.409739,5428880.01635,08212
08212,2025,115444.0,10.0,115444.0,10.0,0.0,2.628164,0.0044435407,14.138078,0.062823124,457053.409739,5428880.01635,08212
08215,2007,92314.0,10.0,92314.0,10.0,0.0,1.9573458,0.01423877,7.232988,0.102988854,456472.158966,5419523.40209,08215
08215,2008,92314.0,10.0,92314.0,10.0,0.0,1.973116,0.015156762,7.3479576,0.11137124,456472.158966,5419523.40209,08215
08215,2009,92314.0,10.0,92314.0,10.0,0.0,1.950815,0.005957975,7.185904,0.042813435,456472.158966,5419523.40209,08215
08215,2010,92314.0,10.0,92314.0,10.0,0.0,1.9732565,0.019000277,7.3489895,0.13963284,456472.158966,5419523.40209,08215
08215,2011,92314.0,10.0,92314.0,10.0,0.0,1.9583654,0.02841602,7.2403665,0.2057424,456472.158966,5419523.40209,08215
08215,2012,92314.0,10.0,92314.0,10.0,0.0,2.012963,0.015917307,7.6466637,0.121714294,456472.158966,5419523.40209,08215
08215,2013,92314.0,10.0,92314.0,10.0,0.0,2.0958104,0.062735155,8.307152,0.5211505,456472.158966,5419523.40209,08215
08215,2014,92314.0,10.0,92314.0,10.0,0.0,2.0449123,0.019596724,7.894914,0.15471445,456472.158966,5419523.40209,08215
08215,2015,92314.0,10.0,92314.0,10.0,0.0,2.0693104,0.032847423,8.089904,0.26573247,456472.158966,5419523.40209,08215
08215,2016,92314.0,10.0,92314.0,10.0,0.0,2.182838,0.013532716,9.062494,0.122640155,456472.158966,5419523.40209,08215
08215,2017,92314.0,10.0,92314.0,10.0,0.0,2.1789682,0.017678145,9.027493,0.15958932,456472.158966,5419523.40209,08215
08215,2018,92314.0,10.0,92314.0,10.0,0.0,2.2334065,0.01591762,9.532556,0.15173559,456472.158966,5419523.40209,08215
08215,2019,92314.0,10.0,92314.0,10.0,0.0,2.3039336,0.021962907,10.229134,0.2246615,456472.158966,5419523.40209,08215
08215,2020,92314.0,10.0,92314.0,10.0,0.0,2.29472,0.02942651,10.135319,0.29824707,456472.158966,5419523.40209,08215
08215,2021,92314.0,10.0,92314.0,10.0,0.0,2.3500636,0.027405618,10.712058,0.29357058,456472.158966,5419523.40209,08215
08215,2022,92314.0,10.0,92314.0,10.0,0.0,2.3702185,0.016056249,10.930148,0.17549717,456472.158966,5419523.40209,08215
08215,2023,92314.0,10.0,92314.0,10.0,0.0,2.3857203,0.0071570436,11.100904,0.07944965,456472.158966,5419523.40209,08215
08215,2024,92314.0,10.0,92314.0,10.0,0.0,2.443541,0.036407143,11.761686,0.42820936,456472.158966,5419523.40209,08215
08215,2025,92314.0,10.0,92314.0,10.0,0.0,2.472095,0.010170374,12.102371,0.12308564,456472.158966,5419523.40209,08215
08216,2007,26060.0,10.0,26060.0,10.0,0.0,1.8339757,0.026623365,6.412949,0.17073427,440637.226707,5392022.01532,08216
08216,2008,26060.0,10.0,26060.0,10.0,0.0,1.747317,0.019086527,5.8806105,0.112240426,440637.226707,5392022.01532,08216
08216,2009,26060.0,10.0,26060.0,10.0,0.0,1.7434797,0.059357405,5.858088,0.34772092,440637.226707,5392022.01532,08216
08216,2010,26060.0,10.0,26060.0,10.0,0.0,1.7717376,0.037569094,6.0259857,0.22639082,440637.226707,5392022.01532,08216
08216,2011,26060.0,10.0,26060.0,10.0,0.0,1.7694083,0.048029948,6.0119667,0.28875443,440637.226707,5392022.01532,08216
08216,2012,26060.0,10.0,26060.0,10.0,0.0,1.719463,0.079253435,5.719072,0.4532561,440637.226707,5392022.01532,08216
08216,2013,26060.0,10.0,26060.0,10.0,0.0,1.7997702,0.038485073,6.1973004,0.23850355,440637.226707,5392022.01532,08216
08216,2014,26060.0,10.0,26060.0,10.0,0.0,1.7895494,0.071925744,6.134281,0.44121274,440637.226707,5392022.01532,08216
08216,2015,26060.0,10.0,26060.0,10.0,0.0,1.8252692,0.028583365,6.3573575,0.18171467,440637.226707,5392022.01532,08216
08216,2016,26060.0,10.0,26060.0,10.0,0.0,1.9755006,0.004626518,7.3879046,0.034180272,440637.226707,5392022.01532,08216
08216,2017,26060.0,10.0,26060.0,10.0,0.0,1.9737885,0.000329539,7.375266,0.0024304378,440637.226707,5392022.01532,08216
08216,2018,26060.0,10.0,26060.0,10.0,0.0,1.9941056,0.0042982227,7.5266433,0.03235119,440637.226707,5392022.01532,08216
08216,2019,26060.0,10.0,26060.0,10.0,0.0,2.0325944,0.029736932,7.821982,0.23260175,440637.226707,5392022.01532,08216
08216,2020,26060.0,10.0,26060.0,10.0,0.0,2.0707977,0.034911364,8.12659,0.2837103,440637.226707,5392022.01532,08216
08216,2021,26060.0,10.0,26060.0,10.0,0.0,2.0316906,0.053069822,7.8149166,0.4147362,440637.226707,5392022.01532,08216
08216,2022,26060.0,10.0,26060.0,10.0,0.0,2.1129909,0.033958603,8.476812,0.2878607,440637.226707,5392022.01532,08216
08216,2023,26060.0,10.0,26060.0,10.0,0.0,2.1416872,0.048973907,8.723588,0.42722818,440637.226707,5392022.01532,08216
08216,2024,26060.0,10.0,26060.0,10.0,0.0,2.2883127,0.01095836,10.101219,0.1106928,440637.226707,5392022.01532,08216
08216,2025,26060.0,10.0,26060.0,10.0,0.0,2.3648162,0.028401336,10.904328,0.3096975,440637.226707,5392022.01532,08216
08221,2007,142577.0,10.0,142577.0,10.0,0.0,2.3594866,0.0218893,10.826077,0.23697524,477813.19885,5472582.40548,08221
08221,2008,142577.0,10.0,142577.0,10.0,0.0,2.337627,0.022211619,10.59199,0.23526527,477813.19885,5472582.40548,08221
08221,2009,142577.0,10.0,142577.0,10.0,0.0,2.3373547,0.025956862,10.589107,0.27485996,477813.19885,5472582.40548,08221
08221,2010,142577.0,10.0,142577.0,10.0,0.0,2.3146944,0.02721024,10.351855,0.28167647,477813.19885,5472582.40548,08221
08221,2011,142577.0,10.0,142577.0,10.0,0.0,2.3686407,0.017889738,10.925635,0.19545676,477813.19885,5472582.40548,08221
08221,2012,142577.0,10.0,142577.0,10.0,0.0,2.3814468,0.022621708,11.06645,0.250342,477813.19885,5472582.40548,08221
08221,2013,142577.0,10.0,142577.0,10.0,0.0,2.298487,0.009948616,10.18543,0.10133093,477813.19885,5472582.40548,08221
08221,2014,142577.0,10.0,142577.0,10.0,0.0,2.3486266,0.018217234,10.709144,0.195091,477813.19885,5472582.40548,08221
08221,2015,142577.0,10.0,142577.0,10.0,0.0,2.3282323,0.007092401,10.49295,0.074420206,477813.19885,5472582.40548,08221
08221,2016,142577.0,10.0,142577.0,10.0,0.0,2.3109975,0.003120894,10.313655,0.032187823,477813.19885,5472582.40548,08221
08221,2017,142577.0,10.0,142577.0,10.0,0.0,2.496353,0.018124597,12.413993,0.22499862,477813.19885,5472582.40548,08221
08221,2018,142577.0,10.0,142577.0,10.0,0.0,2.5641642,0.021985222,13.284999,0.29207364,477813.19885,5472582.40548,08221
08221,2019,142577.0,10.0,142577.0,10.0,0.0,2.619483,0.015389828,14.040617,0.21608268,477813.19885,5472582.40548,08221
08221,2020,142577.0,10.0,142577.0,10.0,0.0,2.6527379,0.015851306,14.515386,0.2300878,477813.19885,5472582.40548,08221
08221,2021,142577.0,10.0,142577.0,10.0,0.0,2.654811,0.01630391,14.545508,0.23714866,477813.19885,5472582.40548,08221
08221,2022,142577.0,10.0,142577.0,10.0,0.0,2.697938,0.020041376,15.186536,0.30435908,477813.19885,5472582.40548,08221
08221,2023,142577.0,10.0,142577.0,10.0,0.0,2.7096856,0.015100066,15.365993,0.23202749,477813.19885,5472582.40548,08221
08221,2024,142577.0,10.0,142577.0,10.0,0.0,2.7184105,0.0014095671,15.500647,0.0218492,477813.19885,5472582.40548,08221
08221,2025,142577.0,10.0,142577.0,10.0,0.0,2.759874,0.014299608,16.156872,0.23103693,477813.19885,5472582.40548,08221
08222,2007,237855.0,10.0,237855.0,10.0,0.0,1.9596105,0.023543792,7.23219,0.17027318,463822.683348,5483090.26368,08222
08222,2008,237855.0,10.0,237855.0,10.0,0.0,1.9819677,0.019953769,7.395703,0.14757214,463822.683348,5483090.26368,08222
08222,2009,237855.0,10.0,237855.0,10.0,0.0,1.9940147,0.017761298,7.485338,0.13294932,463822.683348,5483090.26368,08222
08222,2010,237855.0,10.0,237855.0,10.0,0.0,1.9938093,0.021073772,7.483801,0.15771191,463822.683348,5483090.26368,08222
08222,2011,237855.0,10.0,237855.0,10.0,0.0,2.0452776,0.015557163,7.8790627,0.12257587,463822.683348,5483090.26368,08222
08222,2012,237855.0,10.0,237855.0,10.0,0.0,2.0615792,0.012882732,8.008557,0.1031721,463822.683348,5483090.26368,08222
08222,2013,237855.0,10.0,237855.0,10.0,0.0,2.0894723,0.0027456188,8.235086,0.022610407,463822.683348,5483090.26368,08222
08222,2014,237855.0,10.0,237855.0,10.0,0.0,2.1232994,0.009393115,8.518419,0.08001449,463822.683348,5483090.26368,08222
08222,2015,237855.0,10.0,237855.0,10.0,0.0,2.1400683,0.00730917,8.662469,0.06331546,463822.683348,5483090.26368,08222
08222,2016,237855.0,10.0,237855.0,10.0,0.0,2.1938376,0.004265403,9.140994,0.038990024,463822.683348,5483090.26368,08222
08222,2017,237855.0,10.0,237855.0,10.0,0.0,2.2799747,0.002212176,9.963278,0.022040525,463822.683348,5483090.26368,08222
08222,2018,237855.0,10.0,237855.0,10.0,0.0,2.3223472,0.0011998317,10.39452,0.012471675,463822.683348,5483090.26368,08222
08222,2019,237855.0,10.0,237855.0,10.0,0.0,2.3735635,0.0023328546,10.940756,0.025523191,463822.683348,5483090.26368,08222
08222,2020,237855.0,10.0,237855.0,10.0,0.0,2.4026086,0.0067228507,11.263193,0.07572077,463822.683348,5483090.26368,08222
08222,2021,237855.0,10.0,237855.0,10.0,0.0,2.3825254,0.007790425,11.039248,0.086000435,463822.683348,5483090.26368,08222
08222,2022,237855.0,10.0,237855.0,10.0,0.0,2.4328992,0.0010648624,11.60958,0.012362604,463822.683348,5483090.26368,08222
08222,2023,237855.0,10.0,237855.0,10.0,0.0,2.4308224,0.00025276508,11.585495,0.0029284086,463822.683348,5483090.26368,08222
08222,2024,237855.0,10.0,237855.0,10.0,0.0,2.4851317,0.00093409244,12.232096,0.011425908,463822.683348,5483090.26368,08222
08222,2025,237855.0,10.0,237855.0,10.0,0.0,2.5243537,0.009924105,12.7213955,0.12624848,463822.683348,5483090.26368,08222
08225,2007,18374.0,25.0,2897.0,10.0,-0.07887314,1.6286719,0.005330559,5.186018,0.027644375,523313.21195,5484768.19522,08225
08225,2008,18374.0,25.0,2897.0,10.0,-0.07887314,1.5373092,0.0527796,4.7332087,0.24981686,523313.21195,5484768.19522,08225
08225,2009,18374.0,25.0,2897.0,10.0,-0.07887314,1.5792058,0.109897435,4.935727,0.5424237,523313.21195,5484768.19522,08225
08225,2010,18374.0,25.0,2897.0,10.0,-0.07887314,1.5576279,0.02839655,4.8303657,0.13716573,523313.21195,5484768.19522,08225
08225,2011,18374.0,25.0,2897.0,10.0,-0.07887314,1.5709057,0.00091207173,4.89493,0.004464527,523313.21195,5484768.19522,08225
08225,2012,18374.0,25.0,2897.0,10.0,-0.07887314,1.6194421,0.035650212,5.1383724,0.18318406,523313.21195,5484768.19522,08225
08225,2013,18374.0,25.0,2897.0,10.0,-0.07887314,1.5827389,0.061746858,4.953196,0.3058443,523313.21195,5484768.19522,08225
08225,2014,18374.0,25.0,2897.0,10.0,-0.07887314,1.597523,0.016195478,5.0269685,0.081414156,523313.21195,5484768.19522,08225
08225,2015,18374.0,25.0,2897.0,10.0,-0.07887314,1.6383969,0.002845022,5.236698,0.014898521,523313.21195,5484768.19522,08225
08225,2016,18374.0,25.0,2897.0,10.0,-0.07887314,1.6692901,0.045001086,5.401001,0.2430509,523313.21195,5484768.19522,08225
08225,2017,18374.0,25.0,2897.0,10.0,-0.07887314,1.7022727,0.030718721,5.5821104,0.17147529,523313.21195,5484768.19522,08225
08225,2018,18374.0,25.0,2897.0,10.0,-0.07887314,1.7786994,0.04635342,6.025459,0.2793006,523313.21195,5484768.19522,08225
08225,2019,18374.0,25.0,2897.0,10.0,-0.07887314,1.7265779,0.04480583,5.719447,0.25626457,523313.21195,5484768.19522,08225
08225,2020,18374.0,25.0,2897.0,10.0,-0.07887314,1.7717466,0.017613115,5.9837103,0.10539177,523313.21195,5484768.19522,08225
08225,2021,18374.0,25.0,2897.0,10.0,-0.07887314,1.9925071,0.03536466,7.4618344,0.26388526,523313.21195,5484768.19522,08225
08225,2022,18374.0,25.0,2897.0,10.0,-0.07887314,2.1090188,0.0033001353,8.383898,0.027667997,523313.21195,5484768.19522,08225
08225,2023,18374.0,25.0,2897.0,10.0,-0.07887314,2.1173747,0.020628683,8.4542465,0.17439997,523313.21195,5484768.19522,08225
08225,2024,18374.0,25.0,2897.0,10.0,-0.07887314,2.1820717,0.0384115,9.019293,0.34644458,523313.21195,5484768.19522,08225
08225,2025,18374.0,25.0,2897.0,10.0,-0.07887314,2.2115405,0.023543328,9.289036,0.21869482,523313.21195,5484768.19522,08225
08226,2007,101624.0,10.0,101624.0,10.0,0.0,1.816271,0.005161359,6.250474,0.03226094,462491.6115,5470592.5177,08226
08226,2008,101624.0,10.0,101624.0,10.0,0.0,1.8644816,0.0059101116,6.5591955,0.03876558,462491.6115,5470592.5177,08226
08226,2009,101624.0,10.0,101624.0,10.0,0.0,1.8460835,0.030116828,6.4396224,0.19394101,462491.6115,5470592.5177,08226
08226,2010,101624.0,10.0,101624.0,10.0,0.0,1.8793724,0.027783234,6.6575975,0.18496959,462491.6115,5470592.5177,08226
08226,2011,101624.0,10.0,101624.0,10.0,0.0,1.8829149,0.0011611235,6.6812243,0.0077577266,462491.6115,5470592.5177,08226
08226,2012,101624.0,10.0,101624.0,10.0,0.0,1.8802205,0.018131154,6.663247,0.12081236,462491.6115,5470592.5177,08226
08226,2013,101624.0,10.0,101624.0,10.0,0.0,1.8855158,0.010978937,6.698624,0.07354378,462491.6115,5470592.5177,08226
08226,2014,101624.0,10.0,101624.0,10.0,0.0,1.9349005,0.00043335883,7.037739,0.0030498663,462491.6115,5470592.5177,08226
08226,2015,101624.0,10.0,101624.0,10.0,0.0,1.9282731,0.051715717,6.9912505,0.36155754,462491.6115,5470592.5177,08226
08226,2016,101624.0,10.0,101624.0,10.0,0.0,1.9598341,0.032126594,7.2154207,0.23180689,462491.6115,5470592.5177,08226
08226,2017,101624.0,10.0,101624.0,10.0,0.0,2.0091858,0.006459457,7.580447,0.048965573,462491.6115,5470592.5177,08226
08226,2018,101624.0,10.0,101624.0,10.0,0.0,2.0655518,0.005040174,8.019998,0.040422186,462491.6115,5470592.5177,08226
08226,2019,101624.0,10.0,101624.0,10.0,0.0,2.0786936,0.009991283,8.126091,0.081190065,462491.6115,5470592.5177,08226
08226,2020,101624.0,10.0,101624.0,10.0,0.0,2.1342974,0.016548095,8.590731,0.14216024,462491.6115,5470592.5177,08226
08226,2021,101624.0,10.0,101624.0,10.0,0.0,2.164804,0.039227642,8.856842,0.34743306,462491.6115,5470592.5177,08226
08226,2022,101624.0,10.0,101624.0,10.0,0.0,2.242695,0.005296196,9.574292,0.050707325,462491.6115,5470592.5177,08226
08226,2023,101624.0,10.0,101624.0,10.0,0.0,2.2771785,0.04346579,9.910203,0.43075478,462491.6115,5470592.5177,08226
08226,2024,101624.0,10.0,101624.0,10.0,0.0,2.3509297,0.03247304,10.668719,0.34644574,462491.6115,5470592.5177,08226
08226,2025,101624.0,10.0,101624.0,10.0,0.0,2.4421108,0.010095089,11.687234,0.11798367,462491.6115,5470592.5177,08226
08231,2007,60183.0,10.0,60183.0,10.0,0.0,1.7812883,0.0015470475,6.0143538,0.009304491,478926.888364,5413759.38989,08231
08231,2008,60183.0,10.0,60183.0,10.0,0.0,1.7683878,0.002894022,5.937264,0.017182574,478926.888364,5413759.38989,08231
08231,2009,60183.0,10.0,60183.0,10.0,0.0,1.8087362,0.0041242223,6.181721,0.025494793,478926.888364,5413759.38989,08231
08231,2010,60183.0,10.0,60183.0,10.0,0.0,1.806384,0.0042422623,6.1671977,0.026162872,478926.888364,5413759.38989,08231
08231,2011,60183.0,10.0,60183.0,10.0,0.0,1.8103344,0.0063994173,6.191609,0.03962269,478926.888364,5413759.38989,08231
08231,2012,60183.0,10.0,60183.0,10.0,0.0,1.8439147,0.0077616153,6.4030557,0.04969806,478926.888364,5413759.38989,08231
08231,2013,60183.0,10.0,60183.0,10.0,0.0,1.8701503,0.0017725807,6.5732665,0.011651645,478926.888364,5413759.38989,08231
08231,2014,60183.0,10.0,60183.0,10.0,0.0,1.929752,0.0013740388,6.9769554,0.009586607,478926.888364,5413759.38989,08231
08231,2015,60183.0,10.0,60183.0,10.0,0.0,1.9427648,0.001244224,7.068338,0.008794596,478926.888364,5413759.38989,08231
08231,2016,60183.0,10.0,60183.0,10.0,0.0,1.9697417,0.007490182,7.2616158,0.05439082,478926.888364,5413759.38989,08231
08231,2017,60183.0,10.0,60183.0,10.0,0.0,2.0541973,0.000894552,7.901542,0.0070683407,478926.888364,5413759.38989,08231
08231,2018,60183.0,10.0,60183.0,10.0,0.0,2.1110575,0.0010422406,8.363844,0.008717138,478926.888364,5413759.38989,08231
08231,2019,60183.0,10.0,60183.0,10.0,0.0,2.1581101,0.011772872,8.766789,0.103210285,478926.888364,5413759.38989,08231
08231,2020,60183.0,10.0,60183.0,10.0,0.0,2.2009306,0.0046268646,9.150341,0.04233739,478926.888364,5413759.38989,08231
08231,2021,60183.0,10.0,60183.0,10.0,0.0,2.2184603,0.0043659867,9.312158,0.040656757,478926.888364,5413759.38989,08231
08231,2022,60183.0,10.0,60183.0,10.0,0.0,2.2585244,0.0035099748,9.692817,0.034021545,478926.888364,5413759.38989,08231
08231,2023,60183.0,10.0,60183.0,10.0,0.0,2.298722,0.0034650178,10.090382,0.03496335,478926.888364,5413759.38989,08231
08231,2024,60183.0,10.0,60183.0,10.0,0.0,2.3445098,0.0021743262,10.563138,0.022967707,478926.888364,5413759.38989,08231
08231,2025,60183.0,10.0,60183.0,10.0,0.0,2.3781946,1.7820155e-05,10.925016,0.00019468549,478926.888364,5413759.38989,08231
08235,2007,22292.0,10.0,22292.0,10.0,0.0,1.747567,0.04651159,5.8166933,0.27054363,474083.757436,5404666.92037,08235
08235,2008,22292.0,10.0,22292.0,10.0,0.0,1.7751151,0.06150637,5.9791594,0.36775637,474083.757436,5404666.92037,08235
08235,2009,22292.0,10.0,22292.0,10.0,0.0,1.7261181,0.0084961215,5.6932597,0.048370626,474083.757436,5404666.92037,08235
08235,2010,22292.0,10.0,22292.0,10.0,0.0,1.7230616,0.037193306,5.6758842,0.21110491,474083.757436,5404666.92037,08235
08235,2011,22292.0,10.0,22292.0,10.0,0.0,1.7211038,0.02049812,5.6647835,0.1161174,474083.757436,5404666.92037,08235
08235,2012,22292.0,10.0,22292.0,10.0,0.0,1.7406147,0.048847366,5.7763934,0.28216162,474083.757436,5404666.92037,08235
08235,2013,22292.0,10.0,22292.0,10.0,0.0,1.7702749,0.038706858,5.950289,0.23031698,474083.757436,5404666.92037,08235
08235,2014,22292.0,10.0,22292.0,10.0,0.0,1.7585963,0.0013995906,5.8812017,0.008231275,474083.757436,5404666.92037,08235
08235,2015,22292.0,10.0,22292.0,10.0,0.0,1.787827,0.025912357,6.055651,0.1569162,474083.757436,5404666.92037,08235
08235,2016,22292.0,10.0,22292.0,10.0,0.0,1.8590862,0.038188,6.5029182,0.24833344,474083.757436,5404666.92037,08235
08235,2017,22292.0,10.0,22292.0,10.0,0.0,1.894028,0.019550502,6.7341585,0.13165618,474083.757436,5404666.92037,08235
08235,2018,22292.0,10.0,22292.0,10.0,0.0,1.932455,0.029127672,6.997968,0.20383453,474083.757436,5404666.92037,08235
08235,2019,22292.0,10.0,22292.0,10.0,0.0,2.0219293,0.032127406,7.652973,0.24587017,474083.757436,5404666.92037,08235
08235,2020,22292.0,10.0,22292.0,10.0,0.0,2.0265746,0.021068528,7.6886063,0.16198762,474083.757436,5404666.92037,08235
08235,2021,22292.0,10.0,22292.0,10.0,0.0,2.070829,0.024263022,8.036501,0.19498982,474083.757436,5404666.92037,08235
08235,2022,22292.0,10.0,22292.0,10.0,0.0,2.14931,0.03689023,8.692626,0.32067296,474083.757436,5404666.92037,08235
08235,2023,22292.0,10.0,22292.0,10.0,0.0,2.2456355,0.03794331,9.571599,0.36317816,474083.757436,5404666.92037,08235
08235,2024,22292.0,10.0,22292.0,10.0,0.0,2.2512054,0.004290532,9.625062,0.041296635,474083.757436,5404666.92037,08235
08235,2025,22292.0,10.0,22292.0,10.0,0.0,2.2875056,0.00078257045,9.980873,0.007810736,474083.757436,5404666.92037,08235
08236,2007,60561.0,10.0,60561.0,10.0,0.0,1.8586816,0.022528762,6.498077,0.14639363,471310.928361,5413152.12663,08236
08236,2008,60561.0,10.0,60561.0,10.0,0.0,1.8451821,0.050843082,6.4109454,0.32595223,471310.928361,5413152.12663,08236
08236,2009,60561.0,10.0,60561.0,10.0,0.0,1.8177508,0.0075672194,6.237476,0.047200352,471310.928361,5413152.12663,08236
08236,2010,60561.0,10.0,60561.0,10.0,0.0,1.8099098,0.040837582,6.1887584,0.25273395,471310.928361,5413152.12663,08236
08236,2011,60561.0,10.0,60561.0,10.0,0.0,1.8490213,0.010843778,6.4356065,0.06978629,471310.928361,5413152.12663,08236
08236,2012,60561.0,10.0,60561.0,10.0,0.0,1.8589013,0.0007169604,6.4995046,0.0046598874,471310.928361,5413152.12663,08236
08236,2013,60561.0,10.0,60561.0,10.0,0.0,1.9097531,0.020351987,6.8385644,0.13917838,471310.928361,5413152.12663,08236
08236,2014,60561.0,10.0,60561.0,10.0,0.0,1.9601054,0.05294279,7.1917186,0.38074964,471310.928361,5413152.12663,08236
08236,2015,60561.0,10.0,60561.0,10.0,0.0,1.9567723,0.014688756,7.1677876,0.10528589,471310.928361,5413152.12663,08236
08236,2016,60561.0,10.0,60561.0,10.0,0.0,1.981359,0.019071376,7.3462048,0.14010224,471310.928361,5413152.12663,08236
08236,2017,60561.0,10.0,60561.0,10.0,0.0,2.0334976,0.04657122,7.739385,0.36043262,471310.928361,5413152.12663,08236
08236,2018,60561.0,10.0,60561.0,10.0,0.0,2.1208994,0.035436172,8.446263,0.29930323,471310.928361,5413152.12663,08236
08236,2019,60561.0,10.0,60561.0,10.0,0.0,2.1396232,0.053729467,8.6059,0.4623904,471310.928361,5413152.12663,08236
08236,2020,60561.0,10.0,60561.0,10.0,0.0,2.1508968,0.070489444,8.703467,0.61350256,471310.928361,5413152.12663,08236
08236,2021,60561.0,10.0,60561.0,10.0,0.0,2.165917,0.040766884,8.835181,0.36018282,471310.928361,5413152.12663,08236
08236,2022,60561.0,10.0,60561.0,10.0,0.0,2.2265565,0.028962806,9.387522,0.271889,471310.928361,5413152.12663,08236
08236,2023,60561.0,10.0,60561.0,10.0,0.0,2.2834992,0.012412108,9.937584,0.12334636,471310.928361,5413152.12663,08236
08236,2024,60561.0,10.0,60561.0,10.0,0.0,2.317227,0.024987007,10.278472,0.25682825,471310.928361,5413152.12663,08236
08236,2025,60561.0,10.0,60561.0,10.0,0.0,2.3323605,0.03769615,10.435206,0.3933671,471310.928361,5413152.12663,08236
08237,2007,31446.0,25.0,2526.0,10.0,0.054690387,1.6123384,0.037362576,5.0869393,0.19006115,455976.256321,5356374.27982,08237
08237,2008,31446.0,25.0,2526.0,10.0,0.054690387,1.6276199,0.005824598,5.165272,0.030085634,455976.256321,5356374.27982,08237
08237,2009,31446.0,25.0,2526.0,10.0,0.054690387,1.66647,0.013337656,5.369893,0.07162178,455976.256321,5356374.27982,08237
08237,2010,31446.0,25.0,2526.0,10.0,0.054690387,1.5909426,0.01924413,4.979256,0.095821455,455976.256321,5356374.27982,08237
08237,2011,31446.0,25.0,2526.0,10.0,0.054690387,1.5953301,0.023854626,5.0011506,0.11930058,455976.256321,5356374.27982,08237
08237,2012,31446.0,25.0,2526.0,10.0,0.054690387,1.6112998,0.024742588,5.0816584,0.12573338,455976.256321,5356374.27982,08237
08237,2013,31446.0,25.0,2526.0,10.0,0.054690387,1.667579,0.004070967,5.375851,0.021884913,455976.256321,5356374.27982,08237
08237,2014,31446.0,25.0,2526.0,10.0,0.054690387,1.6829267,0.003078971,5.4589944,0.016808087,455976.256321,5356374.27982,08237
08237,2015,31446.0,25.0,2526.0,10.0,0.054690387,1.7027677,0.022838412,5.5683885,0.12717314,455976.256321,5356374.27982,08237
08237,2016,31446.0,25.0,2526.0,10.0,0.054690387,1.7390269,0.02636977,5.7739987,0.152259,455976.256321,5356374.27982,08237
08237,2017,31446.0,25.0,2526.0,10.0,0.054690387,1.8124503,0.011416851,6.213897,0.07094313,455976.256321,5356374.27982,08237
08237,2018,31446.0,25.0,2526.0,10.0,0.054690387,1.8179684,0.015295663,6.2482805,0.09557159,455976.256321,5356374.27982,08237
08237,2019,31446.0,25.0,2526.0,10.0,0.054690387,1.9362212,0.033423323,7.0326185,0.23505348,455976.256321,5356374.27982,08237
08237,2020,31446.0,25.0,2526.0,10.0,0.054690387,1.9169848,0.0374211,6.898629,0.2581543,455976.256321,5356374.27982,08237
08237,2021,31446.0,25.0,2526.0,10.0,0.054690387,2.0012524,0.012605229,7.505156,0.09460421,455976.256321,5356374.27982,08237
08237,2022,31446.0,25.0,2526.0,10.0,0.054690387,2.0796964,0.047091164,8.117598,0.38226712,455976.256321,5356374.27982,08237
08237,2023,31446.0,25.0,2526.0,10.0,0.054690387,2.101107,0.0056218067,8.293274,0.046623185,455976.256321,5356374.27982,08237
08237,2024,31446.0,25.0,2526.0,10.0,0.054690387,2.1782248,0.03133929,8.958141,0.28074178,455976.256321,5356374.27982,08237
08237,2025,31446.0,25.0,2526.0,10.0,0.054690387,2.1285152,1.6548698e-05,8.523722,0.00014105652,455976.256321,5356374.27982,08237
08311,2007,55909.0,10.0,55909.0,10.0,0.0,2.2327192,0.021899268,9.560032,0.20935771,411822.334243,5316161.11624,08311
08311,2008,55909.0,10.0,55909.0,10.0,0.0,2.1857126,0.012699794,9.121045,0.1158354,411822.334243,5316161.11624,08311
08311,2009,55909.0,10.0,55909.0,10.0,0.0,2.2049408,0.018699711,9.298123,0.17387222,411822.334243,5316161.11624,08311
08311,2010,55909.0,10.0,55909.0,10.0,0.0,2.2137668,0.017327495,9.380553,0.16254148,411822.334243,5316161.11624,08311
08311,2011,55909.0,10.0,55909.0,10.0,0.0,2.2312906,0.029598197,9.546384,0.28255576,411822.334243,5316161.11624,08311
08311,2012,55909.0,10.0,55909.0,10.0,0.0,2.2646143,0.02511313,9.869866,0.24786323,411822.334243,5316161.11624,08311
08311,2013,55909.0,10.0,55909.0,10.0,0.0,2.097603,0.044888005,8.351783,0.3748949,411822.334243,5316161.11624,08311
08311,2014,55909.0,10.0,55909.0,10.0,0.0,2.3036234,0.03962146,10.262487,0.40661475,411822.334243,5316161.11624,08311
08311,2015,55909.0,10.0,55909.0,10.0,0.0,2.2591763,0.03704076,9.816339,0.36360464,411822.334243,5316161.11624,08311
08311,2016,55909.0,10.0,55909.0,10.0,0.0,2.224281,0.008062635,9.479703,0.07643138,411822.334243,5316161.11624,08311
08311,2017,55909.0,10.0,55909.0,10.0,0.0,2.475318,0.022291489,12.184805,0.27161747,411822.334243,5316161.11624,08311
08311,2018,55909.0,10.0,55909.0,10.0,0.0,2.5144646,0.02547386,12.671261,0.3227859,411822.334243,5316161.11624,08311
08311,2019,55909.0,10.0,55909.0,10.0,0.0,2.6177356,0.03732233,14.049789,0.52437085,411822.334243,5316161.11624,08311
08311,2020,55909.0,10.0,55909.0,10.0,0.0,2.623149,0.0140799275,14.126051,0.19889377,411822.334243,5316161.11624,08311
08311,2021,55909.0,10.0,55909.0,10.0,0.0,2.5942564,0.017101761,13.723756,0.2347004,411822.334243,5316161.11624,08311
08311,2022,55909.0,10.0,55909.0,10.0,0.0,2.6827455,0.018188585,14.993507,0.27271068,411822.334243,5316161.11624,08311
08311,2023,55909.0,10.0,55909.0,10.0,0.0,2.5834959,0.028607432,13.576873,0.38839948,411822.334243,5316161.11624,08311
08311,2024,55909.0,10.0,55909.0,10.0,0.0,2.5813715,0.013767369,13.548062,0.18652116,411822.334243,5316161.11624,08311
08311,2025,55909.0,10.0,55909.0,10.0,0.0,2.5994108,0.009332466,13.794674,0.12873831,411822.334243,5316161.11624,08311
08315,2007,15518.0,25.0,2520.0,10.0,-0.18487225,1.7919811,0.06683966,6.1225376,0.40922832,440232.999447,5301812.56683,08315
08315,2008,15518.0,25.0,2520.0,10.0,-0.18487225,1.6625258,0.03293431,5.3791013,0.177157,440232.999447,5301812.56683,08315
08315,2009,15518.0,25.0,2520.0,10.0,-0.18487225,1.6436782,0.023547659,5.278668,0.124300264,440232.999447,5301812.56683,08315
08315,2010,15518.0,25.0,2520.0,10.0,-0.18487225,1.6805899,0.013353205,5.477153,0.07313755,440232.999447,5301812.56683,08315
08315,2011,15518.0,25.0,2520.0,10.0,-0.18487225,1.7226343,0.005766426,5.712346,0.03293982,440232.999447,5301812.56683,08315
08315,2012,15518.0,25.0,2520.0,10.0,-0.18487225,1.7237705,0.0021602262,5.71884,0.012353987,440232.999447,5301812.56683,08315
08315,2013,15518.0,25.0,2520.0,10.0,-0.18487225,1.7627307,0.0002137925,5.946045,0.0012712198,440232.999447,5301812.56683,08315
08315,2014,15518.0,25.0,2520.0,10.0,-0.18487225,1.8105297,0.012531262,6.2371616,0.0781595,440232.999447,5301812.56683,08315
08315,2015,15518.0,25.0,2520.0,10.0,-0.18487225,1.8027332,0.018867899,6.1887226,0.11676818,440232.999447,5301812.56683,08315
08315,2016,15518.0,25.0,2520.0,10.0,-0.18487225,1.897871,0.028330816,6.806422,0.1928315,440232.999447,5301812.56683,08315
08315,2017,15518.0,25.0,2520.0,10.0,-0.18487225,1.996764,0.05746622,7.513936,0.43179747,440232.999447,5301812.56683,08315
08315,2018,15518.0,25.0,2520.0,10.0,-0.18487225,1.9769602,0.017450826,7.3665957,0.12855318,440232.999447,5301812.56683,08315
08315,2019,15518.0,25.0,2520.0,10.0,-0.18487225,2.0124583,0.024982434,7.6327934,0.19068575,440232.999447,5301812.56683,08315
08315,2020,15518.0,25.0,2520.0,10.0,-0.18487225,2.007811,0.020080866,7.597405,0.15256247,440232.999447,5301812.56683,08315
08315,2021,15518.0,25.0,2520.0,10.0,-0.18487225,2.0545948,0.0032595834,7.9612846,0.025950471,440232.999447,5301812.56683,08315
08315,2022,15518.0,25.0,2520.0,10.0,-0.18487225,2.1699595,0.054172028,8.934812,0.48401687,440232.999447,5301812.56683,08315
08315,2023,15518.0,25.0,2520.0,10.0,-0.18487225,2.1622286,0.056903187,8.866004,0.5045039,440232.999447,5301812.56683,08315
08315,2024,15518.0,25.0,2520.0,10.0,-0.18487225,2.2886174,0.012282913,10.060459,0.12357174,440232.999447,5301812.56683,08315
08315,2025,15518.0,25.0,2520.0,10.0,-0.18487225,2.3453228,0.0053761154,10.647428,0.057241797,440232.999447,5301812.56683,08315
08316,2007,45652.0,10.0,45652.0,10.0,0.0,1.9541312,0.021230806,7.2401447,0.15371409,416856.958955,5324782.99915,08316
08316,2008,45652.0,10.0,45652.0,10.0,0.0,2.0005724,0.022666102,7.584315,0.17190686,416856.958955,5324782.99915,08316
08316,2009,45652.0,10.0,45652.0,10.0,0.0,1.9937816,0.030447764,7.532986,0.22936258,416856.958955,5324782.99915,08316
08316,2010,45652.0,10.0,45652.0,10.0,0.0,1.9738214,0.026198784,7.384117,0.19345489,416856.958955,5324782.99915,08316
08316,2011,45652.0,10.0,45652.0,10.0,0.0,2.0006998,0.034439977,7.5852814,0.2612369,416856.958955,5324782.99915,08316
08316,2012,45652.0,10.0,45652.0,10.0,0.0,2.0301518,0.030690042,7.812006,0.23975079,416856.958955,5324782.99915,08316
08316,2013,45652.0,10.0,45652.0,10.0,0.0,2.1614342,0.09865466,8.90795,0.87881076,416856.958955,5324782.99915,08316
08316,2014,45652.0,10.0,45652.0,10.0,0.0,2.1271358,0.05409455,8.6076,0.46562427,416856.958955,5324782.99915,08316
08316,2015,45652.0,10.0,45652.0,10.0,0.0,2.2096694,0.081345096,9.348158,0.7604268,416856.958955,5324782.99915,08316
08316,2016,45652.0,10.0,45652.0,10.0,0.0,2.2687178,0.054753643,9.916773,0.5429795,416856.958955,5324782.99915,08316
08316,2017,45652.0,10.0,45652.0,10.0,0.0,2.2424796,0.056065634,9.65996,0.54159176,416856.958955,5324782.99915,08316
08316,2018,45652.0,10.0,45652.0,10.0,0.0,2.2650528,0.079163335,9.880496,0.7821731,416856.958955,5324782.99915,08316
08316,2019,45652.0,10.0,45652.0,10.0,0.0,2.3584425,0.11519269,10.8476925,1.2495749,416856.958955,5324782.99915,08316
08316,2020,45652.0,10.0,45652.0,10.0,0.0,2.3610141,0.064362094,10.875626,0.69997805,416856.958955,5324782.99915,08316
08316,2021,45652.0,10.0,45652.0,10.0,0.0,2.410991,0.04253592,11.432967,0.48631176,416856.958955,5324782.99915,08316
08316,2022,45652.0,10.0,45652.0,10.0,0.0,2.4743805,0.063996136,12.181159,0.7795471,416856.958955,5324782.99915,08316
08316,2023,45652.0,10.0,45652.0,10.0,0.0,2.548982,0.113569744,13.124645,1.4905627,416856.958955,5324782.99915,08316
08316,2024,45652.0,10.0,45652.0,10.0,0.0,2.5427396,0.121404365,13.042974,1.583474,416856.958955,5324782.99915,08316
08316,2025,45652.0,10.0,45652.0,10.0,0.0,2.6795166,0.1116655,14.954715,1.6699257,416856.958955,5324782.99915,08316
08317,2007,11770.0,10.0,11770.0,10.0,0.0,1.8944997,0.067454115,6.743374,0.45486832,424717.706377,5378300.47391,08317
08317,2008,11770.0,10.0,11770.0,10.0,0.0,1.7556055,0.03793647,5.868894,0.22264513,424717.706377,5378300.47391,08317
08317,2009,11770.0,10.0,11770.0,10.0,0.0,1.7190843,0.028030435,5.6584215,0.15860802,424717.706377,5378300.47391,08317
08317,2010,11770.0,10.0,11770.0,10.0,0.0,1.695505,0.048743337,5.526561,0.26938304,424717.706377,5378300.47391,08317
08317,2011,11770.0,10.0,11770.0,10.0,0.0,1.7163848,0.022429463,5.6431675,0.12657322,424717.706377,5378300.47391,08317
08317,2012,11770.0,10.0,11770.0,10.0,0.0,1.7437514,0.028969713,5.7997346,0.16801664,424717.706377,5378300.47391,08317
08317,2013,11770.0,10.0,11770.0,10.0,0.0,1.8183995,0.049042657,6.249243,0.30647948,424717.706377,5378300.47391,08317
08317,2014,11770.0,10.0,11770.0,10.0,0.0,1.8146287,0.032930616,6.2257223,0.20501687,424717.706377,5378300.47391,08317
08317,2015,11770.0,10.0,11770.0,10.0,0.0,1.8322954,0.07112489,6.3366876,0.45069623,424717.706377,5378300.47391,08317
08317,2016,11770.0,10.0,11770.0,10.0,0.0,1.8482369,0.018175092,6.4385133,0.11702056,424717.706377,5378300.47391,08317
08317,2017,11770.0,10.0,11770.0,10.0,0.0,1.9116254,0.010737356,6.859854,0.07365669,424717.706377,5378300.47391,08317
08317,2018,11770.0,10.0,11770.0,10.0,0.0,1.9503735,0.065876745,7.1308775,0.469759,424717.706377,5378300.47391,08317
08317,2019,11770.0,10.0,11770.0,10.0,0.0,2.0191245,0.031527244,7.638378,0.24081701,424717.706377,5378300.47391,08317
08317,2020,11770.0,10.0,11770.0,10.0,0.0,1.9963957,0.006563433,7.4667253,0.04900735,424717.706377,5378300.47391,08317
08317,2021,11770.0,10.0,11770.0,10.0,0.0,2.047758,0.017736852,7.8602533,0.13941614,424717.706377,5378300.47391,08317
08317,2022,11770.0,10.0,11770.0,10.0,0.0,2.1382258,0.007818049,8.60451,0.06727048,424717.706377,5378300.47391,08317
08317,2023,11770.0,10.0,11770.0,10.0,0.0,2.2184134,0.00866009,9.322905,0.08073719,424717.706377,5378300.47391,08317
08317,2024,11770.0,10.0,11770.0,10.0,0.0,2.2192092,0.013507689,9.330325,0.12603115,424717.706377,5378300.47391,08317
08317,2025,11770.0,10.0,11770.0,10.0,0.0,2.2669563,0.025292063,9.786629,0.24752405,424717.706377,5378300.47391,08317
08325,2007,41683.0,25.0,4892.0,10.0,0.018407188,1.5993651,0.059983104,5.02327,0.30131134,465196.087659,5356101.13437,08325
08325,2008,41683.0,25.0,4892.0,10.0,0.018407188,1.6421201,0.061177187,5.2426972,0.3207335,465196.087659,5356101.13437,08325
08325,2009,41683.0,25.0,4892.0,10.0,0.018407188,1.6408588,0.052883264,5.2360888,0.27690145,465196.087659,5356101.13437,08325
08325,2010,41683.0,25.0,4892.0,10.0,0.018407188,1.611784,0.00812145,5.0860424,0.04130604,465196.087659,5356101.13437,08325
08325,2011,41683.0,25.0,4892.0,10.0,0.018407188,1.6488234,0.008444445,5.2779584,0.044569433,465196.087659,5356101.13437,08325
08325,2012,41683.0,25.0,4892.0,10.0,0.018407188,1.6637558,0.0022283301,5.3573623,0.011937972,465196.087659,5356101.13437,08325
08325,2013,41683.0,25.0,4892.0,10.0,0.018407188,1.6294174,0.01235536,5.1765223,0.063957796,465196.087659,5356101.13437,08325
08325,2014,41683.0,25.0,4892.0,10.0,0.018407188,1.6934985,0.036610194,5.5190983,0.20205526,465196.087659,5356101.13437,08325
08325,2015,41683.0,25.0,4892.0,10.0,0.018407188,1.6959784,0.020520905,5.532802,0.11353811,465196.087659,5356101.13437,08325
08325,2016,41683.0,25.0,4892.0,10.0,0.018407188,1.7699391,0.018827228,5.9575243,0.11216368,465196.087659,5356101.13437,08325
08325,2017,41683.0,25.0,4892.0,10.0,0.018407188,1.7835261,0.009687175,6.0390224,0.058501065,465196.087659,5356101.13437,08325
08325,2018,41683.0,25.0,4892.0,10.0,0.018407188,1.8067888,0.007134734,6.181153,0.044100884,465196.087659,5356101.13437,08325
08325,2019,41683.0,25.0,4892.0,10.0,0.018407188,1.8951821,0.0005256272,6.752401,0.0035492457,465196.087659,5356101.13437,08325
08325,2020,41683.0,25.0,4892.0,10.0,0.018407188,1.8735696,0.008093784,6.6080303,0.05348397,465196.087659,5356101.13437,08325
08325,2021,41683.0,25.0,4892.0,10.0,0.018407188,1.9807448,0.015055319,7.355592,0.11074078,465196.087659,5356101.13437,08325
08325,2022,41683.0,25.0,4892.0,10.0,0.018407188,2.016776,0.020491349,7.6254554,0.15625587,465196.087659,5356101.13437,08325
08325,2023,41683.0,25.0,4892.0,10.0,0.018407188,2.1079538,0.009889191,8.353411,0.08260848,465196.087659,5356101.13437,08325
08325,2024,41683.0,25.0,4892.0,10.0,0.018407188,2.1967561,0.006795165,9.129145,0.062034044,465196.087659,5356101.13437,08325
08325,2025,41683.0,25.0,4892.0,10.0,0.018407188,2.2007961,0.021355914,9.166103,0.1957505,465196.087659,5356101.13437,08325
08326,2007,11517.0,10.0,11517.0,10.0,0.0,1.7965751,0.027152251,6.1180725,0.16611946,469167.39001,5316028.16241,08326
08326,2008,11517.0,10.0,11517.0,10.0,0.0,1.7422146,0.019620415,5.794369,0.113687925,469167.39001,5316028.16241,08326
08326,2009,11517.0,10.0,11517.0,10.0,0.0,1.7658192,0.02377033,5.93277,0.1410239,469167.39001,5316028.16241,08326
08326,2010,11517.0,10.0,11517.0,10.0,0.0,1.7797163,0.14338267,6.015794,0.8625606,469167.39001,5316028.16241,08326
08326,2011,11517.0,10.0,11517.0,10.0,0.0,1.7504262,0.18798327,5.842146,1.0982257,469167.39001,5316028.16241,08326
08326,2012,11517.0,10.0,11517.0,10.0,0.0,1.7315536,0.15157235,5.7329235,0.8689527,469167.39001,5316028.16241,08326
08326,2013,11517.0,10.0,11517.0,10.0,0.0,1.7943579,0.057092004,6.104523,0.34851947,469167.39001,5316028.16241,08326
08326,2014,11517.0,10.0,11517.0,10.0,0.0,1.7392975,0.017551987,5.777491,0.10140645,469167.39001,5316028.16241,08326
08326,2015,11517.0,10.0,11517.0,10.0,0.0,1.8281941,0.049574323,6.314611,0.31304258,469167.39001,5316028.16241,08326
08326,2016,11517.0,10.0,11517.0,10.0,0.0,1.7570852,0.006068865,5.8811793,0.03569208,469167.39001,5316028.16241,08326
08326,2017,11517.0,10.0,11517.0,10.0,0.0,1.8610375,0.03043527,6.5254474,0.19860375,469167.39001,5316028.16241,08326
08326,2018,11517.0,10.0,11517.0,10.0,0.0,2.0025294,0.018681098,7.517258,0.14043063,469167.39001,5316028.16241,08326
08326,2019,11517.0,10.0,11517.0,10.0,0.0,2.0155163,0.0643706,7.6155205,0.49021563,469167.39001,5316028.16241,08326
08326,2020,11517.0,10.0,11517.0,10.0,0.0,2.1826992,0.013787285,9.00132,0.12410377,469167.39001,5316028.16241,08326
08326,2021,11517.0,10.0,11517.0,10.0,0.0,2.1592774,0.02950546,8.792943,0.25943983,469167.39001,5316028.16241,08326
08326,2022,11517.0,10.0,11517.0,10.0,0.0,2.1120756,0.043015618,8.387543,0.36079532,469167.39001,5316028.16241,08326
08326,2023,11517.0,10.0,11517.0,10.0,0.0,2.210155,0.03524698,9.2518835,0.32610095,469167.39001,5316028.16241,08326
08326,2024,11517.0,10.0,11517.0,10.0,0.0,2.253316,0.04667189,9.659946,0.45084792,469167.39001,5316028.16241,08326
08326,2025,11517.0,10.0,11517.0,10.0,0.0,2.2557697,0.0117929485,9.683678,0.11419911,469167.39001,5316028.16241,08326
08327,2007,38354.0,25.0,9620.0,15.0,0.062484525,1.5293835,0.03346484,4.703487,0.15740144,494334.074225,5325939.0986,08327
08327,2008,38354.0,25.0,9620.0,15.0,0.062484525,1.6710145,0.00044310858,5.419129,0.0024012625,494334.074225,5325939.0986,08327
08327,2009,38354.0,25.0,9620.0,15.0,0.062484525,1.1166611,0.059509367,3.1129837,0.1852517,494334.074225,5325939.0986,08327
08327,2010,38354.0,25.0,9620.0,15.0,0.062484525,1.2584883,0.09942487,3.5873322,0.35667005,494334.074225,5325939.0986,08327
08327,2011,38354.0,25.0,9620.0,15.0,0.062484525,1.0522355,0.11648632,2.918752,0.33999467,494334.074225,5325939.0986,08327
08327,2012,38354.0,25.0,9620.0,15.0,0.062484525,1.2929329,0.17371188,3.7130492,0.64500076,494334.074225,5325939.0986,08327
08327,2013,38354.0,25.0,9620.0,15.0,0.062484525,1.5475543,0.061569884,4.789734,0.29490337,494334.074225,5325939.0986,08327
08327,2014,38354.0,25.0,9620.0,15.0,0.062484525,1.7008603,0.053608883,5.5833044,0.2993147,494334.074225,5325939.0986,08327
08327,2015,38354.0,25.0,9620.0,15.0,0.062484525,1.781287,0.023569906,6.0509033,0.14261922,494334.074225,5325939.0986,08327
08327,2016,38354.0,25.0,9620.0,15.0,0.062484525,1.8922573,0.04351426,6.761048,0.294202,494334.074225,5325939.0986,08327
08327,2017,38354.0,25.0,9620.0,15.0,0.062484525,1.9308792,0.050493784,7.0272803,0.35483396,494334.074225,5325939.0986,08327
08327,2018,38354.0,25.0,9620.0,15.0,0.062484525,1.95491,0.0036443868,7.198197,0.026233016,494334.074225,5325939.0986,08327
08327,2019,38354.0,25.0,9620.0,15.0,0.062484525,2.096805,0.028576903,8.295604,0.23706266,494334.074225,5325939.0986,08327
08327,2020,38354.0,25.0,9620.0,15.0,0.062484525,2.0619495,0.025270808,8.011436,0.20245549,494334.074225,5325939.0986,08327
08327,2021,38354.0,25.0,9620.0,15.0,0.062484525,2.1023803,0.034622066,8.341982,0.28881663,494334.074225,5325939.0986,08327
08327,2022,38354.0,25.0,9620.0,15.0,0.062484525,2.1310341,0.046059277,8.58447,0.39539447,494334.074225,5325939.0986,08327
08327,2023,38354.0,25.0,9620.0,15.0,0.062484525,2.2286124,0.027855981,9.464357,0.26363897,494334.074225,5325939.0986,08327
08327,2024,38354.0,25.0,9620.0,15.0,0.062484525,2.2506843,0.023162644,9.675575,0.22411191,494334.074225,5325939.0986,08327
08327,2025,38354.0,25.0,9620.0,15.0,0.062484525,2.2809992,0.034047958,9.973383,0.3395733,494334.074225,5325939.0986,08327
08335,2007,25913.0,25.0,8835.0,10.0,0.013342726,1.7161193,0.017136527,5.6699963,0.09716404,482048.549217,5291919.15933,08335
08335,2008,25913.0,25.0,8835.0,10.0,0.013342726,1.6968502,0.02133655,5.5617867,0.11866934,482048.549217,5291919.15933,08335
08335,2009,25913.0,25.0,8835.0,10.0,0.013342726,1.7403995,0.030829357,5.80935,0.17909852,482048.549217,5291919.15933,08335
08335,2010,25913.0,25.0,8835.0,10.0,0.013342726,1.747959,0.0077994796,5.853432,0.045653723,482048.549217,5291919.15933,08335
08335,2011,25913.0,25.0,8835.0,10.0,0.013342726,1.7610533,0.023066144,5.9305825,0.13679568,482048.549217,5291919.15933,08335
08335,2012,25913.0,25.0,8835.0,10.0,0.013342726,1.7710959,0.032965466,5.9904413,0.19747768,482048.549217,5291919.15933,08335
08335,2013,25913.0,25.0,8835.0,10.0,0.013342726,1.848421,0.018065428,6.472032,0.11692004,482048.549217,5291919.15933,08335
08335,2014,25913.0,25.0,8835.0,10.0,0.013342726,1.8878205,0.024379874,6.732117,0.16412817,482048.549217,5291919.15933,08335
08335,2015,25913.0,25.0,8835.0,10.0,0.013342726,1.9441428,0.022892443,7.1221666,0.1630438,482048.549217,5291919.15933,08335
08335,2016,25913.0,25.0,8835.0,10.0,0.013342726,2.026597,0.032813784,7.7343097,0.253792,482048.549217,5291919.15933,08335
08335,2017,25913.0,25.0,8835.0,10.0,0.013342726,2.0431378,0.02764783,7.863305,0.21740332,482048.549217,5291919.15933,08335
08335,2018,25913.0,25.0,8835.0,10.0,0.013342726,2.1202312,0.049443927,8.493493,0.41995168,482048.549217,5291919.15933,08335
08335,2019,25913.0,25.0,8835.0,10.0,0.013342726,2.11572,0.016901707,8.455265,0.14290841,482048.549217,5291919.15933,08335
08335,2020,25913.0,25.0,8835.0,10.0,0.013342726,2.141724,0.026789326,8.678019,0.23247828,482048.549217,5291919.15933,08335
08335,2021,25913.0,25.0,8835.0,10.0,0.013342726,2.1907518,0.041842926,9.114085,0.38136002,482048.549217,5291919.15933,08335
08335,2022,25913.0,25.0,8835.0,10.0,0.013342726,2.2475011,0.034082964,9.646259,0.3287731,482048.549217,5291919.15933,08335
08335,2023,25913.0,25.0,8835.0,10.0,0.013342726,2.2820995,0.03700733,9.985845,0.36954948,482048.549217,5291919.15933,08335
08335,2024,25913.0,25.0,8835.0,10.0,0.013342726,2.3242261,0.050657097,10.415503,0.5276191,482048.549217,5291919.15933,08335
08335,2025,25913.0,25.0,8835.0,10.0,0.013342726,2.371676,0.044624534,10.921628,0.48737258,482048.549217,5291919.15933,08335
08336,2007,16277.0,10.0,16277.0,10.0,0.0,1.9594882,0.01181026,7.270765,0.085869625,392445.708834,5280812.20729,08336
08336,2008,16277.0,10.0,16277.0,10.0,0.0,1.9564444,0.048809756,7.2486677,0.3538057,392445.708834,5280812.20729,08336
08336,2009,16277.0,10.0,16277.0,10.0,0.0,1.9545015,0.039696194,7.2345986,0.28718603,392445.708834,5280812.20729,08336
08336,2010,16277.0,10.0,16277.0,10.0,0.0,1.9695423,0.0052397377,7.344234,0.03848186,392445.708834,5280812.20729,08336
08336,2011,16277.0,10.0,16277.0,10.0,0.0,1.9569838,0.0074217194,7.2525787,0.053826608,392445.708834,5280812.20729,08336
08336,2012,16277.0,10.0,16277.0,10.0,0.0,1.990783,0.020021655,7.5018997,0.15020046,392445.708834,5280812.20729,08336
08336,2013,16277.0,10.0,16277.0,10.0,0.0,2.037742,0.044104766,7.862583,0.3467774,392445.708834,5280812.20729,08336
08336,2014,16277.0,10.0,16277.0,10.0,0.0,2.1731567,0.012218793,9.00275,0.11000274,392445.708834,5280812.20729,08336
08336,2015,16277.0,10.0,16277.0,10.0,0.0,2.1851385,0.028333608,9.111267,0.25815508,392445.708834,5280812.20729,08336
08336,2016,16277.0,10.0,16277.0,10.0,0.0,2.3947952,0.05126159,11.236511,0.5760014,392445.708834,5280812.20729,08336
08336,2017,16277.0,10.0,16277.0,10.0,0.0,2.2846475,0.006589029,10.064564,0.0663157,392445.708834,5280812.20729,08336
08336,2018,16277.0,10.0,16277.0,10.0,0.0,2.291825,0.042837888,10.137064,0.4342504,392445.708834,5280812.20729,08336
08336,2019,16277.0,10.0,16277.0,10.0,0.0,2.340318,0.005647034,10.640754,0.060088698,392445.708834,5280812.20729,08336
08336,2020,16277.0,10.0,16277.0,10.0,0.0,2.4526472,0.05907483,11.90574,0.7033295,392445.708834,5280812.20729,08336
08336,2021,16277.0,10.0,16277.0,10.0,0.0,2.416951,0.038148575,11.488243,0.4382601,392445.708834,5280812.20729,08336
08336,2022,16277.0,10.0,16277.0,10.0,0.0,2.4394393,0.0049367207,11.749523,0.058004115,392445.708834,5280812.20729,08336
08336,2023,16277.0,10.0,16277.0,10.0,0.0,2.4980192,0.053282224,12.458367,0.66380954,392445.708834,5280812.20729,08336
08336,2024,16277.0,10.0,16277.0,10.0,0.0,2.5702012,0.008976479,13.390887,0.120203026,392445.708834,5280812.20729,08336
08336,2025,16277.0,10.0,16277.0,10.0,0.0,2.5505228,0.024681456,13.129954,0.3240664,392445.708834,5280812.20729,08336
08337,2007,19759.0,25.0,4149.0,10.0,0.019158505,1.701783,0.095298566,5.5824227,0.5319969,433997.409096,5274700.6476,08337
08337,2008,19759.0,25.0,4149.0,10.0,0.019158505,1.7293547,0.12059819,5.7384815,0.6920505,433997.409096,5274700.6476,08337
08337,2009,19759.0,25.0,4149.0,10.0,0.019158505,1.7081487,0.03534638,5.6180725,0.19857854,433997.409096,5274700.6476,08337
08337,2010,19759.0,25.0,4149.0,10.0,0.019158505,1.6767238,0.08290667,5.4442706,0.45136634,433997.409096,5274700.6476,08337
08337,2011,19759.0,25.0,4149.0,10.0,0.019158505,1.7227606,0.0030799173,5.700766,0.017557887,433997.409096,5274700.6476,08337
08337,2012,19759.0,25.0,4149.0,10.0,0.019158505,1.7762043,0.008238974,6.013725,0.049546923,433997.409096,5274700.6476,08337
08337,2013,19759.0,25.0,4149.0,10.0,0.019158505,1.857666,0.030935563,6.524119,0.2018273,433997.409096,5274700.6476,08337
08337,2014,19759.0,25.0,4149.0,10.0,0.019158505,1.8868151,0.007132322,6.71709,0.047908448,433997.409096,5274700.6476,08337
08337,2015,19759.0,25.0,4149.0,10.0,0.019158505,1.9696577,0.023901345,7.2972507,0.1744141,433997.409096,5274700.6476,08337
08337,2016,19759.0,25.0,4149.0,10.0,0.019158505,1.9552257,0.018719226,7.192693,0.13464165,433997.409096,5274700.6476,08337
08337,2017,19759.0,25.0,4149.0,10.0,0.019158505,2.0460355,0.008674139,7.876435,0.06832129,433997.409096,5274700.6476,08337
08337,2018,19759.0,25.0,4149.0,10.0,0.019158505,2.046922,0.0053886673,7.8834205,0.042481128,433997.409096,5274700.6476,08337
08337,2019,19759.0,25.0,4149.0,10.0,0.019158505,2.109773,0.04563488,8.394804,0.3830959,433997.409096,5274700.6476,08337
08337,2020,19759.0,25.0,4149.0,10.0,0.019158505,2.1274037,0.029434247,8.544124,0.25148985,433997.409096,5274700.6476,08337
08337,2021,19759.0,25.0,4149.0,10.0,0.019158505,2.159017,0.03153075,8.818546,0.27805537,433997.409096,5274700.6476,08337
08337,2022,19759.0,25.0,4149.0,10.0,0.019158505,2.1759233,0.02274856,8.968904,0.20402962,433997.409096,5274700.6476,08337
08337,2023,19759.0,25.0,4149.0,10.0,0.019158505,2.1976237,0.03273637,9.165659,0.30005038,433997.409096,5274700.6476,08337
08337,2024,19759.0,25.0,4149.0,10.0,0.019158505,2.2294798,0.0080915755,9.462339,0.076565236,433997.409096,5274700.6476,08337
08337,2025,19759.0,25.0,4149.0,10.0,0.019158505,2.3166866,0.002378005,10.324571,0.02455188,433997.409096,5274700.6476,08337
08415,2007,22423.0,10.0,22423.0,10.0,0.0,1.9055057,0.012192375,6.8229117,0.0831875,526123.814505,5374892.75148,08415
08415,2008,22423.0,10.0,22423.0,10.0,0.0,1.9284155,0.0023069049,6.9810276,0.016104568,526123.814505,5374892.75148,08415
08415,2009,22423.0,10.0,22423.0,10.0,0.0,1.9242233,0.0030579944,6.951823,0.021258635,526123.814505,5374892.75148,08415
08415,2010,22423.0,10.0,22423.0,10.0,0.0,1.900414,0.026415428,6.78826,0.17931479,526123.814505,5374892.75148,08415
08415,2011,22423.0,10.0,22423.0,10.0,0.0,1.9060098,0.020076811,6.826352,0.13705139,526123.814505,5374892.75148,08415
08415,2012,22423.0,10.0,22423.0,10.0,0.0,1.9478817,0.017467894,7.1182537,0.12434089,526123.814505,5374892.75148,08415
08415,2013,22423.0,10.0,22423.0,10.0,0.0,2.0210114,0.0030663768,7.658315,0.02348328,526123.814505,5374892.75148,08415
08415,2014,22423.0,10.0,22423.0,10.0,0.0,2.0806966,0.00011786709,8.12932,0.00095817936,526123.814505,5374892.75148,08415
08415,2015,22423.0,10.0,22423.0,10.0,0.0,2.0990589,0.018726157,8.279971,0.15505204,526123.814505,5374892.75148,08415
08415,2016,22423.0,10.0,22423.0,10.0,0.0,2.0840151,0.026043627,8.156342,0.21242072,526123.814505,5374892.75148,08415
08415,2017,22423.0,10.0,22423.0,10.0,0.0,2.208188,0.01799484,9.234706,0.16617706,526123.814505,5374892.75148,08415
08415,2018,22423.0,10.0,22423.0,10.0,0.0,2.21748,0.014893243,9.320914,0.13881864,526123.814505,5374892.75148,08415
08415,2019,22423.0,10.0,22423.0,10.0,0.0,2.2604158,0.036988635,9.729831,0.35989314,526123.814505,5374892.75148,08415
08415,2020,22423.0,10.0,22423.0,10.0,0.0,2.286914,0.015262,9.9911,0.15248416,526123.814505,5374892.75148,08415
08415,2021,22423.0,10.0,22423.0,10.0,0.0,2.3587656,0.006036359,10.735396,0.064802706,526123.814505,5374892.75148,08415
08415,2022,22423.0,10.0,22423.0,10.0,0.0,2.4092865,0.014000733,11.291691,0.15809196,526123.814505,5374892.75148,08415
08415,2023,22423.0,10.0,22423.0,10.0,0.0,2.406406,0.02838966,11.259211,0.31964517,526123.814505,5374892.75148,08415
08415,2024,22423.0,10.0,22423.0,10.0,0.0,2.4650185,0.043629415,11.938866,0.5208857,526123.814505,5374892.75148,08415
08415,2025,22423.0,10.0,22423.0,10.0,0.0,2.5325475,0.04419329,12.772932,0.56447786,526123.814505,5374892.75148,08415
08416,2007,50887.0,10.0,50887.0,10.0,0.0,1.9530754,0.028759936,7.2528653,0.20859194,507677.676318,5382805.89405,08416
08416,2008,50887.0,10.0,50887.0,10.0,0.0,1.9127175,0.006288633,6.965982,0.04380651,507677.676318,5382805.89405,08416
08416,2009,50887.0,10.0,50887.0,10.0,0.0,1.9289863,0.011788799,7.0802374,0.0834675,507677.676318,5382805.89405,08416
08416,2010,50887.0,10.0,50887.0,10.0,0.0,1.9564455,0.04091894,7.2773485,0.29778138,507677.676318,5382805.89405,08416
08416,2011,50887.0,10.0,50887.0,10.0,0.0,2.014458,0.03624192,7.712012,0.27949813,507677.676318,5382805.89405,08416
08416,2012,50887.0,10.0,50887.0,10.0,0.0,2.0388029,0.032981727,7.902064,0.26062372,507677.676318,5382805.89405,08416
08416,2013,50887.0,10.0,50887.0,10.0,0.0,2.1125717,0.07378362,8.50703,0.6276794,507677.676318,5382805.89405,08416
08416,2014,50887.0,10.0,50887.0,10.0,0.0,2.0379872,0.01373113,7.8956223,0.10841582,507677.676318,5382805.89405,08416
08416,2015,50887.0,10.0,50887.0,10.0,0.0,2.0681248,0.05812703,8.1371975,0.4729911,507677.676318,5382805.89405,08416
08416,2016,50887.0,10.0,50887.0,10.0,0.0,2.1211991,0.010086351,8.580741,0.086548366,507677.676318,5382805.89405,08416
08416,2017,50887.0,10.0,50887.0,10.0,0.0,2.1556926,0.013512069,8.881884,0.12001263,507677.676318,5382805.89405,08416
08416,2018,50887.0,10.0,50887.0,10.0,0.0,2.255659,0.005845484,9.815671,0.05737735,507677.676318,5382805.89405,08416
08416,2019,50887.0,10.0,50887.0,10.0,0.0,2.1384866,0.16138072,8.7303705,1.4089135,507677.676318,5382805.89405,08416
08416,2020,50887.0,10.0,50887.0,10.0,0.0,2.2765687,0.08298869,10.023075,0.83180183,507677.676318,5382805.89405,08416
08416,2021,50887.0,10.0,50887.0,10.0,0.0,2.2794938,0.08872268,10.052437,0.8918792,507677.676318,5382805.89405,08416
08416,2022,50887.0,10.0,50887.0,10.0,0.0,2.2542708,0.10307626,9.8020525,1.0103589,507677.676318,5382805.89405,08416
08416,2023,50887.0,10.0,50887.0,10.0,0.0,2.5127125,0.18211505,12.692782,2.3115468,507677.676318,5382805.89405,08416
08416,2024,50887.0,10.0,50887.0,10.0,0.0,2.6632233,0.26813534,14.754444,3.956188,507677.676318,5382805.89405,08416
08416,2025,50887.0,10.0,50887.0,10.0,0.0,2.4102125,0.025792196,11.45623,0.29548132,507677.676318,5382805.89405,08416
08417,2007,91093.0,25.0,3731.0,10.0,0.033937696,1.6189073,0.00029379863,5.168433,0.0015184786,508784.157282,5351241.48349,08417
08417,2008,91093.0,25.0,3731.0,10.0,0.033937696,1.6506934,0.009857234,5.335356,0.052591853,508784.157282,5351241.48349,08417
08417,2009,91093.0,25.0,3731.0,10.0,0.033937696,1.5645082,0.048470218,4.8947854,0.23725133,508784.157282,5351241.48349,08417
08417,2010,91093.0,25.0,3731.0,10.0,0.033937696,1.5683962,0.022800598,4.9138536,0.112038806,508784.157282,5351241.48349,08417
08417,2011,91093.0,25.0,3731.0,10.0,0.033937696,1.538654,0.057691783,4.7698565,0.2751815,508784.157282,5351241.48349,08417
08417,2012,91093.0,25.0,3731.0,10.0,0.033937696,1.6187102,0.0041842572,5.167414,0.021621792,508784.157282,5351241.48349,08417
08417,2013,91093.0,25.0,3731.0,10.0,0.033937696,1.763247,0.03980311,5.970969,0.23766315,508784.157282,5351241.48349,08417
08417,2014,91093.0,25.0,3731.0,10.0,0.033937696,1.7359043,0.0014364184,5.809919,0.0083454745,508784.157282,5351241.48349,08417
08417,2015,91093.0,25.0,3731.0,10.0,0.033937696,1.7989805,0.03770819,6.1881905,0.23334545,508784.157282,5351241.48349,08417
08417,2016,91093.0,25.0,3731.0,10.0,0.033937696,1.8995358,0.04975447,6.8428073,0.34046024,508784.157282,5351241.48349,08417
08417,2017,91093.0,25.0,3731.0,10.0,0.033937696,1.8901972,0.0421634,6.7792015,0.28583422,508784.157282,5351241.48349,08417
08417,2018,91093.0,25.0,3731.0,10.0,0.033937696,1.9389518,0.042143892,7.1179094,0.2999764,508784.157282,5351241.48349,08417
08417,2019,91093.0,25.0,3731.0,10.0,0.033937696,1.9777114,0.0018908748,7.399214,0.013990987,508784.157282,5351241.48349,08417
08417,2020,91093.0,25.0,3731.0,10.0,0.033937696,2.0960274,0.04908567,8.328552,0.40881255,508784.157282,5351241.48349,08417
08417,2021,91093.0,25.0,3731.0,10.0,0.033937696,2.095072,0.061342068,8.320599,0.51040274,508784.157282,5351241.48349,08417
08417,2022,91093.0,25.0,3731.0,10.0,0.033937696,2.109505,0.018902276,8.441561,0.15956472,508784.157282,5351241.48349,08417
08417,2023,91093.0,25.0,3731.0,10.0,0.033937696,2.1412773,0.04944664,8.714074,0.4308817,508784.157282,5351241.48349,08417
08417,2024,91093.0,25.0,3731.0,10.0,0.033937696,2.2003634,0.029863596,9.244472,0.27607316,508784.157282,5351241.48349,08417
08417,2025,91093.0,25.0,3731.0,10.0,0.033937696,2.238439,0.009532014,9.603248,0.09153829,508784.157282,5351241.48349,08417
08421,2007,63581.0,10.0,63581.0,10.0,0.0,2.0166402,0.015687719,7.691359,0.12065988,570328.625369,5360181.30564,08421
08421,2008,63581.0,10.0,63581.0,10.0,0.0,2.0574248,0.012385909,8.011533,0.09923011,570328.625369,5360181.30564,08421
08421,2009,63581.0,10.0,63581.0,10.0,0.0,2.0503447,0.00785616,7.955012,0.06249585,570328.625369,5360181.30564,08421
08421,2010,63581.0,10.0,63581.0,10.0,0.0,2.046766,0.016129496,7.926594,0.12785196,570328.625369,5360181.30564,08421
08421,2011,63581.0,10.0,63581.0,10.0,0.0,2.0976493,0.0074868784,8.340362,0.062443275,570328.625369,5360181.30564,08421
08421,2012,63581.0,10.0,63581.0,10.0,0.0,2.145769,0.018470718,8.75151,0.16164666,570328.625369,5360181.30564,08421
08421,2013,63581.0,10.0,63581.0,10.0,0.0,2.168118,0.017752804,8.949301,0.15887518,570328.625369,5360181.30564,08421
08421,2014,63581.0,10.0,63581.0,10.0,0.0,2.1987135,0.01927084,9.227341,0.17781861,570328.625369,5360181.30564,08421
08421,2015,63581.0,10.0,63581.0,10.0,0.0,2.1647627,0.016209658,8.919324,0.1445792,570328.625369,5360181.30564,08421
08421,2016,63581.0,10.0,63581.0,10.0,0.0,2.1787446,0.013554905,9.044908,0.12260286,570328.625369,5360181.30564,08421
08421,2017,63581.0,10.0,63581.0,10.0,0.0,2.2521522,0.018058714,9.7338505,0.17578082,570328.625369,5360181.30564,08421
08421,2018,63581.0,10.0,63581.0,10.0,0.0,2.3037372,0.022353774,10.249146,0.2291071,570328.625369,5360181.30564,08421
08421,2019,63581.0,10.0,63581.0,10.0,0.0,2.3564324,0.041732255,10.803712,0.45086324,570328.625369,5360181.30564,08421
08421,2020,63581.0,10.0,63581.0,10.0,0.0,2.3931713,0.016330317,11.20801,0.18303035,570328.625369,5360181.30564,08421
08421,2021,63581.0,10.0,63581.0,10.0,0.0,2.3877604,0.021726899,11.147527,0.24220118,570328.625369,5360181.30564,08421
08421,2022,63581.0,10.0,63581.0,10.0,0.0,2.4280925,0.02357574,11.606321,0.2736276,570328.625369,5360181.30564,08421
08421,2023,63581.0,10.0,63581.0,10.0,0.0,2.4321966,0.020070054,11.654053,0.23389746,570328.625369,5360181.30564,08421
08421,2024,63581.0,10.0,63581.0,10.0,0.0,2.4633129,0.017826311,12.022383,0.21431473,570328.625369,5360181.30564,08421
08421,2025,63581.0,10.0,63581.0,10.0,0.0,2.5780497,0.013674878,13.484042,0.18439263,570328.625369,5360181.30564,08421
08425,2007,12822.0,10.0,12822.0,10.0,0.0,1.8371676,0.021581206,6.381042,0.13771059,563966.978292,5352695.2532,08425
08425,2008,12822.0,10.0,12822.0,10.0,0.0,1.8414087,0.04815002,6.4081626,0.30855316,563966.978292,5352695.2532,08425
08425,2009,12822.0,10.0,12822.0,10.0,0.0,1.8975197,0.016342862,6.77801,0.11077207,563966.978292,5352695.2532,08425
08425,2010,12822.0,10.0,12822.0,10.0,0.0,1.8677517,0.031737678,6.5792155,0.20880902,563966.978292,5352695.2532,08425
08425,2011,12822.0,10.0,12822.0,10.0,0.0,1.8782763,0.022934068,6.6488256,0.15248463,563966.978292,5352695.2532,08425
08425,2012,12822.0,10.0,12822.0,10.0,0.0,1.9126822,0.0063322433,6.8815646,0.043575745,563966.978292,5352695.2532,08425
08425,2013,12822.0,10.0,12822.0,10.0,0.0,1.8534646,0.034440085,6.485886,0.22337446,563966.978292,5352695.2532,08425
08425,2014,12822.0,10.0,12822.0,10.0,0.0,1.9120631,0.056832362,6.8773055,0.39085352,563966.978292,5352695.2532,08425
08425,2015,12822.0,10.0,12822.0,10.0,0.0,1.944758,0.057805203,7.1058745,0.41075653,563966.978292,5352695.2532,08425
08425,2016,12822.0,10.0,12822.0,10.0,0.0,2.020561,0.044156827,7.6654625,0.3384825,563966.978292,5352695.2532,08425
08425,2017,12822.0,10.0,12822.0,10.0,0.0,2.0473323,0.031729992,7.873448,0.24982445,563966.978292,5352695.2532,08425
08425,2018,12822.0,10.0,12822.0,10.0,0.0,2.1078682,0.03701266,8.364797,0.30960336,563966.978292,5352695.2532,08425
08425,2019,12822.0,10.0,12822.0,10.0,0.0,2.1782022,0.02008018,8.97431,0.18020576,563966.978292,5352695.2532,08425
08425,2020,12822.0,10.0,12822.0,10.0,0.0,2.225986,0.01747294,9.413548,0.16448237,563966.978292,5352695.2532,08425
08425,2021,12822.0,10.0,12822.0,10.0,0.0,2.239774,0.006685626,9.544239,0.063809216,563966.978292,5352695.2532,08425
08425,2022,12822.0,10.0,12822.0,10.0,0.0,2.2245767,0.015148998,9.4002905,0.14240499,563966.978292,5352695.2532,08425
08425,2023,12822.0,10.0,12822.0,10.0,0.0,2.3161185,0.009506235,10.301427,0.09792778,563966.978292,5352695.2532,08425
08425,2024,12822.0,10.0,12822.0,10.0,0.0,2.3680139,0.052857485,10.850137,0.57351094,563966.978292,5352695.2532,08425
08425,2025,12822.0,10.0,12822.0,10.0,0.0,2.364613,0.015962861,10.8133,0.17261122,563966.978292,5352695.2532,08425
08426,2007,10168.0,10.0,10168.0,10.0,0.0,1.7599185,0.047955215,5.8937907,0.28263798,557787.596294,5336197.62105,08426
08426,2008,10168.0,10.0,10168.0,10.0,0.0,1.673706,0.055009775,5.4069595,0.29743564,557787.596294,5336197.62105,08426
08426,2009,10168.0,10.0,10168.0,10.0,0.0,1.7102978,0.074965015,5.608474,0.42043933,557787.596294,5336197.62105,08426
08426,2010,10168.0,10.0,10168.0,10.0,0.0,1.7532326,0.042781908,5.8545165,0.2504674,557787.596294,5336197.62105,08426
08426,2011,10168.0,10.0,10168.0,10.0,0.0,1.7149539,0.006909227,5.6346483,0.038931064,557787.596294,5336197.62105,08426
08426,2012,10168.0,10.0,10168.0,10.0,0.0,1.7681364,0.053208306,5.942425,0.31618637,557787.596294,5336197.62105,08426
08426,2013,10168.0,10.0,10168.0,10.0,0.0,1.7888017,0.0624367,6.0665045,0.37877253,557787.596294,5336197.62105,08426
08426,2014,10168.0,10.0,10168.0,10.0,0.0,1.8255137,0.032767687,6.2933564,0.20621873,557787.596294,5336197.62105,08426
08426,2015,10168.0,10.0,10168.0,10.0,0.0,1.8432817,0.016728139,6.4061766,0.1071634,557787.596294,5336197.62105,08426
08426,2016,10168.0,10.0,10168.0,10.0,0.0,1.7537838,0.006808376,5.8577447,0.03988173,557787.596294,5336197.62105,08426
08426,2017,10168.0,10.0,10168.0,10.0,0.0,1.9001441,0.092614956,6.7810025,0.62802225,557787.596294,5336197.62105,08426
08426,2018,10168.0,10.0,10168.0,10.0,0.0,1.9288586,0.044286877,6.9785385,0.30905768,557787.596294,5336197.62105,08426
08426,2019,10168.0,10.0,10168.0,10.0,0.0,2.0527205,0.016519932,7.8987246,0.1304864,557787.596294,5336197.62105,08426
08426,2020,10168.0,10.0,10168.0,10.0,0.0,2.0486693,0.043589693,7.86679,0.34291095,557787.596294,5336197.62105,08426
08426,2021,10168.0,10.0,10168.0,10.0,0.0,2.1306567,0.036085818,8.538946,0.30813485,557787.596294,5336197.62105,08426
08426,2022,10168.0,10.0,10168.0,10.0,0.0,2.120229,0.07286864,8.450366,0.6157667,557787.596294,5336197.62105,08426
08426,2023,10168.0,10.0,10168.0,10.0,0.0,2.1828372,0.0596184,8.996342,0.53634745,557787.596294,5336197.62105,08426
08426,2024,10168.0,10.0,10168.0,10.0,0.0,2.305231,0.0411218,10.16766,0.41811246,557787.596294,5336197.62105,08426
08426,2025,10168.0,10.0,10168.0,10.0,0.0,2.2275658,0.0110323215,9.40787,0.103790656,557787.596294,5336197.62105,08426
08435,2007,20035.0,10.0,20035.0,10.0,0.0,1.8384488,0.041922282,6.389099,0.26784563,542345.105218,5282987.52884,08435
08435,2008,20035.0,10.0,20035.0,10.0,0.0,1.8893743,0.016850652,6.722894,0.113285154,542345.105218,5282987.52884,08435
08435,2009,20035.0,10.0,20035.0,10.0,0.0,1.9279271,0.041071836,6.987142,0.28697476,542345.105218,5282987.52884,08435
08435,2010,20035.0,10.0,20035.0,10.0,0.0,1.9269391,0.028956765,6.9802423,0.20212524,542345.105218,5282987.52884,08435
08435,2011,20035.0,10.0,20035.0,10.0,0.0,1.9645898,0.0022061581,7.2480636,0.015990375,542345.105218,5282987.52884,08435
08435,2012,20035.0,10.0,20035.0,10.0,0.0,2.0042267,0.03525454,7.541124,0.26585886,542345.105218,5282987.52884,08435
08435,2013,20035.0,10.0,20035.0,10.0,0.0,2.0498507,0.024272574,7.893149,0.19158703,542345.105218,5282987.52884,08435
08435,2014,20035.0,10.0,20035.0,10.0,0.0,2.0462108,0.02892962,7.86447,0.22751611,542345.105218,5282987.52884,08435
08435,2015,20035.0,10.0,20035.0,10.0,0.0,2.0814002,0.004500155,8.146144,0.03665891,542345.105218,5282987.52884,08435
08435,2016,20035.0,10.0,20035.0,10.0,0.0,1.9978127,0.034331556,7.49291,0.25724325,542345.105218,5282987.52884,08435
08435,2017,20035.0,10.0,20035.0,10.0,0.0,2.114755,0.001010185,8.422439,0.008508221,542345.105218,5282987.52884,08435
08435,2018,20035.0,10.0,20035.0,10.0,0.0,2.1776843,0.015425398,8.969489,0.13835794,542345.105218,5282987.52884,08435
08435,2019,20035.0,10.0,20035.0,10.0,0.0,2.2455966,0.022848675,9.59979,0.21934246,542345.105218,5282987.52884,08435
08435,2020,20035.0,10.0,20035.0,10.0,0.0,2.2684493,0.0125968475,9.821695,0.12372239,542345.105218,5282987.52884,08435
08435,2021,20035.0,10.0,20035.0,10.0,0.0,2.313378,0.0038443636,10.273036,0.03949329,542345.105218,5282987.52884,08435
08435,2022,20035.0,10.0,20035.0,10.0,0.0,2.3936105,0.012854979,11.131233,0.14309178,542345.105218,5282987.52884,08435
08435,2023,20035.0,10.0,20035.0,10.0,0.0,2.3633661,0.0108183855,10.799616,0.11683441,542345.105218,5282987.52884,08435
08435,2024,20035.0,10.0,20035.0,10.0,0.0,2.419196,0.04274746,11.419705,0.48816338,542345.105218,5282987.52884,08435
08435,2025,20035.0,10.0,20035.0,10.0,0.0,2.4670148,0.029070292,11.979049,0.34823444,542345.105218,5282987.52884,08435
08436,2007,41849.0,25.0,5504.0,10.0,0.08841519,1.6876388,0.049009714,5.505391,0.26981765,548462.65573,5310078.29022,08436
08436,2008,41849.0,25.0,5504.0,10.0,0.08841519,1.7441373,0.06823174,5.8253927,0.39747664,548462.65573,5310078.29022,08436
08436,2009,41849.0,25.0,5504.0,10.0,0.08841519,1.7246497,0.038624424,5.7129683,0.22066012,548462.65573,5310078.29022,08436
08436,2010,41849.0,25.0,5504.0,10.0,0.08841519,1.7786669,0.0025914058,6.0300546,0.015626319,548462.65573,5310078.29022,08436
08436,2011,41849.0,25.0,5504.0,10.0,0.08841519,1.7960929,0.005145276,6.1360545,0.031571694,548462.65573,5310078.29022,08436
08436,2012,41849.0,25.0,5504.0,10.0,0.08841519,1.809321,0.03254554,6.2177634,0.20236047,548462.65573,5310078.29022,08436
08436,2013,41849.0,25.0,5504.0,10.0,0.08841519,1.8724191,0.0009901238,6.6227336,0.0065573268,548462.65573,5310078.29022,08436
08436,2014,41849.0,25.0,5504.0,10.0,0.08841519,1.9068264,0.024442526,6.85457,0.167543,548462.65573,5310078.29022,08436
08436,2015,41849.0,25.0,5504.0,10.0,0.08841519,1.8758266,0.009621514,6.645339,0.06393822,548462.65573,5310078.29022,08436
08436,2016,41849.0,25.0,5504.0,10.0,0.08841519,1.9464043,0.03561443,7.131299,0.25397715,548462.65573,5310078.29022,08436
08436,2017,41849.0,25.0,5504.0,10.0,0.08841519,2.0018187,0.032855503,7.5376296,0.2476526,548462.65573,5310078.29022,08436
08436,2018,41849.0,25.0,5504.0,10.0,0.08841519,2.053828,0.023726223,7.94003,0.18838692,548462.65573,5310078.29022,08436
08436,2019,41849.0,25.0,5504.0,10.0,0.08841519,2.0943203,0.004469252,8.268139,0.0369524,548462.65573,5310078.29022,08436
08436,2020,41849.0,25.0,5504.0,10.0,0.08841519,2.1541572,0.005197532,8.77798,0.045623828,548462.65573,5310078.29022,08436
08436,2021,41849.0,25.0,5504.0,10.0,0.08841519,2.171934,0.04408954,8.935418,0.39395848,548462.65573,5310078.29022,08436
08436,2022,41849.0,25.0,5504.0,10.0,0.08841519,2.2334006,0.032758623,9.501882,0.31126854,548462.65573,5310078.29022,08436
08436,2023,41849.0,25.0,5504.0,10.0,0.08841519,2.267678,0.0024732077,9.833227,0.024319611,548462.65573,5310078.29022,08436
08436,2024,41849.0,25.0,5504.0,10.0,0.08841519,2.314501,0.0243634,10.304598,0.25105503,548462.65573,5310078.29022,08436
08436,2025,41849.0,25.0,5504.0,10.0,0.08841519,2.3392167,0.010334562,10.562456,0.10915836,548462.65573,5310078.29022,08436
08437,2007,27683.0,25.0,2704.0,10.0,-0.014179938,1.6157286,0.036841474,5.1132607,0.18838005,526929.409935,5310931.41354,08437
08437,2008,27683.0,25.0,2704.0,10.0,-0.014179938,1.6204191,0.03313593,5.137301,0.17022923,526929.409935,5310931.41354,08437
08437,2009,27683.0,25.0,2704.0,10.0,-0.014179938,1.6043662,0.009113806,5.05549,0.04607476,526929.409935,5310931.41354,08437
08437,2010,27683.0,25.0,2704.0,10.0,-0.014179938,1.6171882,0.038381975,5.1207294,0.1965437,526929.409935,5310931.41354,08437
08437,2011,27683.0,25.0,2704.0,10.0,-0.014179938,1.6389337,0.018253366,5.233301,0.09552537,526929.409935,5310931.41354,08437
08437,2012,27683.0,25.0,2704.0,10.0,-0.014179938,1.637578,0.012660031,5.2262115,0.066164,526929.409935,5310931.41354,08437
08437,2013,27683.0,25.0,2704.0,10.0,-0.014179938,1.646179,0.019825665,5.2713556,0.10450814,526929.409935,5310931.41354,08437
08437,2014,27683.0,25.0,2704.0,10.0,-0.014179938,1.6756066,0.023134941,5.4287844,0.1255946,526929.409935,5310931.41354,08437
08437,2015,27683.0,25.0,2704.0,10.0,-0.014179938,1.6985353,0.014642027,5.5546975,0.08133203,526929.409935,5310931.41354,08437
08437,2016,27683.0,25.0,2704.0,10.0,-0.014179938,1.73948,0.026114501,5.7868533,0.15112078,526929.409935,5310931.41354,08437
08437,2017,27683.0,25.0,2704.0,10.0,-0.014179938,1.7808472,0.034906827,6.0312595,0.21053213,526929.409935,5310931.41354,08437
08437,2018,27683.0,25.0,2704.0,10.0,-0.014179938,1.799133,0.04596527,6.14256,0.28234443,526929.409935,5310931.41354,08437
08437,2019,27683.0,25.0,2704.0,10.0,-0.014179938,1.8843619,0.01938991,6.689041,0.1296999,526929.409935,5310931.41354,08437
08437,2020,27683.0,25.0,2704.0,10.0,-0.014179938,1.9331349,0.018816628,7.0233727,0.13215618,526929.409935,5310931.41354,08437
08437,2021,27683.0,25.0,2704.0,10.0,-0.014179938,2.0387242,0.009271969,7.805534,0.07237267,526929.409935,5310931.41354,08437
08437,2022,27683.0,25.0,2704.0,10.0,-0.014179938,2.0559354,0.017520608,7.941038,0.13913181,526929.409935,5310931.41354,08437
08437,2023,27683.0,25.0,2704.0,10.0,-0.014179938,2.20209,0.03202602,9.19076,0.29434344,526929.409935,5310931.41354,08437
08437,2024,27683.0,25.0,2704.0,10.0,-0.014179938,2.257938,0.017458608,9.71865,0.1696741,526929.409935,5310931.41354,08437
08437,2025,27683.0,25.0,2704.0,10.0,-0.014179938,2.2656598,0.011456731,9.793985,0.112207055,526929.409935,5310931.41354,08437
09161,2007,47443.0,10.0,47443.0,10.0,0.0,2.0024345,0.01531798,7.5182605,0.11516456,676015.265077,5403004.14392,09161
09161,2008,47443.0,10.0,47443.0,10.0,0.0,2.045593,0.020827131,7.849842,0.1634897,676015.265077,5403004.14392,09161
09161,2009,47443.0,10.0,47443.0,10.0,0.0,2.1153667,0.0051030205,8.417115,0.042952713,676015.265077,5403004.14392,09161
09161,2010,47443.0,10.0,47443.0,10.0,0.0,2.1490285,0.0016405339,8.705272,0.014281293,676015.265077,5403004.14392,09161
09161,2011,47443.0,10.0,47443.0,10.0,0.0,2.160664,0.003050947,8.807155,0.026870163,676015.265077,5403004.14392,09161
09161,2012,47443.0,10.0,47443.0,10.0,0.0,2.219899,0.0016006982,9.344605,0.014957894,676015.265077,5403004.14392,09161
09161,2013,47443.0,10.0,47443.0,10.0,0.0,2.2427657,0.0062751197,9.560748,0.059994843,676015.265077,5403004.14392,09161
09161,2014,47443.0,10.0,47443.0,10.0,0.0,2.2967403,0.007083717,10.090968,0.07148156,676015.265077,5403004.14392,09161
09161,2015,47443.0,10.0,47443.0,10.0,0.0,2.1237001,0.054999106,8.487551,0.46680772,676015.265077,5403004.14392,09161
09161,2016,47443.0,10.0,47443.0,10.0,0.0,2.1994503,0.03313677,9.155461,0.30338243,676015.265077,5403004.14392,09161
09161,2017,47443.0,10.0,47443.0,10.0,0.0,2.413375,0.008880033,11.33931,0.100693434,676015.265077,5403004.14392,09161
09161,2018,47443.0,10.0,47443.0,10.0,0.0,2.4598293,0.008793539,11.878497,0.104454026,676015.265077,5403004.14392,09161
09161,2019,47443.0,10.0,47443.0,10.0,0.0,2.4699082,0.007992981,11.998823,0.09590636,676015.265077,5403004.14392,09161
09161,2020,47443.0,10.0,47443.0,10.0,0.0,2.4619536,0.011268849,11.903757,0.13414164,676015.265077,5403004.14392,09161
09161,2021,47443.0,10.0,47443.0,10.0,0.0,2.4440827,0.014317053,11.692916,0.1674081,676015.265077,5403004.14392,09161
09161,2022,47443.0,10.0,47443.0,10.0,0.0,2.4844444,0.009744739,12.174513,0.11863746,676015.265077,5403004.14392,09161
09161,2023,47443.0,10.0,47443.0,10.0,0.0,2.5092769,0.0069118114,12.480621,0.0862637,676015.265077,5403004.14392,09161
09161,2024,47443.0,10.0,47443.0,10.0,0.0,2.532117,0.005913799,12.768961,0.07551307,676015.265077,5403004.14392,09161
09161,2025,47443.0,10.0,47443.0,10.0,0.0,2.5825553,0.013026559,13.429524,0.17494048,676015.265077,5403004.14392,09161
09162,2007,716249.0,10.0,716249.0,10.0,0.0,2.5148568,0.01542022,12.7332945,0.1963502,689446.280616,5336467.00732,09162
09162,2008,716249.0,10.0,716249.0,10.0,0.0,2.5552137,0.0056637065,13.257681,0.075087614,689446.280616,5336467.00732,09162
09162,2009,716249.0,10.0,716249.0,10.0,0.0,2.5701401,0.0002170263,13.457056,0.0029205352,689446.280616,5336467.00732,09162
09162,2010,716249.0,10.0,716249.0,10.0,0.0,2.561564,0.002598962,13.342139,0.034675714,689446.280616,5336467.00732,09162
09162,2011,716249.0,10.0,716249.0,10.0,0.0,2.5800467,0.0030464479,13.59103,0.041404366,689446.280616,5336467.00732,09162
09162,2012,716249.0,10.0,716249.0,10.0,0.0,2.5823886,0.019502917,13.622896,0.26568624,689446.280616,5336467.00732,09162
09162,2013,716249.0,10.0,716249.0,10.0,0.0,2.5186777,0.036435183,12.78204,0.46571597,689446.280616,5336467.00732,09162
09162,2014,716249.0,10.0,716249.0,10.0,0.0,2.7127113,0.02809771,15.51915,0.43605253,689446.280616,5336467.00732,09162
09162,2015,716249.0,10.0,716249.0,10.0,0.0,2.7032642,0.027089857,15.373227,0.41645852,689446.280616,5336467.00732,09162
09162,2016,716249.0,10.0,716249.0,10.0,0.0,2.7308412,0.035110798,15.803074,0.55485857,689446.280616,5336467.00732,09162
09162,2017,716249.0,10.0,716249.0,10.0,0.0,3.093359,0.014003504,22.708117,0.31799322,689446.280616,5336467.00732,09162
09162,2018,716249.0,10.0,716249.0,10.0,0.0,3.1372871,0.011345294,23.727875,0.26919973,689446.280616,5336467.00732,09162
09162,2019,716249.0,10.0,716249.0,10.0,0.0,3.1927996,0.018893238,25.08231,0.47388607,689446.280616,5336467.00732,09162
09162,2020,716249.0,10.0,716249.0,10.0,0.0,3.2035933,0.00048319477,25.354511,0.012251167,689446.280616,5336467.00732,09162
09162,2021,716249.0,10.0,716249.0,10.0,0.0,3.1168795,0.0029835135,23.248552,0.069362365,689446.280616,5336467.00732,09162
09162,2022,716249.0,10.0,716249.0,10.0,0.0,3.1601512,0.004957833,24.276644,0.12035954,689446.280616,5336467.00732,09162
09162,2023,716249.0,10.0,716249.0,10.0,0.0,3.138738,0.022193758,23.762323,0.5273752,689446.280616,5336467.00732,09162
09162,2024,716249.0,10.0,716249.0,10.0,0.0,3.148223,0.014542628,23.988783,0.34885997,689446.280616,5336467.00732,09162
09162,2025,716249.0,10.0,716249.0,10.0,0.0,3.143034,0.005379091,23.86463,0.12837002,689446.280616,5336467.00732,09162
09163,2007,32517.0,10.0,32517.0,10.0,0.0,1.987096,0.007029726,7.38613,0.05192247,732621.182624,5303693.32747,09163
09163,2008,32517.0,10.0,32517.0,10.0,0.0,1.9936478,0.005800681,7.4346814,0.043126214,732621.182624,5303693.32747,09163
09163,2009,32517.0,10.0,32517.0,10.0,0.0,2.0358274,0.0043606292,7.7549815,0.033816602,732621.182624,5303693.32747,09163
09163,2010,32517.0,10.0,32517.0,10.0,0.0,2.0614762,0.009004452,7.95646,0.07164356,732621.182624,5303693.32747,09163
09163,2011,32517.0,10.0,32517.0,10.0,0.0,2.0512471,0.0048597683,7.875488,0.038273048,732621.182624,5303693.32747,09163
09163,2012,32517.0,10.0,32517.0,10.0,0.0,2.078061,0.005473117,8.089517,0.04427487,732621.182624,5303693.32747,09163
09163,2013,32517.0,10.0,32517.0,10.0,0.0,2.1002553,0.0011759859,8.271065,0.009726656,732621.182624,5303693.32747,09163
09163,2014,32517.0,10.0,32517.0,10.0,0.0,2.1414049,0.004508691,8.618514,0.038858216,732621.182624,5303693.32747,09163
09163,2015,32517.0,10.0,32517.0,10.0,0.0,2.154555,0.002211704,8.732598,0.019313922,732621.182624,5303693.32747,09163
09163,2016,32517.0,10.0,32517.0,10.0,0.0,2.2449558,0.0043623066,9.558815,0.041698482,732621.182624,5303693.32747,09163
09163,2017,32517.0,10.0,32517.0,10.0,0.0,2.3132572,0.0007203249,10.2345085,0.007372172,732621.182624,5303693.32747,09163
09163,2018,32517.0,10.0,32517.0,10.0,0.0,2.3469145,0.0050911186,10.584837,0.05388866,732621.182624,5303693.32747,09163
09163,2019,32517.0,10.0,32517.0,10.0,0.0,2.3594704,0.0006076214,10.718575,0.0065128356,732621.182624,5303693.32747,09163
09163,2020,32517.0,10.0,32517.0,10.0,0.0,2.4167576,0.0025223221,11.350542,0.028629722,732621.182624,5303693.32747,09163
09163,2021,32517.0,10.0,32517.0,10.0,0.0,2.4794717,0.0021682133,12.085176,0.02620324,732621.182624,5303693.32747,09163
09163,2022,32517.0,10.0,32517.0,10.0,0.0,2.516349,0.007299894,12.539165,0.09153458,732621.182624,5303693.32747,09163
09163,2023,32517.0,10.0,32517.0,10.0,0.0,2.5355995,0.0073133693,12.7828865,0.093485974,732621.182624,5303693.32747,09163
09163,2024,32517.0,10.0,32517.0,10.0,0.0,2.5920799,0.009535029,13.525648,0.12896745,732621.182624,5303693.32747,09163
09163,2025,32517.0,10.0,32517.0,10.0,0.0,2.630145,0.009958281,14.05043,0.13991813,732621.182624,5303693.32747,09163
09171,2007,29127.0,25.0,8198.0,10.0,0.06459116,1.681393,0.0020258166,5.444973,0.011030516,772192.784986,5348156.61636,09171
09171,2008,29127.0,25.0,8198.0,10.0,0.06459116,1.6613238,0.054897346,5.336786,0.29297537,772192.784986,5348156.61636,09171
09171,2009,29127.0,25.0,8198.0,10.0,0.06459116,1.6148683,0.06516117,5.094533,0.33196568,772192.784986,5348156.61636,09171
09171,2010,29127.0,25.0,8198.0,10.0,0.06459116,1.6465334,0.064064436,5.258433,0.33687857,772192.784986,5348156.61636,09171
09171,2011,29127.0,25.0,8198.0,10.0,0.06459116,1.6638985,0.049839508,5.3505435,0.26666847,772192.784986,5348156.61636,09171
09171,2012,29127.0,25.0,8198.0,10.0,0.06459116,1.6903421,0.029368566,5.493919,0.16134852,772192.784986,5348156.61636,09171
09171,2013,29127.0,25.0,8198.0,10.0,0.06459116,1.7269291,0.008005265,5.698647,0.045619182,772192.784986,5348156.61636,09171
09171,2014,29127.0,25.0,8198.0,10.0,0.06459116,1.777273,0.040893387,5.992884,0.24506931,772192.784986,5348156.61636,09171
09171,2015,29127.0,25.0,8198.0,10.0,0.06459116,1.826432,0.058804087,6.294849,0.37016284,772192.784986,5348156.61636,09171
09171,2016,29127.0,25.0,8198.0,10.0,0.06459116,1.8837686,0.039034706,6.666322,0.26021793,772192.784986,5348156.61636,09171
09171,2017,29127.0,25.0,8198.0,10.0,0.06459116,1.917345,0.038523376,6.893954,0.2655784,772192.784986,5348156.61636,09171
09171,2018,29127.0,25.0,8198.0,10.0,0.06459116,1.9819742,0.05398874,7.354218,0.39704496,772192.784986,5348156.61636,09171
09171,2019,29127.0,25.0,8198.0,10.0,0.06459116,2.0519047,0.09410444,7.886909,0.74219316,772192.784986,5348156.61636,09171
09171,2020,29127.0,25.0,8198.0,10.0,0.06459116,2.0977938,0.04840031,8.257266,0.39965424,772192.784986,5348156.61636,09171
09171,2021,29127.0,25.0,8198.0,10.0,0.06459116,2.147081,0.028988112,8.674438,0.25145558,772192.784986,5348156.61636,09171
09171,2022,29127.0,25.0,8198.0,10.0,0.06459116,2.188584,0.02169409,9.04203,0.19615862,772192.784986,5348156.61636,09171
09171,2023,29127.0,25.0,8198.0,10.0,0.06459116,2.2439723,0.009204012,9.556983,0.08796259,772192.784986,5348156.61636,09171
09171,2024,29127.0,25.0,8198.0,10.0,0.06459116,2.2872965,0.005970051,9.98013,0.05958189,772192.784986,5348156.61636,09171
09171,2025,29127.0,25.0,8198.0,10.0,0.06459116,2.3396194,0.0035495325,10.516222,0.037327673,772192.784986,5348156.61636,09171
09172,2007,24809.0,25.0,7104.0,10.0,-0.007068357,1.8585564,0.009209733,6.506988,0.059927627,793951.610512,5303733.13475,09172
09172,2008,24809.0,25.0,7104.0,10.0,-0.007068357,1.8895577,0.012165258,6.711873,0.081651665,793951.610512,5303733.13475,09172
09172,2009,24809.0,25.0,7104.0,10.0,-0.007068357,1.9241271,0.0294215,6.9479556,0.20441929,793951.610512,5303733.13475,09172
09172,2010,24809.0,25.0,7104.0,10.0,-0.007068357,1.9581618,0.01658458,7.1884975,0.11921822,793951.610512,5303733.13475,09172
09172,2011,24809.0,25.0,7104.0,10.0,-0.007068357,1.9796091,0.018888453,7.344337,0.13872316,793951.610512,5303733.13475,09172
09172,2012,24809.0,25.0,7104.0,10.0,-0.007068357,2.0266383,0.0016818428,7.697984,0.012946799,793951.610512,5303733.13475,09172
09172,2013,24809.0,25.0,7104.0,10.0,-0.007068357,2.0768259,0.069331534,8.094188,0.5611825,793951.610512,5303733.13475,09172
09172,2014,24809.0,25.0,7104.0,10.0,-0.007068357,2.0555484,0.00026085778,7.9237833,0.0020669803,793951.610512,5303733.13475,09172
09172,2015,24809.0,25.0,7104.0,10.0,-0.007068357,2.113159,0.021236368,8.3936825,0.17825131,793951.610512,5303733.13475,09172
09172,2016,24809.0,25.0,7104.0,10.0,-0.007068357,2.1332765,0.03314413,8.564252,0.2838547,793951.610512,5303733.13475,09172
09172,2017,24809.0,25.0,7104.0,10.0,-0.007068357,2.1232417,0.0022369272,8.478742,0.018966328,793951.610512,5303733.13475,09172
09172,2018,24809.0,25.0,7104.0,10.0,-0.007068357,2.178167,0.012396587,8.957467,0.111042015,793951.610512,5303733.13475,09172
09172,2019,24809.0,25.0,7104.0,10.0,-0.007068357,2.236954,0.0016249563,9.499833,0.015436812,793951.610512,5303733.13475,09172
09172,2020,24809.0,25.0,7104.0,10.0,-0.007068357,2.2253785,0.017749486,9.390503,0.16667661,793951.610512,5303733.13475,09172
09172,2021,24809.0,25.0,7104.0,10.0,-0.007068357,2.2930853,0.0038169147,10.048322,0.03835359,793951.610512,5303733.13475,09172
09172,2022,24809.0,25.0,7104.0,10.0,-0.007068357,2.3345451,0.0041256594,10.4736805,0.043210838,793951.610512,5303733.13475,09172
09172,2023,24809.0,25.0,7104.0,10.0,-0.007068357,2.3847516,0.032670714,11.012952,0.35980096,793951.610512,5303733.13475,09172
09172,2024,24809.0,25.0,7104.0,10.0,-0.007068357,2.4477928,0.015733505,11.72957,0.18454725,793951.610512,5303733.13475,09172
09172,2025,24809.0,25.0,7104.0,10.0,-0.007068357,2.4712937,0.011441012,12.0084915,0.13738929,793951.610512,5303733.13475,09172
09173,2007,11925.0,10.0,11925.0,10.0,0.0,2.0175598,0.022637298,7.602817,0.17210725,683670.616371,5291936.74854,09173
09173,2008,11925.0,10.0,11925.0,10.0,0.0,2.0855312,0.03049284,8.13756,0.24813731,683670.616371,5291936.74854,09173
09173,2009,11925.0,10.0,11925.0,10.0,0.0,2.0355735,0.010453041,7.741013,0.08091713,683670.616371,5291936.74854,09173
09173,2010,11925.0,10.0,11925.0,10.0,0.0,2.034298,0.022375444,7.7311454,0.1729878,683670.616371,5291936.74854,09173
09173,2011,11925.0,10.0,11925.0,10.0,0.0,2.0865784,0.047766242,8.146085,0.38910785,683670.616371,5291936.74854,09173
09173,2012,11925.0,10.0,11925.0,10.0,0.0,2.06634,0.030164927,7.9828787,0.24080296,683670.616371,5291936.74854,09173
09173,2013,11925.0,10.0,11925.0,10.0,0.0,2.077631,0.02391178,8.073524,0.19305235,683670.616371,5291936.74854,09173
09173,2014,11925.0,10.0,11925.0,10.0,0.0,2.1189792,0.031173768,8.414348,0.26230693,683670.616371,5291936.74854,09173
09173,2015,11925.0,10.0,11925.0,10.0,0.0,2.2034001,0.05699106,9.155541,0.521784,683670.616371,5291936.74854,09173
09173,2016,11925.0,10.0,11925.0,10.0,0.0,2.3131156,0.070193544,10.217223,0.71718305,683670.616371,5291936.74854,09173
09173,2017,11925.0,10.0,11925.0,10.0,0.0,2.300253,0.1289483,10.086642,1.3006554,683670.616371,5291936.74854,09173
09173,2018,11925.0,10.0,11925.0,10.0,0.0,2.319563,0.03219914,10.283309,0.3311137,683670.616371,5291936.74854,09173
09173,2019,11925.0,10.0,11925.0,10.0,0.0,2.437019,0.10881541,11.564942,1.2584438,683670.616371,5291936.74854,09173
09173,2020,11925.0,10.0,11925.0,10.0,0.0,2.463633,0.0036114734,11.8768635,0.042892978,683670.616371,5291936.74854,09173
09173,2021,11925.0,10.0,11925.0,10.0,0.0,2.4812367,0.011247727,12.087789,0.13596015,683670.616371,5291936.74854,09173
09173,2022,11925.0,10.0,11925.0,10.0,0.0,2.4466255,0.021991713,11.676575,0.25678787,683670.616371,5291936.74854,09173
09173,2023,11925.0,10.0,11925.0,10.0,0.0,2.5431862,0.024583533,12.860305,0.3161517,683670.616371,5291936.74854,09173
09173,2024,11925.0,10.0,11925.0,10.0,0.0,2.6112268,0.088299885,13.765781,1.2155169,683670.616371,5291936.74854,09173
09173,2025,11925.0,10.0,11925.0,10.0,0.0,2.6776829,0.054685198,14.711684,0.80451137,683670.616371,5291936.74854,09173
09174,2007,135307.0,25.0,6735.0,10.0,-0.020405134,1.8443655,0.006020695,6.4177065,0.03863905,665671.233272,5362038.46916,09174
09174,2008,135307.0,25.0,6735.0,10.0,-0.020405134,1.8721721,0.018881094,6.598666,0.12459003,665671.233272,5362038.46916,09174
09174,2009,135307.0,25.0,6735.0,10.0,-0.020405134,1.848235,0.016789539,6.442589,0.10816809,665671.233272,5362038.46916,09174
09174,2010,135307.0,25.0,6735.0,10.0,-0.020405134,1.8774736,0.042826258,6.6337414,0.28409833,665671.233272,5362038.46916,09174
09174,2011,135307.0,25.0,6735.0,10.0,-0.020405134,1.8651209,0.025869196,6.5523005,0.16950275,665671.233272,5362038.46916,09174
09174,2012,135307.0,25.0,6735.0,10.0,-0.020405134,1.8627379,0.0065071536,6.536705,0.042535346,665671.233272,5362038.46916,09174
09174,2013,135307.0,25.0,6735.0,10.0,-0.020405134,1.8972045,0.0014714433,6.765931,0.009955685,665671.233272,5362038.46916,09174
09174,2014,135307.0,25.0,6735.0,10.0,-0.020405134,1.9022717,0.012043032,6.8003025,0.08189626,665671.233272,5362038.46916,09174
09174,2015,135307.0,25.0,6735.0,10.0,-0.020405134,1.9086643,0.029699057,6.8439136,0.20325778,665671.233272,5362038.46916,09174
09174,2016,135307.0,25.0,6735.0,10.0,-0.020405134,2.0348952,0.025680933,7.7647204,0.19940527,665671.233272,5362038.46916,09174
09174,2017,135307.0,25.0,6735.0,10.0,-0.020405134,2.0955157,0.028615046,8.249983,0.23607363,665671.233272,5362038.46916,09174
09174,2018,135307.0,25.0,6735.0,10.0,-0.020405134,2.1324606,0.030841716,8.560476,0.2640198,665671.233272,5362038.46916,09174
09174,2019,135307.0,25.0,6735.0,10.0,-0.020405134,2.1921344,0.0042503127,9.086862,0.038622003,665671.233272,5362038.46916,09174
09174,2020,135307.0,25.0,6735.0,10.0,-0.020405134,2.2348218,0.0050614686,9.483155,0.047998693,665671.233272,5362038.46916,09174
09174,2021,135307.0,25.0,6735.0,10.0,-0.020405134,2.3113728,0.014041377,10.23761,0.14375015,665671.233272,5362038.46916,09174
09174,2022,135307.0,25.0,6735.0,10.0,-0.020405134,2.3230839,0.056558773,10.358209,0.5858476,665671.233272,5362038.46916,09174
09174,2023,135307.0,25.0,6735.0,10.0,-0.020405134,2.39278,0.025128819,11.105887,0.27907783,665671.233272,5362038.46916,09174
09174,2024,135307.0,25.0,6735.0,10.0,-0.020405134,2.4362955,0.0117928535,11.599834,0.13679515,665671.233272,5362038.46916,09174
09174,2025,135307.0,25.0,6735.0,10.0,-0.020405134,2.4780982,0.042942982,12.095017,0.5193961,665671.233272,5362038.46916,09174
09175,2007,48767.0,10.0,48767.0,10.0,0.0,2.0470839,0.010063436,7.8282275,0.07877886,712257.653446,5337829.43053,09175
09175,2008,48767.0,10.0,48767.0,10.0,0.0,2.169497,0.005663661,8.847627,0.050109956,712257.653446,5337829.43053,09175
09175,2009,48767.0,10.0,48767.0,10.0,0.0,2.1911485,0.02076629,9.04128,0.18775384,712257.653446,5337829.43053,09175
09175,2010,48767.0,10.0,48767.0,10.0,0.0,2.1705458,0.015229366,8.856911,0.13488513,712257.653446,5337829.43053,09175
09175,2011,48767.0,10.0,48767.0,10.0,0.0,2.198987,0.009979549,9.112429,0.09093792,712257.653446,5337829.43053,09175
09175,2012,48767.0,10.0,48767.0,10.0,0.0,2.228356,0.010118667,9.384018,0.094953746,712257.653446,5337829.43053,09175
09175,2013,48767.0,10.0,48767.0,10.0,0.0,2.281554,0.0025741972,9.896749,0.025476182,712257.653446,5337829.43053,09175
09175,2014,48767.0,10.0,48767.0,10.0,0.0,2.2761984,0.0125065055,9.843887,0.12311263,712257.653446,5337829.43053,09175
09175,2015,48767.0,10.0,48767.0,10.0,0.0,2.3613527,0.0056809406,10.718863,0.06089322,712257.653446,5337829.43053,09175
09175,2016,48767.0,10.0,48767.0,10.0,0.0,2.335299,0.006894315,10.443201,0.07199872,712257.653446,5337829.43053,09175
09175,2017,48767.0,10.0,48767.0,10.0,0.0,2.4422834,0.009857189,11.622415,0.11456434,712257.653446,5337829.43053,09175
09175,2018,48767.0,10.0,48767.0,10.0,0.0,2.4749548,0.004905725,12.008409,0.058909945,712257.653446,5337829.43053,09175
09175,2019,48767.0,10.0,48767.0,10.0,0.0,2.5713682,0.009195525,13.223831,0.12160007,712257.653446,5337829.43053,09175
09175,2020,48767.0,10.0,48767.0,10.0,0.0,2.5615296,0.009061527,13.094363,0.11865494,712257.653446,5337829.43053,09175
09175,2021,48767.0,10.0,48767.0,10.0,0.0,2.5790887,0.022584219,13.32632,0.3009645,712257.653446,5337829.43053,09175
09175,2022,48767.0,10.0,48767.0,10.0,0.0,2.612073,0.022916358,13.773208,0.31563175,712257.653446,5337829.43053,09175
09175,2023,48767.0,10.0,48767.0,10.0,0.0,2.6168966,0.022204585,13.839806,0.30730715,712257.653446,5337829.43053,09175
09175,2024,48767.0,10.0,48767.0,10.0,0.0,2.67998,0.008496973,14.7409935,0.12525383,712257.653446,5337829.43053,09175
09175,2025,48767.0,10.0,48767.0,10.0,0.0,2.780441,0.008862165,16.29883,0.14444292,712257.653446,5337829.43053,09175
09176,2007,60234.0,25.0,1326.0,10.0,0.13151093,1.6375452,0.03394685,5.225964,0.17740501,691811.108541,5420578.65458,09176
09176,2008,60234.0,25.0,1326.0,10.0,0.13151093,1.6212353,0.07925798,5.1414204,0.40749857,691811.108541,5420578.65458,09176
09176,2009,60234.0,25.0,1326.0,10.0,0.13151093,1.651162,0.03593531,5.297612,0.19037133,691811.108541,5420578.65458,09176
09176,2010,60234.0,25.0,1326.0,10.0,0.13151093,1.6720543,0.026623629,5.4094553,0.14401934,691811.108541,5420578.65458,09176
09176,2011,60234.0,25.0,1326.0,10.0,0.13151093,1.7152863,0.016667634,5.6484456,0.09414622,691811.108541,5420578.65458,09176
09176,2012,60234.0,25.0,1326.0,10.0,0.13151093,1.7346894,0.023928877,5.759113,0.13780911,691811.108541,5420578.65458,09176
09176,2013,60234.0,25.0,1326.0,10.0,0.13151093,1.7618492,0.0127516,5.9176726,0.07545979,691811.108541,5420578.65458,09176
09176,2014,60234.0,25.0,1326.0,10.0,0.13151093,1.846764,0.087168165,6.4421225,0.561548,691811.108541,5420578.65458,09176
09176,2015,60234.0,25.0,1326.0,10.0,0.13151093,2.0383236,0.12428354,7.8022943,0.96969676,691811.108541,5420578.65458,09176
09176,2016,60234.0,25.0,1326.0,10.0,0.13151093,2.0875788,0.10199191,8.1962185,0.835948,691811.108541,5420578.65458,09176
09176,2017,60234.0,25.0,1326.0,10.0,0.13151093,2.0268137,0.012405328,7.7130055,0.09568236,691811.108541,5420578.65458,09176
09176,2018,60234.0,25.0,1326.0,10.0,0.13151093,2.003471,0.02129218,7.5350456,0.16043755,691811.108541,5420578.65458,09176
09176,2019,60234.0,25.0,1326.0,10.0,0.13151093,2.0638776,0.014665465,8.004242,0.11738593,691811.108541,5420578.65458,09176
09176,2020,60234.0,25.0,1326.0,10.0,0.13151093,2.0233026,0.040584125,7.6859713,0.31192842,691811.108541,5420578.65458,09176
09176,2021,60234.0,25.0,1326.0,10.0,0.13151093,2.1013935,0.011128168,8.310232,0.09247766,691811.108541,5420578.65458,09176
09176,2022,60234.0,25.0,1326.0,10.0,0.13151093,2.1159828,0.004260986,8.432363,0.03593018,691811.108541,5420578.65458,09176
09176,2023,60234.0,25.0,1326.0,10.0,0.13151093,2.1872594,0.0021048714,9.055331,0.019060308,691811.108541,5420578.65458,09176
09176,2024,60234.0,25.0,1326.0,10.0,0.13151093,2.2447865,0.015905289,9.591532,0.15255609,691811.108541,5420578.65458,09176
09176,2025,60234.0,25.0,1326.0,10.0,0.13151093,2.2816973,0.0036762364,9.952177,0.036586557,691811.108541,5420578.65458,09176
09177,2007,22240.0,10.0,22240.0,10.0,0.0,2.057758,0.07033128,7.9115252,0.5564277,722162.715851,5354868.47575,09177
09177,2008,22240.0,10.0,22240.0,10.0,0.0,2.016926,0.109809436,7.5949874,0.8340013,722162.715851,5354868.47575,09177
09177,2009,22240.0,10.0,22240.0,10.0,0.0,2.0199473,0.094970785,7.6179695,0.7234846,722162.715851,5354868.47575,09177
09177,2010,22240.0,10.0,22240.0,10.0,0.0,2.0446749,0.1281139,7.808691,1.0004019,722162.715851,5354868.47575,09177
09177,2011,22240.0,10.0,22240.0,10.0,0.0,2.0914547,0.12579557,8.182659,1.0293422,722162.715851,5354868.47575,09177
09177,2012,22240.0,10.0,22240.0,10.0,0.0,2.137142,0.17148718,8.565174,1.4688176,722162.715851,5354868.47575,09177
09177,2013,22240.0,10.0,22240.0,10.0,0.0,2.1988266,0.1262129,9.110149,1.1498183,722162.715851,5354868.47575,09177
09177,2014,22240.0,10.0,22240.0,10.0,0.0,2.1566725,0.10999756,8.734099,0.96072966,722162.715851,5354868.47575,09177
09177,2015,22240.0,10.0,22240.0,10.0,0.0,2.2297027,0.13025971,9.395823,1.2238971,722162.715851,5354868.47575,09177
09177,2016,22240.0,10.0,22240.0,10.0,0.0,2.2163293,0.1687837,9.271006,1.5647945,722162.715851,5354868.47575,09177
09177,2017,22240.0,10.0,22240.0,10.0,0.0,2.2826228,0.14617491,9.906442,1.4480733,722162.715851,5354868.47575,09177
09177,2018,22240.0,10.0,22240.0,10.0,0.0,2.2639298,0.09882456,9.722981,0.9608694,722162.715851,5354868.47575,09177
09177,2019,22240.0,10.0,22240.0,10.0,0.0,2.4654846,0.08442126,11.8941555,1.0041195,722162.715851,5354868.47575,09177
09177,2020,22240.0,10.0,22240.0,10.0,0.0,2.4010336,0.08332896,11.151747,0.9292635,722162.715851,5354868.47575,09177
09177,2021,22240.0,10.0,22240.0,10.0,0.0,2.4232802,0.090573035,11.402616,1.0327696,722162.715851,5354868.47575,09177
09177,2022,22240.0,10.0,22240.0,10.0,0.0,2.4506779,0.0695663,11.719339,0.81527114,722162.715851,5354868.47575,09177
09177,2023,22240.0,10.0,22240.0,10.0,0.0,2.4698377,0.038809855,11.946045,0.46362427,722162.715851,5354868.47575,09177
09177,2024,22240.0,10.0,22240.0,10.0,0.0,2.5263677,0.06741225,12.640806,0.8521452,722162.715851,5354868.47575,09177
09177,2025,22240.0,10.0,22240.0,10.0,0.0,2.5683348,0.072953634,13.182592,0.9617181,722162.715851,5354868.47575,09177
09178,2007,74426.0,25.0,7797.0,10.0,0.09264163,1.8521006,0.02036032,6.476641,0.13186648,700504.560465,5381009.54899,09178
09178,2008,74426.0,25.0,7797.0,10.0,0.09264163,1.8296078,0.016464354,6.332589,0.10426199,700504.560465,5381009.54899,09178
09178,2009,74426.0,25.0,7797.0,10.0,0.09264163,1.8447922,0.026998257,6.4294796,0.17358474,700504.560465,5381009.54899,09178
09178,2010,74426.0,25.0,7797.0,10.0,0.09264163,1.8295139,0.027750248,6.331994,0.1757144,700504.560465,5381009.54899,09178
09178,2011,74426.0,25.0,7797.0,10.0,0.09264163,1.8952005,0.039438166,6.761886,0.2666764,700504.560465,5381009.54899,09178
09178,2012,74426.0,25.0,7797.0,10.0,0.09264163,1.8861909,0.0009380538,6.701238,0.006286122,700504.560465,5381009.54899,09178
09178,2013,74426.0,25.0,7797.0,10.0,0.09264163,1.884246,0.053038325,6.6882176,0.35473186,700504.560465,5381009.54899,09178
09178,2014,74426.0,25.0,7797.0,10.0,0.09264163,1.9458153,0.0068727974,7.112947,0.048885845,700504.560465,5381009.54899,09178
09178,2015,74426.0,25.0,7797.0,10.0,0.09264163,2.0117304,0.011944804,7.5975957,0.09075179,700504.560465,5381009.54899,09178
09178,2016,74426.0,25.0,7797.0,10.0,0.09264163,2.066572,0.04475152,8.025895,0.35917103,700504.560465,5381009.54899,09178
09178,2017,74426.0,25.0,7797.0,10.0,0.09264163,2.1332073,0.0357652,8.578926,0.30682704,700504.560465,5381009.54899,09178
09178,2018,74426.0,25.0,7797.0,10.0,0.09264163,2.175188,0.018382547,8.946742,0.16446391,700504.560465,5381009.54899,09178
09178,2019,74426.0,25.0,7797.0,10.0,0.09264163,2.2203119,0.013831297,9.359699,0.12945677,700504.560465,5381009.54899,09178
09178,2020,74426.0,25.0,7797.0,10.0,0.09264163,2.241645,0.012942319,9.561517,0.1237482,700504.560465,5381009.54899,09178
09178,2021,74426.0,25.0,7797.0,10.0,0.09264163,2.2729454,6.83179e-05,9.86553,0.0006739923,700504.560465,5381009.54899,09178
09178,2022,74426.0,25.0,7797.0,10.0,0.09264163,2.3022099,0.009475833,10.158505,0.0962603,700504.560465,5381009.54899,09178
09178,2023,74426.0,25.0,7797.0,10.0,0.09264163,2.3232825,0.0029226653,10.374844,0.030322194,700504.560465,5381009.54899,09178
09178,2024,74426.0,25.0,7797.0,10.0,0.09264163,2.354259,0.002425573,10.701249,0.025956662,700504.560465,5381009.54899,09178
09178,2025,74426.0,25.0,7797.0,10.0,0.09264163,2.4170902,0.019864028,11.395192,0.22635444,700504.560465,5381009.54899,09178
09179,2007,69275.0,10.0,69275.0,10.0,0.0,2.148817,0.04526075,8.683602,0.39302632,669544.008452,5334731.80132,09179
09179,2008,69275.0,10.0,69275.0,10.0,0.0,2.1846445,0.03853508,9.000355,0.34682938,669544.008452,5334731.80132,09179
09179,2009,69275.0,10.0,69275.0,10.0,0.0,2.1820567,0.017115613,8.977092,0.15364844,669544.008452,5334731.80132,09179
09179,2010,69275.0,10.0,69275.0,10.0,0.0,2.1608331,0.040816158,8.788574,0.35871583,669544.008452,5334731.80132,09179
09179,2011,69275.0,10.0,69275.0,10.0,0.0,2.1938887,0.02656572,9.083941,0.24132143,669544.008452,5334731.80132,09179
09179,2012,69275.0,10.0,69275.0,10.0,0.0,2.2138898,0.030114172,9.26746,0.27908188,669544.008452,5334731.80132,09179
09179,2013,69275.0,10.0,69275.0,10.0,0.0,2.265188,0.01728897,9.755268,0.16865852,669544.008452,5334731.80132,09179
09179,2014,69275.0,10.0,69275.0,10.0,0.0,2.3117642,0.012761104,10.22038,0.13042332,669544.008452,5334731.80132,09179
09179,2015,69275.0,10.0,69275.0,10.0,0.0,2.3805687,0.027450949,10.948343,0.3005424,669544.008452,5334731.80132,09179
09179,2016,69275.0,10.0,69275.0,10.0,0.0,2.4046748,0.029407859,11.215472,0.32982302,669544.008452,5334731.80132,09179
09179,2017,69275.0,10.0,69275.0,10.0,0.0,2.4370313,0.05287493,11.584299,0.612519,669544.008452,5334731.80132,09179
09179,2018,69275.0,10.0,69275.0,10.0,0.0,2.4848452,0.048398744,12.151645,0.58812433,669544.008452,5334731.80132,09179
09179,2019,69275.0,10.0,69275.0,10.0,0.0,2.515681,0.011106068,12.532189,0.13918334,669544.008452,5334731.80132,09179
09179,2020,69275.0,10.0,69275.0,10.0,0.0,2.6046138,0.013467812,13.697773,0.18447903,669544.008452,5334731.80132,09179
09179,2021,69275.0,10.0,69275.0,10.0,0.0,2.5769873,0.012369433,13.32453,0.16481689,669544.008452,5334731.80132,09179
09179,2022,69275.0,10.0,69275.0,10.0,0.0,2.6580467,0.011154994,14.449591,0.1611851,669544.008452,5334731.80132,09179
09179,2023,69275.0,10.0,69275.0,10.0,0.0,2.717828,0.050056517,15.33975,0.7678545,669544.008452,5334731.80132,09179
09179,2024,69275.0,10.0,69275.0,10.0,0.0,2.7762434,0.0091971,16.262516,0.14956798,669544.008452,5334731.80132,09179
09179,2025,69275.0,10.0,69275.0,10.0,0.0,2.7437778,0.0030548456,15.743022,0.0480925,669544.008452,5334731.80132,09179
09180,2007,37440.0,25.0,5858.0,10.0,-0.076636314,1.9867136,0.014409488,7.405626,0.106711276,655699.709233,5281099.94766,09180
09180,2008,37440.0,25.0,5858.0,10.0,-0.076636314,1.9727352,0.014253285,7.3028264,0.10408927,655699.709233,5281099.94766,09180
09180,2009,37440.0,25.0,5858.0,10.0,-0.076636314,1.9689051,0.0035407608,7.2749095,0.025758715,655699.709233,5281099.94766,09180
09180,2010,37440.0,25.0,5858.0,10.0,-0.076636314,1.9792587,0.021564605,7.3506217,0.15851325,655699.709233,5281099.94766,09180
09180,2011,37440.0,25.0,5858.0,10.0,-0.076636314,1.9986944,0.0062708943,7.4948845,0.04699963,655699.709233,5281099.94766,09180
09180,2012,37440.0,25.0,5858.0,10.0,-0.076636314,2.0216286,0.018194312,7.66876,0.13952781,655699.709233,5281099.94766,09180
09180,2013,37440.0,25.0,5858.0,10.0,-0.076636314,2.014681,0.021225508,7.6156654,0.16164637,655699.709233,5281099.94766,09180
09180,2014,37440.0,25.0,5858.0,10.0,-0.076636314,2.0348463,0.020458797,7.770797,0.15898114,655699.709233,5281099.94766,09180
09180,2015,37440.0,25.0,5858.0,10.0,-0.076636314,2.0773165,0.026818005,8.107931,0.21743855,655699.709233,5281099.94766,09180
09180,2016,37440.0,25.0,5858.0,10.0,-0.076636314,2.07374,0.023830434,8.078985,0.19252571,655699.709233,5281099.94766,09180
09180,2017,37440.0,25.0,5858.0,10.0,-0.076636314,2.2238276,0.014656369,9.387264,0.1375832,655699.709233,5281099.94766,09180
09180,2018,37440.0,25.0,5858.0,10.0,-0.076636314,2.218252,0.00904945,9.335069,0.08447724,655699.709233,5281099.94766,09180
09180,2019,37440.0,25.0,5858.0,10.0,-0.076636314,2.2103379,0.0005465663,9.261483,0.0050620153,655699.709233,5281099.94766,09180
09180,2020,37440.0,25.0,5858.0,10.0,-0.076636314,2.2754393,0.051625043,9.884477,0.5102865,655699.709233,5281099.94766,09180
09180,2021,37440.0,25.0,5858.0,10.0,-0.076636314,2.3904572,0.054993063,11.089331,0.6098362,655699.709233,5281099.94766,09180
09180,2022,37440.0,25.0,5858.0,10.0,-0.076636314,2.3975441,0.010935558,11.1682,0.12213049,655699.709233,5281099.94766,09180
09180,2023,37440.0,25.0,5858.0,10.0,-0.076636314,2.4463558,0.085239135,11.726861,0.9995875,655699.709233,5281099.94766,09180
09180,2024,37440.0,25.0,5858.0,10.0,-0.076636314,2.4704988,0.045879804,12.013428,0.55117375,655699.709233,5281099.94766,09180
09180,2025,37440.0,25.0,5858.0,10.0,-0.076636314,2.536709,0.06210184,12.835765,0.7971246,655699.709233,5281099.94766,09180
09181,2007,56349.0,25.0,4032.0,10.0,-0.004372664,1.6907623,0.013080371,5.5043902,0.07199946,637582.233062,5305562.58891,09181
09181,2008,56349.0,25.0,4032.0,10.0,-0.004372664,1.696832,0.056734957,5.537902,0.31419262,637582.233062,5305562.58891,09181
09181,2009,56349.0,25.0,4032.0,10.0,-0.004372664,1.6795988,0.0044557443,5.443284,0.024253882,637582.233062,5305562.58891,09181
09181,2010,56349.0,25.0,4032.0,10.0,-0.004372664,1.7132771,0.027008802,5.6297264,0.15205216,637582.233062,5305562.58891,09181
09181,2011,56349.0,25.0,4032.0,10.0,-0.004372664,1.6829375,0.032536115,5.461488,0.1776956,637582.233062,5305562.58891,09181
09181,2012,56349.0,25.0,4032.0,10.0,-0.004372664,1.7194831,0.03528689,5.6647735,0.19989222,637582.233062,5305562.58891,09181
09181,2013,56349.0,25.0,4032.0,10.0,-0.004372664,1.8192506,0.0005170392,6.259087,0.0032361937,637582.233062,5305562.58891,09181
09181,2014,56349.0,25.0,4032.0,10.0,-0.004372664,1.80479,0.009820766,6.1692286,0.06058655,637582.233062,5305562.58891,09181
09181,2015,56349.0,25.0,4032.0,10.0,-0.004372664,1.8372982,0.012184336,6.3730736,0.07765167,637582.233062,5305562.58891,09181
09181,2016,56349.0,25.0,4032.0,10.0,-0.004372664,1.8949232,0.033503156,6.75111,0.2261835,637582.233062,5305562.58891,09181
09181,2017,56349.0,25.0,4032.0,10.0,-0.004372664,1.9348295,0.0048112236,7.0259695,0.03380351,637582.233062,5305562.58891,09181
09181,2018,56349.0,25.0,4032.0,10.0,-0.004372664,1.9815167,0.007610087,7.3617706,0.056023713,637582.233062,5305562.58891,09181
09181,2019,56349.0,25.0,4032.0,10.0,-0.004372664,1.9911951,0.011640008,7.4333663,0.08652444,637582.233062,5305562.58891,09181
09181,2020,56349.0,25.0,4032.0,10.0,-0.004372664,2.058129,0.017442007,7.9479403,0.13862804,637582.233062,5305562.58891,09181
09181,2021,56349.0,25.0,4032.0,10.0,-0.004372664,2.1738484,0.041938785,8.922999,0.37421975,637582.233062,5305562.58891,09181
09181,2022,56349.0,25.0,4032.0,10.0,-0.004372664,2.1879103,0.0071577523,9.04936,0.064773075,637582.233062,5305562.58891,09181
09181,2023,56349.0,25.0,4032.0,10.0,-0.004372664,2.3045835,0.025150718,10.169237,0.25576362,637582.233062,5305562.58891,09181
09181,2024,56349.0,25.0,4032.0,10.0,-0.004372664,2.3426485,0.016936434,10.563791,0.17891297,637582.233062,5305562.58891,09181
09181,2025,56349.0,25.0,4032.0,10.0,-0.004372664,2.380179,0.04924244,10.96779,0.5400807,637582.233062,5305562.58891,09181
09182,2007,11865.0,10.0,11865.0,10.0,0.0,2.1421545,0.07344194,8.68108,0.63755536,702170.606958,5286542.71085,09182
09182,2008,11865.0,10.0,11865.0,10.0,0.0,2.2052197,0.009221651,9.246186,0.0852651,702170.606958,5286542.71085,09182
09182,2009,11865.0,10.0,11865.0,10.0,0.0,2.1930645,0.074772105,9.134478,0.6830041,702170.606958,5286542.71085,09182
09182,2010,11865.0,10.0,11865.0,10.0,0.0,2.1751375,0.013283969,8.972184,0.11918621,702170.606958,5286542.71085,09182
09182,2011,11865.0,10.0,11865.0,10.0,0.0,2.2312856,0.024657074,9.490364,0.23400462,702170.606958,5286542.71085,09182
09182,2012,11865.0,10.0,11865.0,10.0,0.0,2.22158,0.026886092,9.398702,0.25269437,702170.606958,5286542.71085,09182
09182,2013,11865.0,10.0,11865.0,10.0,0.0,2.2987874,0.06039589,10.153099,0.61320543,702170.606958,5286542.71085,09182
09182,2014,11865.0,10.0,11865.0,10.0,0.0,2.3419888,0.0013914623,10.601338,0.014751363,702170.606958,5286542.71085,09182
09182,2015,11865.0,10.0,11865.0,10.0,0.0,2.37342,0.04897891,10.939843,0.5358216,702170.606958,5286542.71085,09182
09182,2016,11865.0,10.0,11865.0,10.0,0.0,2.401097,0.065447785,11.246856,0.73608184,702170.606958,5286542.71085,09182
09182,2017,11865.0,10.0,11865.0,10.0,0.0,2.495438,0.0456773,12.359556,0.5645512,702170.606958,5286542.71085,09182
09182,2018,11865.0,10.0,11865.0,10.0,0.0,2.6251318,0.03541141,14.071104,0.4982776,702170.606958,5286542.71085,09182
09182,2019,11865.0,10.0,11865.0,10.0,0.0,2.6456892,0.051563613,14.363363,0.74062693,702170.606958,5286542.71085,09182
09182,2020,11865.0,10.0,11865.0,10.0,0.0,2.6725667,0.0035949708,14.754647,0.053042527,702170.606958,5286542.71085,09182
09182,2021,11865.0,10.0,11865.0,10.0,0.0,2.7668664,0.038184367,16.213724,0.61911076,702170.606958,5286542.71085,09182
09182,2022,11865.0,10.0,11865.0,10.0,0.0,2.799727,0.053267762,16.755363,0.89252067,702170.606958,5286542.71085,09182
09182,2023,11865.0,10.0,11865.0,10.0,0.0,2.9414961,0.05537016,19.307384,1.0690529,702170.606958,5286542.71085,09182
09182,2024,11865.0,10.0,11865.0,10.0,0.0,2.9979386,0.043956723,20.428484,0.8979692,702170.606958,5286542.71085,09182
09182,2025,11865.0,10.0,11865.0,10.0,0.0,3.0763366,0.06409946,22.094484,1.4162446,702170.606958,5286542.71085,09182
09183,2007,10723.0,10.0,10723.0,10.0,0.0,1.6938503,0.0046042707,5.500347,0.025325088,751361.96945,5351165.23958,09183
09183,2008,10723.0,10.0,10723.0,10.0,0.0,1.7251599,0.022845417,5.675286,0.12965427,751361.96945,5351165.23958,09183
09183,2009,10723.0,10.0,10723.0,10.0,0.0,1.7763541,0.03909431,5.9733925,0.23352566,751361.96945,5351165.23958,09183
09183,2010,10723.0,10.0,10723.0,10.0,0.0,1.6742845,0.012371495,5.3937745,0.066729054,751361.96945,5351165.23958,09183
09183,2011,10723.0,10.0,10723.0,10.0,0.0,1.7142239,0.034229726,5.6135583,0.19215056,751361.96945,5351165.23958,09183
09183,2012,10723.0,10.0,10723.0,10.0,0.0,1.7671654,0.04894237,5.918757,0.28967798,751361.96945,5351165.23958,09183
09183,2013,10723.0,10.0,10723.0,10.0,0.0,1.8104513,0.00049323286,6.180581,0.0030484656,751361.96945,5351165.23958,09183
09183,2014,10723.0,10.0,10723.0,10.0,0.0,1.8073143,0.041103534,6.161223,0.25324804,751361.96945,5351165.23958,09183
09183,2015,10723.0,10.0,10723.0,10.0,0.0,1.8340162,0.009035469,6.3279557,0.057176046,751361.96945,5351165.23958,09183
09183,2016,10723.0,10.0,10723.0,10.0,0.0,1.8711386,0.01942945,6.567279,0.12759863,751361.96945,5351165.23958,09183
09183,2017,10723.0,10.0,10723.0,10.0,0.0,1.9179345,0.052224614,6.8819056,0.35940486,751361.96945,5351165.23958,09183
09183,2018,10723.0,10.0,10723.0,10.0,0.0,1.9583533,0.041013893,7.165761,0.29389575,751361.96945,5351165.23958,09183
09183,2019,10723.0,10.0,10723.0,10.0,0.0,2.0056095,0.06490611,7.5125165,0.48760822,751361.96945,5351165.23958,09183
09183,2020,10723.0,10.0,10723.0,10.0,0.0,2.0990758,0.04956574,8.248545,0.40884522,751361.96945,5351165.23958,09183
09183,2021,10723.0,10.0,10723.0,10.0,0.0,2.136244,0.029996298,8.560898,0.25679526,751361.96945,5351165.23958,09183
09183,2022,10723.0,10.0,10723.0,10.0,0.0,2.1702492,0.007687654,8.857019,0.0680897,751361.96945,5351165.23958,09183
09183,2023,10723.0,10.0,10723.0,10.0,0.0,2.2880502,0.0085708145,9.964326,0.085402384,751361.96945,5351165.23958,09183
09183,2024,10723.0,10.0,10723.0,10.0,0.0,2.2612462,0.047266174,9.700789,0.4585192,751361.96945,5351165.23958,09183
09183,2025,10723.0,10.0,10723.0,10.0,0.0,2.3640242,0.04209243,10.750854,0.45252955,751361.96945,5351165.23958,09183
09184,2007,197842.0,10.0,197842.0,10.0,0.0,2.277952,0.032895926,9.982992,0.32839978,701814.855677,5340461.76702,09184
09184,2008,197842.0,10.0,197842.0,10.0,0.0,2.2901452,0.027145628,10.105461,0.27431908,701814.855677,5340461.76702,09184
09184,2009,197842.0,10.0,197842.0,10.0,0.0,2.2414308,0.058663644,9.624978,0.5646363,701814.855677,5340461.76702,09184
09184,2010,197842.0,10.0,197842.0,10.0,0.0,2.2692902,0.025855519,9.896894,0.25588936,701814.855677,5340461.76702,09184
09184,2011,197842.0,10.0,197842.0,10.0,0.0,2.2917833,0.05186792,10.12203,0.5250087,701814.855677,5340461.76702,09184
09184,2012,197842.0,10.0,197842.0,10.0,0.0,2.2886765,0.043263584,10.0906315,0.4365569,701814.855677,5340461.76702,09184
09184,2013,197842.0,10.0,197842.0,10.0,0.0,2.3678331,0.016164348,10.921836,0.17654437,701814.855677,5340461.76702,09184
09184,2014,197842.0,10.0,197842.0,10.0,0.0,2.356524,0.028107956,10.799016,0.30353826,701814.855677,5340461.76702,09184
09184,2015,197842.0,10.0,197842.0,10.0,0.0,2.4092305,0.012786961,11.38346,0.14555986,701814.855677,5340461.76702,09184
09184,2016,197842.0,10.0,197842.0,10.0,0.0,2.571947,0.05886368,13.394955,0.78847635,701814.855677,5340461.76702,09184
09184,2017,197842.0,10.0,197842.0,10.0,0.0,2.5070748,0.015324941,12.553578,0.19238284,701814.855677,5340461.76702,09184
09184,2018,197842.0,10.0,197842.0,10.0,0.0,2.5756652,0.005294844,13.444851,0.07118839,701814.855677,5340461.76702,09184
09184,2019,197842.0,10.0,197842.0,10.0,0.0,2.6096354,0.00971504,13.909421,0.13513058,701814.855677,5340461.76702,09184
09184,2020,197842.0,10.0,197842.0,10.0,0.0,2.6239247,0.011515386,14.109603,0.16247752,701814.855677,5340461.76702,09184
09184,2021,197842.0,10.0,197842.0,10.0,0.0,2.6805832,0.00085730257,14.932114,0.012801339,701814.855677,5340461.76702,09184
09184,2022,197842.0,10.0,197842.0,10.0,0.0,2.6810713,0.01652087,14.939402,0.24681193,701814.855677,5340461.76702,09184
09184,2023,197842.0,10.0,197842.0,10.0,0.0,2.7615237,0.030618878,16.190985,0.49574977,701814.855677,5340461.76702,09184
09184,2024,197842.0,10.0,197842.0,10.0,0.0,2.8312185,0.007916848,17.359665,0.13743383,701814.855677,5340461.76702,09184
09184,2025,197842.0,10.0,197842.0,10.0,0.0,2.9300797,0.01981999,19.16356,0.37982157,701814.855677,5340461.76702,09184
09185,2007,51353.0,25.0,4629.0,10.0,-0.014250207,1.6936728,0.008091174,5.5130963,0.044607423,669430.347112,5377025.18888,09185
09185,2008,51353.0,25.0,4629.0,10.0,-0.014250207,1.744172,0.03649135,5.7986526,0.21160065,669430.347112,5377025.18888,09185
09185,2009,51353.0,25.0,4629.0,10.0,-0.014250207,1.7416195,0.028270895,5.78387,0.1635152,669430.347112,5377025.18888,09185
09185,2010,51353.0,25.0,4629.0,10.0,-0.014250207,1.7294077,0.011041083,5.7136683,0.06308509,669430.347112,5377025.18888,09185
09185,2011,51353.0,25.0,4629.0,10.0,-0.014250207,1.7332023,0.007586499,5.735391,0.043511543,669430.347112,5377025.18888,09185
09185,2012,51353.0,25.0,4629.0,10.0,-0.014250207,1.7492571,0.018340115,5.8282146,0.10689012,669430.347112,5377025.18888,09185
09185,2013,51353.0,25.0,4629.0,10.0,-0.014250207,1.8251792,0.033017024,6.2879357,0.20760894,669430.347112,5377025.18888,09185
09185,2014,51353.0,25.0,4629.0,10.0,-0.014250207,1.8659059,0.036417253,6.549309,0.23850784,669430.347112,5377025.18888,09185
09185,2015,51353.0,25.0,4629.0,10.0,-0.014250207,1.937842,0.02254886,7.0378,0.15869436,669430.347112,5377025.18888,09185
09185,2016,51353.0,25.0,4629.0,10.0,-0.014250207,2.0097,0.025874069,7.5621357,0.19566323,669430.347112,5377025.18888,09185
09185,2017,51353.0,25.0,4629.0,10.0,-0.014250207,2.0479486,0.0075777834,7.856979,0.059538484,669430.347112,5377025.18888,09185
09185,2018,51353.0,25.0,4629.0,10.0,-0.014250207,2.108534,0.012924013,8.347714,0.10788597,669430.347112,5377025.18888,09185
09185,2019,51353.0,25.0,4629.0,10.0,-0.014250207,2.1334667,0.0022989893,8.558461,0.01967581,669430.347112,5377025.18888,09185
09185,2020,51353.0,25.0,4629.0,10.0,-0.014250207,2.1787307,0.024819365,8.954751,0.22225124,669430.347112,5377025.18888,09185
09185,2021,51353.0,25.0,4629.0,10.0,-0.014250207,2.225004,0.0024240818,9.378855,0.022735111,669430.347112,5377025.18888,09185
09185,2022,51353.0,25.0,4629.0,10.0,-0.014250207,2.267076,0.010492153,9.781858,0.10263276,669430.347112,5377025.18888,09185
09185,2023,51353.0,25.0,4629.0,10.0,-0.014250207,2.347229,0.016304001,10.598183,0.17279279,669430.347112,5377025.18888,09185
09185,2024,51353.0,25.0,4629.0,10.0,-0.014250207,2.3662245,0.009355429,10.801426,0.101051964,669430.347112,5377025.18888,09185
09185,2025,51353.0,25.0,4629.0,10.0,-0.014250207,2.4025023,0.01982498,11.200471,0.22204912,669430.347112,5377025.18888,09185
09186,2007,25137.0,10.0,25137.0,10.0,0.0,1.8435448,0.009419927,6.4172926,0.06045043,682051.244992,5394887.82511,09186
09186,2008,25137.0,10.0,25137.0,10.0,0.0,1.7995806,0.023962421,6.141273,0.14715977,682051.244992,5394887.82511,09186
09186,2009,25137.0,10.0,25137.0,10.0,0.0,1.8117186,0.05959781,6.2162695,0.37047604,682051.244992,5394887.82511,09186
09186,2010,25137.0,10.0,25137.0,10.0,0.0,1.8072782,0.01856889,6.188728,0.11491781,682051.244992,5394887.82511,09186
09186,2011,25137.0,10.0,25137.0,10.0,0.0,1.8701445,0.026800862,6.590281,0.1766252,682051.244992,5394887.82511,09186
09186,2012,25137.0,10.0,25137.0,10.0,0.0,1.9086078,0.020472672,6.848703,0.14021125,682051.244992,5394887.82511,09186
09186,2013,25137.0,10.0,25137.0,10.0,0.0,1.9836013,0.032108337,7.3820605,0.2370257,682051.244992,5394887.82511,09186
09186,2014,25137.0,10.0,25137.0,10.0,0.0,2.0235803,0.02827269,7.6831675,0.21722381,682051.244992,5394887.82511,09186
09186,2015,25137.0,10.0,25137.0,10.0,0.0,2.193897,0.1584932,9.10978,1.4438382,682051.244992,5394887.82511,09186
09186,2016,25137.0,10.0,25137.0,10.0,0.0,2.3353238,0.21662472,10.493701,2.273195,682051.244992,5394887.82511,09186
09186,2017,25137.0,10.0,25137.0,10.0,0.0,2.1817303,0.020595914,8.999614,0.18535526,682051.244992,5394887.82511,09186
09186,2018,25137.0,10.0,25137.0,10.0,0.0,2.1801965,0.044624474,8.985822,0.40098757,682051.244992,5394887.82511,09186
09186,2019,25137.0,10.0,25137.0,10.0,0.0,2.2332983,0.03790364,9.475882,0.3591704,682051.244992,5394887.82511,09186
09186,2020,25137.0,10.0,25137.0,10.0,0.0,2.2350955,0.027782856,9.492928,0.26374063,682051.244992,5394887.82511,09186
09186,2021,25137.0,10.0,25137.0,10.0,0.0,2.2512004,0.047101926,9.647048,0.45439455,682051.244992,5394887.82511,09186
09186,2022,25137.0,10.0,25137.0,10.0,0.0,2.3108435,0.019598573,10.239933,0.20068806,682051.244992,5394887.82511,09186
09186,2023,25137.0,10.0,25137.0,10.0,0.0,2.3671894,0.03003682,10.833475,0.32540315,682051.244992,5394887.82511,09186
09186,2024,25137.0,10.0,25137.0,10.0,0.0,2.40569,0.01746614,11.258704,0.19664611,682051.244992,5394887.82511,09186
09186,2025,25137.0,10.0,25137.0,10.0,0.0,2.4427502,0.03269269,11.683783,0.38197428,682051.244992,5394887.82511,09186
09187,2007,56767.0,25.0,5243.0,10.0,0.0053790193,1.8350424,0.005359244,6.3569813,0.034068614,746867.733126,5322878.75207,09187
09187,2008,56767.0,25.0,5243.0,10.0,0.0053790193,1.841392,0.005114081,6.3974743,0.032717198,746867.733126,5322878.75207,09187
09187,2009,56767.0,25.0,5243.0,10.0,0.0053790193,1.8628858,0.012650269,6.5364695,0.08268809,746867.733126,5322878.75207,09187
09187,2010,56767.0,25.0,5243.0,10.0,0.0053790193,1.8504862,0.020291865,6.4559193,0.13100265,746867.733126,5322878.75207,09187
09187,2011,56767.0,25.0,5243.0,10.0,0.0053790193,1.9003218,0.026535831,6.7858067,0.18006702,746867.733126,5322878.75207,09187
09187,2012,56767.0,25.0,5243.0,10.0,0.0053790193,1.8973019,0.0064009666,6.7653446,0.043304745,746867.733126,5322878.75207,09187
09187,2013,56767.0,25.0,5243.0,10.0,0.0053790193,1.9156612,0.04489923,6.8906984,0.30938706,746867.733126,5322878.75207,09187
09187,2014,56767.0,25.0,5243.0,10.0,0.0053790193,1.9294425,0.014918376,6.986319,0.10422453,746867.733126,5322878.75207,09187
09187,2015,56767.0,25.0,5243.0,10.0,0.0053790193,2.0092566,0.02250693,7.5667825,0.17030504,746867.733126,5322878.75207,09187
09187,2016,56767.0,25.0,5243.0,10.0,0.0053790193,2.0502493,0.035464425,7.88341,0.2795806,746867.733126,5322878.75207,09187
09187,2017,56767.0,25.0,5243.0,10.0,0.0053790193,2.0809093,0.0525427,8.128859,0.42711216,746867.733126,5322878.75207,09187
09187,2018,56767.0,25.0,5243.0,10.0,0.0053790193,2.159755,0.040597025,8.795728,0.3570804,746867.733126,5322878.75207,09187
09187,2019,56767.0,25.0,5243.0,10.0,0.0053790193,2.1909819,0.016084647,9.074725,0.14596374,746867.733126,5322878.75207,09187
09187,2020,56767.0,25.0,5243.0,10.0,0.0053790193,2.2025719,0.0046490515,9.180513,0.042680677,746867.733126,5322878.75207,09187
09187,2021,56767.0,25.0,5243.0,10.0,0.0053790193,2.226919,0.017887762,9.4067745,0.16826613,746867.733126,5322878.75207,09187
09187,2022,56767.0,25.0,5243.0,10.0,0.0053790193,2.335633,0.042239327,10.487083,0.44296733,746867.733126,5322878.75207,09187
09187,2023,56767.0,25.0,5243.0,10.0,0.0053790193,2.3319957,0.03140823,10.449009,0.32818487,746867.733126,5322878.75207,09187
09187,2024,56767.0,25.0,5243.0,10.0,0.0053790193,2.3680537,0.010396387,10.832652,0.11262045,746867.733126,5322878.75207,09187
09187,2025,56767.0,25.0,5243.0,10.0,0.0053790193,2.4331925,0.020426694,11.561769,0.2361687,746867.733126,5322878.75207,09187
09188,2007,27535.0,10.0,27535.0,10.0,0.0,2.3308861,0.006349961,10.486045,0.06658597,677659.748736,5314505.36125,09188
09188,2008,27535.0,10.0,27535.0,10.0,0.0,2.296862,0.0013977485,10.135264,0.014166551,677659.748736,5314505.36125,09188
09188,2009,27535.0,10.0,27535.0,10.0,0.0,2.3387687,0.03510233,10.569028,0.37099752,677659.748736,5314505.36125,09188
09188,2010,27535.0,10.0,27535.0,10.0,0.0,2.4377744,0.026391055,11.668975,0.30795658,677659.748736,5314505.36125,09188
09188,2011,27535.0,10.0,27535.0,10.0,0.0,2.371879,0.003264425,10.9248295,0.035663288,677659.748736,5314505.36125,09188
09188,2012,27535.0,10.0,27535.0,10.0,0.0,2.4374409,0.008131266,11.665081,0.094851874,677659.748736,5314505.36125,09188
09188,2013,27535.0,10.0,27535.0,10.0,0.0,2.460031,0.021270866,11.931596,0.2537954,677659.748736,5314505.36125,09188
09188,2014,27535.0,10.0,27535.0,10.0,0.0,2.4745362,0.0021000137,12.105927,0.025422612,677659.748736,5314505.36125,09188
09188,2015,27535.0,10.0,27535.0,10.0,0.0,2.5025961,0.028168365,12.45043,0.35070825,677659.748736,5314505.36125,09188
09188,2016,27535.0,10.0,27535.0,10.0,0.0,2.3180096,0.109403186,10.351885,1.1325291,677659.748736,5314505.36125,09188
09188,2017,27535.0,10.0,27535.0,10.0,0.0,2.5332346,0.0007623667,12.837796,0.009787108,677659.748736,5314505.36125,09188
09188,2018,27535.0,10.0,27535.0,10.0,0.0,2.5956893,0.027513823,13.665145,0.37598035,677659.748736,5314505.36125,09188
09188,2019,27535.0,10.0,27535.0,10.0,0.0,2.6954381,0.0988184,15.098526,1.4920121,677659.748736,5314505.36125,09188
09188,2020,27535.0,10.0,27535.0,10.0,0.0,2.6994505,0.123053536,15.15923,1.865397,677659.748736,5314505.36125,09188
09188,2021,27535.0,10.0,27535.0,10.0,0.0,2.757062,0.058071844,16.058222,0.9325306,677659.748736,5314505.36125,09188
09188,2022,27535.0,10.0,27535.0,10.0,0.0,2.7417643,0.08179166,15.81444,1.2934893,677659.748736,5314505.36125,09188
09188,2023,27535.0,10.0,27535.0,10.0,0.0,2.8279634,0.047901507,17.238106,0.8257312,677659.748736,5314505.36125,09188
09188,2024,27535.0,10.0,27535.0,10.0,0.0,2.879775,0.056097213,18.154785,1.0184329,677659.748736,5314505.36125,09188
09188,2025,27535.0,10.0,27535.0,10.0,0.0,2.887746,0.032946657,18.300076,0.6029264,677659.748736,5314505.36125,09188
09189,2007,36773.0,25.0,4849.0,10.0,0.065263584,1.7592998,0.019207314,5.899672,0.11331685,761499.018756,5322472.0266,09189
09189,2008,36773.0,25.0,4849.0,10.0,0.065263584,1.734015,0.013236088,5.7523704,0.07613888,761499.018756,5322472.0266,09189
09189,2009,36773.0,25.0,4849.0,10.0,0.065263584,1.7823458,0.010919868,6.0372148,0.06592559,761499.018756,5322472.0266,09189
09189,2010,36773.0,25.0,4849.0,10.0,0.065263584,1.7831645,0.021711037,6.04216,0.13118155,761499.018756,5322472.0266,09189
09189,2011,36773.0,25.0,4849.0,10.0,0.065263584,1.781153,0.027154023,6.030018,0.16373923,761499.018756,5322472.0266,09189
09189,2012,36773.0,25.0,4849.0,10.0,0.065263584,1.7496326,0.05644949,5.842914,0.3298295,761499.018756,5322472.0266,09189
09189,2013,36773.0,25.0,4849.0,10.0,0.065263584,1.8895967,0.06357627,6.7207093,0.42727768,761499.018756,5322472.0266,09189
09189,2014,36773.0,25.0,4849.0,10.0,0.065263584,1.8914771,0.016616033,6.733359,0.11188171,761499.018756,5322472.0266,09189
09189,2015,36773.0,25.0,4849.0,10.0,0.065263584,1.9727924,0.03252799,7.3037605,0.23757666,761499.018756,5322472.0266,09189
09189,2016,36773.0,25.0,4849.0,10.0,0.065263584,1.9755514,0.011870243,7.3239393,0.086936936,761499.018756,5322472.0266,09189
09189,2017,36773.0,25.0,4849.0,10.0,0.065263584,1.990405,9.001514e-05,7.433538,0.00066913094,761499.018756,5322472.0266,09189
09189,2018,36773.0,25.0,4849.0,10.0,0.065263584,2.0841973,0.021976678,8.164492,0.17942838,761499.018756,5322472.0266,09189
09189,2019,36773.0,25.0,4849.0,10.0,0.065263584,2.1446204,0.02193796,8.673022,0.19026843,761499.018756,5322472.0266,09189
09189,2020,36773.0,25.0,4849.0,10.0,0.065263584,2.1361697,0.021904869,8.600038,0.18838271,761499.018756,5322472.0266,09189
09189,2021,36773.0,25.0,4849.0,10.0,0.065263584,2.1821673,0.026587669,9.004858,0.2394182,761499.018756,5322472.0266,09189
09189,2022,36773.0,25.0,4849.0,10.0,0.065263584,2.279264,0.030923171,9.923056,0.30685237,761499.018756,5322472.0266,09189
09189,2023,36773.0,25.0,4849.0,10.0,0.065263584,2.3053403,0.01066899,10.185216,0.108665965,761499.018756,5322472.0266,09189
09189,2024,36773.0,25.0,4849.0,10.0,0.065263584,2.3670774,0.019045424,10.833838,0.20633504,761499.018756,5322472.0266,09189
09189,2025,36773.0,25.0,4849.0,10.0,0.065263584,2.3873262,0.015816433,11.055449,0.17485775,761499.018756,5322472.0266,09189
09190,2007,87999.0,25.0,9524.0,10.0,-0.041544944,2.244548,0.026404427,9.619956,0.25400943,669977.398407,5303638.55437,09190
09190,2008,87999.0,25.0,9524.0,10.0,-0.041544944,2.2179136,0.02352275,9.367118,0.22034036,669977.398407,5303638.55437,09190
09190,2009,87999.0,25.0,9524.0,10.0,-0.041544944,2.2119293,0.015260547,9.311228,0.14209443,669977.398407,5303638.55437,09190
09190,2010,87999.0,25.0,9524.0,10.0,-0.041544944,2.2127712,0.025333693,9.319071,0.23608649,669977.398407,5303638.55437,09190
09190,2011,87999.0,25.0,9524.0,10.0,-0.041544944,2.1995175,0.0071090385,9.196372,0.06537736,669977.398407,5303638.55437,09190
09190,2012,87999.0,25.0,9524.0,10.0,-0.041544944,2.2241175,0.022330102,9.42541,0.21047036,669977.398407,5303638.55437,09190
09190,2013,87999.0,25.0,9524.0,10.0,-0.041544944,2.2682292,0.0062016617,9.850487,0.061089385,669977.398407,5303638.55437,09190
09190,2014,87999.0,25.0,9524.0,10.0,-0.041544944,2.2940788,0.01325354,10.1084385,0.13397259,669977.398407,5303638.55437,09190
09190,2015,87999.0,25.0,9524.0,10.0,-0.041544944,2.3394578,0.013728888,10.577716,0.14522026,669977.398407,5303638.55437,09190
09190,2016,87999.0,25.0,9524.0,10.0,-0.041544944,2.350679,0.00594017,10.697079,0.06354247,669977.398407,5303638.55437,09190
09190,2017,87999.0,25.0,9524.0,10.0,-0.041544944,2.4189758,0.011809478,11.453182,0.1352561,669977.398407,5303638.55437,09190
09190,2018,87999.0,25.0,9524.0,10.0,-0.041544944,2.4596636,0.0150809,11.928795,0.17989697,669977.398407,5303638.55437,09190
09190,2019,87999.0,25.0,9524.0,10.0,-0.041544944,2.5005596,0.013174505,12.426748,0.16371626,669977.398407,5303638.55437,09190
09190,2020,87999.0,25.0,9524.0,10.0,-0.041544944,2.536811,0.0073525375,12.885501,0.09474113,669977.398407,5303638.55437,09190
09190,2021,87999.0,25.0,9524.0,10.0,-0.041544944,2.575908,0.045824297,13.399261,0.6140117,669977.398407,5303638.55437,09190
09190,2022,87999.0,25.0,9524.0,10.0,-0.041544944,2.6411934,0.003554981,14.303227,0.0508477,669977.398407,5303638.55437,09190
09190,2023,87999.0,25.0,9524.0,10.0,-0.041544944,2.6772733,0.0036223147,14.828707,0.05371424,669977.398407,5303638.55437,09190
09190,2024,87999.0,25.0,9524.0,10.0,-0.041544944,2.720527,0.008300549,15.484178,0.12852718,669977.398407,5303638.55437,09190
09190,2025,87999.0,25.0,9524.0,10.0,-0.041544944,2.757116,0.017559314,16.06122,0.28202403,669977.398407,5303638.55437,09190
09261,2007,29015.0,10.0,29015.0,10.0,0.0,1.9234663,0.0017204394,6.9447465,0.011948016,733173.264418,5381666.97267,09261
09261,2008,29015.0,10.0,29015.0,10.0,0.0,1.8975338,0.00452341,6.7669663,0.030609764,733173.264418,5381666.97267,09261
09261,2009,29015.0,10.0,29015.0,10.0,0.0,1.8953623,0.009316091,6.7522874,0.06290493,733173.264418,5381666.97267,09261
09261,2010,29015.0,10.0,29015.0,10.0,0.0,1.9313192,0.003886606,6.999497,0.027204288,733173.264418,5381666.97267,09261
09261,2011,29015.0,10.0,29015.0,10.0,0.0,1.9353201,0.00027797944,7.027558,0.0019535164,733173.264418,5381666.97267,09261
09261,2012,29015.0,10.0,29015.0,10.0,0.0,1.9888948,0.0077592153,7.4143248,0.05752934,733173.264418,5381666.97267,09261
09261,2013,29015.0,10.0,29015.0,10.0,0.0,2.0503535,0.0018234191,7.8842945,0.014376373,733173.264418,5381666.97267,09261
09261,2014,29015.0,10.0,29015.0,10.0,0.0,2.1151826,0.00031885275,8.412358,0.0026823033,733173.264418,5381666.97267,09261
09261,2015,29015.0,10.0,29015.0,10.0,0.0,2.2008817,0.0038174638,9.165082,0.034987368,733173.264418,5381666.97267,09261
09261,2016,29015.0,10.0,29015.0,10.0,0.0,2.1972973,0.0061949594,9.13229,0.056574166,733173.264418,5381666.97267,09261
09261,2017,29015.0,10.0,29015.0,10.0,0.0,2.2644053,0.0010481424,9.76617,0.010236337,733173.264418,5381666.97267,09261
09261,2018,29015.0,10.0,29015.0,10.0,0.0,2.3003907,0.0013996846,10.124011,0.014170423,733173.264418,5381666.97267,09261
09261,2019,29015.0,10.0,29015.0,10.0,0.0,2.349032,0.0018331015,10.628628,0.019483354,733173.264418,5381666.97267,09261
09261,2020,29015.0,10.0,29015.0,10.0,0.0,2.3702216,0.0018680443,10.856248,0.020279953,733173.264418,5381666.97267,09261
09261,2021,29015.0,10.0,29015.0,10.0,0.0,2.3747618,0.00068486476,10.905649,0.007468895,733173.264418,5381666.97267,09261
09261,2022,29015.0,10.0,29015.0,10.0,0.0,2.4101021,0.0055820337,11.297949,0.06306554,733173.264418,5381666.97267,09261
09261,2023,29015.0,10.0,29015.0,10.0,0.0,2.4629297,0.0041971514,11.910839,0.049991593,733173.264418,5381666.97267,09261
09261,2024,29015.0,10.0,29015.0,10.0,0.0,2.4767046,0.007575737,12.076043,0.09148493,733173.264418,5381666.97267,09261
09261,2025,29015.0,10.0,29015.0,10.0,0.0,2.5319695,0.0014829175,12.762214,0.01892531,733173.264418,5381666.97267,09261
09262,2007,21859.0,10.0,21859.0,10.0,0.0,1.7528229,0.00035567684,5.8912015,0.0020953638,825590.16677,5390416.6633,09262
09262,2008,21859.0,10.0,21859.0,10.0,0.0,1.7646847,0.035486586,5.961498,0.21155322,825590.16677,5390416.6633,09262
09262,2009,21859.0,10.0,21859.0,10.0,0.0,1.7136633,0.06307958,5.6649637,0.35734352,825590.16677,5390416.6633,09262
09262,2010,21859.0,10.0,21859.0,10.0,0.0,1.6772766,0.07124519,5.462539,0.38917965,825590.16677,5390416.6633,09262
09262,2011,21859.0,10.0,21859.0,10.0,0.0,1.7695363,0.07709973,5.990491,0.46186525,825590.16677,5390416.6633,09262
09262,2012,21859.0,10.0,21859.0,10.0,0.0,1.8349118,0.112083346,6.395208,0.71679634,825590.16677,5390416.6633,09262
09262,2013,21859.0,10.0,21859.0,10.0,0.0,1.8393514,0.074166566,6.4236627,0.47642103,825590.16677,5390416.6633,09262
09262,2014,21859.0,10.0,21859.0,10.0,0.0,1.9924656,0.035730876,7.4865103,0.26749957,825590.16677,5390416.6633,09262
09262,2015,21859.0,10.0,21859.0,10.0,0.0,2.0261176,0.0072743,7.7427325,0.05632296,825590.16677,5390416.6633,09262
09262,2016,21859.0,10.0,21859.0,10.0,0.0,2.0649405,0.04761099,8.049238,0.3832322,825590.16677,5390416.6633,09262
09262,2017,21859.0,10.0,21859.0,10.0,0.0,2.118411,0.0705868,8.491352,0.5993774,825590.16677,5390416.6633,09262
09262,2018,21859.0,10.0,21859.0,10.0,0.0,2.222466,0.047737185,9.4225235,0.44980475,825590.16677,5390416.6633,09262
09262,2019,21859.0,10.0,21859.0,10.0,0.0,2.23992,0.011200052,9.5884285,0.107390895,825590.16677,5390416.6633,09262
09262,2020,21859.0,10.0,21859.0,10.0,0.0,2.2357461,0.04112214,9.5484915,0.39265436,825590.16677,5390416.6633,09262
09262,2021,21859.0,10.0,21859.0,10.0,0.0,2.2350686,0.036261886,9.542026,0.34601185,825590.16677,5390416.6633,09262
09262,2022,21859.0,10.0,21859.0,10.0,0.0,2.248096,0.02887855,9.667146,0.27917314,825590.16677,5390416.6633,09262
09262,2023,21859.0,10.0,21859.0,10.0,0.0,2.299633,0.029430144,10.178423,0.29955244,825590.16677,5390416.6633,09262
09262,2024,21859.0,10.0,21859.0,10.0,0.0,2.3197947,0.024667243,10.385719,0.25618705,825590.16677,5390416.6633,09262
09262,2025,21859.0,10.0,21859.0,10.0,0.0,2.365869,0.021869566,10.875431,0.23784097,825590.16677,5390416.6633,09262
09263,2007,11967.0,10.0,11967.0,10.0,0.0,1.6262363,0.00048372438,5.157733,0.0024949212,761979.497992,5420362.62353,09263
09263,2008,11967.0,10.0,11967.0,10.0,0.0,1.656547,0.0026218004,5.316461,0.013938699,761979.497992,5420362.62353,09263
09263,2009,11967.0,10.0,11967.0,10.0,0.0,1.6701187,0.011877515,5.389106,0.06400919,761979.497992,5420362.62353,09263
09263,2010,11967.0,10.0,11967.0,10.0,0.0,1.7104036,0.0060121636,5.610638,0.033732075,761979.497992,5420362.62353,09263
09263,2011,11967.0,10.0,11967.0,10.0,0.0,1.7166636,0.0018048789,5.6458707,0.010190113,761979.497992,5420362.62353,09263
09263,2012,11967.0,10.0,11967.0,10.0,0.0,1.748434,0.0013715137,5.828122,0.007993349,761979.497992,5420362.62353,09263
09263,2013,11967.0,10.0,11967.0,10.0,0.0,1.7722473,0.0045560827,5.9685745,0.027193317,761979.497992,5420362.62353,09263
09263,2014,11967.0,10.0,11967.0,10.0,0.0,1.9002538,0.012980229,6.783645,0.08805327,761979.497992,5420362.62353,09263
09263,2015,11967.0,10.0,11967.0,10.0,0.0,2.0810187,0.019280823,8.127712,0.156709,761979.497992,5420362.62353,09263
09263,2016,11967.0,10.0,11967.0,10.0,0.0,2.0002294,0.001429981,7.4969053,0.010720432,761979.497992,5420362.62353,09263
09263,2017,11967.0,10.0,11967.0,10.0,0.0,1.9894631,0.0002797702,7.4166236,0.0020749501,761979.497992,5420362.62353,09263
09263,2018,11967.0,10.0,11967.0,10.0,0.0,2.0535724,0.005140772,7.907671,0.040651534,761979.497992,5420362.62353,09263
09263,2019,11967.0,10.0,11967.0,10.0,0.0,2.1214926,0.0033814346,8.463421,0.028618503,761979.497992,5420362.62353,09263
09263,2020,11967.0,10.0,11967.0,10.0,0.0,2.1207283,0.002562591,8.456954,0.021671714,761979.497992,5420362.62353,09263
09263,2021,11967.0,10.0,11967.0,10.0,0.0,2.1655219,0.0011442177,8.844385,0.010119902,761979.497992,5420362.62353,09263
09263,2022,11967.0,10.0,11967.0,10.0,0.0,2.1848216,0.010454543,9.016736,0.094265856,761979.497992,5420362.62353,09263
09263,2023,11967.0,10.0,11967.0,10.0,0.0,2.2333817,0.00050159736,9.465396,0.0047478173,761979.497992,5420362.62353,09263
09263,2024,11967.0,10.0,11967.0,10.0,0.0,2.287621,0.0034984623,9.992971,0.034960035,761979.497992,5420362.62353,09263
09263,2025,11967.0,10.0,11967.0,10.0,0.0,2.3241167,0.0029229391,10.364408,0.030294532,761979.497992,5420362.62353,09263
09271,2007,24737.0,25.0,3123.0,10.0,0.13124283,1.5110462,0.020675149,4.6041126,0.09519071,786465.636131,5405505.239,09271
09271,2008,24737.0,25.0,3123.0,10.0,0.13124283,1.6153804,0.0020311987,5.110433,0.010380305,786465.636131,5405505.239,09271
09271,2009,24737.0,25.0,3123.0,10.0,0.13124283,1.582031,0.004858465,4.942814,0.024014486,786465.636131,5405505.239,09271
09271,2010,24737.0,25.0,3123.0,10.0,0.13124283,1.6099998,0.05849455,5.0830097,0.29732838,786465.636131,5405505.239,09271
09271,2011,24737.0,25.0,3123.0,10.0,0.13124283,1.6743135,0.05481472,5.4206586,0.29713187,786465.636131,5405505.239,09271
09271,2012,24737.0,25.0,3123.0,10.0,0.13124283,1.7084364,0.12010935,5.608819,0.6736716,786465.636131,5405505.239,09271
09271,2013,24737.0,25.0,3123.0,10.0,0.13124283,1.7474362,0.05696439,5.831883,0.33220965,786465.636131,5405505.239,09271
09271,2014,24737.0,25.0,3123.0,10.0,0.13124283,1.7734977,0.024041783,5.985869,0.14391096,786465.636131,5405505.239,09271
09271,2015,24737.0,25.0,3123.0,10.0,0.13124283,1.7999121,0.021963041,6.146088,0.13498679,786465.636131,5405505.239,09271
09271,2016,24737.0,25.0,3123.0,10.0,0.13124283,1.8388201,0.022783648,6.3899336,0.145586,786465.636131,5405505.239,09271
09271,2017,24737.0,25.0,3123.0,10.0,0.13124283,1.9215755,0.00041700221,6.941232,0.0028945091,786465.636131,5405505.239,09271
09271,2018,24737.0,25.0,3123.0,10.0,0.13124283,1.9254917,0.028918175,6.968468,0.20151539,786465.636131,5405505.239,09271
09271,2019,24737.0,25.0,3123.0,10.0,0.13124283,1.9452237,0.009613807,7.1073356,0.06832855,786465.636131,5405505.239,09271
09271,2020,24737.0,25.0,3123.0,10.0,0.13124283,2.0513067,0.009837909,7.902747,0.0777465,786465.636131,5405505.239,09271
09271,2021,24737.0,25.0,3123.0,10.0,0.13124283,1.9982188,0.004791649,7.4941487,0.03590933,786465.636131,5405505.239,09271
09271,2022,24737.0,25.0,3123.0,10.0,0.13124283,2.0189745,0.043208286,7.651321,0.33060047,786465.636131,5405505.239,09271
09271,2023,24737.0,25.0,3123.0,10.0,0.13124283,2.0851812,0.033126988,8.1750345,0.27081427,786465.636131,5405505.239,09271
09271,2024,24737.0,25.0,3123.0,10.0,0.13124283,2.1926584,0.023478448,9.10262,0.21371539,786465.636131,5405505.239,09271
09271,2025,24737.0,25.0,3123.0,10.0,0.13124283,2.257523,0.084757105,9.712627,0.8232141,786465.636131,5405505.239,09271
09272,2007,56147.0,50.0,1045.0,10.0,0.19360918,1.3478647,0.024297457,3.9438987,0.09582671,834006.548374,5417471.29526,09272
09272,2008,56147.0,50.0,1045.0,10.0,0.19360918,1.3534002,0.02305616,3.9657907,0.09143591,834006.548374,5417471.29526,09272
09272,2009,56147.0,50.0,1045.0,10.0,0.19360918,1.3209486,0.031424228,3.83916,0.12064264,834006.548374,5417471.29526,09272
09272,2010,56147.0,50.0,1045.0,10.0,0.19360918,1.3596134,0.003262848,3.9905074,0.013020419,834006.548374,5417471.29526,09272
09272,2011,56147.0,50.0,1045.0,10.0,0.19360918,1.3749943,0.00948334,4.052359,0.0384299,834006.548374,5417471.29526,09272
09272,2012,56147.0,50.0,1045.0,10.0,0.19360918,1.4372648,0.034979425,4.312724,0.15085661,834006.548374,5417471.29526,09272
09272,2013,56147.0,50.0,1045.0,10.0,0.19360918,1.460428,0.01667128,4.413787,0.073583476,834006.548374,5417471.29526,09272
09272,2014,56147.0,50.0,1045.0,10.0,0.19360918,1.447971,0.009432281,4.359145,0.041116685,834006.548374,5417471.29526,09272
09272,2015,56147.0,50.0,1045.0,10.0,0.19360918,1.5994946,0.025574198,5.0723267,0.12972069,834006.548374,5417471.29526,09272
09272,2016,56147.0,50.0,1045.0,10.0,0.19360918,1.6638625,0.05791105,5.409559,0.31327322,834006.548374,5417471.29526,09272
09272,2017,56147.0,50.0,1045.0,10.0,0.19360918,1.7198743,0.02921332,5.721204,0.16713536,834006.548374,5417471.29526,09272
09272,2018,56147.0,50.0,1045.0,10.0,0.19360918,1.80194,0.039098524,6.2105217,0.24282223,834006.548374,5417471.29526,09272
09272,2019,56147.0,50.0,1045.0,10.0,0.19360918,1.8329641,0.03298062,6.406218,0.21128105,834006.548374,5417471.29526,09272
09272,2020,56147.0,50.0,1045.0,10.0,0.19360918,1.7418289,0.011583376,5.8482,0.0677419,834006.548374,5417471.29526,09272
09272,2021,56147.0,50.0,1045.0,10.0,0.19360918,1.7684804,0.0008974335,6.006159,0.005390128,834006.548374,5417471.29526,09272
09272,2022,56147.0,50.0,1045.0,10.0,0.19360918,1.8611838,0.011840965,6.589575,0.07802693,834006.548374,5417471.29526,09272
09272,2023,56147.0,50.0,1045.0,10.0,0.19360918,1.9486436,0.02108203,7.1918507,0.15161882,834006.548374,5417471.29526,09272
09272,2024,56147.0,50.0,1045.0,10.0,0.19360918,1.9422632,0.020511813,7.1461105,0.14657968,834006.548374,5417471.29526,09272
09272,2025,56147.0,50.0,1045.0,10.0,0.19360918,1.9695268,0.017988274,7.343619,0.13209903,834006.548374,5417471.29526,09272
09273,2007,33091.0,25.0,4952.0,10.0,-0.10921234,1.5654056,0.06337645,4.866675,0.3084326,709755.012435,5412525.96712,09273
09273,2008,33091.0,25.0,4952.0,10.0,-0.10921234,1.5516558,0.0077878973,4.800217,0.037383597,709755.012435,5412525.96712,09273
09273,2009,33091.0,25.0,4952.0,10.0,-0.10921234,1.5441177,0.002372992,4.7641687,0.011305334,709755.012435,5412525.96712,09273
09273,2010,33091.0,25.0,4952.0,10.0,-0.10921234,1.5468119,0.025630472,4.7770214,0.12243732,709755.012435,5412525.96712,09273
09273,2011,33091.0,25.0,4952.0,10.0,-0.10921234,1.623958,0.066041194,5.1601386,0.34078172,709755.012435,5412525.96712,09273
09273,2012,33091.0,25.0,4952.0,10.0,-0.10921234,1.6515952,0.02130544,5.304739,0.1130198,709755.012435,5412525.96712,09273
09273,2013,33091.0,25.0,4952.0,10.0,-0.10921234,1.7045796,0.005522209,5.5933867,0.030887851,709755.012435,5412525.96712,09273
09273,2014,33091.0,25.0,4952.0,10.0,-0.10921234,1.8181877,0.052410305,6.2663436,0.328421,709755.012435,5412525.96712,09273
09273,2015,33091.0,25.0,4952.0,10.0,-0.10921234,1.8022835,0.04652489,6.167471,0.28694093,709755.012435,5412525.96712,09273
09273,2016,33091.0,25.0,4952.0,10.0,-0.10921234,1.9345145,0.048776545,7.0393786,0.34335655,709755.012435,5412525.96712,09273
09273,2017,33091.0,25.0,4952.0,10.0,-0.10921234,1.9900966,0.03677227,7.4417195,0.27364892,709755.012435,5412525.96712,09273
09273,2018,33091.0,25.0,4952.0,10.0,-0.10921234,1.9928836,0.04478287,7.462488,0.33419162,709755.012435,5412525.96712,09273
09273,2019,33091.0,25.0,4952.0,10.0,-0.10921234,2.0530791,0.05726797,7.925492,0.45387682,709755.012435,5412525.96712,09273
09273,2020,33091.0,25.0,4952.0,10.0,-0.10921234,2.1106076,0.04936354,8.394805,0.4143973,709755.012435,5412525.96712,09273
09273,2021,33091.0,25.0,4952.0,10.0,-0.10921234,2.1417234,0.043837603,8.660122,0.379639,709755.012435,5412525.96712,09273
09273,2022,33091.0,25.0,4952.0,10.0,-0.10921234,2.1231804,0.018986143,8.501016,0.1614015,709755.012435,5412525.96712,09273
09273,2023,33091.0,25.0,4952.0,10.0,-0.10921234,2.197504,0.019617757,9.156916,0.17963815,709755.012435,5412525.96712,09273
09273,2024,33091.0,25.0,4952.0,10.0,-0.10921234,2.2334883,0.058957927,9.492421,0.55965346,709755.012435,5412525.96712,09273
09273,2025,33091.0,25.0,4952.0,10.0,-0.10921234,2.2959616,0.0418512,10.104361,0.4228796,709755.012435,5412525.96712,09273
09274,2007,13476.0,10.0,13476.0,10.0,0.0,1.8417417,0.016739994,6.3988338,0.10711644,742301.244966,5381112.2307,09274
09274,2008,13476.0,10.0,13476.0,10.0,0.0,1.5899587,0.007171769,4.9745393,0.03567625,742301.244966,5381112.2307,09274
09274,2009,13476.0,10.0,13476.0,10.0,0.0,1.7687789,0.036275543,5.948583,0.21578808,742301.244966,5381112.2307,09274
09274,2010,13476.0,10.0,13476.0,10.0,0.0,1.6120101,0.09333699,5.0854535,0.4746609,742301.244966,5381112.2307,09274
09274,2011,13476.0,10.0,13476.0,10.0,0.0,1.7499776,0.00051089557,5.837786,0.0029824988,742301.244966,5381112.2307,09274
09274,2012,13476.0,10.0,13476.0,10.0,0.0,1.7739698,0.016074117,5.9795413,0.09611586,742301.244966,5381112.2307,09274
09274,2013,13476.0,10.0,13476.0,10.0,0.0,1.6777432,0.0124232285,5.430968,0.06747015,742301.244966,5381112.2307,09274
09274,2014,13476.0,10.0,13476.0,10.0,0.0,1.8749875,0.0012987229,6.615144,0.008591238,742301.244966,5381112.2307,09274
09274,2015,13476.0,10.0,13476.0,10.0,0.0,1.8671019,0.027602118,6.5631847,0.1811578,742301.244966,5381112.2307,09274
09274,2016,13476.0,10.0,13476.0,10.0,0.0,1.8377573,0.04679634,6.3733897,0.2982513,742301.244966,5381112.2307,09274
09274,2017,13476.0,10.0,13476.0,10.0,0.0,2.014312,0.037966054,7.6040893,0.28869727,742301.244966,5381112.2307,09274
09274,2018,13476.0,10.0,13476.0,10.0,0.0,2.0215793,0.0044457256,7.659551,0.034052264,742301.244966,5381112.2307,09274
09274,2019,13476.0,10.0,13476.0,10.0,0.0,2.1751719,0.015499017,8.931157,0.13842416,742301.244966,5381112.2307,09274
09274,2020,13476.0,10.0,13476.0,10.0,0.0,2.123756,0.03749364,8.483559,0.31807947,742301.244966,5381112.2307,09274
09274,2021,13476.0,10.0,13476.0,10.0,0.0,2.257205,0.02910172,9.694697,0.28213236,742301.244966,5381112.2307,09274
09274,2022,13476.0,10.0,13476.0,10.0,0.0,2.2735848,0.055291843,9.854803,0.5448902,742301.244966,5381112.2307,09274
09274,2023,13476.0,10.0,13476.0,10.0,0.0,2.3224869,0.014793109,10.3487,0.15308943,742301.244966,5381112.2307,09274
09274,2024,13476.0,10.0,13476.0,10.0,0.0,2.3765452,0.016496032,10.923532,0.18019493,742301.244966,5381112.2307,09274
09274,2025,13476.0,10.0,13476.0,10.0,0.0,2.4762855,0.010988479,12.069232,0.1326225,742301.244966,5381112.2307,09274
09275,2007,34622.0,25.0,2725.0,10.0,0.080048226,1.5321854,0.03307281,4.7297664,0.15642667,817207.113882,5401020.84385,09275
09275,2008,34622.0,25.0,2725.0,10.0,0.080048226,1.4560242,0.013089065,4.382917,0.057368286,817207.113882,5401020.84385,09275
09275,2009,34622.0,25.0,2725.0,10.0,0.080048226,1.5588983,0.06729106,4.8578143,0.32688746,817207.113882,5401020.84385,09275
09275,2010,34622.0,25.0,2725.0,10.0,0.080048226,1.482301,0.12083799,4.499613,0.5437242,817207.113882,5401020.84385,09275
09275,2011,34622.0,25.0,2725.0,10.0,0.080048226,1.4892257,0.023679078,4.5308795,0.10728704,817207.113882,5401020.84385,09275
09275,2012,34622.0,25.0,2725.0,10.0,0.080048226,1.4938504,0.037985574,4.551882,0.17290585,817207.113882,5401020.84385,09275
09275,2013,34622.0,25.0,2725.0,10.0,0.080048226,1.5757247,0.03149175,4.940246,0.15557697,817207.113882,5401020.84385,09275
09275,2014,34622.0,25.0,2725.0,10.0,0.080048226,1.6438512,0.021533275,5.288536,0.1138795,817207.113882,5401020.84385,09275
09275,2015,34622.0,25.0,2725.0,10.0,0.080048226,1.6492695,0.048155107,5.317269,0.25605366,817207.113882,5401020.84385,09275
09275,2016,34622.0,25.0,2725.0,10.0,0.080048226,1.7580891,0.051176623,5.9285483,0.30340308,817207.113882,5401020.84385,09275
09275,2017,34622.0,25.0,2725.0,10.0,0.080048226,1.8768892,0.052148372,6.6764045,0.34816363,817207.113882,5401020.84385,09275
09275,2018,34622.0,25.0,2725.0,10.0,0.080048226,1.8983939,0.081029736,6.821533,0.5527471,817207.113882,5401020.84385,09275
09275,2019,34622.0,25.0,2725.0,10.0,0.080048226,1.9507898,0.10823942,7.188483,0.77807724,817207.113882,5401020.84385,09275
09275,2020,34622.0,25.0,2725.0,10.0,0.080048226,1.9016696,0.06336956,6.8439155,0.43369588,817207.113882,5401020.84385,09275
09275,2021,34622.0,25.0,2725.0,10.0,0.080048226,1.9927104,0.03100893,7.496234,0.2324502,817207.113882,5401020.84385,09275
09275,2022,34622.0,25.0,2725.0,10.0,0.080048226,2.0541117,0.022932408,7.9709363,0.18279277,817207.113882,5401020.84385,09275
09275,2023,34622.0,25.0,2725.0,10.0,0.080048226,2.083688,0.028573394,8.210208,0.23459351,817207.113882,5401020.84385,09275
09275,2024,34622.0,25.0,2725.0,10.0,0.080048226,2.1292129,0.016066652,8.592615,0.13805456,817207.113882,5401020.84385,09275
09275,2025,34622.0,25.0,2725.0,10.0,0.080048226,2.1609893,0.011648365,8.870043,0.1033215,817207.113882,5401020.84385,09275
09276,2007,44021.0,50.0,1003.0,10.0,0.09791688,1.433422,0.013798491,4.2721167,0.058948766,790906.985891,5450272.13141,09276
09276,2008,44021.0,50.0,1003.0,10.0,0.09791688,1.4525155,0.08221619,4.3544703,0.35800797,790906.985891,5450272.13141,09276
09276,2009,44021.0,50.0,1003.0,10.0,0.09791688,1.493706,0.014999598,4.537578,0.06806185,790906.985891,5450272.13141,09276
09276,2010,44021.0,50.0,1003.0,10.0,0.09791688,1.5468937,0.012165536,4.785455,0.05821763,790906.985891,5450272.13141,09276
09276,2011,44021.0,50.0,1003.0,10.0,0.09791688,1.5508643,0.0082426835,4.8044944,0.03960193,790906.985891,5450272.13141,09276
09276,2012,44021.0,50.0,1003.0,10.0,0.09791688,1.6004552,0.038323015,5.04876,0.19348371,790906.985891,5450272.13141,09276
09276,2013,44021.0,50.0,1003.0,10.0,0.09791688,1.5951734,0.020384232,5.0221634,0.10237295,790906.985891,5450272.13141,09276
09276,2014,44021.0,50.0,1003.0,10.0,0.09791688,1.5732511,0.025722614,4.9132643,0.126382,790906.985891,5450272.13141,09276
09276,2015,44021.0,50.0,1003.0,10.0,0.09791688,1.4889951,0.018939225,4.5162525,0.08553432,790906.985891,5450272.13141,09276
09276,2016,44021.0,50.0,1003.0,10.0,0.09791688,1.6697903,0.00071162044,5.4112372,0.003850747,790906.985891,5450272.13141,09276
09276,2017,44021.0,50.0,1003.0,10.0,0.09791688,1.7604626,0.0013920518,5.9248185,0.008247655,790906.985891,5450272.13141,09276
09276,2018,44021.0,50.0,1003.0,10.0,0.09791688,1.8117739,0.0019952443,6.2367635,0.012443867,790906.985891,5450272.13141,09276
09276,2019,44021.0,50.0,1003.0,10.0,0.09791688,1.8504204,0.028156502,6.48251,0.18252482,790906.985891,5450272.13141,09276
09276,2020,44021.0,50.0,1003.0,10.0,0.09791688,1.8293753,0.0045246524,6.347511,0.028720278,790906.985891,5450272.13141,09276
09276,2021,44021.0,50.0,1003.0,10.0,0.09791688,1.8149652,0.007865639,6.256699,0.04921294,790906.985891,5450272.13141,09276
09276,2022,44021.0,50.0,1003.0,10.0,0.09791688,1.9974264,0.024745107,7.5090866,0.18581316,790906.985891,5450272.13141,09276
09276,2023,44021.0,50.0,1003.0,10.0,0.09791688,2.0121336,0.011575528,7.62034,0.08820946,790906.985891,5450272.13141,09276
09276,2024,44021.0,50.0,1003.0,10.0,0.09791688,2.0647173,0.008418448,8.031769,0.067615025,790906.985891,5450272.13141,09276
09276,2025,44021.0,50.0,1003.0,10.0,0.09791688,2.0749617,0.0045702886,8.114471,0.037085477,790906.985891,5450272.13141,09276
09277,2007,11296.0,25.0,1164.0,10.0,0.11057301,1.518441,0.10305532,4.640946,0.47827417,781969.187965,5385095.98365,09277
09277,2008,11296.0,25.0,1164.0,10.0,0.11057301,1.5017965,0.16276447,4.564339,0.74291223,781969.187965,5385095.98365,09277
09277,2009,11296.0,25.0,1164.0,10.0,0.11057301,1.5258445,0.06366445,4.6754327,0.29765886,781969.187965,5385095.98365,09277
09277,2010,11296.0,25.0,1164.0,10.0,0.11057301,1.4321662,0.023804704,4.257335,0.1013446,781969.187965,5385095.98365,09277
09277,2011,11296.0,25.0,1164.0,10.0,0.11057301,1.5440145,0.04190403,4.761162,0.19951186,781969.187965,5385095.98365,09277
09277,2012,11296.0,25.0,1164.0,10.0,0.11057301,1.4912466,0.011959075,4.516439,0.05401243,781969.187965,5385095.98365,09277
09277,2013,11296.0,25.0,1164.0,10.0,0.11057301,1.5995747,0.0520407,5.0331798,0.2619302,781969.187965,5385095.98365,09277
09277,2014,11296.0,25.0,1164.0,10.0,0.11057301,1.5747395,0.0059245946,4.909719,0.029088097,781969.187965,5385095.98365,09277
09277,2015,11296.0,25.0,1164.0,10.0,0.11057301,1.6555917,0.004021347,5.3231697,0.021406313,781969.187965,5385095.98365,09277
09277,2016,11296.0,25.0,1164.0,10.0,0.11057301,1.6542741,0.03678349,5.3161607,0.19554693,781969.187965,5385095.98365,09277
09277,2017,11296.0,25.0,1164.0,10.0,0.11057301,1.8064296,0.042641256,6.1898255,0.26394194,781969.187965,5385095.98365,09277
09277,2018,11296.0,25.0,1164.0,10.0,0.11057301,1.8408082,0.00940363,6.4063225,0.060242686,781969.187965,5385095.98365,09277
09277,2019,11296.0,25.0,1164.0,10.0,0.11057301,1.8637571,0.049125332,6.5550413,0.32201856,781969.187965,5385095.98365,09277
09277,2020,11296.0,25.0,1164.0,10.0,0.11057301,1.8645251,0.0072127855,6.5600767,0.047316425,781969.187965,5385095.98365,09277
09277,2021,11296.0,25.0,1164.0,10.0,0.11057301,1.9023238,0.0028001794,6.8127856,0.019077022,781969.187965,5385095.98365,09277
09277,2022,11296.0,25.0,1164.0,10.0,0.11057301,2.0034425,0.026036581,7.5377192,0.19625644,781969.187965,5385095.98365,09277
09277,2023,11296.0,25.0,1164.0,10.0,0.11057301,2.0034122,0.023085386,7.5374923,0.17400591,781969.187965,5385095.98365,09277
09277,2024,11296.0,25.0,1164.0,10.0,0.11057301,2.097841,0.020576026,8.2839365,0.1704505,781969.187965,5385095.98365,09277
09277,2025,11296.0,25.0,1164.0,10.0,0.11057301,2.1105783,0.0024649103,8.390127,0.02068091,781969.187965,5385095.98365,09277
09278,2007,30247.0,25.0,3487.0,10.0,0.08046466,1.6206565,0.014068925,5.1422668,0.072346166,772428.378224,5424669.37456,09278
09278,2008,30247.0,25.0,3487.0,10.0,0.08046466,1.5995773,0.026773004,5.0350065,0.13480225,772428.378224,5424669.37456,09278
09278,2009,30247.0,25.0,3487.0,10.0,0.08046466,1.6270052,0.05996213,5.175018,0.3103051,772428.378224,5424669.37456,09278
09278,2010,30247.0,25.0,3487.0,10.0,0.08046466,1.6525937,0.026558155,5.309148,0.14100118,772428.378224,5424669.37456,09278
09278,2011,30247.0,25.0,3487.0,10.0,0.08046466,1.7314727,0.04186424,5.7448874,0.24050534,772428.378224,5424669.37456,09278
09278,2012,30247.0,25.0,3487.0,10.0,0.08046466,1.6843538,0.039065138,5.480473,0.21409543,772428.378224,5424669.37456,09278
09278,2013,30247.0,25.0,3487.0,10.0,0.08046466,1.7259681,0.06203892,5.7133503,0.35445008,772428.378224,5424669.37456,09278
09278,2014,30247.0,25.0,3487.0,10.0,0.08046466,1.841803,0.097548045,6.41501,0.6257717,772428.378224,5424669.37456,09278
09278,2015,30247.0,25.0,3487.0,10.0,0.08046466,2.143004,0.1780915,8.669763,1.544011,772428.378224,5424669.37456,09278
09278,2016,30247.0,25.0,3487.0,10.0,0.08046466,1.9999449,0.056145534,7.5141096,0.42188367,772428.378224,5424669.37456,09278
09278,2017,30247.0,25.0,3487.0,10.0,0.08046466,1.9891,0.024182001,7.433059,0.17974624,772428.378224,5424669.37456,09278
09278,2018,30247.0,25.0,3487.0,10.0,0.08046466,2.0242848,0.04882428,7.6992455,0.3759101,772428.378224,5424669.37456,09278
09278,2019,30247.0,25.0,3487.0,10.0,0.08046466,2.1230154,0.053232778,8.498189,0.45238218,772428.378224,5424669.37456,09278
09278,2020,30247.0,25.0,3487.0,10.0,0.08046466,2.0824907,0.04761307,8.1606865,0.38855535,772428.378224,5424669.37456,09278
09278,2021,30247.0,25.0,3487.0,10.0,0.08046466,2.151779,0.039332516,8.746176,0.3440091,772428.378224,5424669.37456,09278
09278,2022,30247.0,25.0,3487.0,10.0,0.08046466,2.1645114,0.053309172,8.858249,0.4722259,772428.378224,5424669.37456,09278
09278,2023,30247.0,25.0,3487.0,10.0,0.08046466,2.2122219,0.034316823,9.291123,0.31884184,772428.378224,5424669.37456,09278
09278,2024,30247.0,25.0,3487.0,10.0,0.08046466,2.2585378,0.00067297387,9.73157,0.0065490925,772428.378224,5424669.37456,09278
09278,2025,30247.0,25.0,3487.0,10.0,0.08046466,2.286446,0.010508251,10.006987,0.10515594,772428.378224,5424669.37456,09278
09279,2007,20272.0,25.0,3772.0,10.0,-0.043137476,1.6198946,0.007334386,5.1394053,0.03769438,756410.042458,5391180.59828,09279
09279,2008,20272.0,25.0,3772.0,10.0,-0.043137476,1.6051065,0.018811125,5.063962,0.095258825,756410.042458,5391180.59828,09279
09279,2009,20272.0,25.0,3772.0,10.0,-0.043137476,1.588577,0.018459829,4.9809456,0.0919474,756410.042458,5391180.59828,09279
09279,2010,20272.0,25.0,3772.0,10.0,-0.043137476,1.6135219,0.008390843,5.1067576,0.042850003,756410.042458,5391180.59828,09279
09279,2011,20272.0,25.0,3772.0,10.0,-0.043137476,1.5906981,0.002025465,4.9915214,0.010110152,756410.042458,5391180.59828,09279
09279,2012,20272.0,25.0,3772.0,10.0,-0.043137476,1.6727662,0.027362816,5.4184456,0.14826393,756410.042458,5391180.59828,09279
09279,2013,20272.0,25.0,3772.0,10.0,-0.043137476,1.7493559,0.054581627,5.8497477,0.31928876,756410.042458,5391180.59828,09279
09279,2014,20272.0,25.0,3772.0,10.0,-0.043137476,1.7618833,0.041063864,5.9234905,0.24324141,756410.042458,5391180.59828,09279
09279,2015,20272.0,25.0,3772.0,10.0,-0.043137476,1.8644594,0.06989557,6.563356,0.45874956,756410.042458,5391180.59828,09279
09279,2016,20272.0,25.0,3772.0,10.0,-0.043137476,1.8287686,0.10453158,6.3332357,0.6620231,756410.042458,5391180.59828,09279
09279,2017,20272.0,25.0,3772.0,10.0,-0.043137476,1.9556,0.006307428,7.1896515,0.04534821,756410.042458,5391180.59828,09279
09279,2018,20272.0,25.0,3772.0,10.0,-0.043137476,1.9468755,0.030134968,7.1271973,0.21477787,756410.042458,5391180.59828,09279
09279,2019,20272.0,25.0,3772.0,10.0,-0.043137476,1.9752731,0.017891912,7.3324947,0.13119236,756410.042458,5391180.59828,09279
09279,2020,20272.0,25.0,3772.0,10.0,-0.043137476,1.9992913,0.005237977,7.51074,0.039341085,756410.042458,5391180.59828,09279
09279,2021,20272.0,25.0,3772.0,10.0,-0.043137476,2.0790343,0.032276314,8.134197,0.2625419,756410.042458,5391180.59828,09279
09279,2022,20272.0,25.0,3772.0,10.0,-0.043137476,2.170366,0.002133827,8.912089,0.019016856,756410.042458,5391180.59828,09279
09279,2023,20272.0,25.0,3772.0,10.0,-0.043137476,2.2449987,0.025663977,9.602673,0.24644278,756410.042458,5391180.59828,09279
09279,2024,20272.0,25.0,3772.0,10.0,-0.043137476,2.3028286,0.016160354,10.174365,0.16442133,756410.042458,5391180.59828,09279
09279,2025,20272.0,25.0,3772.0,10.0,-0.043137476,2.302622,0.003281259,10.172263,0.03337783,756410.042458,5391180.59828,09279
09361,2007,11241.0,10.0,11241.0,10.0,0.0,1.6985276,0.018121205,5.5670633,0.1008819,706217.924596,5481476.75195,09361
09361,2008,11241.0,10.0,11241.0,10.0,0.0,1.6959183,0.01139743,5.5525565,0.063284874,706217.924596,5481476.75195,09361
09361,2009,11241.0,10.0,11241.0,10.0,0.0,1.7579551,0.0125348,5.9079285,0.0740547,706217.924596,5481476.75195,09361
09361,2010,11241.0,10.0,11241.0,10.0,0.0,1.7517563,0.03695675,5.8714194,0.21698858,706217.924596,5481476.75195,09361
09361,2011,11241.0,10.0,11241.0,10.0,0.0,1.7070404,0.014676743,5.614658,0.0824049,706217.924596,5481476.75195,09361
09361,2012,11241.0,10.0,11241.0,10.0,0.0,1.8116305,0.00068057125,6.2337036,0.0042424793,706217.924596,5481476.75195,09361
09361,2013,11241.0,10.0,11241.0,10.0,0.0,1.8256406,0.020469861,6.3216534,0.12940337,706217.924596,5481476.75195,09361
09361,2014,11241.0,10.0,11241.0,10.0,0.0,1.8776025,0.029702174,6.658822,0.19778149,706217.924596,5481476.75195,09361
09361,2015,11241.0,10.0,11241.0,10.0,0.0,1.9135869,0.02153544,6.9027987,0.1486548,706217.924596,5481476.75195,09361
09361,2016,11241.0,10.0,11241.0,10.0,0.0,1.9956973,0.008700007,7.493511,0.06519359,706217.924596,5481476.75195,09361
09361,2017,11241.0,10.0,11241.0,10.0,0.0,2.0069067,0.018722786,7.5779824,0.14188094,706217.924596,5481476.75195,09361
09361,2018,11241.0,10.0,11241.0,10.0,0.0,2.0633333,0.01371742,8.017875,0.109984554,706217.924596,5481476.75195,09361
09361,2019,11241.0,10.0,11241.0,10.0,0.0,2.078434,0.018877115,8.13987,0.15365726,706217.924596,5481476.75195,09361
09361,2020,11241.0,10.0,11241.0,10.0,0.0,2.1250072,0.017827598,8.527936,0.15203261,706217.924596,5481476.75195,09361
09361,2021,11241.0,10.0,11241.0,10.0,0.0,2.1770947,0.01570874,8.983907,0.14112586,706217.924596,5481476.75195,09361
09361,2022,11241.0,10.0,11241.0,10.0,0.0,2.207094,0.012674201,9.257502,0.11733143,706217.924596,5481476.75195,09361
09361,2023,11241.0,10.0,11241.0,10.0,0.0,2.3009799,0.00020841991,10.168757,0.0021193714,706217.924596,5481476.75195,09361
09361,2024,11241.0,10.0,11241.0,10.0,0.0,2.3426611,0.0029001255,10.6015625,0.03074586,706217.924596,5481476.75195,09361
09361,2025,11241.0,10.0,11241.0,10.0,0.0,2.3115277,0.019787574,10.276585,0.20334868,706217.924596,5481476.75195,09361
09362,2007,84373.0,10.0,84373.0,10.0,0.0,2.1104643,0.008783799,8.394351,0.07373429,727668.376008,5433573.44356,09362
09362,2008,84373.0,10.0,84373.0,10.0,0.0,2.1316226,0.009997576,8.573853,0.08571774,727668.376008,5433573.44356,09362
09362,2009,84373.0,10.0,84373.0,10.0,0.0,2.1211715,0.013912969,8.484714,0.11804756,727668.376008,5433573.44356,09362
09362,2010,84373.0,10.0,84373.0,10.0,0.0,2.1434538,0.009664686,8.675896,0.0838498,727668.376008,5433573.44356,09362
09362,2011,84373.0,10.0,84373.0,10.0,0.0,2.161256,0.008044605,8.831728,0.07104776,727668.376008,5433573.44356,09362
09362,2012,84373.0,10.0,84373.0,10.0,0.0,2.1631107,0.023266703,8.848123,0.20586666,727668.376008,5433573.44356,09362
09362,2013,84373.0,10.0,84373.0,10.0,0.0,2.123494,0.035258103,8.50444,0.29985043,727668.376008,5433573.44356,09362
09362,2014,84373.0,10.0,84373.0,10.0,0.0,2.2429283,0.014207151,9.583308,0.13615151,727668.376008,5433573.44356,09362
09362,2015,84373.0,10.0,84373.0,10.0,0.0,2.1751156,0.026585348,8.954983,0.23807132,727668.376008,5433573.44356,09362
09362,2016,84373.0,10.0,84373.0,10.0,0.0,2.1668537,0.011155635,8.881304,0.099076584,727668.376008,5433573.44356,09362
09362,2017,84373.0,10.0,84373.0,10.0,0.0,2.3291302,0.017441362,10.446059,0.18219349,727668.376008,5433573.44356,09362
09362,2018,84373.0,10.0,84373.0,10.0,0.0,2.4032156,0.0113605205,11.249349,0.12779845,727668.376008,5433573.44356,09362
09362,2019,84373.0,10.0,84373.0,10.0,0.0,2.4472156,0.0077706706,11.75537,0.091347106,727668.376008,5433573.44356,09362
09362,2020,84373.0,10.0,84373.0,10.0,0.0,2.458441,0.013076272,11.888073,0.15545167,727668.376008,5433573.44356,09362
09362,2021,84373.0,10.0,84373.0,10.0,0.0,2.4731913,0.009293657,12.064724,0.112125404,727668.376008,5433573.44356,09362
09362,2022,84373.0,10.0,84373.0,10.0,0.0,2.4934936,0.01586939,12.312169,0.19538662,727668.376008,5433573.44356,09362
09362,2023,84373.0,10.0,84373.0,10.0,0.0,2.5146825,0.013042887,12.575834,0.16402519,727668.376008,5433573.44356,09362
09362,2024,84373.0,10.0,84373.0,10.0,0.0,2.5350652,0.016105438,12.834795,0.20670998,727668.376008,5433573.44356,09362
09362,2025,84373.0,10.0,84373.0,10.0,0.0,2.6150846,0.0066905087,13.904037,0.09302508,727668.376008,5433573.44356,09362
09363,2007,14724.0,25.0,8352.0,10.0,-0.058695957,1.6078411,0.0082168,5.1251554,0.042112377,727604.902588,5506635.87792,09363
09363,2008,14724.0,25.0,8352.0,10.0,-0.058695957,1.6365858,9.254846e-05,5.274614,0.00048815735,727604.902588,5506635.87792,09363
09363,2009,14724.0,25.0,8352.0,10.0,-0.058695957,1.7077131,0.017028203,5.6634474,0.096438326,727604.902588,5506635.87792,09363
09363,2010,14724.0,25.0,8352.0,10.0,-0.058695957,1.7264503,0.017168287,5.770565,0.09907072,727604.902588,5506635.87792,09363
09363,2011,14724.0,25.0,8352.0,10.0,-0.058695957,1.7941587,0.004770541,6.1748114,0.029457193,727604.902588,5506635.87792,09363
09363,2012,14724.0,25.0,8352.0,10.0,-0.058695957,1.7611265,0.018359998,5.9741764,0.10968587,727604.902588,5506635.87792,09363
09363,2013,14724.0,25.0,8352.0,10.0,-0.058695957,1.8014399,0.0061498913,6.219936,0.03825193,727604.902588,5506635.87792,09363
09363,2014,14724.0,25.0,8352.0,10.0,-0.058695957,1.7769939,0.03489586,6.0697265,0.21180832,727604.902588,5506635.87792,09363
09363,2015,14724.0,25.0,8352.0,10.0,-0.058695957,1.7809486,0.025643561,6.0937786,0.15626618,727604.902588,5506635.87792,09363
09363,2016,14724.0,25.0,8352.0,10.0,-0.058695957,1.8422011,0.002908862,6.478706,0.01884566,727604.902588,5506635.87792,09363
09363,2017,14724.0,25.0,8352.0,10.0,-0.058695957,1.9058453,0.0113548525,6.904442,0.07839892,727604.902588,5506635.87792,09363
09363,2018,14724.0,25.0,8352.0,10.0,-0.058695957,1.9225147,0.013302441,7.020499,0.09338977,727604.902588,5506635.87792,09363
09363,2019,14724.0,25.0,8352.0,10.0,-0.058695957,1.9437681,0.024175279,7.171306,0.17336832,727604.902588,5506635.87792,09363
09363,2020,14724.0,25.0,8352.0,10.0,-0.058695957,1.9927369,0.056393765,7.531217,0.4247137,727604.902588,5506635.87792,09363
09363,2021,14724.0,25.0,8352.0,10.0,-0.058695957,1.9570905,0.059532356,7.2674837,0.43265045,727604.902588,5506635.87792,09363
09363,2022,14724.0,25.0,8352.0,10.0,-0.058695957,2.0354636,0.04180336,7.859973,0.32857326,727604.902588,5506635.87792,09363
09363,2023,14724.0,25.0,8352.0,10.0,-0.058695957,2.1368318,0.010333759,8.698506,0.08988827,727604.902588,5506635.87792,09363
09363,2024,14724.0,25.0,8352.0,10.0,-0.058695957,2.2284553,0.015221322,9.533149,0.14510712,727604.902588,5506635.87792,09363
09363,2025,14724.0,25.0,8352.0,10.0,-0.058695957,2.2666519,0.01668786,9.904325,0.16528198,727604.902588,5506635.87792,09363
09371,2007,11015.0,10.0,11015.0,10.0,0.0,1.8471425,0.10506881,6.4645805,0.6792258,700561.055943,5479992.90483,09371
09371,2008,11015.0,10.0,11015.0,10.0,0.0,1.6559012,0.045798574,5.339313,0.24453291,700561.055943,5479992.90483,09371
09371,2009,11015.0,10.0,11015.0,10.0,0.0,1.7846982,0.05460653,6.073251,0.33163917,700561.055943,5479992.90483,09371
09371,2010,11015.0,10.0,11015.0,10.0,0.0,1.8546844,0.083452605,6.5135207,0.5435702,700561.055943,5479992.90483,09371
09371,2011,11015.0,10.0,11015.0,10.0,0.0,1.7308935,0.12708324,5.7551165,0.73137885,700561.055943,5479992.90483,09371
09371,2012,11015.0,10.0,11015.0,10.0,0.0,1.5934098,0.14831154,5.0158634,0.74391043,700561.055943,5479992.90483,09371
09371,2013,11015.0,10.0,11015.0,10.0,0.0,1.807661,0.1762021,6.2143235,1.0949769,700561.055943,5479992.90483,09371
09371,2014,11015.0,10.0,11015.0,10.0,0.0,1.9130423,0.20693287,6.9049463,1.4288603,700561.055943,5479992.90483,09371
09371,2015,11015.0,10.0,11015.0,10.0,0.0,1.9413003,0.10787008,7.102849,0.76618487,700561.055943,5479992.90483,09371
09371,2016,11015.0,10.0,11015.0,10.0,0.0,1.8735832,0.07914242,6.637789,0.52533066,700561.055943,5479992.90483,09371
09371,2017,11015.0,10.0,11015.0,10.0,0.0,2.1234329,0.10112364,8.521809,0.8617563,700561.055943,5479992.90483,09371
09371,2018,11015.0,10.0,11015.0,10.0,0.0,1.927471,0.12551035,7.0052986,0.8792375,700561.055943,5479992.90483,09371
09371,2019,11015.0,10.0,11015.0,10.0,0.0,2.109601,0.18856557,8.404748,1.584846,700561.055943,5479992.90483,09371
09371,2020,11015.0,10.0,11015.0,10.0,0.0,2.0793731,0.068954445,8.154492,0.56228846,700561.055943,5479992.90483,09371
09371,2021,11015.0,10.0,11015.0,10.0,0.0,2.0917962,0.25669953,8.256427,2.1194208,700561.055943,5479992.90483,09371
09371,2022,11015.0,10.0,11015.0,10.0,0.0,2.1654222,0.12206128,8.887252,1.0847894,700561.055943,5479992.90483,09371
09371,2023,11015.0,10.0,11015.0,10.0,0.0,2.1958964,0.02555455,9.162253,0.23413727,700561.055943,5479992.90483,09371
09371,2024,11015.0,10.0,11015.0,10.0,0.0,2.3015332,0.049885742,10.183094,0.5079912,700561.055943,5479992.90483,09371
09371,2025,11015.0,10.0,11015.0,10.0,0.0,2.412545,0.058640167,11.378671,0.6672471,700561.055943,5479992.90483,09371
09372,2007,39275.0,50.0,3051.0,15.0,-0.1544748,1.4541403,0.061850503,4.3572917,0.26950067,777748.258268,5463934.48407,09372
09372,2008,39275.0,50.0,3051.0,15.0,-0.1544748,1.472711,0.028927121,4.438966,0.1284065,777748.258268,5463934.48407,09372
09372,2009,39275.0,50.0,3051.0,15.0,-0.1544748,1.4769168,0.01934095,4.4576745,0.08621565,777748.258268,5463934.48407,09372
09372,2010,39275.0,50.0,3051.0,15.0,-0.1544748,1.4047372,0.0061729364,4.1472588,0.025600765,777748.258268,5463934.48407,09372
09372,2011,39275.0,50.0,3051.0,15.0,-0.1544748,1.3577057,0.012770969,3.9567225,0.050531182,777748.258268,5463934.48407,09372
09372,2012,39275.0,50.0,3051.0,15.0,-0.1544748,1.440121,0.031506542,4.296632,0.135372,777748.258268,5463934.48407,09372
09372,2013,39275.0,50.0,3051.0,15.0,-0.1544748,1.5083195,0.028596647,4.5998783,0.13154109,777748.258268,5463934.48407,09372
09372,2014,39275.0,50.0,3051.0,15.0,-0.1544748,1.523419,0.04114932,4.6698613,0.1921616,777748.258268,5463934.48407,09372
09372,2015,39275.0,50.0,3051.0,15.0,-0.1544748,1.5326226,0.06566866,4.713039,0.30949894,777748.258268,5463934.48407,09372
09372,2016,39275.0,50.0,3051.0,15.0,-0.1544748,1.6627272,0.03335619,5.3679047,0.17905284,777748.258268,5463934.48407,09372
09372,2017,39275.0,50.0,3051.0,15.0,-0.1544748,1.7267418,0.010504879,5.7227654,0.060116958,777748.258268,5463934.48407,09372
09372,2018,39275.0,50.0,3051.0,15.0,-0.1544748,1.7394361,0.017067108,5.7958755,0.09891884,777748.258268,5463934.48407,09372
09372,2019,39275.0,50.0,3051.0,15.0,-0.1544748,1.7883378,0.0023987358,6.0863476,0.014599539,777748.258268,5463934.48407,09372
09372,2020,39275.0,50.0,3051.0,15.0,-0.1544748,1.7520066,0.008376841,5.869192,0.04916529,777748.258268,5463934.48407,09372
09372,2021,39275.0,50.0,3051.0,15.0,-0.1544748,1.7585618,0.050935604,5.907792,0.30091697,777748.258268,5463934.48407,09372
09372,2022,39275.0,50.0,3051.0,15.0,-0.1544748,1.9532367,0.04531844,7.177471,0.3252718,777748.258268,5463934.48407,09372
09372,2023,39275.0,50.0,3051.0,15.0,-0.1544748,1.9717293,0.029384505,7.311435,0.21484292,777748.258268,5463934.48407,09372
09372,2024,39275.0,50.0,3051.0,15.0,-0.1544748,2.0149357,0.045702804,7.63426,0.3489071,777748.258268,5463934.48407,09372
09372,2025,39275.0,50.0,3051.0,15.0,-0.1544748,2.0530221,0.049921192,7.9306297,0.39590648,777748.258268,5463934.48407,09372
09373,2007,18424.0,25.0,1446.0,10.0,0.008383435,1.586375,0.040088296,4.9670863,0.19912201,679994.424892,5443509.39207,09373
09373,2008,18424.0,25.0,1446.0,10.0,0.008383435,1.6563745,0.016683452,5.3272376,0.08887671,679994.424892,5443509.39207,09373
09373,2009,18424.0,25.0,1446.0,10.0,0.008383435,1.5915052,0.0032883375,4.992634,0.016417464,679994.424892,5443509.39207,09373
09373,2010,18424.0,25.0,1446.0,10.0,0.008383435,1.6415713,0.04192792,5.248958,0.22007789,679994.424892,5443509.39207,09373
09373,2011,18424.0,25.0,1446.0,10.0,0.008383435,1.6217384,0.12821922,5.1458817,0.65980095,679994.424892,5443509.39207,09373
09373,2012,18424.0,25.0,1446.0,10.0,0.008383435,1.7552651,0.07684158,5.88098,0.4519038,679994.424892,5443509.39207,09373
09373,2013,18424.0,25.0,1446.0,10.0,0.008383435,1.775532,0.048582107,6.0013857,0.29155996,679994.424892,5443509.39207,09373
09373,2014,18424.0,25.0,1446.0,10.0,0.008383435,1.8287848,0.077413835,6.3296385,0.4900016,679994.424892,5443509.39207,09373
09373,2015,18424.0,25.0,1446.0,10.0,0.008383435,1.882938,0.017523043,6.6818595,0.117086515,679994.424892,5443509.39207,09373
09373,2016,18424.0,25.0,1446.0,10.0,0.008383435,1.9837561,0.04354946,7.3906407,0.3218584,679994.424892,5443509.39207,09373
09373,2017,18424.0,25.0,1446.0,10.0,0.008383435,1.9811556,0.026370924,7.3714466,0.19439186,679994.424892,5443509.39207,09373
09373,2018,18424.0,25.0,1446.0,10.0,0.008383435,2.0631676,0.0050567877,8.001476,0.040461764,679994.424892,5443509.39207,09373
09373,2019,18424.0,25.0,1446.0,10.0,0.008383435,2.0139022,0.034128122,7.616832,0.25994816,679994.424892,5443509.39207,09373
09373,2020,18424.0,25.0,1446.0,10.0,0.008383435,2.175833,0.001593266,8.955709,0.014268827,679994.424892,5443509.39207,09373
09373,2021,18424.0,25.0,1446.0,10.0,0.008383435,2.1142638,0.04140759,8.420945,0.34869102,679994.424892,5443509.39207,09373
09373,2022,18424.0,25.0,1446.0,10.0,0.008383435,2.23327,0.036466494,9.485158,0.34589043,679994.424892,5443509.39207,09373
09373,2023,18424.0,25.0,1446.0,10.0,0.008383435,2.3251882,0.0107483,10.398342,0.111764506,679994.424892,5443509.39207,09373
09373,2024,18424.0,25.0,1446.0,10.0,0.008383435,2.2653935,0.009873407,9.794802,0.09670807,679994.424892,5443509.39207,09373
09373,2025,18424.0,25.0,1446.0,10.0,0.008383435,2.3640935,0.0052296338,10.810868,0.05653688,679994.424892,5443509.39207,09373
09374,2007,14553.0,25.0,8093.0,10.0,-0.08654511,1.6050074,0.018065829,5.113031,0.092371136,725283.586672,5512609.93066,09374
09374,2008,14553.0,25.0,8093.0,10.0,-0.08654511,1.6317701,0.03632225,5.251717,0.19075419,725283.586672,5512609.93066,09374
09374,2009,14553.0,25.0,8093.0,10.0,-0.08654511,1.668021,0.011283571,5.445589,0.06144569,725283.586672,5512609.93066,09374
09374,2010,14553.0,25.0,8093.0,10.0,-0.08654511,1.73314,0.083638124,5.812001,0.4861049,725283.586672,5512609.93066,09374
09374,2011,14553.0,25.0,8093.0,10.0,-0.08654511,1.782205,0.024403736,6.104279,0.1489672,725283.586672,5512609.93066,09374
09374,2012,14553.0,25.0,8093.0,10.0,-0.08654511,1.7575965,0.0089918915,5.9558954,0.053554766,725283.586672,5512609.93066,09374
09374,2013,14553.0,25.0,8093.0,10.0,-0.08654511,1.7992382,0.019044157,6.209145,0.11824793,725283.586672,5512609.93066,09374
09374,2014,14553.0,25.0,8093.0,10.0,-0.08654511,1.7801071,0.013456871,6.0914865,0.08197235,725283.586672,5512609.93066,09374
09374,2015,14553.0,25.0,8093.0,10.0,-0.08654511,1.7794032,0.008201537,6.0871997,0.049924392,725283.586672,5512609.93066,09374
09374,2016,14553.0,25.0,8093.0,10.0,-0.08654511,1.8499777,0.012441239,6.532324,0.0812702,725283.586672,5512609.93066,09374
09374,2017,14553.0,25.0,8093.0,10.0,-0.08654511,1.9118189,0.0394292,6.9490423,0.27399516,725283.586672,5512609.93066,09374
09374,2018,14553.0,25.0,8093.0,10.0,-0.08654511,1.9114001,0.017735997,6.946133,0.1231966,725283.586672,5512609.93066,09374
09374,2019,14553.0,25.0,8093.0,10.0,-0.08654511,1.9581829,0.011826743,7.2788134,0.086084664,725283.586672,5512609.93066,09374
09374,2020,14553.0,25.0,8093.0,10.0,-0.08654511,2.0108354,0.012548222,7.6723304,0.0962741,725283.586672,5512609.93066,09374
09374,2021,14553.0,25.0,8093.0,10.0,-0.08654511,1.9831853,0.0068340125,7.4630957,0.05100289,725283.586672,5512609.93066,09374
09374,2022,14553.0,25.0,8093.0,10.0,-0.08654511,2.039403,6.458123e-05,7.8946705,0.0005098476,725283.586672,5512609.93066,09374
09374,2023,14553.0,25.0,8093.0,10.0,-0.08654511,2.1263142,0.013572079,8.611505,0.11687602,725283.586672,5512609.93066,09374
09374,2024,14553.0,25.0,8093.0,10.0,-0.08654511,2.21155,0.00050065626,9.377704,0.004695006,725283.586672,5512609.93066,09374
09374,2025,14553.0,25.0,8093.0,10.0,-0.08654511,2.2537336,0.0029471612,9.781753,0.028828401,725283.586672,5512609.93066,09374
09375,2007,11455.0,10.0,11455.0,10.0,0.0,1.7980571,0.0023417019,6.1164885,0.014322992,738988.164583,5432587.05584,09375
09375,2008,11455.0,10.0,11455.0,10.0,0.0,1.7721878,0.002302495,5.9602885,0.0137235345,738988.164583,5432587.05584,09375
09375,2009,11455.0,10.0,11455.0,10.0,0.0,1.7593794,0.0633885,5.8844333,0.37300536,738988.164583,5432587.05584,09375
09375,2010,11455.0,10.0,11455.0,10.0,0.0,1.7762166,0.036481377,5.9843497,0.21831731,738988.164583,5432587.05584,09375
09375,2011,11455.0,10.0,11455.0,10.0,0.0,1.7275922,0.023831964,5.7003255,0.13584995,738988.164583,5432587.05584,09375
09375,2012,11455.0,10.0,11455.0,10.0,0.0,1.9349248,0.06894179,7.0136337,0.48353243,738988.164583,5432587.05584,09375
09375,2013,11455.0,10.0,11455.0,10.0,0.0,1.9252949,0.014076861,6.9464164,0.09778373,738988.164583,5432587.05584,09375
09375,2014,11455.0,10.0,11455.0,10.0,0.0,2.0666373,0.07847368,8.001014,0.627869,738988.164583,5432587.05584,09375
09375,2015,11455.0,10.0,11455.0,10.0,0.0,2.0350597,0.012936023,7.752309,0.10028404,738988.164583,5432587.05584,09375
09375,2016,11455.0,10.0,11455.0,10.0,0.0,2.0293741,0.008170773,7.708359,0.06298325,738988.164583,5432587.05584,09375
09375,2017,11455.0,10.0,11455.0,10.0,0.0,2.138237,0.017831577,8.5948925,0.1532605,738988.164583,5432587.05584,09375
09375,2018,11455.0,10.0,11455.0,10.0,0.0,2.03223,0.021446617,7.7304034,0.16579099,738988.164583,5432587.05584,09375
09375,2019,11455.0,10.0,11455.0,10.0,0.0,2.162079,0.01888871,8.802275,0.16626361,738988.164583,5432587.05584,09375
09375,2020,11455.0,10.0,11455.0,10.0,0.0,2.1350896,0.06724859,8.567883,0.5761781,738988.164583,5432587.05584,09375
09375,2021,11455.0,10.0,11455.0,10.0,0.0,2.1553626,0.05885686,8.743353,0.5146063,738988.164583,5432587.05584,09375
09375,2022,11455.0,10.0,11455.0,10.0,0.0,2.225037,0.055296212,9.374266,0.5183614,738988.164583,5432587.05584,09375
09375,2023,11455.0,10.0,11455.0,10.0,0.0,2.1864946,0.03586288,9.019831,0.32347712,738988.164583,5432587.05584,09375
09375,2024,11455.0,10.0,11455.0,10.0,0.0,2.3298526,0.03776403,10.410174,0.39313018,738988.164583,5432587.05584,09375
09375,2025,11455.0,10.0,11455.0,10.0,0.0,2.376569,0.008987736,10.908038,0.09803857,738988.164583,5432587.05584,09375
09376,2007,15541.0,25.0,1314.0,10.0,-0.0012092125,1.4244118,0.0901919,4.2308884,0.38159186,738997.893159,5465514.85351,09376
09376,2008,15541.0,25.0,1314.0,10.0,-0.0012092125,1.5346609,0.00795672,4.724025,0.037587743,738997.893159,5465514.85351,09376
09376,2009,15541.0,25.0,1314.0,10.0,-0.0012092125,1.4802749,0.030830175,4.4739656,0.13793314,738997.893159,5465514.85351,09376
09376,2010,15541.0,25.0,1314.0,10.0,-0.0012092125,1.4133251,0.04867323,4.184241,0.20366053,738997.893159,5465514.85351,09376
09376,2011,15541.0,25.0,1314.0,10.0,-0.0012092125,1.3041197,0.00011296609,3.7513654,0.0004237771,738997.893159,5465514.85351,09376
09376,2012,15541.0,25.0,1314.0,10.0,-0.0012092125,1.3397409,0.06384785,3.887402,0.24820225,738997.893159,5465514.85351,09376
09376,2013,15541.0,25.0,1314.0,10.0,-0.0012092125,1.4843575,0.084514745,4.492268,0.3796629,738997.893159,5465514.85351,09376
09376,2014,15541.0,25.0,1314.0,10.0,-0.0012092125,1.7786945,0.033977848,6.0296845,0.20487571,738997.893159,5465514.85351,09376
09376,2015,15541.0,25.0,1314.0,10.0,-0.0012092125,1.737274,1.8757166e-05,5.785034,0.00010851085,738997.893159,5465514.85351,09376
09376,2016,15541.0,25.0,1314.0,10.0,-0.0012092125,1.7077373,0.044713613,5.6166615,0.25114122,738997.893159,5465514.85351,09376
09376,2017,15541.0,25.0,1314.0,10.0,-0.0012092125,1.8585016,0.06437365,6.5306187,0.42039979,738997.893159,5465514.85351,09376
09376,2018,15541.0,25.0,1314.0,10.0,-0.0012092125,1.8464156,0.011977087,6.452165,0.077278145,738997.893159,5465514.85351,09376
09376,2019,15541.0,25.0,1314.0,10.0,-0.0012092125,1.8943166,0.03896049,6.7687526,0.26371393,738997.893159,5465514.85351,09376
09376,2020,15541.0,25.0,1314.0,10.0,-0.0012092125,1.7990217,0.06419153,6.153506,0.3950029,738997.893159,5465514.85351,09376
09376,2021,15541.0,25.0,1314.0,10.0,-0.0012092125,1.8420347,0.14586355,6.423961,0.93702173,738997.893159,5465514.85351,09376
09376,2022,15541.0,25.0,1314.0,10.0,-0.0012092125,1.9852983,0.040564507,7.413469,0.3007237,738997.893159,5465514.85351,09376
09376,2023,15541.0,25.0,1314.0,10.0,-0.0012092125,2.0906537,0.03198042,8.237146,0.2634274,738997.893159,5465514.85351,09376
09376,2024,15541.0,25.0,1314.0,10.0,-0.0012092125,2.1623874,0.03730275,8.849736,0.3301195,738997.893159,5465514.85351,09376
09376,2025,15541.0,25.0,1314.0,10.0,-0.0012092125,2.2179525,0.0005832756,9.35539,0.005456771,738997.893159,5465514.85351,09376
09377,2007,10002.0,25.0,10002.0,25.0,0.0,1.2816432,0.15225045,3.6890938,0.5616662,745471.603896,5523068.45554,09377
09377,2008,10002.0,25.0,10002.0,25.0,0.0,1.5698841,0.21040927,4.9215417,1.035538,745471.603896,5523068.45554,09377
09377,2009,10002.0,25.0,10002.0,25.0,0.0,1.1545925,0.4765302,3.2489445,1.5482202,745471.603896,5523068.45554,09377
09377,2010,10002.0,25.0,10002.0,25.0,0.0,1.2854241,0.10985343,3.7030685,0.4067948,745471.603896,5523068.45554,09377
09377,2011,10002.0,25.0,10002.0,25.0,0.0,1.1784832,0.25856265,3.327499,0.860367,745471.603896,5523068.45554,09377
09377,2012,10002.0,25.0,10002.0,25.0,0.0,1.3241079,0.07754535,3.849124,0.29848167,745471.603896,5523068.45554,09377
09377,2013,10002.0,25.0,10002.0,25.0,0.0,1.3966542,0.26301977,4.138742,1.088571,745471.603896,5523068.45554,09377
09377,2014,10002.0,25.0,10002.0,25.0,0.0,1.4291018,0.090296,4.275237,0.3860368,745471.603896,5523068.45554,09377
09377,2015,10002.0,25.0,10002.0,25.0,0.0,1.3119638,0.08721771,3.8026624,0.33165953,745471.603896,5523068.45554,09377
09377,2016,10002.0,25.0,10002.0,25.0,0.0,1.4255348,0.06310216,4.2600145,0.26881614,745471.603896,5523068.45554,09377
09377,2017,10002.0,25.0,10002.0,25.0,0.0,1.4709473,0.32618448,4.4579315,1.4541081,745471.603896,5523068.45554,09377
09377,2018,10002.0,25.0,10002.0,25.0,0.0,1.4187833,0.29088148,4.2313495,1.2308213,745471.603896,5523068.45554,09377
09377,2019,10002.0,25.0,10002.0,25.0,0.0,1.4880726,0.16209266,4.534933,0.73507935,745471.603896,5523068.45554,09377
09377,2020,10002.0,25.0,10002.0,25.0,0.0,1.2740074,0.15734972,3.6610324,0.5760624,745471.603896,5523068.45554,09377
09377,2021,10002.0,25.0,10002.0,25.0,0.0,1.4804764,0.14659593,4.500615,0.65977186,745471.603896,5523068.45554,09377
09377,2022,10002.0,25.0,10002.0,25.0,0.0,1.6682837,0.15041861,5.4304466,0.81684023,745471.603896,5523068.45554,09377
09377,2023,10002.0,25.0,10002.0,25.0,0.0,1.8440487,0.12289758,6.47395,0.7956328,745471.603896,5523068.45554,09377
09377,2024,10002.0,25.0,10002.0,25.0,0.0,1.8665724,0.0985603,6.621422,0.6526093,745471.603896,5523068.45554,09377
09377,2025,10002.0,25.0,10002.0,25.0,0.0,1.7123102,0.068759955,5.6748714,0.3902039,745471.603896,5523068.45554,09377
09461,2007,24992.0,10.0,24992.0,10.0,0.0,1.8181677,4.4227658e-05,6.2768245,0.00027760924,636403.645167,5527822.2778,09461
09461,2008,24992.0,10.0,24992.0,10.0,0.0,1.8459654,0.010579993,6.453754,0.068280675,636403.645167,5527822.2778,09461
09461,2009,24992.0,10.0,24992.0,10.0,0.0,1.9115998,0.01687259,6.891552,0.116278335,636403.645167,5527822.2778,09461
09461,2010,24992.0,10.0,24992.0,10.0,0.0,1.9060446,0.017017197,6.8533745,0.116625234,636403.645167,5527822.2778,09461
09461,2011,24992.0,10.0,24992.0,10.0,0.0,1.9989748,0.005827429,7.5207915,0.043826874,636403.645167,5527822.2778,09461
09461,2012,24992.0,10.0,24992.0,10.0,0.0,2.0822554,0.009006328,8.173946,0.07361724,636403.645167,5527822.2778,09461
09461,2013,24992.0,10.0,24992.0,10.0,0.0,2.0537734,0.01315824,7.9444213,0.10453461,636403.645167,5527822.2778,09461
09461,2014,24992.0,10.0,24992.0,10.0,0.0,2.0974162,0.014775826,8.298816,0.12262186,636403.645167,5527822.2778,09461
09461,2015,24992.0,10.0,24992.0,10.0,0.0,2.1218038,0.011648474,8.503692,0.09905504,636403.645167,5527822.2778,09461
09461,2016,24992.0,10.0,24992.0,10.0,0.0,2.129565,0.019325854,8.569947,0.16562155,636403.645167,5527822.2778,09461
09461,2017,24992.0,10.0,24992.0,10.0,0.0,2.2024477,0.00092100236,9.217873,0.008489682,636403.645167,5527822.2778,09461
09461,2018,24992.0,10.0,24992.0,10.0,0.0,2.268006,0.00045316073,9.84243,0.004460203,636403.645167,5527822.2778,09461
09461,2019,24992.0,10.0,24992.0,10.0,0.0,2.3015542,0.002004952,10.178226,0.020406853,636403.645167,5527822.2778,09461
09461,2020,24992.0,10.0,24992.0,10.0,0.0,2.346945,0.005858138,10.650871,0.062394276,636403.645167,5527822.2778,09461
09461,2021,24992.0,10.0,24992.0,10.0,0.0,2.3403826,0.007987668,10.581204,0.08451915,636403.645167,5527822.2778,09461
09461,2022,24992.0,10.0,24992.0,10.0,0.0,2.3876376,0.0030658478,11.093221,0.034010123,636403.645167,5527822.2778,09461
09461,2023,24992.0,10.0,24992.0,10.0,0.0,2.4011042,0.00020912867,11.243621,0.0023513637,636403.645167,5527822.2778,09461
09461,2024,24992.0,10.0,24992.0,10.0,0.0,2.4684668,0.0015482067,12.02711,0.018620454,636403.645167,5527822.2778,09461
09461,2025,24992.0,10.0,24992.0,10.0,0.0,2.4994192,0.007871797,12.405202,0.097651236,636403.645167,5527822.2778,09461
09462,2007,25561.0,10.0,25561.0,10.0,0.0,1.7709932,0.0027333957,5.97581,0.016334254,685464.57255,5534910.89795,09462
09462,2008,25561.0,10.0,25561.0,10.0,0.0,1.7882414,0.0016409479,6.0797763,0.009976596,685464.57255,5534910.89795,09462
09462,2009,25561.0,10.0,25561.0,10.0,0.0,1.8320137,0.006271568,6.3518124,0.03983582,685464.57255,5534910.89795,09462
09462,2010,25561.0,10.0,25561.0,10.0,0.0,1.8530047,0.008031301,6.4865522,0.052095458,685464.57255,5534910.89795,09462
09462,2011,25561.0,10.0,25561.0,10.0,0.0,1.9120262,0.016943432,6.8809214,0.116586424,685464.57255,5534910.89795,09462
09462,2012,25561.0,10.0,25561.0,10.0,0.0,1.9505891,0.0040562283,7.1514525,0.029007927,685464.57255,5534910.89795,09462
09462,2013,25561.0,10.0,25561.0,10.0,0.0,2.0053616,0.002166982,7.554082,0.016369559,685464.57255,5534910.89795,09462
09462,2014,25561.0,10.0,25561.0,10.0,0.0,2.0954444,0.017095039,8.266167,0.14131044,685464.57255,5534910.89795,09462
09462,2015,25561.0,10.0,25561.0,10.0,0.0,2.046773,0.016250046,7.873474,0.12794432,685464.57255,5534910.89795,09462
09462,2016,25561.0,10.0,25561.0,10.0,0.0,2.0484598,0.0009547703,7.886766,0.00753005,685464.57255,5534910.89795,09462
09462,2017,25561.0,10.0,25561.0,10.0,0.0,2.119724,0.0015321296,8.469322,0.0129761,685464.57255,5534910.89795,09462
09462,2018,25561.0,10.0,25561.0,10.0,0.0,2.1720452,0.0030308566,8.924245,0.027048104,685464.57255,5534910.89795,09462
09462,2019,25561.0,10.0,25561.0,10.0,0.0,2.2201543,0.0025560928,9.364077,0.023935448,685464.57255,5534910.89795,09462
09462,2020,25561.0,10.0,25561.0,10.0,0.0,2.2667499,0.00052465376,9.810727,0.005147235,685464.57255,5534910.89795,09462
09462,2021,25561.0,10.0,25561.0,10.0,0.0,2.2761204,0.00092928536,9.9030905,0.009202797,685464.57255,5534910.89795,09462
09462,2022,25561.0,10.0,25561.0,10.0,0.0,2.3164296,0.0041155573,10.310431,0.04243317,685464.57255,5534910.89795,09462
09462,2023,25561.0,10.0,25561.0,10.0,0.0,2.3362405,0.0011374902,10.5167265,0.011962672,685464.57255,5534910.89795,09462
09462,2024,25561.0,10.0,25561.0,10.0,0.0,2.387258,0.001905321,11.067185,0.021086542,685464.57255,5534910.89795,09462
09462,2025,25561.0,10.0,25561.0,10.0,0.0,2.429273,0.00405146,11.542078,0.046762265,685464.57255,5534910.89795,09462
09463,2007,15504.0,10.0,15504.0,10.0,0.0,1.6741759,0.006499726,5.4128036,0.035181742,640009.867577,5569815.8603,09463
09463,2008,15504.0,10.0,15504.0,10.0,0.0,1.6450633,0.0046201996,5.257495,0.024290675,640009.867577,5569815.8603,09463
09463,2009,15504.0,10.0,15504.0,10.0,0.0,1.6862503,0.0057732575,5.4785566,0.03162912,640009.867577,5569815.8603,09463
09463,2010,15504.0,10.0,15504.0,10.0,0.0,1.7267267,0.0012495945,5.704858,0.007128759,640009.867577,5569815.8603,09463
09463,2011,15504.0,10.0,15504.0,10.0,0.0,1.7482353,0.006516703,5.828891,0.03798515,640009.867577,5569815.8603,09463
09463,2012,15504.0,10.0,15504.0,10.0,0.0,1.7921503,0.001835846,6.0905695,0.011181348,640009.867577,5569815.8603,09463
09463,2013,15504.0,10.0,15504.0,10.0,0.0,1.8664222,0.0026978257,6.5601506,0.01769814,640009.867577,5569815.8603,09463
09463,2014,15504.0,10.0,15504.0,10.0,0.0,1.8908042,0.002473922,6.7220664,0.016629867,640009.867577,5569815.8603,09463
09463,2015,15504.0,10.0,15504.0,10.0,0.0,1.910415,0.003461849,6.855192,0.02373164,640009.867577,5569815.8603,09463
09463,2016,15504.0,10.0,15504.0,10.0,0.0,1.9359232,0.005979975,7.0323052,0.04205301,640009.867577,5569815.8603,09463
09463,2017,15504.0,10.0,15504.0,10.0,0.0,1.9768888,0.0024245465,7.32637,0.017763125,640009.867577,5569815.8603,09463
09463,2018,15504.0,10.0,15504.0,10.0,0.0,2.0098825,0.0021320197,7.572125,0.01614392,640009.867577,5569815.8603,09463
09463,2019,15504.0,10.0,15504.0,10.0,0.0,2.0388997,0.0018782255,7.7950664,0.014640892,640009.867577,5569815.8603,09463
09463,2020,15504.0,10.0,15504.0,10.0,0.0,2.0838635,0.0011418979,8.153563,0.009310536,640009.867577,5569815.8603,09463
09463,2021,15504.0,10.0,15504.0,10.0,0.0,2.1243937,0.0046630227,8.490816,0.03959287,640009.867577,5569815.8603,09463
09463,2022,15504.0,10.0,15504.0,10.0,0.0,2.1264958,0.00066171546,8.508682,0.005630327,640009.867577,5569815.8603,09463
09463,2023,15504.0,10.0,15504.0,10.0,0.0,2.1921906,0.005027197,9.086431,0.04567927,640009.867577,5569815.8603,09463
09463,2024,15504.0,10.0,15504.0,10.0,0.0,2.2133589,0.0012783871,9.280823,0.011864484,640009.867577,5569815.8603,09463
09463,2025,15504.0,10.0,15504.0,10.0,0.0,2.244706,0.002651776,9.576356,0.025394352,640009.867577,5569815.8603,09463
09464,2007,12896.0,10.0,12896.0,10.0,0.0,1.3215055,0.0067654587,3.8206856,0.02584869,706279.984475,5577201.82588,09464
09464,2008,12896.0,10.0,12896.0,10.0,0.0,1.2840507,0.03470596,3.6802294,0.1277259,706279.984475,5577201.82588,09464
09464,2009,12896.0,10.0,12896.0,10.0,0.0,1.362869,0.017560437,3.9820364,0.0699263,706279.984475,5577201.82588,09464
09464,2010,12896.0,10.0,12896.0,10.0,0.0,1.355085,0.03524513,3.951161,0.13925919,706279.984475,5577201.82588,09464
09464,2011,12896.0,10.0,12896.0,10.0,0.0,1.3982259,0.0178896,4.1253476,0.073800825,706279.984475,5577201.82588,09464
09464,2012,12896.0,10.0,12896.0,10.0,0.0,1.4239361,0.0051904316,4.232786,0.021969989,706279.984475,5577201.82588,09464
09464,2013,12896.0,10.0,12896.0,10.0,0.0,1.482136,0.00065237243,4.4864435,0.0029268323,706279.984475,5577201.82588,09464
09464,2014,12896.0,10.0,12896.0,10.0,0.0,1.4492201,0.012648078,4.341172,0.054907482,706279.984475,5577201.82588,09464
09464,2015,12896.0,10.0,12896.0,10.0,0.0,1.5373263,0.010273326,4.741012,0.048705965,706279.984475,5577201.82588,09464
09464,2016,12896.0,10.0,12896.0,10.0,0.0,1.6183168,0.00929553,5.140967,0.047788013,706279.984475,5577201.82588,09464
09464,2017,12896.0,10.0,12896.0,10.0,0.0,1.7173964,0.0008167303,5.6764197,0.004636104,706279.984475,5577201.82588,09464
09464,2018,12896.0,10.0,12896.0,10.0,0.0,1.7781353,0.0030727014,6.0318856,0.018534184,706279.984475,5577201.82588,09464
09464,2019,12896.0,10.0,12896.0,10.0,0.0,1.7598826,0.0015719355,5.922786,0.009310238,706279.984475,5577201.82588,09464
09464,2020,12896.0,10.0,12896.0,10.0,0.0,1.8177454,0.0070976135,6.2756042,0.044541813,706279.984475,5577201.82588,09464
09464,2021,12896.0,10.0,12896.0,10.0,0.0,1.8195581,0.0057829777,6.286991,0.03635753,706279.984475,5577201.82588,09464
09464,2022,12896.0,10.0,12896.0,10.0,0.0,1.9056834,0.0024001517,6.85246,0.016446944,706279.984475,5577201.82588,09464
09464,2023,12896.0,10.0,12896.0,10.0,0.0,2.0094352,0.021470971,7.6016064,0.16321388,706279.984475,5577201.82588,09464
09464,2024,12896.0,10.0,12896.0,10.0,0.0,2.060581,0.008471122,8.000511,0.067773305,706279.984475,5577201.82588,09464
09464,2025,12896.0,10.0,12896.0,10.0,0.0,2.0366514,0.0069571384,7.8113346,0.054344535,706279.984475,5577201.82588,09464
09471,2007,86570.0,25.0,8428.0,10.0,0.057644524,1.5919479,0.04490254,5.0387135,0.22625105,644164.710266,5517751.41334,09471
09471,2008,86570.0,25.0,8428.0,10.0,0.057644524,1.6348902,0.039329696,5.2598004,0.20686635,644164.710266,5517751.41334,09471
09471,2009,86570.0,25.0,8428.0,10.0,0.057644524,1.6969078,0.015328908,5.5963273,0.08578559,644164.710266,5517751.41334,09471
09471,2010,86570.0,25.0,8428.0,10.0,0.057644524,1.6886476,0.012972373,5.5502915,0.07200045,644164.710266,5517751.41334,09471
09471,2011,86570.0,25.0,8428.0,10.0,0.057644524,1.7200075,0.0087689925,5.727106,0.05022095,644164.710266,5517751.41334,09471
09471,2012,86570.0,25.0,8428.0,10.0,0.057644524,1.801306,0.027459001,6.212161,0.17057973,644164.710266,5517751.41334,09471
09471,2013,86570.0,25.0,8428.0,10.0,0.057644524,1.7979807,0.007280887,6.191538,0.045079887,644164.710266,5517751.41334,09471
09471,2014,86570.0,25.0,8428.0,10.0,0.057644524,1.8095995,0.048768133,6.263896,0.3054785,644164.710266,5517751.41334,09471
09471,2015,86570.0,25.0,8428.0,10.0,0.057644524,1.8851659,0.0066746986,6.7555795,0.045091454,644164.710266,5517751.41334,09471
09471,2016,86570.0,25.0,8428.0,10.0,0.057644524,1.9426459,0.02610174,7.155267,0.18676493,644164.710266,5517751.41334,09471
09471,2017,86570.0,25.0,8428.0,10.0,0.057644524,1.9774089,0.0021829417,7.4083796,0.01617206,644164.710266,5517751.41334,09471
09471,2018,86570.0,25.0,8428.0,10.0,0.057644524,2.0710762,0.013089248,8.13584,0.10649203,644164.710266,5517751.41334,09471
09471,2019,86570.0,25.0,8428.0,10.0,0.057644524,2.1175592,0.038995378,8.522945,0.33235547,644164.710266,5517751.41334,09471
09471,2020,86570.0,25.0,8428.0,10.0,0.057644524,2.1219416,0.04139575,8.560378,0.35436326,644164.710266,5517751.41334,09471
09471,2021,86570.0,25.0,8428.0,10.0,0.057644524,2.1801367,0.036526654,9.073333,0.33141848,644164.710266,5517751.41334,09471
09471,2022,86570.0,25.0,8428.0,10.0,0.057644524,2.2310305,0.04539833,9.547061,0.4334206,644164.710266,5517751.41334,09471
09471,2023,86570.0,25.0,8428.0,10.0,0.057644524,2.2788184,0.050718933,10.014372,0.50791824,644164.710266,5517751.41334,09471
09471,2024,86570.0,25.0,8428.0,10.0,0.057644524,2.3845656,0.07596705,11.131382,0.8456183,644164.710266,5517751.41334,09471
09471,2025,86570.0,25.0,8428.0,10.0,0.057644524,2.386171,0.057444617,11.149268,0.64046544,644164.710266,5517751.41334,09471
09472,2007,33686.0,25.0,1391.0,10.0,0.20244403,1.4839296,0.15072545,4.5045342,0.678948,673970.709442,5523508.6407,09472
09472,2008,33686.0,25.0,1391.0,10.0,0.20244403,1.5340818,0.11971942,4.7362075,0.56701607,673970.709442,5523508.6407,09472
09472,2009,33686.0,25.0,1391.0,10.0,0.20244403,1.5762284,0.022901325,4.9400883,0.11313457,673970.709442,5523508.6407,09472
09472,2010,33686.0,25.0,1391.0,10.0,0.20244403,1.6041678,0.009827374,5.080058,0.04992363,673970.709442,5523508.6407,09472
09472,2011,33686.0,25.0,1391.0,10.0,0.20244403,1.6561816,0.033607963,5.3512836,0.17984575,673970.709442,5523508.6407,09472
09472,2012,33686.0,25.0,1391.0,10.0,0.20244403,1.6900063,0.032818917,5.535385,0.18166533,673970.709442,5523508.6407,09472
09472,2013,33686.0,25.0,1391.0,10.0,0.20244403,1.7593466,0.09078637,5.9328313,0.5386202,673970.709442,5523508.6407,09472
09472,2014,33686.0,25.0,1391.0,10.0,0.20244403,1.9453412,0.19607766,7.145595,1.4010916,673970.709442,5523508.6407,09472
09472,2015,33686.0,25.0,1391.0,10.0,0.20244403,1.8726009,0.06341614,6.644276,0.42135435,673970.709442,5523508.6407,09472
09472,2016,33686.0,25.0,1391.0,10.0,0.20244403,1.6707572,0.0434006,5.429853,0.23565888,673970.709442,5523508.6407,09472
09472,2017,33686.0,25.0,1391.0,10.0,0.20244403,1.8604252,0.025953384,6.5638685,0.1703546,673970.709442,5523508.6407,09472
09472,2018,33686.0,25.0,1391.0,10.0,0.20244403,1.9818435,0.098132856,7.4112444,0.7272866,673970.709442,5523508.6407,09472
09472,2019,33686.0,25.0,1391.0,10.0,0.20244403,1.6735172,0.09436996,5.4448605,0.51383126,673970.709442,5523508.6407,09472
09472,2020,33686.0,25.0,1391.0,10.0,0.20244403,1.7920593,0.007876722,6.130119,0.048285242,673970.709442,5523508.6407,09472
09472,2021,33686.0,25.0,1391.0,10.0,0.20244403,1.999591,0.06087786,7.54395,0.4592595,673970.709442,5523508.6407,09472
09472,2022,33686.0,25.0,1391.0,10.0,0.20244403,1.9410392,0.005998284,7.11492,0.042677313,673970.709442,5523508.6407,09472
09472,2023,33686.0,25.0,1391.0,10.0,0.20244403,2.0891771,0.017880144,8.25098,0.14752871,673970.709442,5523508.6407,09472
09472,2024,33686.0,25.0,1391.0,10.0,0.20244403,2.1461499,0.040473398,8.73471,0.35352334,673970.709442,5523508.6407,09472
09472,2025,33686.0,25.0,1391.0,10.0,0.20244403,2.1209157,0.12354097,8.517055,1.0522052,673970.709442,5523508.6407,09472
09473,2007,13957.0,10.0,13957.0,10.0,0.0,1.6058182,0.06971187,5.053127,0.35226294,637239.612001,5565201.19672,09473
09473,2008,13957.0,10.0,13957.0,10.0,0.0,1.6372085,0.07244782,5.2142615,0.37776187,637239.612001,5565201.19672,09473
09473,2009,13957.0,10.0,13957.0,10.0,0.0,1.622277,0.064314134,5.136984,0.33038068,637239.612001,5565201.19672,09473
09473,2010,13957.0,10.0,13957.0,10.0,0.0,1.7063125,0.048331365,5.5873303,0.27004328,637239.612001,5565201.19672,09473
09473,2011,13957.0,10.0,13957.0,10.0,0.0,1.7491175,0.055569313,5.831688,0.3240629,637239.612001,5565201.19672,09473
09473,2012,13957.0,10.0,13957.0,10.0,0.0,1.8072978,0.04727447,6.1810417,0.29220548,637239.612001,5565201.19672,09473
09473,2013,13957.0,10.0,13957.0,10.0,0.0,1.8691287,0.069278024,6.5752835,0.45552266,637239.612001,5565201.19672,09473
09473,2014,13957.0,10.0,13957.0,10.0,0.0,1.8623183,0.059509546,6.530656,0.38863635,637239.612001,5565201.19672,09473
09473,2015,13957.0,10.0,13957.0,10.0,0.0,1.8746078,0.07046256,6.6114097,0.46585688,637239.612001,5565201.19672,09473
09473,2016,13957.0,10.0,13957.0,10.0,0.0,1.9602023,0.090803936,7.202235,0.6539913,637239.612001,5565201.19672,09473
09473,2017,13957.0,10.0,13957.0,10.0,0.0,1.9092424,0.094148986,6.8444037,0.6443937,637239.612001,5565201.19672,09473
09473,2018,13957.0,10.0,13957.0,10.0,0.0,1.9703801,0.065238625,7.275912,0.47467047,637239.612001,5565201.19672,09473
09473,2019,13957.0,10.0,13957.0,10.0,0.0,1.9933739,0.077844135,7.445151,0.5795613,637239.612001,5565201.19672,09473
09473,2020,13957.0,10.0,13957.0,10.0,0.0,1.9966364,0.09087239,7.46948,0.6787695,637239.612001,5565201.19672,09473
09473,2021,13957.0,10.0,13957.0,10.0,0.0,2.070469,0.07225746,8.04184,0.5810829,637239.612001,5565201.19672,09473
09473,2022,13957.0,10.0,13957.0,10.0,0.0,2.092992,0.022447184,8.225023,0.18462862,637239.612001,5565201.19672,09473
09473,2023,13957.0,10.0,13957.0,10.0,0.0,2.1812556,0.070088126,8.983995,0.6296714,637239.612001,5565201.19672,09473
09473,2024,13957.0,10.0,13957.0,10.0,0.0,2.1646237,0.057193317,8.83581,0.5053493,637239.612001,5565201.19672,09473
09473,2025,13957.0,10.0,13957.0,10.0,0.0,2.179985,0.1263937,8.972589,1.1340787,637239.612001,5565201.19672,09473
09474,2007,10741.0,10.0,10741.0,10.0,0.0,1.6652808,0.11212629,5.3609505,0.6011035,650291.243217,5516828.84146,09474
09474,2008,10741.0,10.0,10741.0,10.0,0.0,1.5522318,0.12098005,4.787902,0.5792406,650291.243217,5516828.84146,09474
09474,2009,10741.0,10.0,10741.0,10.0,0.0,1.6673056,0.2529679,5.3718166,1.3588971,650291.243217,5516828.84146,09474
09474,2010,10741.0,10.0,10741.0,10.0,0.0,1.6520938,0.10709743,5.2907195,0.56662244,650291.243217,5516828.84146,09474
09474,2011,10741.0,10.0,10741.0,10.0,0.0,1.7489809,0.058384083,5.8289766,0.34031945,650291.243217,5516828.84146,09474
09474,2012,10741.0,10.0,10741.0,10.0,0.0,1.7399899,0.07614323,5.7768025,0.43986443,650291.243217,5516828.84146,09474
09474,2013,10741.0,10.0,10741.0,10.0,0.0,1.7266704,0.10873204,5.7003694,0.6198127,650291.243217,5516828.84146,09474
09474,2014,10741.0,10.0,10741.0,10.0,0.0,1.849656,0.074958906,6.4463654,0.48321253,650291.243217,5516828.84146,09474
09474,2015,10741.0,10.0,10741.0,10.0,0.0,1.8577256,0.23950867,6.498595,1.55647,650291.243217,5516828.84146,09474
09474,2016,10741.0,10.0,10741.0,10.0,0.0,1.8568815,0.054249175,6.493112,0.352246,650291.243217,5516828.84146,09474
09474,2017,10741.0,10.0,10741.0,10.0,0.0,1.7982845,0.112816505,6.1235685,0.69083965,650291.243217,5516828.84146,09474
09474,2018,10741.0,10.0,10741.0,10.0,0.0,1.86403,0.058527265,6.539695,0.38275042,650291.243217,5516828.84146,09474
09474,2019,10741.0,10.0,10741.0,10.0,0.0,1.772154,0.057351895,5.965629,0.34214014,650291.243217,5516828.84146,09474
09474,2020,10741.0,10.0,10741.0,10.0,0.0,2.070777,0.023061402,8.0416765,0.18545233,650291.243217,5516828.84146,09474
09474,2021,10741.0,10.0,10741.0,10.0,0.0,1.9572855,0.118507795,7.1788993,0.8507555,650291.243217,5516828.84146,09474
09474,2022,10741.0,10.0,10741.0,10.0,0.0,2.0862987,0.10048068,8.167471,0.8206731,650291.243217,5516828.84146,09474
09474,2023,10741.0,10.0,10741.0,10.0,0.0,2.2429216,0.072138846,9.552301,0.689092,650291.243217,5516828.84146,09474
09474,2024,10741.0,10.0,10741.0,10.0,0.0,2.1716273,0.0419198,8.894987,0.37287608,650291.243217,5516828.84146,09474
09474,2025,10741.0,10.0,10741.0,10.0,0.0,2.149656,0.02528402,8.701684,0.22001356,650291.243217,5516828.84146,09474
09475,2007,19260.0,25.0,2095.0,10.0,-0.036565125,1.4034934,0.067304276,4.15823,0.27986667,687517.554332,5581748.80152,09475
09475,2008,19260.0,25.0,2095.0,10.0,-0.036565125,1.4315705,0.113810614,4.276636,0.48672655,687517.554332,5581748.80152,09475
09475,2009,19260.0,25.0,2095.0,10.0,-0.036565125,1.4287754,0.018622626,4.2646985,0.07941988,687517.554332,5581748.80152,09475
09475,2010,19260.0,25.0,2095.0,10.0,-0.036565125,1.4507949,0.06105762,4.3596473,0.26618966,687517.554332,5581748.80152,09475
09475,2011,19260.0,25.0,2095.0,10.0,-0.036565125,1.47579,0.025185091,4.4699903,0.1125771,687517.554332,5581748.80152,09475
09475,2012,19260.0,25.0,2095.0,10.0,-0.036565125,1.3664201,0.0696818,4.0068936,0.27920753,687517.554332,5581748.80152,09475
09475,2013,19260.0,25.0,2095.0,10.0,-0.036565125,1.431289,0.034907263,4.2754316,0.14924361,687517.554332,5581748.80152,09475
09475,2014,19260.0,25.0,2095.0,10.0,-0.036565125,1.4132627,0.04510985,4.1990523,0.18941861,687517.554332,5581748.80152,09475
09475,2015,19260.0,25.0,2095.0,10.0,-0.036565125,1.4179574,0.0073509845,4.218812,0.03101242,687517.554332,5581748.80152,09475
09475,2016,19260.0,25.0,2095.0,10.0,-0.036565125,1.4348536,0.0393763,4.290699,0.16895185,687517.554332,5581748.80152,09475
09475,2017,19260.0,25.0,2095.0,10.0,-0.036565125,1.5293965,0.055249732,4.7161493,0.260566,687517.554332,5581748.80152,09475
09475,2018,19260.0,25.0,2095.0,10.0,-0.036565125,1.5528291,0.04815243,4.8279657,0.23247829,687517.554332,5581748.80152,09475
09475,2019,19260.0,25.0,2095.0,10.0,-0.036565125,1.7063184,0.14139758,5.6289024,0.7959132,687517.554332,5581748.80152,09475
09475,2020,19260.0,25.0,2095.0,10.0,-0.036565125,1.651571,0.038169295,5.3290186,0.20340489,687517.554332,5581748.80152,09475
09475,2021,19260.0,25.0,2095.0,10.0,-0.036565125,1.4537518,0.14369757,4.3725567,0.62832576,687517.554332,5581748.80152,09475
09475,2022,19260.0,25.0,2095.0,10.0,-0.036565125,1.7451776,0.04476541,5.8519435,0.26196465,687517.554332,5581748.80152,09475
09475,2023,19260.0,25.0,2095.0,10.0,-0.036565125,1.7580256,0.05743659,5.9276137,0.3404619,687517.554332,5581748.80152,09475
09475,2024,19260.0,25.0,2095.0,10.0,-0.036565125,1.8463261,0.04473066,6.474829,0.28962338,687517.554332,5581748.80152,09475
09475,2025,19260.0,25.0,2095.0,10.0,-0.036565125,1.8756343,0.08945283,6.6674027,0.5964181,687517.554332,5581748.80152,09475
09476,2007,17746.0,25.0,2353.0,10.0,-0.118711725,1.5386486,0.039878596,4.7515755,0.18948616,666472.978355,5568425.945,09476
09476,2008,17746.0,25.0,2353.0,10.0,-0.118711725,1.528692,0.055115093,4.7045,0.25928897,666472.978355,5568425.945,09476
09476,2009,17746.0,25.0,2353.0,10.0,-0.118711725,1.5589615,0.0229461,4.8490806,0.11126749,666472.978355,5568425.945,09476
09476,2010,17746.0,25.0,2353.0,10.0,-0.118711725,1.5678426,0.002715965,4.8923373,0.0132874185,666472.978355,5568425.945,09476
09476,2011,17746.0,25.0,2353.0,10.0,-0.118711725,1.5314337,0.026404642,4.717417,0.12456169,666472.978355,5568425.945,09476
09476,2012,17746.0,25.0,2353.0,10.0,-0.118711725,1.6772712,0.0064664925,5.4580894,0.035294693,666472.978355,5568425.945,09476
09476,2013,17746.0,25.0,2353.0,10.0,-0.118711725,1.6961534,0.015893925,5.562129,0.08840407,666472.978355,5568425.945,09476
09476,2014,17746.0,25.0,2353.0,10.0,-0.118711725,1.7233186,0.004435959,5.7152963,0.025352819,666472.978355,5568425.945,09476
09476,2015,17746.0,25.0,2353.0,10.0,-0.118711725,1.7237867,0.012823447,5.7179728,0.07332412,666472.978355,5568425.945,09476
09476,2016,17746.0,25.0,2353.0,10.0,-0.118711725,1.7555318,0.010480243,5.902402,0.061858606,666472.978355,5568425.945,09476
09476,2017,17746.0,25.0,2353.0,10.0,-0.118711725,1.8012072,0.0010646384,6.1782484,0.0065776,666472.978355,5568425.945,09476
09476,2018,17746.0,25.0,2353.0,10.0,-0.118711725,1.7780236,0.011467795,6.0366616,0.0692272,666472.978355,5568425.945,09476
09476,2019,17746.0,25.0,2353.0,10.0,-0.118711725,1.9055598,0.059329696,6.857805,0.40687147,666472.978355,5568425.945,09476
09476,2020,17746.0,25.0,2353.0,10.0,-0.118711725,1.8748696,0.04825507,6.6505337,0.32092196,666472.978355,5568425.945,09476
09476,2021,17746.0,25.0,2353.0,10.0,-0.118711725,1.9372438,0.032780588,7.078566,0.23203957,666472.978355,5568425.945,09476
09476,2022,17746.0,25.0,2353.0,10.0,-0.118711725,1.99868,0.03475909,7.5270824,0.26163453,666472.978355,5568425.945,09476
09476,2023,17746.0,25.0,2353.0,10.0,-0.118711725,2.0245793,0.0345949,7.7245765,0.26723096,666472.978355,5568425.945,09476
09476,2024,17746.0,25.0,2353.0,10.0,-0.118711725,2.1387334,0.021218682,8.658669,0.18372555,666472.978355,5568425.945,09476
09476,2025,17746.0,25.0,2353.0,10.0,-0.118711725,2.1236734,0.0030908585,8.529247,0.026362695,666472.978355,5568425.945,09476
09477,2007,37349.0,25.0,3268.0,10.0,0.27009493,1.6897603,0.11628036,5.5351553,0.64362985,686792.922302,5548262.12531,09477
09477,2008,37349.0,25.0,3268.0,10.0,0.27009493,1.6494113,0.11497732,5.316263,0.6112497,686792.922302,5548262.12531,09477
09477,2009,37349.0,25.0,3268.0,10.0,0.27009493,1.6397692,0.0034933344,5.2652497,0.018393278,686792.922302,5548262.12531,09477
09477,2010,37349.0,25.0,3268.0,10.0,0.27009493,1.6255066,0.0042254245,5.1906867,0.021932855,686792.922302,5548262.12531,09477
09477,2011,37349.0,25.0,3268.0,10.0,0.27009493,1.7331297,0.02394127,5.7804937,0.13839236,686792.922302,5548262.12531,09477
09477,2012,37349.0,25.0,3268.0,10.0,0.27009493,1.655045,0.10085151,5.3462977,0.53918225,686792.922302,5548262.12531,09477
09477,2013,37349.0,25.0,3268.0,10.0,0.27009493,1.7083828,0.072194345,5.6391997,0.40711835,686792.922302,5548262.12531,09477
09477,2014,37349.0,25.0,3268.0,10.0,0.27009493,1.7828127,0.09712308,6.0749397,0.59001684,686792.922302,5548262.12531,09477
09477,2015,37349.0,25.0,3268.0,10.0,0.27009493,1.7867398,0.104495026,6.0988436,0.6372988,686792.922302,5548262.12531,09477
09477,2016,37349.0,25.0,3268.0,10.0,0.27009493,1.7670339,0.13791756,5.9798365,0.82472444,686792.922302,5548262.12531,09477
09477,2017,37349.0,25.0,3268.0,10.0,0.27009493,1.850335,0.0077000232,6.499299,0.050044756,686792.922302,5548262.12531,09477
09477,2018,37349.0,25.0,3268.0,10.0,0.27009493,2.011232,0.06294217,7.633841,0.4804905,686792.922302,5548262.12531,09477
09477,2019,37349.0,25.0,3268.0,10.0,0.27009493,1.8542956,0.0050342237,6.5250916,0.032848768,686792.922302,5548262.12531,09477
09477,2020,37349.0,25.0,3268.0,10.0,0.27009493,1.9921281,0.11966648,7.4893904,0.89622897,686792.922302,5548262.12531,09477
09477,2021,37349.0,25.0,3268.0,10.0,0.27009493,1.9862278,0.09001369,7.44533,0.67018163,686792.922302,5548262.12531,09477
09477,2022,37349.0,25.0,3268.0,10.0,0.27009493,2.1023781,0.004872284,8.362334,0.040743668,686792.922302,5548262.12531,09477
09477,2023,37349.0,25.0,3268.0,10.0,0.27009493,2.174204,0.05940779,8.985061,0.5337826,686792.922302,5548262.12531,09477
09477,2024,37349.0,25.0,3268.0,10.0,0.27009493,2.1520736,0.03862297,8.7884035,0.33943424,686792.922302,5548262.12531,09477
09477,2025,37349.0,25.0,3268.0,10.0,0.27009493,2.2430646,0.06669028,9.625579,0.6419325,686792.922302,5548262.12531,09477
09478,2007,19150.0,25.0,1197.0,10.0,0.05093131,1.3885764,0.0040418697,4.090177,0.016531963,659865.773466,5553953.14111,09478
09478,2008,19150.0,25.0,1197.0,10.0,0.05093131,1.3563472,0.04138916,3.9604557,0.16391994,659865.773466,5553953.14111,09478
09478,2009,19150.0,25.0,1197.0,10.0,0.05093131,1.3996954,0.0009794554,4.1359096,0.0040509393,659865.773466,5553953.14111,09478
09478,2010,19150.0,25.0,1197.0,10.0,0.05093131,1.4099884,0.043258518,4.1787004,0.18076438,659865.773466,5553953.14111,09478
09478,2011,19150.0,25.0,1197.0,10.0,0.05093131,1.4676871,0.008771993,4.4268975,0.038832717,659865.773466,5553953.14111,09478
09478,2012,19150.0,25.0,1197.0,10.0,0.05093131,1.4456829,0.05558564,4.330551,0.24071646,659865.773466,5553953.14111,09478
09478,2013,19150.0,25.0,1197.0,10.0,0.05093131,1.4935267,0.010676086,4.5427775,0.04849908,659865.773466,5553953.14111,09478
09478,2014,19150.0,25.0,1197.0,10.0,0.05093131,1.5279095,0.026798932,4.7016873,0.1260002,659865.773466,5553953.14111,09478
09478,2015,19150.0,25.0,1197.0,10.0,0.05093131,1.5605973,0.050166044,4.8579144,0.24370234,659865.773466,5553953.14111,09478
09478,2016,19150.0,25.0,1197.0,10.0,0.05093131,1.6076216,0.03292678,5.09181,0.16765691,659865.773466,5553953.14111,09478
09478,2017,19150.0,25.0,1197.0,10.0,0.05093131,1.6973991,0.0019184931,5.5700893,0.010686178,659865.773466,5553953.14111,09478
09478,2018,19150.0,25.0,1197.0,10.0,0.05093131,1.6427695,0.07271074,5.273959,0.38347346,659865.773466,5553953.14111,09478
09478,2019,19150.0,25.0,1197.0,10.0,0.05093131,1.6751586,0.059660107,5.4475746,0.3250029,659865.773466,5553953.14111,09478
09478,2020,19150.0,25.0,1197.0,10.0,0.05093131,1.8303415,0.00035765133,6.3620667,0.0022754017,659865.773466,5553953.14111,09478
09478,2021,19150.0,25.0,1197.0,10.0,0.05093131,1.9045497,0.08275068,6.852144,0.5670196,659865.773466,5553953.14111,09478
09478,2022,19150.0,25.0,1197.0,10.0,0.05093131,1.9536637,0.05240562,7.1970816,0.37716755,659865.773466,5553953.14111,09478
09478,2023,19150.0,25.0,1197.0,10.0,0.05093131,2.0179548,0.06197573,7.6749873,0.47566295,659865.773466,5553953.14111,09478
09478,2024,19150.0,25.0,1197.0,10.0,0.05093131,2.145911,0.091236606,8.722649,0.7958248,659865.773466,5553953.14111,09478
09478,2025,19150.0,25.0,1197.0,10.0,0.05093131,2.1157572,0.027424587,8.463553,0.23210946,659865.773466,5553953.14111,09478
09479,2007,10070.0,25.0,2615.0,10.0,-0.028634185,1.2510347,0.0674082,3.5649946,0.24030985,727744.847979,5548592.65844,09479
09479,2008,10070.0,25.0,2615.0,10.0,-0.028634185,1.3206843,0.029373415,3.8221462,0.11226949,727744.847979,5548592.65844,09479
09479,2009,10070.0,25.0,2615.0,10.0,-0.028634185,1.2726265,0.042399004,3.642806,0.15445136,727744.847979,5548592.65844,09479
09479,2010,10070.0,25.0,2615.0,10.0,-0.028634185,1.3072492,0.07750806,3.7711387,0.29229364,727744.847979,5548592.65844,09479
09479,2011,10070.0,25.0,2615.0,10.0,-0.028634185,1.2606457,0.060953766,3.599423,0.2193984,727744.847979,5548592.65844,09479
09479,2012,10070.0,25.0,2615.0,10.0,-0.028634185,1.3016106,0.06555098,3.7499344,0.24581188,727744.847979,5548592.65844,09479
09479,2013,10070.0,25.0,2615.0,10.0,-0.028634185,1.422214,0.02234059,4.2305913,0.0945139,727744.847979,5548592.65844,09479
09479,2014,10070.0,25.0,2615.0,10.0,-0.028634185,1.4497287,0.017715558,4.348611,0.07703807,727744.847979,5548592.65844,09479
09479,2015,10070.0,25.0,2615.0,10.0,-0.028634185,1.462234,0.015753731,4.403333,0.06936893,727744.847979,5548592.65844,09479
09479,2016,10070.0,25.0,2615.0,10.0,-0.028634185,1.4877236,0.0032689895,4.517015,0.014766075,727744.847979,5548592.65844,09479
09479,2017,10070.0,25.0,2615.0,10.0,-0.028634185,1.4327116,0.01014809,4.275236,0.043385483,727744.847979,5548592.65844,09479
09479,2018,10070.0,25.0,2615.0,10.0,-0.028634185,1.5013764,0.034109693,4.5791073,0.15619195,727744.847979,5548592.65844,09479
09479,2019,10070.0,25.0,2615.0,10.0,-0.028634185,1.6057675,0.034448218,5.0829678,0.17509918,727744.847979,5548592.65844,09479
09479,2020,10070.0,25.0,2615.0,10.0,-0.028634185,1.6177644,0.024664743,5.1443143,0.1268832,727744.847979,5548592.65844,09479
09479,2021,10070.0,25.0,2615.0,10.0,-0.028634185,1.5387093,0.005296194,4.75329,0.025174348,727744.847979,5548592.65844,09479
09479,2022,10070.0,25.0,2615.0,10.0,-0.028634185,1.68613,0.03950905,5.50831,0.2176281,727744.847979,5548592.65844,09479
09479,2023,10070.0,25.0,2615.0,10.0,-0.028634185,1.9122536,0.018161949,6.905936,0.12542526,727744.847979,5548592.65844,09479
09479,2024,10070.0,25.0,2615.0,10.0,-0.028634185,1.9868517,0.0262513,7.440808,0.19533087,727744.847979,5548592.65844,09479
09479,2025,10070.0,25.0,2615.0,10.0,-0.028634185,1.9550186,0.07254831,7.2076745,0.5229046,727744.847979,5548592.65844,09479
09561,2007,23407.0,25.0,9653.0,10.0,-0.017651424,1.6364063,0.0074737486,5.2214775,0.039024014,613696.943664,5461113.03473,09561
09561,2008,23407.0,25.0,9653.0,10.0,-0.017651424,1.5858499,0.006307196,4.964061,0.031309303,613696.943664,5461113.03473,09561
09561,2009,23407.0,25.0,9653.0,10.0,-0.017651424,1.6525695,0.0025929222,5.306559,0.013759495,613696.943664,5461113.03473,09561
09561,2010,23407.0,25.0,9653.0,10.0,-0.017651424,1.6832024,0.016655443,5.47163,0.091132425,613696.943664,5461113.03473,09561
09561,2011,23407.0,25.0,9653.0,10.0,-0.017651424,1.715514,0.017961094,5.6513143,0.10150378,613696.943664,5461113.03473,09561
09561,2012,23407.0,25.0,9653.0,10.0,-0.017651424,1.7332448,0.022145811,5.7524104,0.12739179,613696.943664,5461113.03473,09561
09561,2013,23407.0,25.0,9653.0,10.0,-0.017651424,1.8211175,0.014022412,6.280764,0.08807146,613696.943664,5461113.03473,09561
09561,2014,23407.0,25.0,9653.0,10.0,-0.017651424,1.8376698,0.020222116,6.3855906,0.12913015,613696.943664,5461113.03473,09561
09561,2015,23407.0,25.0,9653.0,10.0,-0.017651424,1.8428277,0.026100764,6.4186115,0.16753067,613696.943664,5461113.03473,09561
09561,2016,23407.0,25.0,9653.0,10.0,-0.017651424,1.9004314,0.014658833,6.799204,0.09966839,613696.943664,5461113.03473,09561
09561,2017,23407.0,25.0,9653.0,10.0,-0.017651424,1.9307768,0.03309457,7.008691,0.23194961,613696.943664,5461113.03473,09561
09561,2018,23407.0,25.0,9653.0,10.0,-0.017651424,1.9950166,0.029250236,7.473704,0.2186076,613696.943664,5461113.03473,09561
09561,2019,23407.0,25.0,9653.0,10.0,-0.017651424,2.065904,0.026433818,8.022723,0.21207123,613696.943664,5461113.03473,09561
09561,2020,23407.0,25.0,9653.0,10.0,-0.017651424,2.1028368,0.017366296,8.324568,0.1445669,613696.943664,5461113.03473,09561
09561,2021,23407.0,25.0,9653.0,10.0,-0.017651424,2.150774,0.035600483,8.733343,0.3109112,613696.943664,5461113.03473,09561
09561,2022,23407.0,25.0,9653.0,10.0,-0.017651424,2.1772048,0.0010697258,8.967249,0.009592498,613696.943664,5461113.03473,09561
09561,2023,23407.0,25.0,9653.0,10.0,-0.017651424,2.1942081,0.017267443,9.121026,0.15749681,613696.943664,5461113.03473,09561
09561,2024,23407.0,25.0,9653.0,10.0,-0.017651424,2.252079,0.026457297,9.664439,0.25569493,613696.943664,5461113.03473,09561
09561,2025,23407.0,25.0,9653.0,10.0,-0.017651424,2.2908018,0.021769041,10.046015,0.2186921,613696.943664,5461113.03473,09561
09562,2007,51507.0,10.0,51507.0,10.0,0.0,2.1091197,0.030876843,8.423632,0.26009515,642987.485393,5494074.25968,09562
09562,2008,51507.0,10.0,51507.0,10.0,0.0,2.09869,0.031539183,8.336233,0.26291797,642987.485393,5494074.25968,09562
09562,2009,51507.0,10.0,51507.0,10.0,0.0,2.0924666,0.035394106,8.284514,0.29322296,642987.485393,5494074.25968,09562
09562,2010,51507.0,10.0,51507.0,10.0,0.0,2.1009529,0.030955656,8.355118,0.25863814,642987.485393,5494074.25968,09562
09562,2011,51507.0,10.0,51507.0,10.0,0.0,2.1628947,0.022017844,8.889014,0.19571692,642987.485393,5494074.25968,09562
09562,2012,51507.0,10.0,51507.0,10.0,0.0,2.1717596,0.030418728,8.968164,0.27280015,642987.485393,5494074.25968,09562
09562,2013,51507.0,10.0,51507.0,10.0,0.0,2.1754596,0.0389376,9.001409,0.35049322,642987.485393,5494074.25968,09562
09562,2014,51507.0,10.0,51507.0,10.0,0.0,2.2570167,0.033175696,9.766302,0.32400388,642987.485393,5494074.25968,09562
09562,2015,51507.0,10.0,51507.0,10.0,0.0,2.2480092,0.033393063,9.678729,0.3232024,642987.485393,5494074.25968,09562
09562,2016,51507.0,10.0,51507.0,10.0,0.0,2.2414997,0.04361745,9.615931,0.4194224,642987.485393,5494074.25968,09562
09562,2017,51507.0,10.0,51507.0,10.0,0.0,2.3212707,0.024262603,10.414429,0.25268117,642987.485393,5494074.25968,09562
09562,2018,51507.0,10.0,51507.0,10.0,0.0,2.3958952,0.044787295,11.221333,0.50257313,642987.485393,5494074.25968,09562
09562,2019,51507.0,10.0,51507.0,10.0,0.0,2.4108536,0.04703602,11.390447,0.5357613,642987.485393,5494074.25968,09562
09562,2020,51507.0,10.0,51507.0,10.0,0.0,2.4346385,0.028459407,11.664615,0.331968,642987.485393,5494074.25968,09562
09562,2021,51507.0,10.0,51507.0,10.0,0.0,2.4314866,0.045140956,11.627906,0.5248948,642987.485393,5494074.25968,09562
09562,2022,51507.0,10.0,51507.0,10.0,0.0,2.4830465,0.03442472,12.243167,0.42146757,642987.485393,5494074.25968,09562
09562,2023,51507.0,10.0,51507.0,10.0,0.0,2.483407,0.0444063,12.2475815,0.54386973,642987.485393,5494074.25968,09562
09562,2024,51507.0,10.0,51507.0,10.0,0.0,2.5439808,0.02422914,13.012395,0.31527913,642987.485393,5494074.25968,09562
09562,2025,51507.0,10.0,51507.0,10.0,0.0,2.5820339,0.021584364,13.517096,0.2917579,642987.485393,5494074.25968,09562
09563,2007,168995.0,10.0,168995.0,10.0,0.0,1.8429854,0.026500532,6.470711,0.17147729,642337.151956,5483941.45067,09563
09563,2008,168995.0,10.0,168995.0,10.0,0.0,1.8504975,0.028207317,6.5195026,0.18389769,642337.151956,5483941.45067,09563
09563,2009,168995.0,10.0,168995.0,10.0,0.0,1.8641008,0.018258493,6.6087956,0.120666645,642337.151956,5483941.45067,09563
09563,2010,168995.0,10.0,168995.0,10.0,0.0,1.8708454,0.010217561,6.65352,0.06798275,642337.151956,5483941.45067,09563
09563,2011,168995.0,10.0,168995.0,10.0,0.0,1.9248812,0.012842034,7.0229397,0.09018883,642337.151956,5483941.45067,09563
09563,2012,168995.0,10.0,168995.0,10.0,0.0,1.9849958,0.0067039486,7.4580684,0.049998507,642337.151956,5483941.45067,09563
09563,2013,168995.0,10.0,168995.0,10.0,0.0,2.051296,0.023970973,7.9693,0.19103187,642337.151956,5483941.45067,09563
09563,2014,168995.0,10.0,168995.0,10.0,0.0,2.038005,0.0068173087,7.8640804,0.053611863,642337.151956,5483941.45067,09563
09563,2015,168995.0,10.0,168995.0,10.0,0.0,2.0680122,0.0126037495,8.103636,0.102136195,642337.151956,5483941.45067,09563
09563,2016,168995.0,10.0,168995.0,10.0,0.0,2.0726552,0.023345746,8.141348,0.19006583,642337.151956,5483941.45067,09563
09563,2017,168995.0,10.0,168995.0,10.0,0.0,2.1630664,0.007977429,8.911717,0.07109259,642337.151956,5483941.45067,09563
09563,2018,168995.0,10.0,168995.0,10.0,0.0,2.198148,0.0060235313,9.229903,0.05559661,642337.151956,5483941.45067,09563
09563,2019,168995.0,10.0,168995.0,10.0,0.0,2.2473094,0.0007318116,9.694998,0.0070949118,642337.151956,5483941.45067,09563
09563,2020,168995.0,10.0,168995.0,10.0,0.0,2.2536716,0.004222842,9.756875,0.04120174,642337.151956,5483941.45067,09563
09563,2021,168995.0,10.0,168995.0,10.0,0.0,2.211118,0.009177103,9.350395,0.085809544,642337.151956,5483941.45067,09563
09563,2022,168995.0,10.0,168995.0,10.0,0.0,2.281669,0.017023988,10.0339,0.170817,642337.151956,5483941.45067,09563
09563,2023,168995.0,10.0,168995.0,10.0,0.0,2.318682,0.03527516,10.412246,0.3672937,642337.151956,5483941.45067,09563
09563,2024,168995.0,10.0,168995.0,10.0,0.0,2.3331823,0.026491325,10.564326,0.27986303,642337.151956,5483941.45067,09563
09563,2025,168995.0,10.0,168995.0,10.0,0.0,2.495662,0.030245079,12.428132,0.37588984,642337.151956,5483941.45067,09563
09564,2007,232642.0,10.0,232642.0,10.0,0.0,1.8646309,0.017882276,6.6040316,0.11809512,650995.340471,5478031.24829,09564
09564,2008,232642.0,10.0,232642.0,10.0,0.0,1.879694,0.016154947,6.7042613,0.10830698,650995.340471,5478031.24829,09564
09564,2009,232642.0,10.0,232642.0,10.0,0.0,1.9124638,0.013323071,6.927598,0.09229688,650995.340471,5478031.24829,09564
09564,2010,232642.0,10.0,232642.0,10.0,0.0,1.9217252,0.016218357,6.992055,0.11339964,650995.340471,5478031.24829,09564
09564,2011,232642.0,10.0,232642.0,10.0,0.0,1.942411,0.014961374,7.138198,0.10679725,650995.340471,5478031.24829,09564
09564,2012,232642.0,10.0,232642.0,10.0,0.0,1.9715513,0.016491946,7.349267,0.12120371,650995.340471,5478031.24829,09564
09564,2013,232642.0,10.0,232642.0,10.0,0.0,1.988529,0.015519198,7.475106,0.11600765,650995.340471,5478031.24829,09564
09564,2014,232642.0,10.0,232642.0,10.0,0.0,2.0876007,0.025308164,8.253605,0.20888358,650995.340471,5478031.24829,09564
09564,2015,232642.0,10.0,232642.0,10.0,0.0,2.1293035,0.024771176,8.605081,0.21315797,650995.340471,5478031.24829,09564
09564,2016,232642.0,10.0,232642.0,10.0,0.0,2.1887658,0.016587334,9.1322775,0.15148014,650995.340471,5478031.24829,09564
09564,2017,232642.0,10.0,232642.0,10.0,0.0,2.2653902,0.020725824,9.85954,0.20434707,650995.340471,5478031.24829,09564
09564,2018,232642.0,10.0,232642.0,10.0,0.0,2.3142369,0.020809118,10.353103,0.21543895,650995.340471,5478031.24829,09564
09564,2019,232642.0,10.0,232642.0,10.0,0.0,2.3666997,0.00570633,10.910755,0.062260367,650995.340471,5478031.24829,09564
09564,2020,232642.0,10.0,232642.0,10.0,0.0,2.4039502,0.006402454,11.324852,0.072506845,650995.340471,5478031.24829,09564
09564,2021,232642.0,10.0,232642.0,10.0,0.0,2.3884232,0.003474818,11.15037,0.038745504,650995.340471,5478031.24829,09564
09564,2022,232642.0,10.0,232642.0,10.0,0.0,2.415966,0.0008260042,11.461749,0.009467453,650995.340471,5478031.24829,09564
09564,2023,232642.0,10.0,232642.0,10.0,0.0,2.4358873,0.0117477495,11.69237,0.13735904,650995.340471,5478031.24829,09564
09564,2024,232642.0,10.0,232642.0,10.0,0.0,2.4997263,0.007895217,12.463141,0.098399214,650995.340471,5478031.24829,09564
09564,2025,232642.0,10.0,232642.0,10.0,0.0,2.5387352,0.014812964,12.958922,0.19196005,650995.340471,5478031.24829,09564
09565,2007,29948.0,10.0,29948.0,10.0,0.0,1.8368325,0.03273794,6.384407,0.20901234,647010.715462,5466730.53892,09565
09565,2008,29948.0,10.0,29948.0,10.0,0.0,1.8153318,0.016996572,6.2486033,0.10620484,647010.715462,5466730.53892,09565
09565,2009,29948.0,10.0,29948.0,10.0,0.0,1.8007928,0.008359176,6.158412,0.05147925,647010.715462,5466730.53892,09565
09565,2010,29948.0,10.0,29948.0,10.0,0.0,1.8170857,0.0021077506,6.259572,0.013193618,647010.715462,5466730.53892,09565
09565,2011,29948.0,10.0,29948.0,10.0,0.0,1.8599958,0.020174464,6.534017,0.13182029,647010.715462,5466730.53892,09565
09565,2012,29948.0,10.0,29948.0,10.0,0.0,1.9086695,0.006892672,6.8599186,0.04728317,647010.715462,5466730.53892,09565
09565,2013,29948.0,10.0,29948.0,10.0,0.0,1.9275391,0.00076991535,6.990592,0.005382164,647010.715462,5466730.53892,09565
09565,2014,29948.0,10.0,29948.0,10.0,0.0,1.9734775,0.040255435,7.3192186,0.2946383,647010.715462,5466730.53892,09565
09565,2015,29948.0,10.0,29948.0,10.0,0.0,2.01771,0.0026266172,7.650232,0.02009423,647010.715462,5466730.53892,09565
09565,2016,29948.0,10.0,29948.0,10.0,0.0,2.0471418,0.010517294,7.8787384,0.082863,647010.715462,5466730.53892,09565
09565,2017,29948.0,10.0,29948.0,10.0,0.0,2.1053948,0.024513008,8.351331,0.20471622,647010.715462,5466730.53892,09565
09565,2018,29948.0,10.0,29948.0,10.0,0.0,2.1269784,0.019971637,8.533543,0.17042881,647010.715462,5466730.53892,09565
09565,2019,29948.0,10.0,29948.0,10.0,0.0,2.1288655,0.00470546,8.54966,0.04023008,647010.715462,5466730.53892,09565
09565,2020,29948.0,10.0,29948.0,10.0,0.0,2.210126,0.012149321,9.273418,0.112665735,647010.715462,5466730.53892,09565
09565,2021,29948.0,10.0,29948.0,10.0,0.0,2.281738,0.008603945,9.961864,0.08571134,647010.715462,5466730.53892,09565
09565,2022,29948.0,10.0,29948.0,10.0,0.0,2.285594,0.0006218769,10.00035,0.006218986,647010.715462,5466730.53892,09565
09565,2023,29948.0,10.0,29948.0,10.0,0.0,2.3585706,0.010091092,10.757431,0.10855423,647010.715462,5466730.53892,09565
09565,2024,29948.0,10.0,29948.0,10.0,0.0,2.3797858,0.0048366245,10.988088,0.053145256,647010.715462,5466730.53892,09565
09565,2025,29948.0,10.0,29948.0,10.0,0.0,2.4207525,0.020030025,11.447582,0.22929534,647010.715462,5466730.53892,09565
09571,2007,24156.0,25.0,1921.0,10.0,0.0042543528,1.4702002,0.0066923876,4.423449,0.029603435,617166.8041,5443705.657,09571
09571,2008,24156.0,25.0,1921.0,10.0,0.0042543528,1.5111583,0.10397167,4.608387,0.47914165,617166.8041,5443705.657,09571
09571,2009,24156.0,25.0,1921.0,10.0,0.0042543528,1.3790554,0.14124927,4.038102,0.570379,617166.8041,5443705.657,09571
09571,2010,24156.0,25.0,1921.0,10.0,0.0042543528,1.5179253,0.02447824,4.639677,0.11357113,617166.8041,5443705.657,09571
09571,2011,24156.0,25.0,1921.0,10.0,0.0042543528,1.5814642,0.029439025,4.944044,0.14554784,617166.8041,5443705.657,09571
09571,2012,24156.0,25.0,1921.0,10.0,0.0042543528,1.612711,0.066229284,5.100969,0.3378335,617166.8041,5443705.657,09571
09571,2013,24156.0,25.0,1921.0,10.0,0.0042543528,1.5835583,0.025008757,4.954409,0.12390361,617166.8041,5443705.657,09571
09571,2014,24156.0,25.0,1921.0,10.0,0.0042543528,1.6615752,0.06635355,5.356414,0.3554171,617166.8041,5443705.657,09571
09571,2015,24156.0,25.0,1921.0,10.0,0.0042543528,1.6541711,0.053645957,5.316901,0.28523025,617166.8041,5443705.657,09571
09571,2016,24156.0,25.0,1921.0,10.0,0.0042543528,1.7405105,0.010297793,5.796359,0.059689704,617166.8041,5443705.657,09571
09571,2017,24156.0,25.0,1921.0,10.0,0.0042543528,1.825014,0.060166124,6.307463,0.3794956,617166.8041,5443705.657,09571
09571,2018,24156.0,25.0,1921.0,10.0,0.0042543528,1.7691847,0.08009356,5.964971,0.47775578,617166.8041,5443705.657,09571
09571,2019,24156.0,25.0,1921.0,10.0,0.0042543528,1.8593912,0.057749484,6.528066,0.37699243,617166.8041,5443705.657,09571
09571,2020,24156.0,25.0,1921.0,10.0,0.0042543528,1.9805425,0.044238884,7.368853,0.32598984,617166.8041,5443705.657,09571
09571,2021,24156.0,25.0,1921.0,10.0,0.0042543528,2.045993,0.059393335,7.8672824,0.46726415,617166.8041,5443705.657,09571
09571,2022,24156.0,25.0,1921.0,10.0,0.0042543528,1.9932929,0.02352901,7.46341,0.17560665,617166.8041,5443705.657,09571
09571,2023,24156.0,25.0,1921.0,10.0,0.0042543528,2.1378274,0.03039796,8.623981,0.26215142,617166.8041,5443705.657,09571
09571,2024,24156.0,25.0,1921.0,10.0,0.0042543528,2.2279534,0.052881535,9.437327,0.49906036,617166.8041,5443705.657,09571
09571,2025,24156.0,25.0,1921.0,10.0,0.0042543528,2.2237148,0.0923855,9.397411,0.8681845,617166.8041,5443705.657,09571
09572,2007,104167.0,25.0,9570.0,10.0,0.112214655,1.8075551,0.008973571,6.252308,0.056105528,636961.294576,5508074.69041,09572
09572,2008,104167.0,25.0,9570.0,10.0,0.112214655,1.8081521,0.019441195,6.256041,0.12162492,636961.294576,5508074.69041,09572
09572,2009,104167.0,25.0,9570.0,10.0,0.112214655,1.832281,0.028825358,6.4088287,0.18473679,636961.294576,5508074.69041,09572
09572,2010,104167.0,25.0,9570.0,10.0,0.112214655,1.8595469,0.051476575,6.5859756,0.33902347,636961.294576,5508074.69041,09572
09572,2011,104167.0,25.0,9570.0,10.0,0.112214655,1.886613,0.035590045,6.766667,0.24082598,636961.294576,5508074.69041,09572
09572,2012,104167.0,25.0,9570.0,10.0,0.112214655,1.8939219,0.020821169,6.816304,0.14192343,636961.294576,5508074.69041,09572
09572,2013,104167.0,25.0,9570.0,10.0,0.112214655,1.9085741,0.03503844,6.9169135,0.24235786,636961.294576,5508074.69041,09572
09572,2014,104167.0,25.0,9570.0,10.0,0.112214655,1.9068611,0.03384747,6.9050746,0.23371929,636961.294576,5508074.69041,09572
09572,2015,104167.0,25.0,9570.0,10.0,0.112214655,1.9623336,0.023693044,7.29894,0.17293411,636961.294576,5508074.69041,09572
09572,2016,104167.0,25.0,9570.0,10.0,0.112214655,2.0375104,0.031766083,7.868804,0.24996108,636961.294576,5508074.69041,09572
09572,2017,104167.0,25.0,9570.0,10.0,0.112214655,2.0647032,0.017872602,8.085714,0.14451274,636961.294576,5508074.69041,09572
09572,2018,104167.0,25.0,9570.0,10.0,0.112214655,2.1529417,0.014745512,8.83161,0.13022661,636961.294576,5508074.69041,09572
09572,2019,104167.0,25.0,9570.0,10.0,0.112214655,2.2489455,0.0043902746,9.721512,0.042680103,636961.294576,5508074.69041,09572
09572,2020,104167.0,25.0,9570.0,10.0,0.112214655,2.1943326,0.036484264,9.204829,0.3358314,636961.294576,5508074.69041,09572
09572,2021,104167.0,25.0,9570.0,10.0,0.112214655,2.174073,0.0218158,9.020219,0.19678327,636961.294576,5508074.69041,09572
09572,2022,104167.0,25.0,9570.0,10.0,0.112214655,2.2313995,0.02361193,9.552426,0.22555122,636961.294576,5508074.69041,09572
09572,2023,104167.0,25.0,9570.0,10.0,0.112214655,2.2985134,0.02741391,10.215528,0.28004754,636961.294576,5508074.69041,09572
09572,2024,104167.0,25.0,9570.0,10.0,0.112214655,2.3735611,0.06712277,11.0116825,0.73913467,636961.294576,5508074.69041,09572
09572,2025,104167.0,25.0,9570.0,10.0,0.112214655,2.3509169,0.011515442,10.765131,0.12396525,636961.294576,5508074.69041,09572
09573,2007,18371.0,10.0,18371.0,10.0,0.0,1.8199787,0.058812834,6.274609,0.36902753,634375.654811,5476149.50455,09573
09573,2008,18371.0,10.0,18371.0,10.0,0.0,1.7198884,0.0034126844,5.676988,0.019373769,634375.654811,5476149.50455,09573
09573,2009,18371.0,10.0,18371.0,10.0,0.0,1.7394953,0.0029723125,5.7893944,0.01720789,634375.654811,5476149.50455,09573
09573,2010,18371.0,10.0,18371.0,10.0,0.0,1.6552587,0.016498482,5.321691,0.08779982,634375.654811,5476149.50455,09573
09573,2011,18371.0,10.0,18371.0,10.0,0.0,1.7081658,0.023217069,5.6108274,0.13026696,634375.654811,5476149.50455,09573
09573,2012,18371.0,10.0,18371.0,10.0,0.0,1.7363442,0.033130262,5.7711806,0.19120072,634375.654811,5476149.50455,09573
09573,2013,18371.0,10.0,18371.0,10.0,0.0,1.8264751,0.0009872041,6.315504,0.006234692,634375.654811,5476149.50455,09573
09573,2014,18371.0,10.0,18371.0,10.0,0.0,1.8638374,0.0041099745,6.555928,0.026944699,634375.654811,5476149.50455,09573
09573,2015,18371.0,10.0,18371.0,10.0,0.0,1.8688573,0.028803794,6.5889215,0.18978594,634375.654811,5476149.50455,09573
09573,2016,18371.0,10.0,18371.0,10.0,0.0,1.9601489,0.13310495,7.2187467,0.96085095,634375.654811,5476149.50455,09573
09573,2017,18371.0,10.0,18371.0,10.0,0.0,1.9800723,0.010993368,7.3640103,0.080955274,634375.654811,5476149.50455,09573
09573,2018,18371.0,10.0,18371.0,10.0,0.0,1.9789623,0.02271938,7.3558416,0.16712014,634375.654811,5476149.50455,09573
09573,2019,18371.0,10.0,18371.0,10.0,0.0,2.0418262,0.016702035,7.8331027,0.13082875,634375.654811,5476149.50455,09573
09573,2020,18371.0,10.0,18371.0,10.0,0.0,2.051017,0.057006735,7.9054265,0.45066255,634375.654811,5476149.50455,09573
09573,2021,18371.0,10.0,18371.0,10.0,0.0,2.0463138,0.0084142415,7.8683324,0.06620605,634375.654811,5476149.50455,09573
09573,2022,18371.0,10.0,18371.0,10.0,0.0,2.1725953,0.008697347,8.927423,0.077644885,634375.654811,5476149.50455,09573
09573,2023,18371.0,10.0,18371.0,10.0,0.0,2.189327,0.02728191,9.078051,0.24766657,634375.654811,5476149.50455,09573
09573,2024,18371.0,10.0,18371.0,10.0,0.0,2.254857,0.040306747,9.69286,0.3906876,634375.654811,5476149.50455,09573
09573,2025,18371.0,10.0,18371.0,10.0,0.0,2.313103,0.026018439,10.274195,0.26731852,634375.654811,5476149.50455,09573
09574,2007,197806.0,25.0,5981.0,10.0,0.09818459,1.7904773,0.0029936165,6.1354623,0.018367222,672806.293971,5473931.79856,09574
09574,2008,197806.0,25.0,5981.0,10.0,0.09818459,1.765354,0.018637381,5.9832397,0.11151192,672806.293971,5473931.79856,09574
09574,2009,197806.0,25.0,5981.0,10.0,0.09818459,1.7714145,0.018636568,6.019612,0.112184905,672806.293971,5473931.79856,09574
09574,2010,197806.0,25.0,5981.0,10.0,0.09818459,1.7319139,0.009332628,5.786468,0.05400295,672806.293971,5473931.79856,09574
09574,2011,197806.0,25.0,5981.0,10.0,0.09818459,1.763647,0.0074409074,5.9730344,0.044444796,672806.293971,5473931.79856,09574
09574,2012,197806.0,25.0,5981.0,10.0,0.09818459,1.8299583,0.017733946,6.382542,0.113187656,672806.293971,5473931.79856,09574
09574,2013,197806.0,25.0,5981.0,10.0,0.09818459,1.8784335,0.024844106,6.6995583,0.16644454,672806.293971,5473931.79856,09574
09574,2014,197806.0,25.0,5981.0,10.0,0.09818459,1.8665885,0.006759675,6.620671,0.04475358,672806.293971,5473931.79856,09574
09574,2015,197806.0,25.0,5981.0,10.0,0.09818459,1.9519126,0.04815424,7.2103734,0.34721005,672806.293971,5473931.79856,09574
09574,2016,197806.0,25.0,5981.0,10.0,0.09818459,1.9568545,0.026345953,7.246094,0.19090526,672806.293971,5473931.79856,09574
09574,2017,197806.0,25.0,5981.0,10.0,0.09818459,1.9574889,0.005775747,7.250693,0.041878168,672806.293971,5473931.79856,09574
09574,2018,197806.0,25.0,5981.0,10.0,0.09818459,1.9779366,0.028229017,7.40048,0.20890826,672806.293971,5473931.79856,09574
09574,2019,197806.0,25.0,5981.0,10.0,0.09818459,2.0175567,0.023463042,7.6995726,0.1806554,672806.293971,5473931.79856,09574
09574,2020,197806.0,25.0,5981.0,10.0,0.09818459,2.0609207,0.05850342,8.040804,0.4704145,672806.293971,5473931.79856,09574
09574,2021,197806.0,25.0,5981.0,10.0,0.09818459,2.0926802,0.029874634,8.300274,0.24796765,672806.293971,5473931.79856,09574
09574,2022,197806.0,25.0,5981.0,10.0,0.09818459,2.1450377,0.06502725,8.746432,0.5687564,672806.293971,5473931.79856,09574
09574,2023,197806.0,25.0,5981.0,10.0,0.09818459,2.2166498,0.035336446,9.395755,0.3320126,672806.293971,5473931.79856,09574
09574,2024,197806.0,25.0,5981.0,10.0,0.09818459,2.2650883,0.016791293,9.862074,0.16559699,672806.293971,5473931.79856,09574
09574,2025,197806.0,25.0,5981.0,10.0,0.09818459,2.300176,0.009014442,10.214253,0.09207579,672806.293971,5473931.79856,09574
09575,2007,11285.0,25.0,1628.0,10.0,-0.07617333,1.4507723,0.013986508,4.3430424,0.060744,603119.301838,5485806.52287,09575
09575,2008,11285.0,25.0,1628.0,10.0,-0.07617333,1.7539425,0.08945216,5.881109,0.5260779,603119.301838,5485806.52287,09575
09575,2009,11285.0,25.0,1628.0,10.0,-0.07617333,1.4845679,0.047429122,4.4923267,0.2130671,603119.301838,5485806.52287,09575
09575,2010,11285.0,25.0,1628.0,10.0,-0.07617333,1.5429919,0.014462696,4.7626047,0.0688801,603119.301838,5485806.52287,09575
09575,2011,11285.0,25.0,1628.0,10.0,-0.07617333,1.5643361,0.012085821,4.865351,0.05880176,603119.301838,5485806.52287,09575
09575,2012,11285.0,25.0,1628.0,10.0,-0.07617333,1.6680535,0.028921708,5.397071,0.15609251,603119.301838,5485806.52287,09575
09575,2013,11285.0,25.0,1628.0,10.0,-0.07617333,1.7062067,0.0046555055,5.606965,0.026103256,603119.301838,5485806.52287,09575
09575,2014,11285.0,25.0,1628.0,10.0,-0.07617333,1.697615,0.0049805166,5.558998,0.027686683,603119.301838,5485806.52287,09575
09575,2015,11285.0,25.0,1628.0,10.0,-0.07617333,1.6963512,0.024008596,5.5519767,0.13329516,603119.301838,5485806.52287,09575
09575,2016,11285.0,25.0,1628.0,10.0,-0.07617333,1.7605928,0.0038421522,5.9203506,0.022746887,603119.301838,5485806.52287,09575
09575,2017,11285.0,25.0,1628.0,10.0,-0.07617333,1.7851691,1.4007529e-05,6.0676537,8.499283e-05,603119.301838,5485806.52287,09575
09575,2018,11285.0,25.0,1628.0,10.0,-0.07617333,1.7841734,0.00516136,6.061615,0.031286176,603119.301838,5485806.52287,09575
09575,2019,11285.0,25.0,1628.0,10.0,-0.07617333,1.8689668,0.069298945,6.5980206,0.45723584,603119.301838,5485806.52287,09575
09575,2020,11285.0,25.0,1628.0,10.0,-0.07617333,1.9836808,0.062144108,7.4000273,0.4598681,603119.301838,5485806.52287,09575
09575,2021,11285.0,25.0,1628.0,10.0,-0.07617333,2.041945,0.043684643,7.8439918,0.34266198,603119.301838,5485806.52287,09575
09575,2022,11285.0,25.0,1628.0,10.0,-0.07617333,2.0385637,0.04421539,7.817514,0.34565443,603119.301838,5485806.52287,09575
09575,2023,11285.0,25.0,1628.0,10.0,-0.07617333,2.158226,0.04526269,8.811246,0.3988207,603119.301838,5485806.52287,09575
09575,2024,11285.0,25.0,1628.0,10.0,-0.07617333,2.1885104,0.013622164,9.0821705,0.123718806,603119.301838,5485806.52287,09575
09575,2025,11285.0,25.0,1628.0,10.0,-0.07617333,2.1630735,0.022179242,8.854063,0.19637643,603119.301838,5485806.52287,09575
09576,2007,97842.0,25.0,3054.0,10.0,0.07379333,1.7759827,0.011068208,6.010836,0.066529185,640658.152123,5455353.51487,09576
09576,2008,97842.0,25.0,3054.0,10.0,0.07379333,1.6759424,0.007407975,5.4386096,0.040289085,640658.152123,5455353.51487,09576
09576,2009,97842.0,25.0,3054.0,10.0,0.07379333,1.6326476,0.006951228,5.208171,0.036203183,640658.152123,5455353.51487,09576
09576,2010,97842.0,25.0,3054.0,10.0,0.07379333,1.6336528,0.018941242,5.2134085,0.09874843,640658.152123,5455353.51487,09576
09576,2011,97842.0,25.0,3054.0,10.0,0.07379333,1.6351581,0.016454445,5.2212615,0.085912965,640658.152123,5455353.51487,09576
09576,2012,97842.0,25.0,3054.0,10.0,0.07379333,1.6514964,0.0007836678,5.3072696,0.004159136,640658.152123,5455353.51487,09576
09576,2013,97842.0,25.0,3054.0,10.0,0.07379333,1.7078794,0.054630738,5.615106,0.30675742,640658.152123,5455353.51487,09576
09576,2014,97842.0,25.0,3054.0,10.0,0.07379333,1.7268176,0.018616106,5.7224593,0.10652991,640658.152123,5455353.51487,09576
09576,2015,97842.0,25.0,3054.0,10.0,0.07379333,1.741503,0.014464235,5.807116,0.08399549,640658.152123,5455353.51487,09576
09576,2016,97842.0,25.0,3054.0,10.0,0.07379333,1.7943898,0.012690958,6.122503,0.07770042,640658.152123,5455353.51487,09576
09576,2017,97842.0,25.0,3054.0,10.0,0.07379333,1.8476046,0.032469362,6.4571347,0.20965904,640658.152123,5455353.51487,09576
09576,2018,97842.0,25.0,3054.0,10.0,0.07379333,1.8560185,0.0051625837,6.5116935,0.03361716,640658.152123,5455353.51487,09576
09576,2019,97842.0,25.0,3054.0,10.0,0.07379333,1.9023676,0.006122761,6.8206086,0.041760955,640658.152123,5455353.51487,09576
09576,2020,97842.0,25.0,3054.0,10.0,0.07379333,1.9446919,0.021555519,7.1154814,0.15337789,640658.152123,5455353.51487,09576
09576,2021,97842.0,25.0,3054.0,10.0,0.07379333,2.082985,0.02010728,8.170794,0.16429244,640658.152123,5455353.51487,09576
09576,2022,97842.0,25.0,3054.0,10.0,0.07379333,2.119693,0.0041824826,8.476301,0.03545198,640658.152123,5455353.51487,09576
09576,2023,97842.0,25.0,3054.0,10.0,0.07379333,2.1785355,0.0011581774,8.990033,0.010412052,640658.152123,5455353.51487,09576
09576,2024,97842.0,25.0,3054.0,10.0,0.07379333,2.1790128,0.007103129,8.994325,0.06388784,640658.152123,5455353.51487,09576
09576,2025,97842.0,25.0,3054.0,10.0,0.07379333,2.2168176,0.04564344,9.340864,0.42634916,640658.152123,5455353.51487,09576
09577,2007,26265.0,25.0,4200.0,10.0,-0.026515275,1.5509106,0.020281479,4.7951403,0.09725253,625346.520978,5446714.05019,09577
09577,2008,26265.0,25.0,4200.0,10.0,-0.026515275,1.5794314,0.032884836,4.9338703,0.16224952,625346.520978,5446714.05019,09577
09577,2009,26265.0,25.0,4200.0,10.0,-0.026515275,1.5529275,0.08007624,4.804821,0.384752,625346.520978,5446714.05019,09577
09577,2010,26265.0,25.0,4200.0,10.0,-0.026515275,1.572023,0.027036797,4.897454,0.13241147,625346.520978,5446714.05019,09577
09577,2011,26265.0,25.0,4200.0,10.0,-0.026515275,1.6055133,0.0048855403,5.064248,0.024741588,625346.520978,5446714.05019,09577
09577,2012,26265.0,25.0,4200.0,10.0,-0.026515275,1.6322119,0.0033909911,5.2012773,0.017637486,625346.520978,5446714.05019,09577
09577,2013,26265.0,25.0,4200.0,10.0,-0.026515275,1.6388139,0.0253859,5.2357297,0.13291371,625346.520978,5446714.05019,09577
09577,2014,26265.0,25.0,4200.0,10.0,-0.026515275,1.6868198,0.003476602,5.4932065,0.019097693,625346.520978,5446714.05019,09577
09577,2015,26265.0,25.0,4200.0,10.0,-0.026515275,1.6571225,0.04262406,5.3324714,0.22729158,625346.520978,5446714.05019,09577
09577,2016,26265.0,25.0,4200.0,10.0,-0.026515275,1.7787287,0.015416564,6.02201,0.092838705,625346.520978,5446714.05019,09577
09577,2017,26265.0,25.0,4200.0,10.0,-0.026515275,1.767199,0.05911867,5.952976,0.35193205,625346.520978,5446714.05019,09577
09577,2018,26265.0,25.0,4200.0,10.0,-0.026515275,1.7818038,0.035724696,6.040557,0.21579704,625346.520978,5446714.05019,09577
09577,2019,26265.0,25.0,4200.0,10.0,-0.026515275,1.8973113,0.011151662,6.78018,0.07561028,625346.520978,5446714.05019,09577
09577,2020,26265.0,25.0,4200.0,10.0,-0.026515275,1.9752856,0.047729556,7.330018,0.3498585,625346.520978,5446714.05019,09577
09577,2021,26265.0,25.0,4200.0,10.0,-0.026515275,2.0689318,0.06400227,8.049614,0.5151936,625346.520978,5446714.05019,09577
09577,2022,26265.0,25.0,4200.0,10.0,-0.026515275,2.0857773,0.0148316845,8.186361,0.12141753,625346.520978,5446714.05019,09577
09577,2023,26265.0,25.0,4200.0,10.0,-0.026515275,2.142767,0.050545044,8.6664505,0.4380461,625346.520978,5446714.05019,09577
09577,2024,26265.0,25.0,4200.0,10.0,-0.026515275,2.198945,0.034559805,9.16725,0.31681836,625346.520978,5446714.05019,09577
09577,2025,26265.0,25.0,4200.0,10.0,-0.026515275,2.2379234,0.008460445,9.53163,0.08064183,625346.520978,5446714.05019,09577
09661,2007,49155.0,10.0,49155.0,10.0,0.0,1.9128599,0.000783054,6.87895,0.005386589,510460.832286,5534621.83948,09661
09661,2008,49155.0,10.0,49155.0,10.0,0.0,1.9238702,0.0027510368,6.9551077,0.019133758,510460.832286,5534621.83948,09661
09661,2009,49155.0,10.0,49155.0,10.0,0.0,1.9329128,0.0012831779,7.0182853,0.009005709,510460.832286,5534621.83948,09661
09661,2010,49155.0,10.0,49155.0,10.0,0.0,1.9510207,0.0037475538,7.1465287,0.026782,510460.832286,5534621.83948,09661
09661,2011,49155.0,10.0,49155.0,10.0,0.0,1.9664264,0.006840804,7.2574787,0.049646992,510460.832286,5534621.83948,09661
09661,2012,49155.0,10.0,49155.0,10.0,0.0,1.9970984,4.5957536e-06,7.4835296,3.439246e-05,510460.832286,5534621.83948,09661
09661,2013,49155.0,10.0,49155.0,10.0,0.0,2.0329046,0.00053810014,7.7563415,0.004173688,510460.832286,5534621.83948,09661
09661,2014,49155.0,10.0,49155.0,10.0,0.0,2.0557454,0.0025359544,7.9355407,0.020124169,510460.832286,5534621.83948,09661
09661,2015,49155.0,10.0,49155.0,10.0,0.0,2.1270034,0.002016106,8.521646,0.017180542,510460.832286,5534621.83948,09661
09661,2016,49155.0,10.0,49155.0,10.0,0.0,2.1329026,0.006426135,8.572065,0.05508525,510460.832286,5534621.83948,09661
09661,2017,49155.0,10.0,49155.0,10.0,0.0,2.191739,0.007719649,9.091548,0.07018356,510460.832286,5534621.83948,09661
09661,2018,49155.0,10.0,49155.0,10.0,0.0,2.2283883,0.0033248423,9.430927,0.031356346,510460.832286,5534621.83948,09661
09661,2019,49155.0,10.0,49155.0,10.0,0.0,2.2695334,0.0008229551,9.827058,0.008087227,510460.832286,5534621.83948,09661
09661,2020,49155.0,10.0,49155.0,10.0,0.0,2.331587,0.0021522478,10.456179,0.022504289,510460.832286,5534621.83948,09661
09661,2021,49155.0,10.0,49155.0,10.0,0.0,2.354843,0.0077027865,10.702196,0.08243673,510460.832286,5534621.83948,09661
09661,2022,49155.0,10.0,49155.0,10.0,0.0,2.4047842,0.0063482476,11.250248,0.07141936,510460.832286,5534621.83948,09661
09661,2023,49155.0,10.0,49155.0,10.0,0.0,2.4647982,0.005809531,11.946094,0.069401205,510460.832286,5534621.83948,09661
09661,2024,49155.0,10.0,49155.0,10.0,0.0,2.46991,0.0069516357,12.007315,0.08347047,510460.832286,5534621.83948,09661
09661,2025,49155.0,10.0,49155.0,10.0,0.0,2.4971073,0.0097053535,12.338364,0.11974819,510460.832286,5534621.83948,09661
09662,2007,10546.0,10.0,10546.0,10.0,0.0,1.5711119,0.005783657,4.920577,0.028458932,587408.238027,5544569.83326,09662
09662,2008,10546.0,10.0,10546.0,10.0,0.0,1.6142495,0.0025587678,5.1374836,0.0131456265,587408.238027,5544569.83326,09662
09662,2009,10546.0,10.0,10546.0,10.0,0.0,1.6280495,0.004140441,5.2088723,0.021567028,587408.238027,5544569.83326,09662
09662,2010,10546.0,10.0,10546.0,10.0,0.0,1.6657387,0.0028320134,5.4089365,0.01531818,587408.238027,5544569.83326,09662
09662,2011,10546.0,10.0,10546.0,10.0,0.0,1.6874757,0.0026952222,5.5277977,0.014898644,587408.238027,5544569.83326,09662
09662,2012,10546.0,10.0,10546.0,10.0,0.0,1.6527352,0.00055877573,5.3390574,0.0029833359,587408.238027,5544569.83326,09662
09662,2013,10546.0,10.0,10546.0,10.0,0.0,1.7116721,0.0070497654,5.663182,0.039924104,587408.238027,5544569.83326,09662
09662,2014,10546.0,10.0,10546.0,10.0,0.0,1.7363001,0.0122279795,5.804387,0.07097592,587408.238027,5544569.83326,09662
09662,2015,10546.0,10.0,10546.0,10.0,0.0,1.8014145,0.004373835,6.1949124,0.027095525,587408.238027,5544569.83326,09662
09662,2016,10546.0,10.0,10546.0,10.0,0.0,1.8260303,0.0022409451,6.3492975,0.014228427,587408.238027,5544569.83326,09662
09662,2017,10546.0,10.0,10546.0,10.0,0.0,1.931276,0.0031995247,7.053965,0.022569336,587408.238027,5544569.83326,09662
09662,2018,10546.0,10.0,10546.0,10.0,0.0,2.041876,0.02488967,7.8789124,0.19610353,587408.238027,5544569.83326,09662
09662,2019,10546.0,10.0,10546.0,10.0,0.0,2.1193066,0.0077969166,8.513221,0.06637688,587408.238027,5544569.83326,09662
09662,2020,10546.0,10.0,10546.0,10.0,0.0,2.1636467,0.017232282,8.899192,0.15335338,587408.238027,5544569.83326,09662
09662,2021,10546.0,10.0,10546.0,10.0,0.0,2.090203,4.8462844e-05,8.269028,0.0004007406,587408.238027,5544569.83326,09662
09662,2022,10546.0,10.0,10546.0,10.0,0.0,2.1996598,0.0051375898,9.225522,0.04739695,587408.238027,5544569.83326,09662
09662,2023,10546.0,10.0,10546.0,10.0,0.0,2.2140756,0.02715308,9.359478,0.25413865,587408.238027,5544569.83326,09662
09662,2024,10546.0,10.0,10546.0,10.0,0.0,2.2814617,0.03856644,10.011912,0.38612378,587408.238027,5544569.83326,09662
09662,2025,10546.0,10.0,10546.0,10.0,0.0,2.278853,0.018886069,9.9858265,0.188593,587408.238027,5544569.83326,09662
09663,2007,52653.0,10.0,52653.0,10.0,0.0,1.9456705,0.01701014,7.1490245,0.12160591,567729.192265,5515114.78815,09663
09663,2008,52653.0,10.0,52653.0,10.0,0.0,1.9600127,0.0089324815,7.2522964,0.064781,567729.192265,5515114.78815,09663
09663,2009,52653.0,10.0,52653.0,10.0,0.0,1.9844795,0.012700322,7.4319253,0.09438784,567729.192265,5515114.78815,09663
09663,2010,52653.0,10.0,52653.0,10.0,0.0,2.0257423,0.01866854,7.7450023,0.14458789,567729.192265,5515114.78815,09663
09663,2011,52653.0,10.0,52653.0,10.0,0.0,2.0701435,0.013033396,8.096637,0.10552668,567729.192265,5515114.78815,09663
09663,2012,52653.0,10.0,52653.0,10.0,0.0,2.0811808,0.012798941,8.186499,0.10477851,567729.192265,5515114.78815,09663
09663,2013,52653.0,10.0,52653.0,10.0,0.0,2.116972,0.0057053575,8.48481,0.048408877,567729.192265,5515114.78815,09663
09663,2014,52653.0,10.0,52653.0,10.0,0.0,2.232561,0.011043502,9.52449,0.105183735,567729.192265,5515114.78815,09663
09663,2015,52653.0,10.0,52653.0,10.0,0.0,2.332375,0.01107064,10.524233,0.11650999,567729.192265,5515114.78815,09663
09663,2016,52653.0,10.0,52653.0,10.0,0.0,2.248666,0.0025551913,9.679125,0.024732016,567729.192265,5515114.78815,09663
09663,2017,52653.0,10.0,52653.0,10.0,0.0,2.3327115,0.0019611546,10.527773,0.020646593,567729.192265,5515114.78815,09663
09663,2018,52653.0,10.0,52653.0,10.0,0.0,2.3838215,0.0033724385,11.079836,0.037366066,567729.192265,5515114.78815,09663
09663,2019,52653.0,10.0,52653.0,10.0,0.0,2.403232,0.008386085,11.297005,0.09473764,567729.192265,5515114.78815,09663
09663,2020,52653.0,10.0,52653.0,10.0,0.0,2.4446826,0.010040405,11.775111,0.118226886,567729.192265,5515114.78815,09663
09663,2021,52653.0,10.0,52653.0,10.0,0.0,2.438854,0.0037162618,11.706677,0.043505076,567729.192265,5515114.78815,09663
09663,2022,52653.0,10.0,52653.0,10.0,0.0,2.487501,0.00212603,12.290251,0.026129441,567729.192265,5515114.78815,09663
09663,2023,52653.0,10.0,52653.0,10.0,0.0,2.5275366,0.0034417778,12.792282,0.04402819,567729.192265,5515114.78815,09663
09663,2024,52653.0,10.0,52653.0,10.0,0.0,2.5046766,0.0035329834,12.503167,0.04417348,567729.192265,5515114.78815,09663
09663,2025,52653.0,10.0,52653.0,10.0,0.0,2.5932717,0.00040961508,13.661438,0.005595931,567729.192265,5515114.78815,09663
09671,2007,34738.0,10.0,34738.0,10.0,0.0,1.86991,0.022917036,6.5714426,0.15059797,505726.285716,5548076.29836,09671
09671,2008,34738.0,10.0,34738.0,10.0,0.0,1.9103853,0.042440716,6.8428793,0.29041672,505726.285716,5548076.29836,09671
09671,2009,34738.0,10.0,34738.0,10.0,0.0,1.9136454,0.031224083,6.865225,0.21436034,505726.285716,5548076.29836,09671
09671,2010,34738.0,10.0,34738.0,10.0,0.0,1.8356093,0.02261566,6.349859,0.14360626,505726.285716,5548076.29836,09671
09671,2011,34738.0,10.0,34738.0,10.0,0.0,1.8743659,0.022017417,6.60079,0.14533235,505726.285716,5548076.29836,09671
09671,2012,34738.0,10.0,34738.0,10.0,0.0,1.8984222,0.0027682032,6.7615056,0.018717222,505726.285716,5548076.29836,09671
09671,2013,34738.0,10.0,34738.0,10.0,0.0,1.8914466,0.028778933,6.7145047,0.19323628,505726.285716,5548076.29836,09671
09671,2014,34738.0,10.0,34738.0,10.0,0.0,1.9154238,0.019768357,6.8774447,0.13595578,505726.285716,5548076.29836,09671
09671,2015,34738.0,10.0,34738.0,10.0,0.0,1.9585713,0.045137107,7.180685,0.32411537,505726.285716,5548076.29836,09671
09671,2016,34738.0,10.0,34738.0,10.0,0.0,1.9607476,0.039576102,7.196329,0.28480265,505726.285716,5548076.29836,09671
09671,2017,34738.0,10.0,34738.0,10.0,0.0,2.0355682,0.05563986,7.7554173,0.43151033,505726.285716,5548076.29836,09671
09671,2018,34738.0,10.0,34738.0,10.0,0.0,2.0456285,0.042765066,7.8338323,0.33501437,505726.285716,5548076.29836,09671
09671,2019,34738.0,10.0,34738.0,10.0,0.0,2.0777874,0.037223157,8.089854,0.30112994,505726.285716,5548076.29836,09671
09671,2020,34738.0,10.0,34738.0,10.0,0.0,2.1269557,0.0322289,8.497561,0.27386704,505726.285716,5548076.29836,09671
09671,2021,34738.0,10.0,34738.0,10.0,0.0,2.1872966,0.039414007,9.026096,0.3557546,505726.285716,5548076.29836,09671
09671,2022,34738.0,10.0,34738.0,10.0,0.0,2.3146293,0.035956852,10.251793,0.3686222,505726.285716,5548076.29836,09671
09671,2023,34738.0,10.0,34738.0,10.0,0.0,2.3195608,0.05374047,10.302476,0.5536599,505726.285716,5548076.29836,09671
09671,2024,34738.0,10.0,34738.0,10.0,0.0,2.3600757,0.03853063,10.728452,0.413374,505726.285716,5548076.29836,09671
09671,2025,34738.0,10.0,34738.0,10.0,0.0,2.3708582,0.081691295,10.844756,0.88592213,505726.285716,5548076.29836,09671
09672,2007,18919.0,25.0,9131.0,10.0,-0.14140262,1.6718235,0.043751597,5.4295783,0.23755272,576202.275746,5569583.07417,09672
09672,2008,18919.0,25.0,9131.0,10.0,-0.14140262,1.6758157,0.028075796,5.4512978,0.15304951,576202.275746,5569583.07417,09672
09672,2009,18919.0,25.0,9131.0,10.0,-0.14140262,1.5809414,0.014413107,4.9578857,0.07145854,576202.275746,5569583.07417,09672
09672,2010,18919.0,25.0,9131.0,10.0,-0.14140262,1.6237084,0.03455639,5.1745186,0.17881267,576202.275746,5569583.07417,09672
09672,2011,18919.0,25.0,9131.0,10.0,-0.14140262,1.5694443,0.0393844,4.901211,0.19303124,576202.275746,5569583.07417,09672
09672,2012,18919.0,25.0,9131.0,10.0,-0.14140262,1.6771017,0.00817179,5.458312,0.044604182,576202.275746,5569583.07417,09672
09672,2013,18919.0,25.0,9131.0,10.0,-0.14140262,1.654325,0.028865559,5.335395,0.15400916,576202.275746,5569583.07417,09672
09672,2014,18919.0,25.0,9131.0,10.0,-0.14140262,1.6719561,0.04855821,5.430298,0.26368555,576202.275746,5569583.07417,09672
09672,2015,18919.0,25.0,9131.0,10.0,-0.14140262,1.7030389,0.02932841,5.6017375,0.16429006,576202.275746,5569583.07417,09672
09672,2016,18919.0,25.0,9131.0,10.0,-0.14140262,1.7364106,0.03846552,5.7918315,0.2227858,576202.275746,5569583.07417,09672
09672,2017,18919.0,25.0,9131.0,10.0,-0.14140262,1.7834477,0.037015457,6.070771,0.22471237,576202.275746,5569583.07417,09672
09672,2018,18919.0,25.0,9131.0,10.0,-0.14140262,1.8234373,0.057794817,6.318458,0.3651741,576202.275746,5569583.07417,09672
09672,2019,18919.0,25.0,9131.0,10.0,-0.14140262,1.8646882,0.07361337,6.5845504,0.48471093,576202.275746,5569583.07417,09672
09672,2020,18919.0,25.0,9131.0,10.0,-0.14140262,1.8736318,0.029757837,6.643705,0.19770229,576202.275746,5569583.07417,09672
09672,2021,18919.0,25.0,9131.0,10.0,-0.14140262,1.8580034,0.041875947,6.540681,0.2738972,576202.275746,5569583.07417,09672
09672,2022,18919.0,25.0,9131.0,10.0,-0.14140262,1.8924958,0.027597945,6.7702203,0.18684417,576202.275746,5569583.07417,09672
09672,2023,18919.0,25.0,9131.0,10.0,-0.14140262,1.9962417,0.046024583,7.5103316,0.34565988,576202.275746,5569583.07417,09672
09672,2024,18919.0,25.0,9131.0,10.0,-0.14140262,1.9874502,0.03916487,7.444594,0.29156655,576202.275746,5569583.07417,09672
09672,2025,18919.0,25.0,9131.0,10.0,-0.14140262,2.1034694,0.036706753,8.360408,0.30688342,576202.275746,5569583.07417,09672
09673,2007,15044.0,25.0,2750.0,10.0,0.03225202,1.5702367,0.022770789,4.907238,0.111741684,586361.50705,5576332.31833,09673
09673,2008,15044.0,25.0,2750.0,10.0,0.03225202,1.5768636,0.0033463014,4.939866,0.016530281,586361.50705,5576332.31833,09673
09673,2009,15044.0,25.0,2750.0,10.0,0.03225202,1.5652524,0.014741719,4.88284,0.07198146,586361.50705,5576332.31833,09673
09673,2010,15044.0,25.0,2750.0,10.0,0.03225202,1.5757111,0.064677455,4.934176,0.3191299,586361.50705,5576332.31833,09673
09673,2011,15044.0,25.0,2750.0,10.0,0.03225202,1.5909103,0.009177866,5.009744,0.045978762,586361.50705,5576332.31833,09673
09673,2012,15044.0,25.0,2750.0,10.0,0.03225202,1.6399943,0.0923647,5.2617774,0.4860025,586361.50705,5576332.31833,09673
09673,2013,15044.0,25.0,2750.0,10.0,0.03225202,1.6214141,0.007974718,5.164915,0.04118874,586361.50705,5576332.31833,09673
09673,2014,15044.0,25.0,2750.0,10.0,0.03225202,1.651124,0.022220494,5.3206663,0.11822783,586361.50705,5576332.31833,09673
09673,2015,15044.0,25.0,2750.0,10.0,0.03225202,1.656759,0.050432235,5.3507333,0.26984942,586361.50705,5576332.31833,09673
09673,2016,15044.0,25.0,2750.0,10.0,0.03225202,1.748691,0.015212783,5.8659563,0.08923752,586361.50705,5576332.31833,09673
09673,2017,15044.0,25.0,2750.0,10.0,0.03225202,1.7379761,0.04754007,5.803439,0.2758959,586361.50705,5576332.31833,09673
09673,2018,15044.0,25.0,2750.0,10.0,0.03225202,1.7730256,0.03084879,6.0104537,0.18541522,586361.50705,5576332.31833,09673
09673,2019,15044.0,25.0,2750.0,10.0,0.03225202,1.8694414,0.05681847,6.618813,0.37607083,586361.50705,5576332.31833,09673
09673,2020,15044.0,25.0,2750.0,10.0,0.03225202,1.8564062,0.046307262,6.533095,0.30252972,586361.50705,5576332.31833,09673
09673,2021,15044.0,25.0,2750.0,10.0,0.03225202,1.9237627,0.052296277,6.9883,0.36546206,586361.50705,5576332.31833,09673
09673,2022,15044.0,25.0,2750.0,10.0,0.03225202,1.9316391,0.06324285,7.0435596,0.44545484,586361.50705,5576332.31833,09673
09673,2023,15044.0,25.0,2750.0,10.0,0.03225202,1.9856695,0.041553248,7.4345946,0.30893156,586361.50705,5576332.31833,09673
09673,2024,15044.0,25.0,2750.0,10.0,0.03225202,2.1131425,0.03373844,8.445358,0.28493324,586361.50705,5576332.31833,09673
09673,2025,15044.0,25.0,2750.0,10.0,0.03225202,2.1203697,0.07614497,8.506616,0.647736,586361.50705,5576332.31833,09673
09674,2007,31958.0,25.0,2157.0,10.0,0.22469625,1.5295955,0.027468873,4.7244406,0.12977506,619697.304282,5535394.07258,09674
09674,2008,31958.0,25.0,2157.0,10.0,0.22469625,1.5368704,0.056157775,4.7589355,0.26725122,619697.304282,5535394.07258,09674
09674,2009,31958.0,25.0,2157.0,10.0,0.22469625,1.5391543,0.10029242,4.7698174,0.47837654,619697.304282,5535394.07258,09674
09674,2010,31958.0,25.0,2157.0,10.0,0.22469625,1.5611619,0.05190482,4.875953,0.2530855,619697.304282,5535394.07258,09674
09674,2011,31958.0,25.0,2157.0,10.0,0.22469625,1.6679945,0.011793348,5.4257073,0.063987255,619697.304282,5535394.07258,09674
09674,2012,31958.0,25.0,2157.0,10.0,0.22469625,1.7004821,0.10314764,5.6048694,0.57812905,619697.304282,5535394.07258,09674
09674,2013,31958.0,25.0,2157.0,10.0,0.22469625,1.682262,0.03627111,5.5036726,0.19962431,619697.304282,5535394.07258,09674
09674,2014,31958.0,25.0,2157.0,10.0,0.22469625,1.6857424,0.03283976,5.522861,0.18136942,619697.304282,5535394.07258,09674
09674,2015,31958.0,25.0,2157.0,10.0,0.22469625,1.7355537,0.044686727,5.8049297,0.25940332,619697.304282,5535394.07258,09674
09674,2016,31958.0,25.0,2157.0,10.0,0.22469625,1.7563319,0.018260606,5.9268074,0.10822709,619697.304282,5535394.07258,09674
09674,2017,31958.0,25.0,2157.0,10.0,0.22469625,1.7915201,0.016690679,6.139073,0.1024653,619697.304282,5535394.07258,09674
09674,2018,31958.0,25.0,2157.0,10.0,0.22469625,1.863094,0.12225774,6.5945773,0.8062381,619697.304282,5535394.07258,09674
09674,2019,31958.0,25.0,2157.0,10.0,0.22469625,1.8922298,0.012400012,6.789542,0.084190406,619697.304282,5535394.07258,09674
09674,2020,31958.0,25.0,2157.0,10.0,0.22469625,1.9644207,0.120940715,7.29781,0.8826024,619697.304282,5535394.07258,09674
09674,2021,31958.0,25.0,2157.0,10.0,0.22469625,2.0361729,0.08660601,7.840688,0.6790507,619697.304282,5535394.07258,09674
09674,2022,31958.0,25.0,2157.0,10.0,0.22469625,2.1206234,0.04000199,8.531602,0.34128103,619697.304282,5535394.07258,09674
09674,2023,31958.0,25.0,2157.0,10.0,0.22469625,2.1061502,0.0075724735,8.40901,0.063677005,619697.304282,5535394.07258,09674
09674,2024,31958.0,25.0,2157.0,10.0,0.22469625,2.182553,0.019362358,9.076664,0.17574564,619697.304282,5535394.07258,09674
09674,2025,31958.0,25.0,2157.0,10.0,0.22469625,2.233272,0.048472546,9.548898,0.46285936,619697.304282,5535394.07258,09674
09675,2007,70111.0,25.0,8454.0,10.0,0.18886612,1.8368365,0.013492402,6.434453,0.08681622,581375.265133,5518276.39833,09675
09675,2008,70111.0,25.0,8454.0,10.0,0.18886612,1.8704413,0.030836105,6.6543565,0.20519444,581375.265133,5518276.39833,09675
09675,2009,70111.0,25.0,8454.0,10.0,0.18886612,1.8278265,0.013960335,6.3767395,0.08902143,581375.265133,5518276.39833,09675
09675,2010,70111.0,25.0,8454.0,10.0,0.18886612,1.8404262,0.019923272,6.457593,0.12865637,581375.265133,5518276.39833,09675
09675,2011,70111.0,25.0,8454.0,10.0,0.18886612,1.8677127,0.055221085,6.636224,0.3664595,581375.265133,5518276.39833,09675
09675,2012,70111.0,25.0,8454.0,10.0,0.18886612,1.8873557,0.03978345,6.7678676,0.26924914,581375.265133,5518276.39833,09675
09675,2013,70111.0,25.0,8454.0,10.0,0.18886612,1.9418347,0.025596185,7.1468024,0.18293087,581375.265133,5518276.39833,09675
09675,2014,70111.0,25.0,8454.0,10.0,0.18886612,2.0343554,0.08805631,7.8395844,0.6903249,581375.265133,5518276.39833,09675
09675,2015,70111.0,25.0,8454.0,10.0,0.18886612,2.142793,0.08532587,8.737494,0.74553424,581375.265133,5518276.39833,09675
09675,2016,70111.0,25.0,8454.0,10.0,0.18886612,2.15203,0.043434497,8.818576,0.3830304,581375.265133,5518276.39833,09675
09675,2017,70111.0,25.0,8454.0,10.0,0.18886612,2.1825948,0.13500035,9.092275,1.2274603,581375.265133,5518276.39833,09675
09675,2018,70111.0,25.0,8454.0,10.0,0.18886612,2.2026675,0.102113456,9.276627,0.94726837,581375.265133,5518276.39833,09675
09675,2019,70111.0,25.0,8454.0,10.0,0.18886612,2.2552612,0.023709271,9.777575,0.23181917,581375.265133,5518276.39833,09675
09675,2020,70111.0,25.0,8454.0,10.0,0.18886612,2.2963667,0.027574038,10.187863,0.28092054,581375.265133,5518276.39833,09675
09675,2021,70111.0,25.0,8454.0,10.0,0.18886612,2.3326263,0.01646215,10.564051,0.17390698,581375.265133,5518276.39833,09675
09675,2022,70111.0,25.0,8454.0,10.0,0.18886612,2.3711023,0.010521883,10.978435,0.1155138,581375.265133,5518276.39833,09675
09675,2023,70111.0,25.0,8454.0,10.0,0.18886612,2.348192,0.019683499,10.729772,0.21119945,581375.265133,5518276.39833,09675
09675,2024,70111.0,25.0,8454.0,10.0,0.18886612,2.4040482,0.047799185,11.34615,0.54233676,581375.265133,5518276.39833,09675
09675,2025,70111.0,25.0,8454.0,10.0,0.18886612,2.449415,0.0542611,11.8727455,0.6442282,581375.265133,5518276.39833,09675
09676,2007,26572.0,25.0,2507.0,10.0,-0.03317732,1.7406107,0.0041197357,5.799354,0.023891807,514011.916984,5498958.02529,09676
09676,2008,26572.0,25.0,2507.0,10.0,-0.03317732,1.5838168,0.037129544,4.9577527,0.18407911,514011.916984,5498958.02529,09676
09676,2009,26572.0,25.0,2507.0,10.0,-0.03317732,1.6568502,0.042433966,5.3333845,0.22631665,514011.916984,5498958.02529,09676
09676,2010,26572.0,25.0,2507.0,10.0,-0.03317732,1.6733042,0.001220122,5.421866,0.006615338,514011.916984,5498958.02529,09676
09676,2011,26572.0,25.0,2507.0,10.0,-0.03317732,1.6615561,0.019232733,5.358542,0.10305941,514011.916984,5498958.02529,09676
09676,2012,26572.0,25.0,2507.0,10.0,-0.03317732,1.7591461,0.003981536,5.90785,0.023522314,514011.916984,5498958.02529,09676
09676,2013,26572.0,25.0,2507.0,10.0,-0.03317732,1.7414869,0.037958585,5.8044376,0.22032824,514011.916984,5498958.02529,09676
09676,2014,26572.0,25.0,2507.0,10.0,-0.03317732,1.7766821,0.023617683,6.0123634,0.1419981,514011.916984,5498958.02529,09676
09676,2015,26572.0,25.0,2507.0,10.0,-0.03317732,1.8128221,0.020173628,6.2336245,0.12575483,514011.916984,5498958.02529,09676
09676,2016,26572.0,25.0,2507.0,10.0,-0.03317732,1.8092122,0.03142265,6.211162,0.19517116,514011.916984,5498958.02529,09676
09676,2017,26572.0,25.0,2507.0,10.0,-0.03317732,1.8192464,0.028657878,6.2738,0.17979379,514011.916984,5498958.02529,09676
09676,2018,26572.0,25.0,2507.0,10.0,-0.03317732,1.8261924,0.0012652162,6.3175297,0.00799304,514011.916984,5498958.02529,09676
09676,2019,26572.0,25.0,2507.0,10.0,-0.03317732,1.8525432,0.026095618,6.486214,0.16926177,514011.916984,5498958.02529,09676
09676,2020,26572.0,25.0,2507.0,10.0,-0.03317732,1.948949,0.043161634,7.142657,0.30828875,514011.916984,5498958.02529,09676
09676,2021,26572.0,25.0,2507.0,10.0,-0.03317732,2.0355356,0.04018022,7.7886806,0.31295094,514011.916984,5498958.02529,09676
09676,2022,26572.0,25.0,2507.0,10.0,-0.03317732,2.0905592,0.06286823,8.229252,0.5173585,514011.916984,5498958.02529,09676
09676,2023,26572.0,25.0,2507.0,10.0,-0.03317732,2.1950114,0.020891607,9.135311,0.19085133,514011.916984,5498958.02529,09676
09676,2024,26572.0,25.0,2507.0,10.0,-0.03317732,2.2339377,0.04242286,9.497927,0.40292922,514011.916984,5498958.02529,09676
09676,2025,26572.0,25.0,2507.0,10.0,-0.03317732,2.2168453,0.031291965,9.336965,0.29217198,514011.916984,5498958.02529,09676
09677,2007,70609.0,25.0,5467.0,15.0,0.014160617,1.395572,0.043492433,4.136695,0.17991494,568893.560202,5537635.08208,09677
09677,2008,70609.0,25.0,5467.0,15.0,0.014160617,1.4778775,0.042311847,4.4915714,0.19004668,568893.560202,5537635.08208,09677
09677,2009,70609.0,25.0,5467.0,15.0,0.014160617,1.4202816,0.03534817,4.2401843,0.14988276,568893.560202,5537635.08208,09677
09677,2010,70609.0,25.0,5467.0,15.0,0.014160617,1.3301986,0.06539573,3.8749151,0.2534029,568893.560202,5537635.08208,09677
09677,2011,70609.0,25.0,5467.0,15.0,0.014160617,1.2811096,0.072610706,3.6892927,0.26788214,568893.560202,5537635.08208,09677
09677,2012,70609.0,25.0,5467.0,15.0,0.014160617,1.1880978,0.17748562,3.36162,0.5966392,568893.560202,5537635.08208,09677
09677,2013,70609.0,25.0,5467.0,15.0,0.014160617,1.2901653,0.073661886,3.7228534,0.27423242,568893.560202,5537635.08208,09677
09677,2014,70609.0,25.0,5467.0,15.0,0.014160617,1.3679128,0.062166914,4.0238447,0.25015002,568893.560202,5537635.08208,09677
09677,2015,70609.0,25.0,5467.0,15.0,0.014160617,1.4192986,0.024805052,4.2360187,0.10507467,568893.560202,5537635.08208,09677
09677,2016,70609.0,25.0,5467.0,15.0,0.014160617,1.5009784,0.07686822,4.596538,0.35332772,568893.560202,5537635.08208,09677
09677,2017,70609.0,25.0,5467.0,15.0,0.014160617,1.6947855,0.09407492,5.5795636,0.52489704,568893.560202,5537635.08208,09677
09677,2018,70609.0,25.0,5467.0,15.0,0.014160617,1.6609585,0.030003965,5.393981,0.16184081,568893.560202,5537635.08208,09677
09677,2019,70609.0,25.0,5467.0,15.0,0.014160617,1.7429713,0.0042569516,5.855003,0.024924463,568893.560202,5537635.08208,09677
09677,2020,70609.0,25.0,5467.0,15.0,0.014160617,1.7646466,0.014425501,5.983297,0.08631206,568893.560202,5537635.08208,09677
09677,2021,70609.0,25.0,5467.0,15.0,0.014160617,1.9086295,0.011953712,6.9098964,0.08259892,568893.560202,5537635.08208,09677
09677,2022,70609.0,25.0,5467.0,15.0,0.014160617,2.0315602,0.027529513,7.813753,0.21510883,568893.560202,5537635.08208,09677
09677,2023,70609.0,25.0,5467.0,15.0,0.014160617,1.9116403,0.039226077,6.9307323,0.27186546,568893.560202,5537635.08208,09677
09677,2024,70609.0,25.0,5467.0,15.0,0.014160617,2.107173,0.029131355,8.427483,0.245504,568893.560202,5537635.08208,09677
09677,2025,70609.0,25.0,5467.0,15.0,0.014160617,2.086945,0.005798886,8.258725,0.047891412,568893.560202,5537635.08208,09677
09678,2007,33416.0,25.0,9751.0,10.0,-0.22254036,1.5112083,0.047370482,4.6429415,0.21993837,583664.580566,5539293.92916,09678
09678,2008,33416.0,25.0,9751.0,10.0,-0.22254036,1.5229299,0.061416153,4.697685,0.28851372,583664.580566,5539293.92916,09678
09678,2009,33416.0,25.0,9751.0,10.0,-0.22254036,1.5400611,0.048723403,4.778855,0.23284207,583664.580566,5539293.92916,09678
09678,2010,33416.0,25.0,9751.0,10.0,-0.22254036,1.578253,0.017496204,4.9648986,0.08686688,583664.580566,5539293.92916,09678
09678,2011,33416.0,25.0,9751.0,10.0,-0.22254036,1.6285744,0.0154528525,5.221132,0.080681376,583664.580566,5539293.92916,09678
09678,2012,33416.0,25.0,9751.0,10.0,-0.22254036,1.61106,0.034186862,5.130483,0.17539512,583664.580566,5539293.92916,09678
09678,2013,33416.0,25.0,9751.0,10.0,-0.22254036,1.659482,0.024291504,5.385024,0.13081034,583664.580566,5539293.92916,09678
09678,2014,33416.0,25.0,9751.0,10.0,-0.22254036,1.6451848,0.0046082675,5.3085814,0.024463361,583664.580566,5539293.92916,09678
09678,2015,33416.0,25.0,9751.0,10.0,-0.22254036,1.6818174,2.8069155e-05,5.5066547,0.00015456714,583664.580566,5539293.92916,09678
09678,2016,33416.0,25.0,9751.0,10.0,-0.22254036,1.7452915,0.00017062204,5.8675156,0.0010011274,583664.580566,5539293.92916,09678
09678,2017,33416.0,25.0,9751.0,10.0,-0.22254036,1.7915568,0.01170946,6.1453557,0.0719588,583664.580566,5539293.92916,09678
09678,2018,33416.0,25.0,9751.0,10.0,-0.22254036,1.8610609,0.03731302,6.587676,0.2458061,583664.580566,5539293.92916,09678
09678,2019,33416.0,25.0,9751.0,10.0,-0.22254036,1.9304858,0.024780603,7.0612755,0.17498267,583664.580566,5539293.92916,09678
09678,2020,33416.0,25.0,9751.0,10.0,-0.22254036,2.008275,0.030484011,7.6324954,0.23266907,583664.580566,5539293.92916,09678
09678,2021,33416.0,25.0,9751.0,10.0,-0.22254036,2.00608,0.020503389,7.615759,0.15614887,583664.580566,5539293.92916,09678
09678,2022,33416.0,25.0,9751.0,10.0,-0.22254036,2.0991137,0.020537492,8.358286,0.17165823,583664.580566,5539293.92916,09678
09678,2023,33416.0,25.0,9751.0,10.0,-0.22254036,2.0681856,0.03902967,8.103738,0.3162862,583664.580566,5539293.92916,09678
09678,2024,33416.0,25.0,9751.0,10.0,-0.22254036,2.1186566,0.06233865,8.523239,0.53132725,583664.580566,5539293.92916,09678
09678,2025,33416.0,25.0,9751.0,10.0,-0.22254036,2.1305604,0.0665544,8.625303,0.57405186,583664.580566,5539293.92916,09678
09679,2007,35443.0,10.0,35443.0,10.0,0.0,1.7945778,0.03458921,6.1580853,0.21300331,559494.327445,5512277.23252,09679
09679,2008,35443.0,10.0,35443.0,10.0,0.0,1.8180472,0.00950601,6.3043213,0.059928946,559494.327445,5512277.23252,09679
09679,2009,35443.0,10.0,35443.0,10.0,0.0,1.7405977,0.02643111,5.8344836,0.15421188,559494.327445,5512277.23252,09679
09679,2010,35443.0,10.0,35443.0,10.0,0.0,1.7205894,0.014423681,5.7189064,0.08248768,559494.327445,5512277.23252,09679
09679,2011,35443.0,10.0,35443.0,10.0,0.0,1.7502254,0.008996255,5.890928,0.05299629,559494.327445,5512277.23252,09679
09679,2012,35443.0,10.0,35443.0,10.0,0.0,1.8402743,0.040704664,6.4460173,0.26238295,559494.327445,5512277.23252,09679
09679,2013,35443.0,10.0,35443.0,10.0,0.0,1.9505111,0.13480917,7.1972513,0.9702555,559494.327445,5512277.23252,09679
09679,2014,35443.0,10.0,35443.0,10.0,0.0,1.8500838,0.015043511,6.50956,0.09792664,559494.327445,5512277.23252,09679
09679,2015,35443.0,10.0,35443.0,10.0,0.0,2.0406165,0.042115312,7.8758783,0.33169505,559494.327445,5512277.23252,09679
09679,2016,35443.0,10.0,35443.0,10.0,0.0,2.1364572,0.13842586,8.668062,1.1998839,559494.327445,5512277.23252,09679
09679,2017,35443.0,10.0,35443.0,10.0,0.0,2.05747,0.09993875,8.00974,0.8004834,559494.327445,5512277.23252,09679
09679,2018,35443.0,10.0,35443.0,10.0,0.0,2.1264524,0.06176804,8.581773,0.5300793,559494.327445,5512277.23252,09679
09679,2019,35443.0,10.0,35443.0,10.0,0.0,2.1038575,0.10091105,8.390043,0.84664804,559494.327445,5512277.23252,09679
09679,2020,35443.0,10.0,35443.0,10.0,0.0,2.1818511,0.06573757,9.070607,0.5962797,559494.327445,5512277.23252,09679
09679,2021,35443.0,10.0,35443.0,10.0,0.0,2.181551,0.06552708,9.067885,0.594192,559494.327445,5512277.23252,09679
09679,2022,35443.0,10.0,35443.0,10.0,0.0,2.2676547,0.11554281,9.883264,1.14194,559494.327445,5512277.23252,09679
09679,2023,35443.0,10.0,35443.0,10.0,0.0,2.2894819,0.023975633,10.101358,0.24218646,559494.327445,5512277.23252,09679
09679,2024,35443.0,10.0,35443.0,10.0,0.0,2.3604333,0.08086506,10.844103,0.87690914,559494.327445,5512277.23252,09679
09679,2025,35443.0,10.0,35443.0,10.0,0.0,2.4228919,0.063105576,11.543008,0.7284282,559494.327445,5512277.23252,09679
09761,2007,139900.0,10.0,139900.0,10.0,0.0,1.9008151,0.019548051,6.799929,0.13292536,639704.313375,5356427.6849,09761
09761,2008,139900.0,10.0,139900.0,10.0,0.0,1.8890078,0.01820443,6.7201123,0.122335814,639704.313375,5356427.6849,09761
09761,2009,139900.0,10.0,139900.0,10.0,0.0,1.9043028,0.015378599,6.823686,0.10493873,639704.313375,5356427.6849,09761
09761,2010,139900.0,10.0,139900.0,10.0,0.0,1.8988492,0.008753074,6.786574,0.05940339,639704.313375,5356427.6849,09761
09761,2011,139900.0,10.0,139900.0,10.0,0.0,1.9435585,0.007989325,7.096882,0.056699295,639704.313375,5356427.6849,09761
09761,2012,139900.0,10.0,139900.0,10.0,0.0,1.9753544,0.0075284094,7.3261595,0.055154327,639704.313375,5356427.6849,09761
09761,2013,139900.0,10.0,139900.0,10.0,0.0,2.0264826,0.006609814,7.710473,0.05096479,639704.313375,5356427.6849,09761
09761,2014,139900.0,10.0,139900.0,10.0,0.0,2.1195807,0.0010773411,8.46278,0.009117302,639704.313375,5356427.6849,09761
09761,2015,139900.0,10.0,139900.0,10.0,0.0,2.132177,0.009335749,8.570055,0.08000788,639704.313375,5356427.6849,09761
09761,2016,139900.0,10.0,139900.0,10.0,0.0,2.1572294,0.012002762,8.787468,0.10547389,639704.313375,5356427.6849,09761
09761,2017,139900.0,10.0,139900.0,10.0,0.0,2.303381,0.001705517,10.170365,0.01734573,639704.313375,5356427.6849,09761
09761,2018,139900.0,10.0,139900.0,10.0,0.0,2.3560781,0.00019962141,10.720687,0.0021400787,639704.313375,5356427.6849,09761
09761,2019,139900.0,10.0,139900.0,10.0,0.0,2.405215,0.0034034727,11.260626,0.03832523,639704.313375,5356427.6849,09761
09761,2020,139900.0,10.0,139900.0,10.0,0.0,2.4210618,0.0045914142,11.440489,0.052528024,639704.313375,5356427.6849,09761
09761,2021,139900.0,10.0,139900.0,10.0,0.0,2.418176,0.007922489,11.407522,0.09037597,639704.313375,5356427.6849,09761
09761,2022,139900.0,10.0,139900.0,10.0,0.0,2.4837418,0.0069454713,12.180531,0.08459952,639704.313375,5356427.6849,09761
09761,2023,139900.0,10.0,139900.0,10.0,0.0,2.516999,0.009437309,12.592431,0.11883866,639704.313375,5356427.6849,09761
09761,2024,139900.0,10.0,139900.0,10.0,0.0,2.5944057,0.0074867234,13.60589,0.10186353,639704.313375,5356427.6849,09761
09761,2025,139900.0,10.0,139900.0,10.0,0.0,2.631953,0.0019584782,14.126465,0.027666373,639704.313375,5356427.6849,09761
09762,2007,11118.0,10.0,11118.0,10.0,0.0,1.6182266,0.006128774,5.1136928,0.031340666,620830.647477,5304219.5335,09762
09762,2008,11118.0,10.0,11118.0,10.0,0.0,1.6477234,0.011991325,5.2667766,0.06315563,620830.647477,5304219.5335,09762
09762,2009,11118.0,10.0,11118.0,10.0,0.0,1.6583636,0.021438068,5.3231153,0.11411731,620830.647477,5304219.5335,09762
09762,2010,11118.0,10.0,11118.0,10.0,0.0,1.6789064,0.004243643,5.433598,0.02305825,620830.647477,5304219.5335,09762
09762,2011,11118.0,10.0,11118.0,10.0,0.0,1.7163594,0.012394531,5.6409607,0.06991706,620830.647477,5304219.5335,09762
09762,2012,11118.0,10.0,11118.0,10.0,0.0,1.7667376,0.009829028,5.9324226,0.058309946,620830.647477,5304219.5335,09762
09762,2013,11118.0,10.0,11118.0,10.0,0.0,1.80898,0.0029131179,6.1883903,0.01802751,620830.647477,5304219.5335,09762
09762,2014,11118.0,10.0,11118.0,10.0,0.0,1.8192201,0.0031426023,6.252086,0.01964782,620830.647477,5304219.5335,09762
09762,2015,11118.0,10.0,11118.0,10.0,0.0,1.9081787,0.010883436,6.833751,0.07437469,620830.647477,5304219.5335,09762
09762,2016,11118.0,10.0,11118.0,10.0,0.0,1.905123,0.0023678613,6.812901,0.016132005,620830.647477,5304219.5335,09762
09762,2017,11118.0,10.0,11118.0,10.0,0.0,1.9521794,0.004326826,7.141155,0.030898532,620830.647477,5304219.5335,09762
09762,2018,11118.0,10.0,11118.0,10.0,0.0,1.9811057,0.005865147,7.350738,0.043113157,620830.647477,5304219.5335,09762
09762,2019,11118.0,10.0,11118.0,10.0,0.0,2.044263,0.0034745224,7.8299646,0.027205389,620830.647477,5304219.5335,09762
09762,2020,11118.0,10.0,11118.0,10.0,0.0,2.0734675,0.001613723,8.062007,0.013009845,620830.647477,5304219.5335,09762
09762,2021,11118.0,10.0,11118.0,10.0,0.0,2.1643224,0.0018441086,8.828785,0.016281238,620830.647477,5304219.5335,09762
09762,2022,11118.0,10.0,11118.0,10.0,0.0,2.2195036,0.0012130648,9.32966,0.011317482,620830.647477,5304219.5335,09762
09762,2023,11118.0,10.0,11118.0,10.0,0.0,2.3023732,0.0020533854,10.135745,0.02081259,620830.647477,5304219.5335,09762
09762,2024,11118.0,10.0,11118.0,10.0,0.0,2.366811,0.011205139,10.810373,0.12113174,620830.647477,5304219.5335,09762
09762,2025,11118.0,10.0,11118.0,10.0,0.0,2.4058323,0.0029545564,11.240544,0.03321082,620830.647477,5304219.5335,09762
09763,2007,18405.0,10.0,18405.0,10.0,0.0,1.7217143,0.0019793997,5.6975965,0.011277821,598071.325382,5288032.33896,09763
09763,2008,18405.0,10.0,18405.0,10.0,0.0,1.7840835,0.006793848,6.064267,0.041199706,598071.325382,5288032.33896,09763
09763,2009,18405.0,10.0,18405.0,10.0,0.0,1.8208917,0.0016290338,6.291641,0.010249296,598071.325382,5288032.33896,09763
09763,2010,18405.0,10.0,18405.0,10.0,0.0,1.8206682,0.0037951018,6.290235,0.023872083,598071.325382,5288032.33896,09763
09763,2011,18405.0,10.0,18405.0,10.0,0.0,1.8131015,0.00770357,6.242818,0.048091985,598071.325382,5288032.33896,09763
09763,2012,18405.0,10.0,18405.0,10.0,0.0,1.8299928,0.0020215374,6.3491626,0.01283507,598071.325382,5288032.33896,09763
09763,2013,18405.0,10.0,18405.0,10.0,0.0,1.8949763,0.0015717905,6.775455,0.010649595,598071.325382,5288032.33896,09763
09763,2014,18405.0,10.0,18405.0,10.0,0.0,1.9361461,0.009160131,7.0602207,0.064672545,598071.325382,5288032.33896,09763
09763,2015,18405.0,10.0,18405.0,10.0,0.0,1.9832875,0.008202877,7.4010186,0.06070964,598071.325382,5288032.33896,09763
09763,2016,18405.0,10.0,18405.0,10.0,0.0,2.052587,0.01011976,7.932096,0.08027091,598071.325382,5288032.33896,09763
09763,2017,18405.0,10.0,18405.0,10.0,0.0,2.1070518,0.0065279673,8.376097,0.054678887,598071.325382,5288032.33896,09763
09763,2018,18405.0,10.0,18405.0,10.0,0.0,2.1767912,0.008426709,8.9810915,0.07568104,598071.325382,5288032.33896,09763
09763,2019,18405.0,10.0,18405.0,10.0,0.0,2.2555332,0.0066831475,9.716869,0.06493927,598071.325382,5288032.33896,09763
09763,2020,18405.0,10.0,18405.0,10.0,0.0,2.3485992,0.029843746,10.664596,0.3182715,598071.325382,5288032.33896,09763
09763,2021,18405.0,10.0,18405.0,10.0,0.0,2.33805,0.0003445232,10.552684,0.0036356442,598071.325382,5288032.33896,09763
09763,2022,18405.0,10.0,18405.0,10.0,0.0,2.3938332,0.0051508513,11.158075,0.05747359,598071.325382,5288032.33896,09763
09763,2023,18405.0,10.0,18405.0,10.0,0.0,2.4505308,0.01398988,11.80899,0.16520634,598071.325382,5288032.33896,09763
09763,2024,18405.0,10.0,18405.0,10.0,0.0,2.4978857,0.005623525,12.381654,0.069628544,598071.325382,5288032.33896,09763
09763,2025,18405.0,10.0,18405.0,10.0,0.0,2.5226548,0.0026943402,12.692167,0.034197014,598071.325382,5288032.33896,09763
09764,2007,21885.0,25.0,9158.0,10.0,-0.061419137,1.7819067,0.0002188213,6.0448647,0.0013227451,586792.050152,5314593.50084,09764
09764,2008,21885.0,25.0,9158.0,10.0,-0.061419137,1.847157,0.000721809,6.452446,0.004657434,586792.050152,5314593.50084,09764
09764,2009,21885.0,25.0,9158.0,10.0,-0.061419137,1.8063054,0.0174305,6.1941648,0.10796739,586792.050152,5314593.50084,09764
09764,2010,21885.0,25.0,9158.0,10.0,-0.061419137,1.7830622,0.0036172231,6.051853,0.021890903,586792.050152,5314593.50084,09764
09764,2011,21885.0,25.0,9158.0,10.0,-0.061419137,1.7995247,0.013551955,6.152306,0.083375774,586792.050152,5314593.50084,09764
09764,2012,21885.0,25.0,9158.0,10.0,-0.061419137,1.7931451,0.0006320592,6.113181,0.0038638925,586792.050152,5314593.50084,09764
09764,2013,21885.0,25.0,9158.0,10.0,-0.061419137,1.8391324,0.004412101,6.400875,0.028241308,586792.050152,5314593.50084,09764
09764,2014,21885.0,25.0,9158.0,10.0,-0.061419137,1.945394,0.021490071,7.118495,0.15297696,586792.050152,5314593.50084,09764
09764,2015,21885.0,25.0,9158.0,10.0,-0.061419137,1.9858987,0.024839606,7.4127464,0.18412971,586792.050152,5314593.50084,09764
09764,2016,21885.0,25.0,9158.0,10.0,-0.061419137,2.0397954,0.010724982,7.823232,0.08390403,586792.050152,5314593.50084,09764
09764,2017,21885.0,25.0,9158.0,10.0,-0.061419137,2.0758243,0.00651961,8.110232,0.052875556,586792.050152,5314593.50084,09764
09764,2018,21885.0,25.0,9158.0,10.0,-0.061419137,2.1263835,0.020755528,8.530823,0.17706172,586792.050152,5314593.50084,09764
09764,2019,21885.0,25.0,9158.0,10.0,-0.061419137,2.1755307,0.016438812,8.960563,0.14730102,586792.050152,5314593.50084,09764
09764,2020,21885.0,25.0,9158.0,10.0,-0.061419137,2.1928375,0.006036139,9.116991,0.055031426,586792.050152,5314593.50084,09764
09764,2021,21885.0,25.0,9158.0,10.0,-0.061419137,2.2798238,0.011535571,9.945559,0.11472769,586792.050152,5314593.50084,09764
09764,2022,21885.0,25.0,9158.0,10.0,-0.061419137,2.3047216,0.024675317,10.196289,0.25159666,586792.050152,5314593.50084,09764
09764,2023,21885.0,25.0,9158.0,10.0,-0.061419137,2.3223972,0.010838959,10.378118,0.112487994,586792.050152,5314593.50084,09764
09764,2024,21885.0,25.0,9158.0,10.0,-0.061419137,2.3658686,0.010291099,10.839219,0.11154747,586792.050152,5314593.50084,09764
09764,2025,21885.0,25.0,9158.0,10.0,-0.061419137,2.4530747,0.011079755,11.826904,0.1310392,586792.050152,5314593.50084,09764
09771,2007,48650.0,10.0,48650.0,10.0,0.0,1.7945648,0.047195304,6.107149,0.28822875,645204.354884,5368080.13726,09771
09771,2008,48650.0,10.0,48650.0,10.0,0.0,1.8667433,0.03573213,6.564252,0.23455472,645204.354884,5368080.13726,09771
09771,2009,48650.0,10.0,48650.0,10.0,0.0,1.8219833,0.024539268,6.276914,0.15403087,645204.354884,5368080.13726,09771
09771,2010,48650.0,10.0,48650.0,10.0,0.0,1.752134,0.029702144,5.853438,0.17385966,645204.354884,5368080.13726,09771
09771,2011,48650.0,10.0,48650.0,10.0,0.0,1.7709976,0.00968021,5.9649034,0.057741515,645204.354884,5368080.13726,09771
09771,2012,48650.0,10.0,48650.0,10.0,0.0,1.7763913,0.02874546,5.997163,0.1723912,645204.354884,5368080.13726,09771
09771,2013,48650.0,10.0,48650.0,10.0,0.0,1.8894272,0.07515444,6.7148557,0.5046512,645204.354884,5368080.13726,09771
09771,2014,48650.0,10.0,48650.0,10.0,0.0,1.8403609,0.03424721,6.3933353,0.21895388,645204.354884,5368080.13726,09771
09771,2015,48650.0,10.0,48650.0,10.0,0.0,1.9384148,0.014720023,7.051991,0.10380547,645204.354884,5368080.13726,09771
09771,2016,48650.0,10.0,48650.0,10.0,0.0,2.0383945,0.011537097,7.7934976,0.08991434,645204.354884,5368080.13726,09771
09771,2017,48650.0,10.0,48650.0,10.0,0.0,2.0259962,0.056421224,7.6974673,0.43430054,645204.354884,5368080.13726,09771
09771,2018,48650.0,10.0,48650.0,10.0,0.0,2.0220764,0.050451666,7.6673546,0.3868308,645204.354884,5368080.13726,09771
09771,2019,48650.0,10.0,48650.0,10.0,0.0,2.0966232,0.044698864,8.260776,0.3692473,645204.354884,5368080.13726,09771
09771,2020,48650.0,10.0,48650.0,10.0,0.0,2.2347825,0.07279919,9.484678,0.69047695,645204.354884,5368080.13726,09771
09771,2021,48650.0,10.0,48650.0,10.0,0.0,2.3716319,0.108563036,10.875659,1.1806946,645204.354884,5368080.13726,09771
09771,2022,48650.0,10.0,48650.0,10.0,0.0,2.3614619,0.04613055,10.765612,0.4966236,645204.354884,5368080.13726,09771
09771,2023,48650.0,10.0,48650.0,10.0,0.0,2.3538778,0.012884213,10.684274,0.13765846,645204.354884,5368080.13726,09771
09771,2024,48650.0,10.0,48650.0,10.0,0.0,2.3829606,0.01468504,10.999566,0.16152906,645204.354884,5368080.13726,09771
09771,2025,48650.0,10.0,48650.0,10.0,0.0,2.47656,0.0859376,12.078841,1.0380266,645204.354884,5368080.13726,09771
09772,2007,11027.0,10.0,11027.0,10.0,0.0,1.8019526,0.036125124,6.146462,0.2220417,627111.618538,5364962.56174,09772
09772,2008,11027.0,10.0,11027.0,10.0,0.0,1.7934155,0.002848592,6.094213,0.017359925,627111.618538,5364962.56174,09772
09772,2009,11027.0,10.0,11027.0,10.0,0.0,1.7913508,0.022321383,6.081643,0.13575068,627111.618538,5364962.56174,09772
09772,2010,11027.0,10.0,11027.0,10.0,0.0,1.7858647,0.04472607,6.0483704,0.27051982,627111.618538,5364962.56174,09772
09772,2011,11027.0,10.0,11027.0,10.0,0.0,1.8266839,0.007934636,6.300368,0.04999113,627111.618538,5364962.56174,09772
09772,2012,11027.0,10.0,11027.0,10.0,0.0,1.8824487,0.040631875,6.661687,0.27067685,627111.618538,5364962.56174,09772
09772,2013,11027.0,10.0,11027.0,10.0,0.0,1.7812078,0.033862196,6.0202684,0.20385951,627111.618538,5364962.56174,09772
09772,2014,11027.0,10.0,11027.0,10.0,0.0,1.8617994,0.032458533,6.525538,0.2118094,627111.618538,5364962.56174,09772
09772,2015,11027.0,10.0,11027.0,10.0,0.0,1.990198,0.03439175,7.419577,0.25517225,627111.618538,5364962.56174,09772
09772,2016,11027.0,10.0,11027.0,10.0,0.0,1.9643586,0.03231202,7.230315,0.23362611,627111.618538,5364962.56174,09772
09772,2017,11027.0,10.0,11027.0,10.0,0.0,2.0360556,0.050739072,7.7677426,0.39412805,627111.618538,5364962.56174,09772
09772,2018,11027.0,10.0,11027.0,10.0,0.0,2.046941,0.016113373,7.852761,0.12653446,627111.618538,5364962.56174,09772
09772,2019,11027.0,10.0,11027.0,10.0,0.0,2.090634,0.030407697,8.203477,0.24944885,627111.618538,5364962.56174,09772
09772,2020,11027.0,10.0,11027.0,10.0,0.0,2.1167374,0.03160036,8.420435,0.26608875,627111.618538,5364962.56174,09772
09772,2021,11027.0,10.0,11027.0,10.0,0.0,2.1617217,0.00025109638,8.807871,0.0022116245,627111.618538,5364962.56174,09772
09772,2022,11027.0,10.0,11027.0,10.0,0.0,2.2623632,0.0008498121,9.740449,0.008277551,627111.618538,5364962.56174,09772
09772,2023,11027.0,10.0,11027.0,10.0,0.0,2.2766447,0.063019305,9.880556,0.6226658,627111.618538,5364962.56174,09772
09772,2024,11027.0,10.0,11027.0,10.0,0.0,2.3205905,0.06390398,10.324448,0.65977335,627111.618538,5364962.56174,09772
09772,2025,11027.0,10.0,11027.0,10.0,0.0,2.3607967,0.02519054,10.748012,0.27074823,627111.618538,5364962.56174,09772
09773,2007,16492.0,25.0,3782.0,15.0,0.0033496183,1.5189269,0.13015975,4.635181,0.603314,616170.898531,5397390.05624,09773
09773,2008,16492.0,25.0,3782.0,15.0,0.0033496183,1.7260921,0.027887695,5.702134,0.15901938,616170.898531,5397390.05624,09773
09773,2009,16492.0,25.0,3782.0,15.0,0.0033496183,1.6570553,0.113940395,5.321758,0.6063632,616170.898531,5397390.05624,09773
09773,2010,16492.0,25.0,3782.0,15.0,0.0033496183,1.6619663,0.072464645,5.347958,0.38753787,616170.898531,5397390.05624,09773
09773,2011,16492.0,25.0,3782.0,15.0,0.0033496183,1.6002338,0.025970396,5.027798,0.13057391,616170.898531,5397390.05624,09773
09773,2012,16492.0,25.0,3782.0,15.0,0.0033496183,1.6885349,0.073089294,5.491949,0.40140268,616170.898531,5397390.05624,09773
09773,2013,16492.0,25.0,3782.0,15.0,0.0033496183,1.8953686,0.028196802,6.7538786,0.19043778,616170.898531,5397390.05624,09773
09773,2014,16492.0,25.0,3782.0,15.0,0.0033496183,1.9587159,0.107842594,7.1955614,0.77598804,616170.898531,5397390.05624,09773
09773,2015,16492.0,25.0,3782.0,15.0,0.0033496183,1.9380783,0.118657455,7.0485835,0.83636695,616170.898531,5397390.05624,09773
09773,2016,16492.0,25.0,3782.0,15.0,0.0033496183,2.0010414,0.20257784,7.506654,1.5206817,616170.898531,5397390.05624,09773
09773,2017,16492.0,25.0,3782.0,15.0,0.0033496183,1.9379354,0.12908238,7.047576,0.90971786,616170.898531,5397390.05624,09773
09773,2018,16492.0,25.0,3782.0,15.0,0.0033496183,2.0295994,0.1826301,7.7241187,1.4106566,616170.898531,5397390.05624,09773
09773,2019,16492.0,25.0,3782.0,15.0,0.0033496183,2.1405404,0.097978316,8.630383,0.8455904,616170.898531,5397390.05624,09773
09773,2020,16492.0,25.0,3782.0,15.0,0.0033496183,2.0944138,0.16787624,8.241334,1.3835242,616170.898531,5397390.05624,09773
09773,2021,16492.0,25.0,3782.0,15.0,0.0033496183,2.209859,0.118285924,9.249849,1.0941269,616170.898531,5397390.05624,09773
09773,2022,16492.0,25.0,3782.0,15.0,0.0033496183,2.2527976,0.08474362,9.655677,0.818257,616170.898531,5397390.05624,09773
09773,2023,16492.0,25.0,3782.0,15.0,0.0033496183,2.2291243,0.09770559,9.429779,0.92134213,616170.898531,5397390.05624,09773
09773,2024,16492.0,25.0,3782.0,15.0,0.0033496183,2.2442262,0.12356868,9.573268,1.1829561,616170.898531,5397390.05624,09773
09773,2025,16492.0,25.0,3782.0,15.0,0.0033496183,2.323414,0.116756015,10.362178,1.2098465,616170.898531,5397390.05624,09773
09774,2007,22666.0,25.0,3425.0,10.0,-0.101518825,1.5238302,0.05689984,4.6528783,0.26474804,607096.503997,5344755.18115,09774
09774,2008,22666.0,25.0,3425.0,10.0,-0.101518825,1.5123928,0.028269745,4.5999646,0.13003983,607096.503997,5344755.18115,09774
09774,2009,22666.0,25.0,3425.0,10.0,-0.101518825,1.5614185,0.008677608,4.8311014,0.041922405,607096.503997,5344755.18115,09774
09774,2010,22666.0,25.0,3425.0,10.0,-0.101518825,1.5397866,0.024658568,4.727717,0.11657873,607096.503997,5344755.18115,09774
09774,2011,22666.0,25.0,3425.0,10.0,-0.101518825,1.5769912,0.0033089137,4.9069233,0.016236585,607096.503997,5344755.18115,09774
09774,2012,22666.0,25.0,3425.0,10.0,-0.101518825,1.5811565,0.028801104,4.9274044,0.14191468,607096.503997,5344755.18115,09774
09774,2013,22666.0,25.0,3425.0,10.0,-0.101518825,1.6867036,0.0026533487,5.4759154,0.014529513,607096.503997,5344755.18115,09774
09774,2014,22666.0,25.0,3425.0,10.0,-0.101518825,1.7328045,0.045262646,5.7342696,0.25954822,607096.503997,5344755.18115,09774
09774,2015,22666.0,25.0,3425.0,10.0,-0.101518825,1.7385231,0.017476588,5.7671556,0.10079021,607096.503997,5344755.18115,09774
09774,2016,22666.0,25.0,3425.0,10.0,-0.101518825,1.7910782,0.0075063845,6.078355,0.04562647,607096.503997,5344755.18115,09774
09774,2017,22666.0,25.0,3425.0,10.0,-0.101518825,1.8110669,0.020462852,6.2010756,0.1268917,607096.503997,5344755.18115,09774
09774,2018,22666.0,25.0,3425.0,10.0,-0.101518825,1.8441625,0.010881704,6.4097376,0.06974887,607096.503997,5344755.18115,09774
09774,2019,22666.0,25.0,3425.0,10.0,-0.101518825,1.8866984,0.017636405,6.688264,0.11795692,607096.503997,5344755.18115,09774
09774,2020,22666.0,25.0,3425.0,10.0,-0.101518825,1.9764466,0.012190762,7.316284,0.08919108,607096.503997,5344755.18115,09774
09774,2021,22666.0,25.0,3425.0,10.0,-0.101518825,2.0464265,0.0072981343,7.8466163,0.057265658,607096.503997,5344755.18115,09774
09774,2022,22666.0,25.0,3425.0,10.0,-0.101518825,2.09842,0.031747017,8.265382,0.26240122,607096.503997,5344755.18115,09774
09774,2023,22666.0,25.0,3425.0,10.0,-0.101518825,2.1403453,0.0022325085,8.619278,0.01924261,607096.503997,5344755.18115,09774
09774,2024,22666.0,25.0,3425.0,10.0,-0.101518825,2.2043679,0.017285872,9.189152,0.15884252,607096.503997,5344755.18115,09774
09774,2025,22666.0,25.0,3425.0,10.0,-0.101518825,2.214645,0.0008106483,9.284078,0.0075261225,607096.503997,5344755.18115,09774
09775,2007,13341.0,10.0,13341.0,10.0,0.0,1.8150582,0.00088408013,6.221899,0.0055006575,581360.684743,5345603.67883,09775
09775,2008,13341.0,10.0,13341.0,10.0,0.0,1.7225262,0.012751238,5.6720076,0.072325125,581360.684743,5345603.67883,09775
09775,2009,13341.0,10.0,13341.0,10.0,0.0,1.7348926,0.0018867456,5.7425857,0.010834798,581360.684743,5345603.67883,09775
09775,2010,13341.0,10.0,13341.0,10.0,0.0,1.7485882,0.0026603744,5.8217745,0.015488099,581360.684743,5345603.67883,09775
09775,2011,13341.0,10.0,13341.0,10.0,0.0,1.7961926,0.013356211,6.10562,0.081547946,581360.684743,5345603.67883,09775
09775,2012,13341.0,10.0,13341.0,10.0,0.0,1.7672843,0.010461896,5.9316425,0.062056225,581360.684743,5345603.67883,09775
09775,2013,13341.0,10.0,13341.0,10.0,0.0,1.8658458,0.027425472,6.546056,0.17952867,581360.684743,5345603.67883,09775
09775,2014,13341.0,10.0,13341.0,10.0,0.0,1.8489286,0.016179191,6.4362464,0.104133256,581360.684743,5345603.67883,09775
09775,2015,13341.0,10.0,13341.0,10.0,0.0,1.9479862,0.006114611,7.106453,0.043453194,581360.684743,5345603.67883,09775
09775,2016,13341.0,10.0,13341.0,10.0,0.0,1.9690821,0.041883986,7.2579618,0.30399236,581360.684743,5345603.67883,09775
09775,2017,13341.0,10.0,13341.0,10.0,0.0,2.1103592,0.0290233,8.359313,0.24261485,581360.684743,5345603.67883,09775
09775,2018,13341.0,10.0,13341.0,10.0,0.0,2.074594,0.04275075,8.065623,0.34481144,581360.684743,5345603.67883,09775
09775,2019,13341.0,10.0,13341.0,10.0,0.0,2.105026,0.026192702,8.314848,0.21778834,581360.684743,5345603.67883,09775
09775,2020,13341.0,10.0,13341.0,10.0,0.0,2.1727767,0.034304295,8.897707,0.30522957,581360.684743,5345603.67883,09775
09775,2021,13341.0,10.0,13341.0,10.0,0.0,2.1815772,0.013981827,8.976357,0.12550586,581360.684743,5345603.67883,09775
09775,2022,13341.0,10.0,13341.0,10.0,0.0,2.258754,0.071537405,9.696557,0.6936665,581360.684743,5345603.67883,09775
09775,2023,13341.0,10.0,13341.0,10.0,0.0,2.3461187,0.03742312,10.5818,0.39600396,581360.684743,5345603.67883,09775
09775,2024,13341.0,10.0,13341.0,10.0,0.0,2.3280013,0.026649753,10.391811,0.27693918,581360.684743,5345603.67883,09775
09775,2025,13341.0,10.0,13341.0,10.0,0.0,2.41453,0.015613294,11.331053,0.17691506,581360.684743,5345603.67883,09775
09776,2007,11104.0,10.0,11104.0,10.0,0.0,2.0375617,0.0056271623,7.8169,0.043986965,549607.370175,5269146.69916,09776
09776,2008,11104.0,10.0,11104.0,10.0,0.0,2.1546974,0.017323334,8.788322,0.15224305,549607.370175,5269146.69916,09776
09776,2009,11104.0,10.0,11104.0,10.0,0.0,2.1284957,0.011705605,8.561043,0.100212194,549607.370175,5269146.69916,09776
09776,2010,11104.0,10.0,11104.0,10.0,0.0,2.0870721,0.018307276,8.21366,0.15036975,549607.370175,5269146.69916,09776
09776,2011,11104.0,10.0,11104.0,10.0,0.0,2.120436,0.028142467,8.492322,0.2389949,549607.370175,5269146.69916,09776
09776,2012,11104.0,10.0,11104.0,10.0,0.0,2.1742935,0.0045500747,8.962237,0.04077885,549607.370175,5269146.69916,09776
09776,2013,11104.0,10.0,11104.0,10.0,0.0,2.1936433,0.0038477904,9.137345,0.03515859,549607.370175,5269146.69916,09776
09776,2014,11104.0,10.0,11104.0,10.0,0.0,2.2093248,0.005619956,9.281762,0.052163094,549607.370175,5269146.69916,09776
09776,2015,11104.0,10.0,11104.0,10.0,0.0,2.219197,0.004601294,9.373846,0.04313182,549607.370175,5269146.69916,09776
09776,2016,11104.0,10.0,11104.0,10.0,0.0,2.2978723,0.027745822,10.141123,0.2813738,549607.370175,5269146.69916,09776
09776,2017,11104.0,10.0,11104.0,10.0,0.0,2.28642,0.042421807,10.025647,0.42530605,549607.370175,5269146.69916,09776
09776,2018,11104.0,10.0,11104.0,10.0,0.0,2.3407931,0.010775375,10.585864,0.11406665,549607.370175,5269146.69916,09776
09776,2019,11104.0,10.0,11104.0,10.0,0.0,2.4275846,0.02983941,11.545677,0.34451616,549607.370175,5269146.69916,09776
09776,2020,11104.0,10.0,11104.0,10.0,0.0,2.432832,0.024406629,11.606421,0.28327364,549607.370175,5269146.69916,09776
09776,2021,11104.0,10.0,11104.0,10.0,0.0,2.4459362,0.008703738,11.759516,0.10235175,549607.370175,5269146.69916,09776
09776,2022,11104.0,10.0,11104.0,10.0,0.0,2.5274923,0.0009561479,12.758768,0.01219927,549607.370175,5269146.69916,09776
09776,2023,11104.0,10.0,11104.0,10.0,0.0,2.5805428,0.0064553213,13.453902,0.08684926,549607.370175,5269146.69916,09776
09776,2024,11104.0,10.0,11104.0,10.0,0.0,2.5526776,0.003005371,13.084184,0.039322827,549607.370175,5269146.69916,09776
09776,2025,11104.0,10.0,11104.0,10.0,0.0,2.651672,0.008202933,14.445722,0.11849728,549607.370175,5269146.69916,09776
09777,2007,10309.0,25.0,5490.0,10.0,-0.08882831,1.8355501,0.013017009,6.3717914,0.082941666,625090.59592,5271311.51233,09777
09777,2008,10309.0,25.0,5490.0,10.0,-0.08882831,1.8502486,0.012300896,6.4661384,0.07953929,625090.59592,5271311.51233,09777
09777,2009,10309.0,25.0,5490.0,10.0,-0.08882831,1.871373,0.035968658,6.6041856,0.23754367,625090.59592,5271311.51233,09777
09777,2010,10309.0,25.0,5490.0,10.0,-0.08882831,1.8505343,0.0315376,6.4679866,0.20398478,625090.59592,5271311.51233,09777
09777,2011,10309.0,25.0,5490.0,10.0,-0.08882831,1.8540065,0.026001848,6.4904833,0.16876456,625090.59592,5271311.51233,09777
09777,2012,10309.0,25.0,5490.0,10.0,-0.08882831,1.9029186,0.034950867,6.8158383,0.23821945,625090.59592,5271311.51233,09777
09777,2013,10309.0,25.0,5490.0,10.0,-0.08882831,1.9409808,0.02579904,7.0802646,0.18266404,625090.59592,5271311.51233,09777
09777,2014,10309.0,25.0,5490.0,10.0,-0.08882831,1.9726106,0.01826259,7.307792,0.13345921,625090.59592,5271311.51233,09777
09777,2015,10309.0,25.0,5490.0,10.0,-0.08882831,2.0236764,0.026927875,7.690662,0.20709318,625090.59592,5271311.51233,09777
09777,2016,10309.0,25.0,5490.0,10.0,-0.08882831,2.0024989,0.024627632,7.5295057,0.18543388,625090.59592,5271311.51233,09777
09777,2017,10309.0,25.0,5490.0,10.0,-0.08882831,2.06019,0.025038345,7.9766655,0.1997225,625090.59592,5271311.51233,09777
09777,2018,10309.0,25.0,5490.0,10.0,-0.08882831,2.1194105,0.028549604,8.463317,0.24162436,625090.59592,5271311.51233,09777
09777,2019,10309.0,25.0,5490.0,10.0,-0.08882831,2.137587,0.045860443,8.618556,0.3952508,625090.59592,5271311.51233,09777
09777,2020,10309.0,25.0,5490.0,10.0,-0.08882831,2.2162476,0.00300065,9.3238735,0.027977683,625090.59592,5271311.51233,09777
09777,2021,10309.0,25.0,5490.0,10.0,-0.08882831,2.2654836,0.020754255,9.794433,0.20327617,625090.59592,5271311.51233,09777
09777,2022,10309.0,25.0,5490.0,10.0,-0.08882831,2.3912,0.010104178,11.106502,0.11222207,625090.59592,5271311.51233,09777
09777,2023,10309.0,25.0,5490.0,10.0,-0.08882831,2.420422,0.025490679,11.4358425,0.2915074,625090.59592,5271311.51233,09777
09777,2024,10309.0,25.0,5490.0,10.0,-0.08882831,2.4464695,0.0010750401,11.737632,0.012618424,625090.59592,5271311.51233,09777
09777,2025,10309.0,25.0,5490.0,10.0,-0.08882831,2.4745367,0.011386854,12.071739,0.13745913,625090.59592,5271311.51233,09777
09778,2007,11770.0,10.0,11770.0,10.0,0.0,1.7368494,0.0169769,5.7541285,0.09768727,619323.713628,5317679.567,09778
09778,2008,11770.0,10.0,11770.0,10.0,0.0,1.7200665,0.00015848628,5.658364,0.000896773,619323.713628,5317679.567,09778
09778,2009,11770.0,10.0,11770.0,10.0,0.0,1.7526659,0.0047923145,5.845862,0.02801521,619323.713628,5317679.567,09778
09778,2010,11770.0,10.0,11770.0,10.0,0.0,1.7326275,0.003717942,5.729887,0.021303385,619323.713628,5317679.567,09778
09778,2011,11770.0,10.0,11770.0,10.0,0.0,1.7674376,0.001527702,5.9328566,0.009063637,619323.713628,5317679.567,09778
09778,2012,11770.0,10.0,11770.0,10.0,0.0,1.8244596,0.0008886138,6.2809906,0.005581375,619323.713628,5317679.567,09778
09778,2013,11770.0,10.0,11770.0,10.0,0.0,1.8682175,0.00013583804,6.561936,0.00089136045,619323.713628,5317679.567,09778
09778,2014,11770.0,10.0,11770.0,10.0,0.0,1.9185463,0.0030095703,6.900643,0.02076797,619323.713628,5317679.567,09778
09778,2015,11770.0,10.0,11770.0,10.0,0.0,2.0033922,0.00053741306,7.511689,0.00403688,619323.713628,5317679.567,09778
09778,2016,11770.0,10.0,11770.0,10.0,0.0,2.0284653,0.00052891596,7.7024117,0.004073928,619323.713628,5317679.567,09778
09778,2017,11770.0,10.0,11770.0,10.0,0.0,2.068421,0.0018174786,8.016397,0.014569631,619323.713628,5317679.567,09778
09778,2018,11770.0,10.0,11770.0,10.0,0.0,2.1215854,0.016937852,8.454118,0.1431946,619323.713628,5317679.567,09778
09778,2019,11770.0,10.0,11770.0,10.0,0.0,2.2186224,0.007750179,9.315602,0.07219759,619323.713628,5317679.567,09778
09778,2020,11770.0,10.0,11770.0,10.0,0.0,2.2359555,0.0020005326,9.478477,0.018962001,619323.713628,5317679.567,09778
09778,2021,11770.0,10.0,11770.0,10.0,0.0,2.2413077,0.00424825,9.529344,0.040483035,619323.713628,5317679.567,09778
09778,2022,11770.0,10.0,11770.0,10.0,0.0,2.307459,0.0027183874,10.181041,0.027676012,619323.713628,5317679.567,09778
09778,2023,11770.0,10.0,11770.0,10.0,0.0,2.3434503,0.0039205593,10.554143,0.041378144,619323.713628,5317679.567,09778
09778,2024,11770.0,10.0,11770.0,10.0,0.0,2.3643184,0.002719515,10.776702,0.029307403,619323.713628,5317679.567,09778
09778,2025,11770.0,10.0,11770.0,10.0,0.0,2.3971725,0.012472975,11.136641,0.13890705,619323.713628,5317679.567,09778
09779,2007,15137.0,25.0,4630.0,10.0,-0.068331406,1.7185951,0.0140342675,5.658722,0.079416014,634147.127121,5394315.248,09779
09779,2008,15137.0,25.0,4630.0,10.0,-0.068331406,1.6750715,0.0014814859,5.4177165,0.008026271,634147.127121,5394315.248,09779
09779,2009,15137.0,25.0,4630.0,10.0,-0.068331406,1.710617,0.026401194,5.613755,0.14820984,634147.127121,5394315.248,09779
09779,2010,15137.0,25.0,4630.0,10.0,-0.068331406,1.7840786,0.026639756,6.0416765,0.16094878,634147.127121,5394315.248,09779
09779,2011,15137.0,25.0,4630.0,10.0,-0.068331406,1.6990087,0.0023289137,5.548966,0.012923063,634147.127121,5394315.248,09779
09779,2012,15137.0,25.0,4630.0,10.0,-0.068331406,1.8174989,0.012259437,6.247003,0.07658474,634147.127121,5394315.248,09779
09779,2013,15137.0,25.0,4630.0,10.0,-0.068331406,1.9277705,0.0053374567,6.9752865,0.03723029,634147.127121,5394315.248,09779
09779,2014,15137.0,25.0,4630.0,10.0,-0.068331406,1.9444046,0.0074954564,7.092284,0.053159907,634147.127121,5394315.248,09779
09779,2015,15137.0,25.0,4630.0,10.0,-0.068331406,1.9746933,0.003214642,7.310387,0.023500277,634147.127121,5394315.248,09779
09779,2016,15137.0,25.0,4630.0,10.0,-0.068331406,1.9993076,0.0015785675,7.49256,0.011827512,634147.127121,5394315.248,09779
09779,2017,15137.0,25.0,4630.0,10.0,-0.068331406,2.025524,0.016343739,7.691584,0.12570925,634147.127121,5394315.248,09779
09779,2018,15137.0,25.0,4630.0,10.0,-0.068331406,2.053968,0.044033326,7.9135056,0.348458,634147.127121,5394315.248,09779
09779,2019,15137.0,25.0,4630.0,10.0,-0.068331406,2.0780056,0.050004825,8.106031,0.40534067,634147.127121,5394315.248,09779
09779,2020,15137.0,25.0,4630.0,10.0,-0.068331406,2.1109586,0.018521054,8.3776,0.15516196,634147.127121,5394315.248,09779
09779,2021,15137.0,25.0,4630.0,10.0,-0.068331406,2.174234,0.039733544,8.924826,0.35461494,634147.127121,5394315.248,09779
09779,2022,15137.0,25.0,4630.0,10.0,-0.068331406,2.2117937,0.01925727,9.266415,0.17844585,634147.127121,5394315.248,09779
09779,2023,15137.0,25.0,4630.0,10.0,-0.068331406,2.2563443,0.0067463834,9.688575,0.06536284,634147.127121,5394315.248,09779
09779,2024,15137.0,25.0,4630.0,10.0,-0.068331406,2.2725985,0.015033861,9.847342,0.14804356,634147.127121,5394315.248,09779
09779,2025,15137.0,25.0,4630.0,10.0,-0.068331406,2.3425763,0.005701414,10.561118,0.060213305,634147.127121,5394315.248,09779
09780,2007,39579.0,25.0,2448.0,10.0,0.06834695,1.5874162,0.051598266,4.980734,0.25699723,588165.741158,5293712.77632,09780
09780,2008,39579.0,25.0,2448.0,10.0,0.06834695,1.671629,0.023579506,5.4183435,0.12776187,588165.741158,5293712.77632,09780
09780,2009,39579.0,25.0,2448.0,10.0,0.06834695,1.6988441,0.03888562,5.567829,0.2165085,588165.741158,5293712.77632,09780
09780,2010,39579.0,25.0,2448.0,10.0,0.06834695,1.7390198,0.018119266,5.7960744,0.10502061,588165.741158,5293712.77632,09780
09780,2011,39579.0,25.0,2448.0,10.0,0.06834695,1.6823007,0.0030793573,5.476476,0.016864026,588165.741158,5293712.77632,09780
09780,2012,39579.0,25.0,2448.0,10.0,0.06834695,1.7532289,0.037353504,5.8790197,0.219602,588165.741158,5293712.77632,09780
09780,2013,39579.0,25.0,2448.0,10.0,0.06834695,1.7912394,0.002277314,6.106786,0.0139070675,588165.741158,5293712.77632,09780
09780,2014,39579.0,25.0,2448.0,10.0,0.06834695,1.7528396,0.015336259,5.8767314,0.09012708,588165.741158,5293712.77632,09780
09780,2015,39579.0,25.0,2448.0,10.0,0.06834695,1.8055614,0.024855845,6.194876,0.15397888,588165.741158,5293712.77632,09780
09780,2016,39579.0,25.0,2448.0,10.0,0.06834695,1.9434298,0.038201522,7.110631,0.27163693,588165.741158,5293712.77632,09780
09780,2017,39579.0,25.0,2448.0,10.0,0.06834695,1.9843549,0.010105303,7.4076705,0.07485676,588165.741158,5293712.77632,09780
09780,2018,39579.0,25.0,2448.0,10.0,0.06834695,2.0870178,0.00036967432,8.2085705,0.0030344978,588165.741158,5293712.77632,09780
09780,2019,39579.0,25.0,2448.0,10.0,0.06834695,2.140481,0.0435431,8.65937,0.37705585,588165.741158,5293712.77632,09780
09780,2020,39579.0,25.0,2448.0,10.0,0.06834695,2.2943058,0.04116057,10.099308,0.41569325,588165.741158,5293712.77632,09780
09780,2021,39579.0,25.0,2448.0,10.0,0.06834695,2.1877668,0.028184598,9.078673,0.25587875,588165.741158,5293712.77632,09780
09780,2022,39579.0,25.0,2448.0,10.0,0.06834695,2.303535,0.03255147,10.192947,0.33179542,588165.741158,5293712.77632,09780
09780,2023,39579.0,25.0,2448.0,10.0,0.06834695,2.3408365,0.022430608,10.580341,0.23732348,588165.741158,5293712.77632,09780
09780,2024,39579.0,25.0,2448.0,10.0,0.06834695,2.4001508,0.015506833,11.226891,0.17409351,588165.741158,5293712.77632,09780
09780,2025,39579.0,25.0,2448.0,10.0,0.06834695,2.45453,0.01910291,11.854305,0.22645174,588165.741158,5293712.77632,09780
10041,2007,35965.0,10.0,35965.0,10.0,0.0,1.7957537,0.007346428,6.123675,0.04498714,354920.460193,5456024.28496,10041
10041,2008,35965.0,10.0,35965.0,10.0,0.0,1.8390018,0.012150745,6.3943224,0.07769579,354920.460193,5456024.28496,10041
10041,2009,35965.0,10.0,35965.0,10.0,0.0,1.8090646,0.007210345,6.2057314,0.044745464,354920.460193,5456024.28496,10041
10041,2010,35965.0,10.0,35965.0,10.0,0.0,1.8204702,0.0029911334,6.276917,0.018775096,354920.460193,5456024.28496,10041
10041,2011,35965.0,10.0,35965.0,10.0,0.0,1.869987,0.014096999,6.5955534,0.09297751,354920.460193,5456024.28496,10041
10041,2012,35965.0,10.0,35965.0,10.0,0.0,1.9018683,0.018807413,6.8092165,0.12806375,354920.460193,5456024.28496,10041
10041,2013,35965.0,10.0,35965.0,10.0,0.0,1.9617665,0.021475513,7.2295384,0.15525804,354920.460193,5456024.28496,10041
10041,2014,35965.0,10.0,35965.0,10.0,0.0,1.9774797,0.014134145,7.344035,0.10380166,354920.460193,5456024.28496,10041
10041,2015,35965.0,10.0,35965.0,10.0,0.0,1.9700118,0.015620169,7.2893953,0.11386159,354920.460193,5456024.28496,10041
10041,2016,35965.0,10.0,35965.0,10.0,0.0,1.9861755,0.0054891137,7.408176,0.040664323,354920.460193,5456024.28496,10041
10041,2017,35965.0,10.0,35965.0,10.0,0.0,2.0680413,0.020664845,8.040169,0.16614884,354920.460193,5456024.28496,10041
10041,2018,35965.0,10.0,35965.0,10.0,0.0,2.0756114,0.0155309485,8.101263,0.12582031,354920.460193,5456024.28496,10041
10041,2019,35965.0,10.0,35965.0,10.0,0.0,2.0909748,0.01841691,8.226688,0.15151018,354920.460193,5456024.28496,10041
10041,2020,35965.0,10.0,35965.0,10.0,0.0,2.123785,0.018026717,8.501084,0.15324664,354920.460193,5456024.28496,10041
10041,2021,35965.0,10.0,35965.0,10.0,0.0,2.1462288,0.020313509,8.694038,0.17660643,354920.460193,5456024.28496,10041
10041,2022,35965.0,10.0,35965.0,10.0,0.0,2.2097487,0.014016114,9.264199,0.12984808,354920.460193,5456024.28496,10041
10041,2023,35965.0,10.0,35965.0,10.0,0.0,2.2397146,0.011732047,9.546011,0.11199425,354920.460193,5456024.28496,10041
10041,2024,35965.0,10.0,35965.0,10.0,0.0,2.256833,0.0033597057,9.71083,0.03262553,354920.460193,5456024.28496,10041
10041,2025,35965.0,10.0,35965.0,10.0,0.0,2.3337157,0.006219894,10.486874,0.06522724,354920.460193,5456024.28496,10041
10042,2007,21448.0,25.0,4502.0,10.0,0.060193937,1.6490723,0.027854342,5.303075,0.14771366,336203.185132,5476805.83195,10042
10042,2008,21448.0,25.0,4502.0,10.0,0.060193937,1.5889709,0.004674715,4.9937415,0.023344317,336203.185132,5476805.83195,10042
10042,2009,21448.0,25.0,4502.0,10.0,0.060193937,1.6272992,0.0041552,5.1888585,0.021560745,336203.185132,5476805.83195,10042
10042,2010,21448.0,25.0,4502.0,10.0,0.060193937,1.6626995,0.08121854,5.3758354,0.43661752,336203.185132,5476805.83195,10042
10042,2011,21448.0,25.0,4502.0,10.0,0.060193937,1.7071934,0.016357474,5.6204286,0.091936015,336203.185132,5476805.83195,10042
10042,2012,21448.0,25.0,4502.0,10.0,0.060193937,1.6896445,0.012666521,5.522657,0.069952846,336203.185132,5476805.83195,10042
10042,2013,21448.0,25.0,4502.0,10.0,0.060193937,1.6566873,0.048749674,5.3436117,0.26049936,336203.185132,5476805.83195,10042
10042,2014,21448.0,25.0,4502.0,10.0,0.060193937,1.739539,0.015421178,5.8051972,0.08952298,336203.185132,5476805.83195,10042
10042,2015,21448.0,25.0,4502.0,10.0,0.060193937,1.7836562,0.05333128,6.0670395,0.32356298,336203.185132,5476805.83195,10042
10042,2016,21448.0,25.0,4502.0,10.0,0.060193937,1.8245906,0.024144324,6.320543,0.15260524,336203.185132,5476805.83195,10042
10042,2017,21448.0,25.0,4502.0,10.0,0.060193937,1.9301503,0.043020204,7.0242243,0.30218354,336203.185132,5476805.83195,10042
10042,2018,21448.0,25.0,4502.0,10.0,0.060193937,1.9799029,0.02079199,7.3825374,0.15349765,336203.185132,5476805.83195,10042
10042,2019,21448.0,25.0,4502.0,10.0,0.060193937,2.0139527,0.08426704,7.638241,0.64365196,336203.185132,5476805.83195,10042
10042,2020,21448.0,25.0,4502.0,10.0,0.060193937,2.0129778,0.001929719,7.630797,0.014725294,336203.185132,5476805.83195,10042
10042,2021,21448.0,25.0,4502.0,10.0,0.060193937,2.0245285,0.026497781,7.7194495,0.20454827,336203.185132,5476805.83195,10042
10042,2022,21448.0,25.0,4502.0,10.0,0.060193937,2.0209181,0.01662968,7.6916304,0.12790935,336203.185132,5476805.83195,10042
10042,2023,21448.0,25.0,4502.0,10.0,0.060193937,2.043069,0.009833116,7.8639064,0.0773267,336203.185132,5476805.83195,10042
10042,2024,21448.0,25.0,4502.0,10.0,0.060193937,2.141538,0.005369249,8.677665,0.04659254,336203.185132,5476805.83195,10042
10042,2025,21448.0,25.0,4502.0,10.0,0.060193937,2.1449764,0.0139025245,8.707554,0.12105698,336203.185132,5476805.83195,10042
10043,2007,59843.0,25.0,3075.0,10.0,-0.0013074472,1.6844742,0.008353564,5.4892807,0.045855056,353426.330335,5474131.50416,10043
10043,2008,59843.0,25.0,3075.0,10.0,-0.0013074472,1.5260142,0.016774239,4.684866,0.07858506,353426.330335,5474131.50416,10043
10043,2009,59843.0,25.0,3075.0,10.0,-0.0013074472,1.5504256,0.026232177,4.8006377,0.12593117,353426.330335,5474131.50416,10043
10043,2010,59843.0,25.0,3075.0,10.0,-0.0013074472,1.5952934,0.0099369455,5.0209365,0.049892776,353426.330335,5474131.50416,10043
10043,2011,59843.0,25.0,3075.0,10.0,-0.0013074472,1.6025211,0.03698678,5.057358,0.18705538,353426.330335,5474131.50416,10043
10043,2012,59843.0,25.0,3075.0,10.0,-0.0013074472,1.6507448,0.05244884,5.3072186,0.27835745,353426.330335,5474131.50416,10043
10043,2013,59843.0,25.0,3075.0,10.0,-0.0013074472,1.5581174,0.034263026,4.8377047,0.16575441,353426.330335,5474131.50416,10043
10043,2014,59843.0,25.0,3075.0,10.0,-0.0013074472,1.5964918,0.010730082,5.026957,0.053939663,353426.330335,5474131.50416,10043
10043,2015,59843.0,25.0,3075.0,10.0,-0.0013074472,1.6811274,0.018181523,5.4709406,0.099470034,353426.330335,5474131.50416,10043
10043,2016,59843.0,25.0,3075.0,10.0,-0.0013074472,1.7113595,0.01026118,5.6388636,0.057861395,353426.330335,5474131.50416,10043
10043,2017,59843.0,25.0,3075.0,10.0,-0.0013074472,1.6932901,0.0196087,5.5378876,0.10859079,353426.330335,5474131.50416,10043
10043,2018,59843.0,25.0,3075.0,10.0,-0.0013074472,1.738168,0.0004529126,5.792078,0.0026233052,353426.330335,5474131.50416,10043
10043,2019,59843.0,25.0,3075.0,10.0,-0.0013074472,1.7398676,0.0032804387,5.80193,0.019032875,353426.330335,5474131.50416,10043
10043,2020,59843.0,25.0,3075.0,10.0,-0.0013074472,1.8096647,0.030382613,6.221355,0.18902104,353426.330335,5474131.50416,10043
10043,2021,59843.0,25.0,3075.0,10.0,-0.0013074472,1.8374368,0.008306484,6.396557,0.053132895,353426.330335,5474131.50416,10043
10043,2022,59843.0,25.0,3075.0,10.0,-0.0013074472,1.938473,0.018673329,7.0766177,0.132144,353426.330335,5474131.50416,10043
10043,2023,59843.0,25.0,3075.0,10.0,-0.0013074472,1.9413333,0.014251969,7.0968876,0.10114462,353426.330335,5474131.50416,10043
10043,2024,59843.0,25.0,3075.0,10.0,-0.0013074472,2.0342054,0.021055825,7.7875676,0.16397366,353426.330335,5474131.50416,10043
10043,2025,59843.0,25.0,3075.0,10.0,-0.0013074472,2.0396502,0.027869873,7.8300853,0.21822348,353426.330335,5474131.50416,10043
10044,2007,39046.0,25.0,6704.0,10.0,-0.20877914,1.7026204,0.039705362,5.59679,0.22222257,335387.338653,5470659.18725,10044
10044,2008,39046.0,25.0,6704.0,10.0,-0.20877914,1.6072543,0.013157174,5.087706,0.06693984,335387.338653,5470659.18725,10044
10044,2009,39046.0,25.0,6704.0,10.0,-0.20877914,1.5813296,0.0010578323,4.957504,0.005244207,335387.338653,5470659.18725,10044
10044,2010,39046.0,25.0,6704.0,10.0,-0.20877914,1.691412,0.010725238,5.5344086,0.05935785,335387.338653,5470659.18725,10044
10044,2011,39046.0,25.0,6704.0,10.0,-0.20877914,1.6497629,0.023047293,5.30864,0.12234978,335387.338653,5470659.18725,10044
10044,2012,39046.0,25.0,6704.0,10.0,-0.20877914,1.646692,0.005174326,5.2923627,0.027384408,335387.338653,5470659.18725,10044
10044,2013,39046.0,25.0,6704.0,10.0,-0.20877914,1.6029489,0.0222393,5.065849,0.11266092,335387.338653,5470659.18725,10044
10044,2014,39046.0,25.0,6704.0,10.0,-0.20877914,1.689837,0.009015134,5.525699,0.049814917,335387.338653,5470659.18725,10044
10044,2015,39046.0,25.0,6704.0,10.0,-0.20877914,1.7389934,0.0034876787,5.8041096,0.02024287,335387.338653,5470659.18725,10044
10044,2016,39046.0,25.0,6704.0,10.0,-0.20877914,1.8017352,0.0155154085,6.1799364,0.09588423,335387.338653,5470659.18725,10044
10044,2017,39046.0,25.0,6704.0,10.0,-0.20877914,1.8657227,0.04222631,6.5883007,0.27819964,335387.338653,5470659.18725,10044
10044,2018,39046.0,25.0,6704.0,10.0,-0.20877914,1.8772967,0.009892373,6.664997,0.06593263,335387.338653,5470659.18725,10044
10044,2019,39046.0,25.0,6704.0,10.0,-0.20877914,1.925112,0.03199699,6.991428,0.22370465,335387.338653,5470659.18725,10044
10044,2020,39046.0,25.0,6704.0,10.0,-0.20877914,1.9308072,0.0033108958,7.031359,0.023280097,335387.338653,5470659.18725,10044
10044,2021,39046.0,25.0,6704.0,10.0,-0.20877914,1.9561676,0.024712918,7.211957,0.1782285,335387.338653,5470659.18725,10044
10044,2022,39046.0,25.0,6704.0,10.0,-0.20877914,1.9575675,0.0064160232,7.22206,0.046336908,335387.338653,5470659.18725,10044
10044,2023,39046.0,25.0,6704.0,10.0,-0.20877914,2.0040534,0.0064167287,7.5657096,0.048547108,335387.338653,5470659.18725,10044
10044,2024,39046.0,25.0,6704.0,10.0,-0.20877914,2.106575,0.024793008,8.382514,0.20782775,335387.338653,5470659.18725,10044
10044,2025,39046.0,25.0,6704.0,10.0,-0.20877914,2.0941365,0.019399583,8.2788925,0.16060705,335387.338653,5470659.18725,10044
10045,2007,13674.0,10.0,13674.0,10.0,0.0,1.6530745,0.009932323,5.306275,0.05270364,374046.822061,5469126.38858,10045
10045,2008,13674.0,10.0,13674.0,10.0,0.0,1.7050484,0.084699675,5.589356,0.47341663,374046.822061,5469126.38858,10045
10045,2009,13674.0,10.0,13674.0,10.0,0.0,1.6704417,0.019201823,5.3992357,0.103675164,374046.822061,5469126.38858,10045
10045,2010,13674.0,10.0,13674.0,10.0,0.0,1.6733575,0.005927775,5.4150014,0.03209891,374046.822061,5469126.38858,10045
10045,2011,13674.0,10.0,13674.0,10.0,0.0,1.6249958,0.027796429,5.1593547,0.14341164,374046.822061,5469126.38858,10045
10045,2012,13674.0,10.0,13674.0,10.0,0.0,1.6618319,0.05568428,5.3529487,0.29807508,374046.822061,5469126.38858,10045
10045,2013,13674.0,10.0,13674.0,10.0,0.0,1.694743,0.00414126,5.532051,0.022909664,374046.822061,5469126.38858,10045
10045,2014,13674.0,10.0,13674.0,10.0,0.0,1.7229521,0.026030045,5.690327,0.14811948,374046.822061,5469126.38858,10045
10045,2015,13674.0,10.0,13674.0,10.0,0.0,1.7533569,0.02554121,5.8659973,0.14982468,374046.822061,5469126.38858,10045
10045,2016,13674.0,10.0,13674.0,10.0,0.0,1.760372,0.0059029385,5.907293,0.034870386,374046.822061,5469126.38858,10045
10045,2017,13674.0,10.0,13674.0,10.0,0.0,1.8193097,0.034151018,6.2659197,0.21398754,374046.822061,5469126.38858,10045
10045,2018,13674.0,10.0,13674.0,10.0,0.0,1.8295424,0.00015845791,6.330366,0.0010030966,374046.822061,5469126.38858,10045
10045,2019,13674.0,10.0,13674.0,10.0,0.0,1.818193,0.06452484,6.258926,0.4038562,374046.822061,5469126.38858,10045
10045,2020,13674.0,10.0,13674.0,10.0,0.0,1.8888515,0.032640774,6.717171,0.21925366,374046.822061,5469126.38858,10045
10045,2021,13674.0,10.0,13674.0,10.0,0.0,1.8878975,0.053189144,6.7107663,0.3569399,374046.822061,5469126.38858,10045
10045,2022,13674.0,10.0,13674.0,10.0,0.0,2.0120893,0.022590484,7.598151,0.17164592,374046.822061,5469126.38858,10045
10045,2023,13674.0,10.0,13674.0,10.0,0.0,2.1060472,0.0004417238,8.346672,0.0036869233,374046.822061,5469126.38858,10045
10045,2024,13674.0,10.0,13674.0,10.0,0.0,2.073468,0.10529464,8.079124,0.8506885,374046.822061,5469126.38858,10045
10045,2025,13674.0,10.0,13674.0,10.0,0.0,2.1925333,0.007594627,9.1006775,0.06911625,374046.822061,5469126.38858,10045
10046,2007,25415.0,25.0,1706.0,10.0,-0.12062456,1.598837,0.058757927,5.0443244,0.29639405,372633.679978,5488645.42234,10046
10046,2008,25415.0,25.0,1706.0,10.0,-0.12062456,1.5631187,0.06132205,4.8673296,0.29847464,372633.679978,5488645.42234,10046
10046,2009,25415.0,25.0,1706.0,10.0,-0.12062456,1.538591,0.09545318,4.7493978,0.45334515,372633.679978,5488645.42234,10046
10046,2010,25415.0,25.0,1706.0,10.0,-0.12062456,1.5659958,0.054175064,4.881354,0.26444766,372633.679978,5488645.42234,10046
10046,2011,25415.0,25.0,1706.0,10.0,-0.12062456,1.5972406,0.057802185,5.036278,0.29110786,372633.679978,5488645.42234,10046
10046,2012,25415.0,25.0,1706.0,10.0,-0.12062456,1.6579685,0.06283087,5.3515983,0.3362456,372633.679978,5488645.42234,10046
10046,2013,25415.0,25.0,1706.0,10.0,-0.12062456,1.6065607,0.06412223,5.0834365,0.32596126,372633.679978,5488645.42234,10046
10046,2014,25415.0,25.0,1706.0,10.0,-0.12062456,1.6003091,0.0545433,5.0517564,0.27553946,372633.679978,5488645.42234,10046
10046,2015,25415.0,25.0,1706.0,10.0,-0.12062456,1.6437224,0.023099853,5.2759,0.12187251,372633.679978,5488645.42234,10046
10046,2016,25415.0,25.0,1706.0,10.0,-0.12062456,1.5741508,0.031754754,4.921324,0.15627542,372633.679978,5488645.42234,10046
10046,2017,25415.0,25.0,1706.0,10.0,-0.12062456,1.7186185,0.06586053,5.686218,0.37449732,372633.679978,5488645.42234,10046
10046,2018,25415.0,25.0,1706.0,10.0,-0.12062456,1.7112502,0.019129692,5.644474,0.10797705,372633.679978,5488645.42234,10046
10046,2019,25415.0,25.0,1706.0,10.0,-0.12062456,1.7081397,0.043281663,5.6269436,0.24354348,372633.679978,5488645.42234,10046
10046,2020,25415.0,25.0,1706.0,10.0,-0.12062456,1.7928119,0.06221796,6.1241417,0.38103157,372633.679978,5488645.42234,10046
10046,2021,25415.0,25.0,1706.0,10.0,-0.12062456,1.7634006,0.014398228,5.9466457,0.08562116,372633.679978,5488645.42234,10046
10046,2022,25415.0,25.0,1706.0,10.0,-0.12062456,1.8109884,0.028501024,6.2364755,0.17774594,372633.679978,5488645.42234,10046
10046,2023,25415.0,25.0,1706.0,10.0,-0.12062456,1.9382384,0.02858075,7.0827703,0.20243089,372633.679978,5488645.42234,10046
10046,2024,25415.0,25.0,1706.0,10.0,-0.12062456,2.004576,0.004808026,7.5685596,0.03638983,372633.679978,5488645.42234,10046
10046,2025,25415.0,25.0,1706.0,10.0,-0.12062456,2.0336888,0.07223334,7.79214,0.56285226,372633.679978,5488645.42234,10046
11000,2007,1568612.0,10.0,1568612.0,10.0,0.0,1.8576578,0.028783442,6.674266,0.19210833,798734.794766,5825933.13539,11000
11000,2008,1568612.0,10.0,1568612.0,10.0,0.0,1.9165154,0.024954371,7.078887,0.17664917,798734.794766,5825933.13539,11000
11000,2009,1568612.0,10.0,1568612.0,10.0,0.0,1.968911,0.013686053,7.4596796,0.10209358,798734.794766,5825933.13539,11000
11000,2010,1568612.0,10.0,1568612.0,10.0,0.0,2.0457869,0.0060551786,8.055767,0.04877911,798734.794766,5825933.13539,11000
11000,2011,1568612.0,10.0,1568612.0,10.0,0.0,2.1470065,0.0041053263,8.913865,0.036594328,798734.794766,5825933.13539,11000
11000,2012,1568612.0,10.0,1568612.0,10.0,0.0,2.2295535,0.012355143,9.680899,0.119608894,798734.794766,5825933.13539,11000
11000,2013,1568612.0,10.0,1568612.0,10.0,0.0,2.290013,0.01469505,10.284259,0.1511277,798734.794766,5825933.13539,11000
11000,2014,1568612.0,10.0,1568612.0,10.0,0.0,2.36551,0.0202807,11.090749,0.22492816,798734.794766,5825933.13539,11000
11000,2015,1568612.0,10.0,1568612.0,10.0,0.0,2.3847446,0.018028133,11.306141,0.2038286,798734.794766,5825933.13539,11000
11000,2016,1568612.0,10.0,1568612.0,10.0,0.0,2.4584086,0.031685617,12.170439,0.38562787,798734.794766,5825933.13539,11000
11000,2017,1568612.0,10.0,1568612.0,10.0,0.0,2.6208,0.02582725,14.316337,0.3697516,798734.794766,5825933.13539,11000
11000,2018,1568612.0,10.0,1568612.0,10.0,0.0,2.7151427,0.03816208,15.732745,0.60039425,798734.794766,5825933.13539,11000
11000,2019,1568612.0,10.0,1568612.0,10.0,0.0,2.8042917,0.012074055,17.199718,0.20767036,798734.794766,5825933.13539,11000
11000,2020,1568612.0,10.0,1568612.0,10.0,0.0,2.8393137,0.007387358,17.812761,0.13158925,798734.794766,5825933.13539,11000
11000,2021,1568612.0,10.0,1568612.0,10.0,0.0,2.8679743,0.010887232,18.33067,0.19957025,798734.794766,5825933.13539,11000
11000,2022,1568612.0,10.0,1568612.0,10.0,0.0,2.993922,0.051089507,20.791065,1.0622053,798734.794766,5825933.13539,11000
11000,2023,1568612.0,10.0,1568612.0,10.0,0.0,2.7229877,0.019112067,15.856652,0.3030534,798734.794766,5825933.13539,11000
11000,2024,1568612.0,10.0,1568612.0,10.0,0.0,2.7346847,0.019667968,16.043215,0.31553742,798734.794766,5825933.13539,11000
11000,2025,1568612.0,10.0,1568612.0,10.0,0.0,2.8329375,0.0042300904,17.699543,0.074870676,798734.794766,5825933.13539,11000
12051,2007,30741.0,10.0,30741.0,10.0,0.0,1.5105532,0.008290322,4.592474,0.038073085,739395.502681,5811669.80303,12051
12051,2008,30741.0,10.0,30741.0,10.0,0.0,1.530487,0.02451813,4.684937,0.1148659,739395.502681,5811669.80303,12051
12051,2009,30741.0,10.0,30741.0,10.0,0.0,1.5643208,0.05671331,4.8461585,0.2748417,739395.502681,5811669.80303,12051
12051,2010,30741.0,10.0,30741.0,10.0,0.0,1.568682,0.053489067,4.8673396,0.26034945,739395.502681,5811669.80303,12051
12051,2011,30741.0,10.0,30741.0,10.0,0.0,1.5664877,0.041771308,4.856671,0.2028695,739395.502681,5811669.80303,12051
12051,2012,30741.0,10.0,30741.0,10.0,0.0,1.5966666,0.04363702,5.0054746,0.21842398,739395.502681,5811669.80303,12051
12051,2013,30741.0,10.0,30741.0,10.0,0.0,1.6269134,0.06246132,5.1591873,0.32224965,739395.502681,5811669.80303,12051
12051,2014,30741.0,10.0,30741.0,10.0,0.0,1.6183137,0.0748738,5.11501,0.3829802,739395.502681,5811669.80303,12051
12051,2015,30741.0,10.0,30741.0,10.0,0.0,1.5881051,0.03604976,4.962803,0.17890786,739395.502681,5811669.80303,12051
12051,2016,30741.0,10.0,30741.0,10.0,0.0,1.6400685,0.0014741065,5.2275047,0.0077058985,739395.502681,5811669.80303,12051
12051,2017,30741.0,10.0,30741.0,10.0,0.0,1.6926649,0.004172819,5.5098114,0.022991449,739395.502681,5811669.80303,12051
12051,2018,30741.0,10.0,30741.0,10.0,0.0,1.7188244,0.06456141,5.6558475,0.3651495,739395.502681,5811669.80303,12051
12051,2019,30741.0,10.0,30741.0,10.0,0.0,1.7549932,0.06824432,5.8641577,0.40019545,739395.502681,5811669.80303,12051
12051,2020,30741.0,10.0,30741.0,10.0,0.0,1.8760941,0.017450271,6.619102,0.11550513,739395.502681,5811669.80303,12051
12051,2021,30741.0,10.0,30741.0,10.0,0.0,1.9404786,0.0054340637,7.0592875,0.038360618,739395.502681,5811669.80303,12051
12051,2022,30741.0,10.0,30741.0,10.0,0.0,1.9704542,0.0067540677,7.274098,0.04912975,739395.502681,5811669.80303,12051
12051,2023,30741.0,10.0,30741.0,10.0,0.0,2.014066,0.014988985,7.5983524,0.113891594,739395.502681,5811669.80303,12051
12051,2024,30741.0,10.0,30741.0,10.0,0.0,2.1435738,0.031271692,8.648963,0.2704677,739395.502681,5811669.80303,12051
12051,2025,30741.0,10.0,30741.0,10.0,0.0,2.1110787,0.041884255,8.372431,0.35067302,739395.502681,5811669.80303,12051
12052,2007,57992.0,10.0,57992.0,10.0,0.0,1.6569958,0.005347651,5.3226776,0.028463822,870137.325372,5749376.636,12052
12052,2008,57992.0,10.0,57992.0,10.0,0.0,1.6562684,0.0053363577,5.318807,0.028383058,870137.325372,5749376.636,12052
12052,2009,57992.0,10.0,57992.0,10.0,0.0,1.6480933,0.0067768446,5.2755027,0.03575126,870137.325372,5749376.636,12052
12052,2010,57992.0,10.0,57992.0,10.0,0.0,1.5637805,0.003563001,4.848945,0.017276796,870137.325372,5749376.636,12052
12052,2011,57992.0,10.0,57992.0,10.0,0.0,1.5930802,0.0047312905,4.9931192,0.023623897,870137.325372,5749376.636,12052
12052,2012,57992.0,10.0,57992.0,10.0,0.0,1.3995296,0.0052430406,4.114471,0.02157234,870137.325372,5749376.636,12052
12052,2013,57992.0,10.0,57992.0,10.0,0.0,1.5954137,0.029721985,5.0047846,0.14875214,870137.325372,5749376.636,12052
12052,2014,57992.0,10.0,57992.0,10.0,0.0,1.7194045,0.042018294,5.6654434,0.23805226,870137.325372,5749376.636,12052
12052,2015,57992.0,10.0,57992.0,10.0,0.0,1.7104319,0.036778446,5.614837,0.20650499,870137.325372,5749376.636,12052
12052,2016,57992.0,10.0,57992.0,10.0,0.0,1.7280852,0.029976103,5.714837,0.17130855,870137.325372,5749376.636,12052
12052,2017,57992.0,10.0,57992.0,10.0,0.0,1.7104497,0.021665553,5.6149373,0.121650726,870137.325372,5749376.636,12052
12052,2018,57992.0,10.0,57992.0,10.0,0.0,1.7690488,0.057889972,5.953799,0.34466523,870137.325372,5749376.636,12052
12052,2019,57992.0,10.0,57992.0,10.0,0.0,1.834809,0.035304658,6.358482,0.22448404,870137.325372,5749376.636,12052
12052,2020,57992.0,10.0,57992.0,10.0,0.0,1.8066918,0.03272638,6.182189,0.20232067,870137.325372,5749376.636,12052
12052,2021,57992.0,10.0,57992.0,10.0,0.0,1.7877007,0.03723659,6.0658903,0.22587308,870137.325372,5749376.636,12052
12052,2022,57992.0,10.0,57992.0,10.0,0.0,1.8205523,0.039448645,6.2684746,0.24728282,870137.325372,5749376.636,12052
12052,2023,57992.0,10.0,57992.0,10.0,0.0,1.926,0.040763445,6.9655786,0.28394097,870137.325372,5749376.636,12052
12052,2024,57992.0,10.0,57992.0,10.0,0.0,2.0520446,0.04723225,7.901284,0.37319547,870137.325372,5749376.636,12052
12052,2025,57992.0,10.0,57992.0,10.0,0.0,2.0998075,0.041131184,8.28783,0.34088826,870137.325372,5749376.636,12052
12053,2007,13837.0,10.0,13837.0,10.0,0.0,1.5677747,0.10212687,4.8624816,0.49659002,874034.574311,5811363.87332,12053
12053,2008,13837.0,10.0,13837.0,10.0,0.0,1.693276,0.013361581,5.512677,0.07365808,874034.574311,5811363.87332,12053
12053,2009,13837.0,10.0,13837.0,10.0,0.0,1.6951972,0.07636808,5.523278,0.42180213,874034.574311,5811363.87332,12053
12053,2010,13837.0,10.0,13837.0,10.0,0.0,1.6007886,0.03668024,5.025691,0.18434355,874034.574311,5811363.87332,12053
12053,2011,13837.0,10.0,13837.0,10.0,0.0,1.6722472,0.048576716,5.397962,0.2622153,874034.574311,5811363.87332,12053
12053,2012,13837.0,10.0,13837.0,10.0,0.0,1.8777335,0.11150879,6.629357,0.7392315,874034.574311,5811363.87332,12053
12053,2013,13837.0,10.0,13837.0,10.0,0.0,1.6951025,0.017227381,5.5227547,0.0951426,874034.574311,5811363.87332,12053
12053,2014,13837.0,10.0,13837.0,10.0,0.0,1.7050204,0.017690672,5.5778017,0.09867506,874034.574311,5811363.87332,12053
12053,2015,13837.0,10.0,13837.0,10.0,0.0,1.6782076,0.05731072,5.4302325,0.3112105,874034.574311,5811363.87332,12053
12053,2016,13837.0,10.0,13837.0,10.0,0.0,1.6551619,0.090919614,5.30652,0.48246673,874034.574311,5811363.87332,12053
12053,2017,13837.0,10.0,13837.0,10.0,0.0,1.6597222,0.023734529,5.330775,0.12652342,874034.574311,5811363.87332,12053
12053,2018,13837.0,10.0,13837.0,10.0,0.0,1.6377611,0.0015775424,5.214981,0.008226854,874034.574311,5811363.87332,12053
12053,2019,13837.0,10.0,13837.0,10.0,0.0,1.6226565,0.021362463,5.1368027,0.10973476,874034.574311,5811363.87332,12053
12053,2020,13837.0,10.0,13837.0,10.0,0.0,1.7135917,0.018912042,5.625816,0.10639567,874034.574311,5811363.87332,12053
12053,2021,13837.0,10.0,13837.0,10.0,0.0,1.7616137,0.0123820575,5.9025717,0.07308598,874034.574311,5811363.87332,12053
12053,2022,13837.0,10.0,13837.0,10.0,0.0,1.7798085,0.005631605,6.0109506,0.0338513,874034.574311,5811363.87332,12053
12053,2023,13837.0,10.0,13837.0,10.0,0.0,1.8353375,0.03330527,6.3541737,0.21162747,874034.574311,5811363.87332,12053
12053,2024,13837.0,10.0,13837.0,10.0,0.0,1.8631535,0.011065643,6.533402,0.07229629,874034.574311,5811363.87332,12053
12053,2025,13837.0,10.0,13837.0,10.0,0.0,2.0477252,0.00024012069,7.8577447,0.001886807,874034.574311,5811363.87332,12053
12054,2007,105441.0,10.0,105441.0,10.0,0.0,2.042002,0.018859936,7.8878574,0.14876449,773884.108575,5816073.21688,12054
12054,2008,105441.0,10.0,105441.0,10.0,0.0,2.0509834,0.02656846,7.95902,0.2114589,773884.108575,5816073.21688,12054
12054,2009,105441.0,10.0,105441.0,10.0,0.0,2.0684204,0.0031382623,8.09902,0.025416851,773884.108575,5816073.21688,12054
12054,2010,105441.0,10.0,105441.0,10.0,0.0,2.0985312,0.012418402,8.346596,0.10365139,773884.108575,5816073.21688,12054
12054,2011,105441.0,10.0,105441.0,10.0,0.0,2.1475549,0.004222022,8.765973,0.037010126,773884.108575,5816073.21688,12054
12054,2012,105441.0,10.0,105441.0,10.0,0.0,2.1658602,0.005556137,8.927914,0.04960471,773884.108575,5816073.21688,12054
12054,2013,105441.0,10.0,105441.0,10.0,0.0,2.179755,0.009577271,9.052832,0.086701415,773884.108575,5816073.21688,12054
12054,2014,105441.0,10.0,105441.0,10.0,0.0,2.1702235,0.006430758,8.966955,0.05766432,773884.108575,5816073.21688,12054
12054,2015,105441.0,10.0,105441.0,10.0,0.0,2.153578,0.012509193,8.818931,0.1103177,773884.108575,5816073.21688,12054
12054,2016,105441.0,10.0,105441.0,10.0,0.0,2.156493,0.00055825035,8.844674,0.004937542,773884.108575,5816073.21688,12054
12054,2017,105441.0,10.0,105441.0,10.0,0.0,2.2527661,0.00094146526,9.738515,0.009168473,773884.108575,5816073.21688,12054
12054,2018,105441.0,10.0,105441.0,10.0,0.0,2.31382,0.0019263303,10.351614,0.019940626,773884.108575,5816073.21688,12054
12054,2019,105441.0,10.0,105441.0,10.0,0.0,2.3765516,0.007821173,11.02179,0.08620332,773884.108575,5816073.21688,12054
12054,2020,105441.0,10.0,105441.0,10.0,0.0,2.5546188,0.02784271,13.169999,0.36668846,773884.108575,5816073.21688,12054
12054,2021,105441.0,10.0,105441.0,10.0,0.0,2.621441,0.017264953,14.080114,0.2430925,773884.108575,5816073.21688,12054
12054,2022,105441.0,10.0,105441.0,10.0,0.0,2.643448,0.028951475,14.393414,0.41671056,773884.108575,5816073.21688,12054
12054,2023,105441.0,10.0,105441.0,10.0,0.0,2.5391784,0.044101443,12.968208,0.5719167,773884.108575,5816073.21688,12054
12054,2024,105441.0,10.0,105441.0,10.0,0.0,2.5532618,0.07247694,13.152138,0.9532267,773884.108575,5816073.21688,12054
12054,2025,105441.0,10.0,105441.0,10.0,0.0,2.5313008,0.01483971,12.866454,0.19093443,773884.108575,5816073.21688,12054
12060,2007,224878.0,10.0,224878.0,10.0,0.0,1.4499679,0.09612015,4.369506,0.4199976,811438.90284,5837177.23423,12060
12060,2008,224878.0,10.0,224878.0,10.0,0.0,1.5027775,0.08231147,4.6064596,0.37916446,811438.90284,5837177.23423,12060
12060,2009,224878.0,10.0,224878.0,10.0,0.0,1.5179491,0.06958847,4.67688,0.32545692,811438.90284,5837177.23423,12060
12060,2010,224878.0,10.0,224878.0,10.0,0.0,1.5135311,0.09072733,4.6562634,0.42245033,811438.90284,5837177.23423,12060
12060,2011,224878.0,10.0,224878.0,10.0,0.0,1.5179172,0.07979494,4.67673,0.37317944,811438.90284,5837177.23423,12060
12060,2012,224878.0,10.0,224878.0,10.0,0.0,1.5849098,0.018023888,5.00077,0.09013332,811438.90284,5837177.23423,12060
12060,2013,224878.0,10.0,224878.0,10.0,0.0,1.5753945,0.09035658,4.9534116,0.44757336,811438.90284,5837177.23423,12060
12060,2014,224878.0,10.0,224878.0,10.0,0.0,1.656284,0.07309848,5.3707423,0.3925931,811438.90284,5837177.23423,12060
12060,2015,224878.0,10.0,224878.0,10.0,0.0,1.6206448,0.028756011,5.182704,0.14903389,811438.90284,5837177.23423,12060
12060,2016,224878.0,10.0,224878.0,10.0,0.0,1.7496588,0.007707653,5.896394,0.045447357,811438.90284,5837177.23423,12060
12060,2017,224878.0,10.0,224878.0,10.0,0.0,1.7680597,0.07666801,6.005897,0.4604602,811438.90284,5837177.23423,12060
12060,2018,224878.0,10.0,224878.0,10.0,0.0,1.9729414,0.10668838,7.371517,0.7864552,811438.90284,5837177.23423,12060
12060,2019,224878.0,10.0,224878.0,10.0,0.0,1.8810276,0.012820599,6.724178,0.086207986,811438.90284,5837177.23423,12060
12060,2020,224878.0,10.0,224878.0,10.0,0.0,1.7365837,0.033653688,5.8197994,0.19585772,811438.90284,5837177.23423,12060
12060,2021,224878.0,10.0,224878.0,10.0,0.0,1.8276709,0.049669065,6.3748026,0.31663048,811438.90284,5837177.23423,12060
12060,2022,224878.0,10.0,224878.0,10.0,0.0,1.6027592,0.1136409,5.090832,0.57852674,811438.90284,5837177.23423,12060
12060,2023,224878.0,10.0,224878.0,10.0,0.0,1.5471522,0.30665487,4.8154726,1.4766881,811438.90284,5837177.23423,12060
12060,2024,224878.0,10.0,224878.0,10.0,0.0,1.6806413,0.36497727,5.5031652,2.0085301,811438.90284,5837177.23423,12060
12060,2025,224878.0,10.0,224878.0,10.0,0.0,1.7417105,0.20157856,5.8497133,1.1791768,811438.90284,5837177.23423,12060
12061,2007,172393.0,25.0,9789.0,10.0,0.068745166,1.7108046,0.0025157868,5.6681733,0.014259916,817078.505279,5796724.82224,12061
12061,2008,172393.0,25.0,9789.0,10.0,0.068745166,1.7711909,0.009515534,6.020999,0.05729302,817078.505279,5796724.82224,12061
12061,2009,172393.0,25.0,9789.0,10.0,0.068745166,1.7718674,0.042822916,6.0250735,0.25801122,817078.505279,5796724.82224,12061
12061,2010,172393.0,25.0,9789.0,10.0,0.068745166,1.7552131,0.037559934,5.9255614,0.22256368,817078.505279,5796724.82224,12061
12061,2011,172393.0,25.0,9789.0,10.0,0.068745166,1.7770907,0.030678706,6.0566263,0.18580946,817078.505279,5796724.82224,12061
12061,2012,172393.0,25.0,9789.0,10.0,0.068745166,1.8132153,0.020563971,6.2794194,0.1291298,817078.505279,5796724.82224,12061
12061,2013,172393.0,25.0,9789.0,10.0,0.068745166,1.8574315,0.0020263712,6.563302,0.013299685,817078.505279,5796724.82224,12061
12061,2014,172393.0,25.0,9789.0,10.0,0.068745166,1.8518083,0.0072212066,6.526499,0.047129195,817078.505279,5796724.82224,12061
12061,2015,172393.0,25.0,9789.0,10.0,0.068745166,1.8763816,0.027361229,6.6888638,0.18301553,817078.505279,5796724.82224,12061
12061,2016,172393.0,25.0,9789.0,10.0,0.068745166,1.9506911,0.092445314,7.2048426,0.66605395,817078.505279,5796724.82224,12061
12061,2017,172393.0,25.0,9789.0,10.0,0.068745166,2.006413,0.0605356,7.6177063,0.46114242,817078.505279,5796724.82224,12061
12061,2018,172393.0,25.0,9789.0,10.0,0.068745166,2.143993,0.038923737,8.741267,0.34024274,817078.505279,5796724.82224,12061
12061,2019,172393.0,25.0,9789.0,10.0,0.068745166,2.1699336,0.00086675276,8.970987,0.007775628,817078.505279,5796724.82224,12061
12061,2020,172393.0,25.0,9789.0,10.0,0.068745166,2.3152194,0.056444835,10.373782,0.58554643,817078.505279,5796724.82224,12061
12061,2021,172393.0,25.0,9789.0,10.0,0.068745166,2.3208537,0.0009888137,10.432397,0.010315697,817078.505279,5796724.82224,12061
12061,2022,172393.0,25.0,9789.0,10.0,0.068745166,2.4837759,0.006954732,12.278358,0.08539269,817078.505279,5796724.82224,12061
12061,2023,172393.0,25.0,9789.0,10.0,0.068745166,2.51668,0.046594556,12.689088,0.59124243,817078.505279,5796724.82224,12061
12061,2024,172393.0,25.0,9789.0,10.0,0.068745166,2.5553536,0.0070311255,13.189433,0.09273656,817078.505279,5796724.82224,12061
12061,2025,172393.0,25.0,9789.0,10.0,0.068745166,2.6859539,0.011103366,15.029516,0.16687821,817078.505279,5796724.82224,12061
12062,2007,37090.0,25.0,1771.0,15.0,-0.06727261,1.2213548,0.21492286,3.4272604,0.7365966,804398.351267,5713968.45499,12062
12062,2008,37090.0,25.0,1771.0,15.0,-0.06727261,1.2474012,0.22389169,3.517701,0.787584,804398.351267,5713968.45499,12062
12062,2009,37090.0,25.0,1771.0,15.0,-0.06727261,1.0243262,0.24990112,2.8143535,0.7033101,804398.351267,5713968.45499,12062
12062,2010,37090.0,25.0,1771.0,15.0,-0.06727261,1.3230752,0.022470182,3.79423,0.08525704,804398.351267,5713968.45499,12062
12062,2011,37090.0,25.0,1771.0,15.0,-0.06727261,1.3080534,0.06934492,3.73766,0.25918773,804398.351267,5713968.45499,12062
12062,2012,37090.0,25.0,1771.0,15.0,-0.06727261,1.3714547,0.01905087,3.982306,0.075866394,804398.351267,5713968.45499,12062
12062,2013,37090.0,25.0,1771.0,15.0,-0.06727261,1.4010282,0.03686775,4.1018353,0.15122543,804398.351267,5713968.45499,12062
12062,2014,37090.0,25.0,1771.0,15.0,-0.06727261,1.585107,0.048269056,4.9308596,0.23800792,804398.351267,5713968.45499,12062
12062,2015,37090.0,25.0,1771.0,15.0,-0.06727261,1.4774197,0.037500743,4.4274597,0.16603303,804398.351267,5713968.45499,12062
12062,2016,37090.0,25.0,1771.0,15.0,-0.06727261,1.3637751,0.2345792,3.9518409,0.9270197,804398.351267,5713968.45499,12062
12062,2017,37090.0,25.0,1771.0,15.0,-0.06727261,1.5746945,0.054303885,4.8797836,0.2649912,804398.351267,5713968.45499,12062
12062,2018,37090.0,25.0,1771.0,15.0,-0.06727261,1.5894774,0.079902746,4.952457,0.3957149,804398.351267,5713968.45499,12062
12062,2019,37090.0,25.0,1771.0,15.0,-0.06727261,1.5710742,0.099023655,4.8621492,0.4814678,804398.351267,5713968.45499,12062
12062,2020,37090.0,25.0,1771.0,15.0,-0.06727261,1.5032883,0.054591917,4.543486,0.2480376,804398.351267,5713968.45499,12062
12062,2021,37090.0,25.0,1771.0,15.0,-0.06727261,1.6556671,0.07822832,5.29135,0.41393343,804398.351267,5713968.45499,12062
12062,2022,37090.0,25.0,1771.0,15.0,-0.06727261,1.6297606,0.0061830063,5.1560307,0.03187977,804398.351267,5713968.45499,12062
12062,2023,37090.0,25.0,1771.0,15.0,-0.06727261,1.6806946,0.033031944,5.4254503,0.17921318,804398.351267,5713968.45499,12062
12062,2024,37090.0,25.0,1771.0,15.0,-0.06727261,1.6085824,0.08622557,5.0479827,0.43526515,804398.351267,5713968.45499,12062
12062,2025,37090.0,25.0,1771.0,15.0,-0.06727261,1.6947595,0.07792993,5.502298,0.42879367,804398.351267,5713968.45499,12062
12063,2007,18978.0,10.0,18978.0,10.0,0.0,1.8056041,0.038164448,6.190966,0.23627481,768889.886966,5834000.67825,12063
12063,2008,18978.0,10.0,18978.0,10.0,0.0,1.7715089,0.0748642,5.9834423,0.44794562,768889.886966,5834000.67825,12063
12063,2009,18978.0,10.0,18978.0,10.0,0.0,1.7543184,0.08986706,5.8814626,0.52854973,768889.886966,5834000.67825,12063
12063,2010,18978.0,10.0,18978.0,10.0,0.0,1.7638965,0.07681418,5.9380665,0.45612776,768889.886966,5834000.67825,12063
12063,2011,18978.0,10.0,18978.0,10.0,0.0,1.8218617,0.053638637,6.29244,0.33751792,768889.886966,5834000.67825,12063
12063,2012,18978.0,10.0,18978.0,10.0,0.0,1.8136652,0.058661662,6.2410736,0.36611176,768889.886966,5834000.67825,12063
12063,2013,18978.0,10.0,18978.0,10.0,0.0,1.8498275,0.035788056,6.4708962,0.23158081,768889.886966,5834000.67825,12063
12063,2014,18978.0,10.0,18978.0,10.0,0.0,1.844612,0.0070256195,6.4372354,0.045225568,768889.886966,5834000.67825,12063
12063,2015,18978.0,10.0,18978.0,10.0,0.0,1.94845,0.03885653,7.141602,0.27749786,768889.886966,5834000.67825,12063
12063,2016,18978.0,10.0,18978.0,10.0,0.0,1.9821485,0.084597334,7.386365,0.6248668,768889.886966,5834000.67825,12063
12063,2017,18978.0,10.0,18978.0,10.0,0.0,2.114493,0.17212595,8.431544,1.4512876,768889.886966,5834000.67825,12063
12063,2018,18978.0,10.0,18978.0,10.0,0.0,2.1746397,0.08190742,8.954237,0.7334184,768889.886966,5834000.67825,12063
12063,2019,18978.0,10.0,18978.0,10.0,0.0,2.2235003,0.07946041,9.40261,0.7471352,768889.886966,5834000.67825,12063
12063,2020,18978.0,10.0,18978.0,10.0,0.0,2.3393753,0.09521642,10.557773,1.0052733,768889.886966,5834000.67825,12063
12063,2021,18978.0,10.0,18978.0,10.0,0.0,2.3215692,0.15020375,10.371446,1.5578301,768889.886966,5834000.67825,12063
12063,2022,18978.0,10.0,18978.0,10.0,0.0,2.4046216,0.024755765,11.2696,0.27898756,768889.886966,5834000.67825,12063
12063,2023,18978.0,10.0,18978.0,10.0,0.0,2.479688,0.0822124,12.1481285,0.99872684,768889.886966,5834000.67825,12063
12063,2024,18978.0,10.0,18978.0,10.0,0.0,2.5537887,0.022787182,13.082505,0.29811344,768889.886966,5834000.67825,12063
12063,2025,18978.0,10.0,18978.0,10.0,0.0,2.548545,0.011919305,13.014083,0.15511882,768889.886966,5834000.67825,12063
12064,2007,12199.0,10.0,12199.0,10.0,0.0,1.5408704,0.03385792,4.7356057,0.16033775,824939.623952,5837747.87834,12064
12064,2008,12199.0,10.0,12199.0,10.0,0.0,1.6613848,0.02198502,5.342128,0.11744678,824939.623952,5837747.87834,12064
12064,2009,12199.0,10.0,12199.0,10.0,0.0,1.4889903,0.0073250453,4.496186,0.032934766,824939.623952,5837747.87834,12064
12064,2010,12199.0,10.0,12199.0,10.0,0.0,1.568493,0.0050979326,4.8682384,0.024817951,824939.623952,5837747.87834,12064
12064,2011,12199.0,10.0,12199.0,10.0,0.0,1.5070136,0.018284762,4.577956,0.08370685,824939.623952,5837747.87834,12064
12064,2012,12199.0,10.0,12199.0,10.0,0.0,1.5632365,0.048588082,4.8427153,0.23529825,824939.623952,5837747.87834,12064
12064,2013,12199.0,10.0,12199.0,10.0,0.0,1.7329686,0.01447736,5.7385564,0.083079144,824939.623952,5837747.87834,12064
12064,2014,12199.0,10.0,12199.0,10.0,0.0,1.6539836,0.01775486,5.302735,0.094149314,824939.623952,5837747.87834,12064
12064,2015,12199.0,10.0,12199.0,10.0,0.0,1.7243739,0.010956853,5.689447,0.06233843,824939.623952,5837747.87834,12064
12064,2016,12199.0,10.0,12199.0,10.0,0.0,1.8120769,0.011783432,6.2109637,0.07318647,824939.623952,5837747.87834,12064
12064,2017,12199.0,10.0,12199.0,10.0,0.0,1.8421094,0.057552733,6.400324,0.3683561,824939.623952,5837747.87834,12064
12064,2018,12199.0,10.0,12199.0,10.0,0.0,1.9518083,0.034887124,7.1423907,0.24917746,824939.623952,5837747.87834,12064
12064,2019,12199.0,10.0,12199.0,10.0,0.0,2.0410366,0.15540008,7.80899,1.2135177,824939.623952,5837747.87834,12064
12064,2020,12199.0,10.0,12199.0,10.0,0.0,2.0648983,0.0473506,7.997567,0.37868962,824939.623952,5837747.87834,12064
12064,2021,12199.0,10.0,12199.0,10.0,0.0,2.1680791,0.07941861,8.866838,0.7041919,824939.623952,5837747.87834,12064
12064,2022,12199.0,10.0,12199.0,10.0,0.0,2.3470225,0.02366469,10.6043215,0.25094798,824939.623952,5837747.87834,12064
12064,2023,12199.0,10.0,12199.0,10.0,0.0,2.328413,0.060180396,10.408805,0.62640595,824939.623952,5837747.87834,12064
12064,2024,12199.0,10.0,12199.0,10.0,0.0,2.3541327,0.040825233,10.679988,0.436013,824939.623952,5837747.87834,12064
12064,2025,12199.0,10.0,12199.0,10.0,0.0,2.2648394,0.07460968,9.767676,0.7287632,824939.623952,5837747.87834,12064
12065,2007,42990.0,10.0,42990.0,10.0,0.0,1.8756931,0.092271805,6.651239,0.61372185,790882.578535,5847827.81255,12065
12065,2008,42990.0,10.0,42990.0,10.0,0.0,1.864639,0.062042456,6.5781207,0.40812278,790882.578535,5847827.81255,12065
12065,2009,42990.0,10.0,42990.0,10.0,0.0,1.9195344,0.03544582,6.949325,0.24632452,790882.578535,5847827.81255,12065
12065,2010,42990.0,10.0,42990.0,10.0,0.0,1.9332024,0.100555405,7.04496,0.70840883,790882.578535,5847827.81255,12065
12065,2011,42990.0,10.0,42990.0,10.0,0.0,1.9071432,0.10017392,6.863746,0.68756837,790882.578535,5847827.81255,12065
12065,2012,42990.0,10.0,42990.0,10.0,0.0,1.9528294,0.041511614,7.184597,0.29824424,790882.578535,5847827.81255,12065
12065,2013,42990.0,10.0,42990.0,10.0,0.0,2.001949,0.06534106,7.546313,0.4930841,790882.578535,5847827.81255,12065
12065,2014,42990.0,10.0,42990.0,10.0,0.0,2.0975528,0.0641027,8.303381,0.5322692,790882.578535,5847827.81255,12065
12065,2015,42990.0,10.0,42990.0,10.0,0.0,2.0785341,0.082442,8.1469555,0.6716513,790882.578535,5847827.81255,12065
12065,2016,42990.0,10.0,42990.0,10.0,0.0,2.0511098,0.08317852,7.926566,0.65932,790882.578535,5847827.81255,12065
12065,2017,42990.0,10.0,42990.0,10.0,0.0,2.1754813,0.079364926,8.976333,0.71240604,790882.578535,5847827.81255,12065
12065,2018,42990.0,10.0,42990.0,10.0,0.0,2.2229507,0.045247573,9.412708,0.4259022,790882.578535,5847827.81255,12065
12065,2019,42990.0,10.0,42990.0,10.0,0.0,2.2608654,0.04946232,9.776442,0.48356548,790882.578535,5847827.81255,12065
12065,2020,42990.0,10.0,42990.0,10.0,0.0,2.2923799,0.0528917,10.089447,0.533648,790882.578535,5847827.81255,12065
12065,2021,42990.0,10.0,42990.0,10.0,0.0,2.3596685,0.009134847,10.791715,0.09858065,790882.578535,5847827.81255,12065
12065,2022,42990.0,10.0,42990.0,10.0,0.0,2.4594498,0.02553859,11.92408,0.30452415,790882.578535,5847827.81255,12065
12065,2023,42990.0,10.0,42990.0,10.0,0.0,2.4737844,0.008056419,12.096239,0.09745238,790882.578535,5847827.81255,12065
12065,2024,42990.0,10.0,42990.0,10.0,0.0,2.6027417,0.13988122,13.761184,1.9249312,790882.578535,5847827.81255,12065
12065,2025,42990.0,10.0,42990.0,10.0,0.0,2.6205328,0.121168196,14.008199,1.6973482,790882.578535,5847827.81255,12065
12066,2007,11276.0,25.0,1541.0,10.0,0.019580806,1.5422515,0.038342528,4.740541,0.18176433,838691.796386,5744435.1064,12066
12066,2008,11276.0,25.0,1541.0,10.0,0.019580806,1.4545811,0.0029453237,4.3426337,0.012790462,838691.796386,5744435.1064,12066
12066,2009,11276.0,25.0,1541.0,10.0,0.019580806,1.507686,0.004051754,4.5794816,0.018554933,838691.796386,5744435.1064,12066
12066,2010,11276.0,25.0,1541.0,10.0,0.019580806,1.4995927,0.0076652877,4.542568,0.03482009,838691.796386,5744435.1064,12066
12066,2011,11276.0,25.0,1541.0,10.0,0.019580806,1.5273862,0.0127330385,4.670593,0.059470836,838691.796386,5744435.1064,12066
12066,2012,11276.0,25.0,1541.0,10.0,0.019580806,1.5373236,0.021181883,4.7172375,0.09991998,838691.796386,5744435.1064,12066
12066,2013,11276.0,25.0,1541.0,10.0,0.019580806,1.5796925,0.02587643,4.9213967,0.12734818,838691.796386,5744435.1064,12066
12066,2014,11276.0,25.0,1541.0,10.0,0.019580806,1.5111316,0.058873158,4.5952883,0.27053913,838691.796386,5744435.1064,12066
12066,2015,11276.0,25.0,1541.0,10.0,0.019580806,1.5329524,0.03029197,4.696663,0.14227118,838691.796386,5744435.1064,12066
12066,2016,11276.0,25.0,1541.0,10.0,0.019580806,1.5679185,0.035806675,4.863792,0.17415622,838691.796386,5744435.1064,12066
12066,2017,11276.0,25.0,1541.0,10.0,0.019580806,1.529836,0.0024690586,4.6820493,0.011560254,838691.796386,5744435.1064,12066
12066,2018,11276.0,25.0,1541.0,10.0,0.019580806,1.5409486,0.0076319478,4.734369,0.036132455,838691.796386,5744435.1064,12066
12066,2019,11276.0,25.0,1541.0,10.0,0.019580806,1.532551,0.006560118,4.6947784,0.030798301,838691.796386,5744435.1064,12066
12066,2020,11276.0,25.0,1541.0,10.0,0.019580806,1.5982592,0.012567666,5.0136247,0.06300956,838691.796386,5744435.1064,12066
12066,2021,11276.0,25.0,1541.0,10.0,0.019580806,1.6345801,0.030838476,5.199071,0.16033143,838691.796386,5744435.1064,12066
12066,2022,11276.0,25.0,1541.0,10.0,0.019580806,1.9898126,0.08381857,7.4165382,0.62164366,838691.796386,5744435.1064,12066
12066,2023,11276.0,25.0,1541.0,10.0,0.019580806,1.7863208,0.07457683,6.050982,0.45126307,838691.796386,5744435.1064,12066
12066,2024,11276.0,25.0,1541.0,10.0,0.019580806,1.8861971,0.005442041,6.686542,0.036388434,838691.796386,5744435.1064,12066
12066,2025,11276.0,25.0,1541.0,10.0,0.019580806,1.9241848,0.011790278,6.9454355,0.08188862,838691.796386,5744435.1064,12066
12067,2007,12311.0,25.0,1908.0,15.0,0.187438,1.7243009,0.082496546,5.7124524,0.4712576,860302.660245,5793681.03224,12067
12067,2008,12311.0,25.0,1908.0,15.0,0.187438,1.6416028,0.0017150852,5.2590494,0.0090197185,860302.660245,5793681.03224,12067
12067,2009,12311.0,25.0,1908.0,15.0,0.187438,1.6815901,0.0957405,5.4736056,0.52404577,860302.660245,5793681.03224,12067
12067,2010,12311.0,25.0,1908.0,15.0,0.187438,1.6588881,0.0034084267,5.3507442,0.01823762,860302.660245,5793681.03224,12067
12067,2011,12311.0,25.0,1908.0,15.0,0.187438,1.7766333,0.0011488204,6.019359,0.006915163,860302.660245,5793681.03224,12067
12067,2012,12311.0,25.0,1908.0,15.0,0.187438,1.7721616,0.031608235,5.9925027,0.18941243,860302.660245,5793681.03224,12067
12067,2013,12311.0,25.0,1908.0,15.0,0.187438,1.7664498,0.073098004,5.9583726,0.43554515,860302.660245,5793681.03224,12067
12067,2014,12311.0,25.0,1908.0,15.0,0.187438,1.7759507,0.056347944,6.0152516,0.33894706,860302.660245,5793681.03224,12067
12067,2015,12311.0,25.0,1908.0,15.0,0.187438,1.6314256,0.033120945,5.2057986,0.17242096,860302.660245,5793681.03224,12067
12067,2016,12311.0,25.0,1908.0,15.0,0.187438,1.788445,0.020660214,6.09088,0.12583889,860302.660245,5793681.03224,12067
12067,2017,12311.0,25.0,1908.0,15.0,0.187438,1.791098,0.05770637,6.10706,0.35241628,860302.660245,5793681.03224,12067
12067,2018,12311.0,25.0,1908.0,15.0,0.187438,1.9828922,0.11213973,7.398222,0.8296346,860302.660245,5793681.03224,12067
12067,2019,12311.0,25.0,1908.0,15.0,0.187438,2.0602102,0.1503637,7.9929323,1.2018468,860302.660245,5793681.03224,12067
12067,2020,12311.0,25.0,1908.0,15.0,0.187438,2.0860474,0.16047746,8.202139,1.3162583,860302.660245,5793681.03224,12067
12067,2021,12311.0,25.0,1908.0,15.0,0.187438,2.1389203,0.17450169,8.647479,1.5089997,860302.660245,5793681.03224,12067
12067,2022,12311.0,25.0,1908.0,15.0,0.187438,2.267403,0.32969144,9.833062,3.2418766,860302.660245,5793681.03224,12067
12067,2023,12311.0,25.0,1908.0,15.0,0.187438,2.5330558,0.19672891,12.825088,2.5230656,860302.660245,5793681.03224,12067
12067,2024,12311.0,25.0,1908.0,15.0,0.187438,2.656689,0.22669663,14.51288,3.290021,860302.660245,5793681.03224,12067
12067,2025,12311.0,25.0,1908.0,15.0,0.187438,2.443314,0.15672816,11.7242775,1.8375244,860302.660245,5793681.03224,12067
12068,2007,14808.0,25.0,2432.0,15.0,0.0651846,1.7371548,0.024711372,5.7675376,0.14252377,755921.423898,5855293.57865,12068
12068,2008,14808.0,25.0,2432.0,15.0,0.0651846,1.6953546,0.17747031,5.5314226,0.9816632,755921.423898,5855293.57865,12068
12068,2009,14808.0,25.0,2432.0,15.0,0.0651846,1.6604369,0.066983536,5.341611,0.35779998,755921.423898,5855293.57865,12068
12068,2010,14808.0,25.0,2432.0,15.0,0.0651846,1.7254974,0.108695194,5.7006936,0.61963797,755921.423898,5855293.57865,12068
12068,2011,14808.0,25.0,2432.0,15.0,0.0651846,1.6959947,0.18086256,5.5349646,1.0010679,755921.423898,5855293.57865,12068
12068,2012,14808.0,25.0,2432.0,15.0,0.0651846,1.8058819,0.16732542,6.1778617,1.0337133,755921.423898,5855293.57865,12068
12068,2013,14808.0,25.0,2432.0,15.0,0.0651846,1.8203374,0.11679464,6.2678146,0.7320472,755921.423898,5855293.57865,12068
12068,2014,14808.0,25.0,2432.0,15.0,0.0651846,1.7557247,0.22581303,5.8756404,1.3267963,755921.423898,5855293.57865,12068
12068,2015,14808.0,25.0,2432.0,15.0,0.0651846,1.8595389,0.17612645,6.5184026,1.1480632,755921.423898,5855293.57865,12068
12068,2016,14808.0,25.0,2432.0,15.0,0.0651846,1.8614186,0.1999531,6.530667,1.305827,755921.423898,5855293.57865,12068
12068,2017,14808.0,25.0,2432.0,15.0,0.0651846,2.0927665,0.25945446,8.230584,2.1354616,755921.423898,5855293.57865,12068
12068,2018,14808.0,25.0,2432.0,15.0,0.0651846,2.1216893,0.29600853,8.472112,2.507817,755921.423898,5855293.57865,12068
12068,2019,14808.0,25.0,2432.0,15.0,0.0651846,2.1453428,0.20357284,8.674895,1.765973,755921.423898,5855293.57865,12068
12068,2020,14808.0,25.0,2432.0,15.0,0.0651846,2.2041335,0.14596754,9.200188,1.3429288,755921.423898,5855293.57865,12068
12068,2021,14808.0,25.0,2432.0,15.0,0.0651846,2.1143456,0.19940561,8.410121,1.6770253,755921.423898,5855293.57865,12068
12068,2022,14808.0,25.0,2432.0,15.0,0.0651846,2.1414368,0.12959349,8.641077,1.1198273,755921.423898,5855293.57865,12068
12068,2023,14808.0,25.0,2432.0,15.0,0.0651846,2.0477033,0.07066734,7.867919,0.55600494,755921.423898,5855293.57865,12068
12068,2024,14808.0,25.0,2432.0,15.0,0.0651846,2.2771878,0.24689439,9.897461,2.4436276,755921.423898,5855293.57865,12068
12068,2025,14808.0,25.0,2432.0,15.0,0.0651846,2.2839844,0.15890864,9.964959,1.5835181,755921.423898,5855293.57865,12068
12069,2007,116673.0,25.0,3769.0,10.0,-0.08623734,1.6153847,0.035917975,5.143758,0.18475337,769577.247986,5793664.02367,12069
12069,2008,116673.0,25.0,3769.0,10.0,-0.08623734,1.6136378,0.010486785,5.13478,0.053847335,769577.247986,5793664.02367,12069
12069,2009,116673.0,25.0,3769.0,10.0,-0.08623734,1.6143694,0.047127783,5.138538,0.24216792,769577.247986,5793664.02367,12069
12069,2010,116673.0,25.0,3769.0,10.0,-0.08623734,1.5672296,0.0075323484,4.901929,0.036923036,769577.247986,5793664.02367,12069
12069,2011,116673.0,25.0,3769.0,10.0,-0.08623734,1.6103004,0.021699749,5.117672,0.11105219,769577.247986,5793664.02367,12069
12069,2012,116673.0,25.0,3769.0,10.0,-0.08623734,1.6787516,0.034759883,5.4802504,0.19049287,769577.247986,5793664.02367,12069
12069,2013,116673.0,25.0,3769.0,10.0,-0.08623734,1.6577917,0.044526815,5.3665805,0.23895672,769577.247986,5793664.02367,12069
12069,2014,116673.0,25.0,3769.0,10.0,-0.08623734,1.6647701,0.02181922,5.404162,0.1179146,769577.247986,5793664.02367,12069
12069,2015,116673.0,25.0,3769.0,10.0,-0.08623734,1.7409388,0.018315641,5.8318715,0.10681447,769577.247986,5793664.02367,12069
12069,2016,116673.0,25.0,3769.0,10.0,-0.08623734,1.8226081,0.049528904,6.328146,0.31342617,769577.247986,5793664.02367,12069
12069,2017,116673.0,25.0,3769.0,10.0,-0.08623734,1.9166037,0.06554566,6.9518156,0.45566136,769577.247986,5793664.02367,12069
12069,2018,116673.0,25.0,3769.0,10.0,-0.08623734,1.98814,0.047855206,7.4673424,0.3573512,769577.247986,5793664.02367,12069
12069,2019,116673.0,25.0,3769.0,10.0,-0.08623734,2.0414503,0.037042946,7.876231,0.2917588,769577.247986,5793664.02367,12069
12069,2020,116673.0,25.0,3769.0,10.0,-0.08623734,2.0063763,0.03785514,7.604769,0.28787962,769577.247986,5793664.02367,12069
12069,2021,116673.0,25.0,3769.0,10.0,-0.08623734,2.1352165,0.04458375,8.650488,0.3856712,769577.247986,5793664.02367,12069
12069,2022,116673.0,25.0,3769.0,10.0,-0.08623734,2.1716788,0.012837584,8.971725,0.115175284,769577.247986,5793664.02367,12069
12069,2023,116673.0,25.0,3769.0,10.0,-0.08623734,2.2525046,0.014757074,9.726983,0.14354181,769577.247986,5793664.02367,12069
12069,2024,116673.0,25.0,3769.0,10.0,-0.08623734,2.286934,0.10247076,10.067708,1.0316457,769577.247986,5793664.02367,12069
12069,2025,116673.0,25.0,3769.0,10.0,-0.08623734,2.3232536,0.10017091,10.440086,1.0457929,769577.247986,5793664.02367,12069
12070,2007,19854.0,50.0,1243.0,15.0,0.036639933,1.3983668,0.012013762,4.117323,0.049464542,705446.970114,5889348.84299,12070
12070,2008,19854.0,50.0,1243.0,15.0,0.036639933,1.4554482,0.026878305,4.359183,0.11716744,705446.970114,5889348.84299,12070
12070,2009,19854.0,50.0,1243.0,15.0,0.036639933,1.4224638,0.028104158,4.2177434,0.11853612,705446.970114,5889348.84299,12070
12070,2010,19854.0,50.0,1243.0,15.0,0.036639933,1.4531279,0.03221754,4.3490796,0.14011665,705446.970114,5889348.84299,12070
12070,2011,19854.0,50.0,1243.0,15.0,0.036639933,1.451089,0.03298497,4.3402214,0.14316207,705446.970114,5889348.84299,12070
12070,2012,19854.0,50.0,1243.0,15.0,0.036639933,1.4406829,0.047003552,4.295291,0.20189394,705446.970114,5889348.84299,12070
12070,2013,19854.0,50.0,1243.0,15.0,0.036639933,1.538595,0.00839559,4.7371297,0.039770998,705446.970114,5889348.84299,12070
12070,2014,19854.0,50.0,1243.0,15.0,0.036639933,1.5790437,0.02305239,4.9326687,0.11370981,705446.970114,5889348.84299,12070
12070,2015,19854.0,50.0,1243.0,15.0,0.036639933,1.5089744,0.018851154,4.5988708,0.08669402,705446.970114,5889348.84299,12070
12070,2016,19854.0,50.0,1243.0,15.0,0.036639933,1.482377,0.058501832,4.478165,0.26198086,705446.970114,5889348.84299,12070
12070,2017,19854.0,50.0,1243.0,15.0,0.036639933,1.5598096,0.010007121,4.8387,0.048421454,705446.970114,5889348.84299,12070
12070,2018,19854.0,50.0,1243.0,15.0,0.036639933,1.5530742,0.08803195,4.806219,0.42310083,705446.970114,5889348.84299,12070
12070,2019,19854.0,50.0,1243.0,15.0,0.036639933,1.6241783,0.026086742,5.1604033,0.1346181,705446.970114,5889348.84299,12070
12070,2020,19854.0,50.0,1243.0,15.0,0.036639933,1.6021606,0.01338645,5.0480247,0.06757513,705446.970114,5889348.84299,12070
12070,2021,19854.0,50.0,1243.0,15.0,0.036639933,1.7123559,0.03778056,5.6360993,0.212935,705446.970114,5889348.84299,12070
12070,2022,19854.0,50.0,1243.0,15.0,0.036639933,1.6973404,0.055265296,5.552103,0.3068386,705446.970114,5889348.84299,12070
12070,2023,19854.0,50.0,1243.0,15.0,0.036639933,1.9226279,0.027840247,6.9550247,0.1936296,705446.970114,5889348.84299,12070
12070,2024,19854.0,50.0,1243.0,15.0,0.036639933,1.9257609,0.054472227,6.9768486,0.38004446,705446.970114,5889348.84299,12070
12070,2025,19854.0,50.0,1243.0,15.0,0.036639933,1.9350709,0.059547395,7.042106,0.41933906,705446.970114,5889348.84299,12070
12071,2007,72935.0,25.0,1820.0,10.0,0.10246675,1.518148,0.019862449,4.63473,0.09205708,860669.097071,5736719.72689,12071
12071,2008,72935.0,25.0,1820.0,10.0,0.10246675,1.6199875,0.0235257,5.1316,0.12072448,860669.097071,5736719.72689,12071
12071,2009,72935.0,25.0,1820.0,10.0,0.10246675,1.5486912,0.043201216,4.7784734,0.20643586,860669.097071,5736719.72689,12071
12071,2010,72935.0,25.0,1820.0,10.0,0.10246675,1.5227566,0.0103509575,4.656139,0.048195496,860669.097071,5736719.72689,12071
12071,2011,72935.0,25.0,1820.0,10.0,0.10246675,1.5370226,0.0013780092,4.723039,0.0065083914,860669.097071,5736719.72689,12071
12071,2012,72935.0,25.0,1820.0,10.0,0.10246675,1.5848227,0.026568467,4.954284,0.13162772,860669.097071,5736719.72689,12071
12071,2013,72935.0,25.0,1820.0,10.0,0.10246675,1.5722066,0.0009619766,4.892173,0.004706156,860669.097071,5736719.72689,12071
12071,2014,72935.0,25.0,1820.0,10.0,0.10246675,1.7801818,0.00440984,6.023158,0.026561165,860669.097071,5736719.72689,12071
12071,2015,72935.0,25.0,1820.0,10.0,0.10246675,1.694349,0.006282643,5.52774,0.034728818,860669.097071,5736719.72689,12071
12071,2016,72935.0,25.0,1820.0,10.0,0.10246675,1.6905582,0.028911743,5.506825,0.1592119,860669.097071,5736719.72689,12071
12071,2017,72935.0,25.0,1820.0,10.0,0.10246675,1.7433981,0.012489535,5.8056293,0.07250961,860669.097071,5736719.72689,12071
12071,2018,72935.0,25.0,1820.0,10.0,0.10246675,1.788222,0.010276396,6.0717807,0.062396023,860669.097071,5736719.72689,12071
12071,2019,72935.0,25.0,1820.0,10.0,0.10246675,1.7074349,0.03026586,5.60055,0.16950546,860669.097071,5736719.72689,12071
12071,2020,72935.0,25.0,1820.0,10.0,0.10246675,1.7016834,0.009951822,5.5684314,0.05541604,860669.097071,5736719.72689,12071
12071,2021,72935.0,25.0,1820.0,10.0,0.10246675,1.7671989,0.0015743941,5.945466,0.009360506,860669.097071,5736719.72689,12071
12071,2022,72935.0,25.0,1820.0,10.0,0.10246675,1.7848622,0.011714282,6.051415,0.07088799,860669.097071,5736719.72689,12071
12071,2023,72935.0,25.0,1820.0,10.0,0.10246675,1.8905857,0.022764625,6.7262354,0.15312022,860669.097071,5736719.72689,12071
12071,2024,72935.0,25.0,1820.0,10.0,0.10246675,1.9599459,0.043403473,7.209329,0.31290993,860669.097071,5736719.72689,12071
12071,2025,72935.0,25.0,1820.0,10.0,0.10246675,2.139637,0.07652425,8.6284685,0.6602871,860669.097071,5736719.72689,12071
12072,2007,32005.0,25.0,4561.0,10.0,0.10671137,1.4505177,0.011261592,4.334588,0.048814356,799208.271777,5786343.53867,12072
12072,2008,32005.0,25.0,4561.0,10.0,0.10671137,1.4461824,0.019370927,4.315837,0.08360176,799208.271777,5786343.53867,12072
12072,2009,32005.0,25.0,4561.0,10.0,0.10671137,1.4382358,0.038434897,4.281677,0.16456579,799208.271777,5786343.53867,12072
12072,2010,32005.0,25.0,4561.0,10.0,0.10671137,1.5316238,0.05523067,4.7008004,0.25962836,799208.271777,5786343.53867,12072
12072,2011,32005.0,25.0,4561.0,10.0,0.10671137,1.4912899,0.03855474,4.514971,0.17407353,799208.271777,5786343.53867,12072
12072,2012,32005.0,25.0,4561.0,10.0,0.10671137,1.5374544,0.03391499,4.7282887,0.16035986,799208.271777,5786343.53867,12072
12072,2013,32005.0,25.0,4561.0,10.0,0.10671137,1.5458331,0.030618288,4.7680717,0.1459902,799208.271777,5786343.53867,12072
12072,2014,32005.0,25.0,4561.0,10.0,0.10671137,1.604122,0.050565917,5.0542574,0.25557315,799208.271777,5786343.53867,12072
12072,2015,32005.0,25.0,4561.0,10.0,0.10671137,1.6384562,0.0907623,5.2308044,0.47475988,799208.271777,5786343.53867,12072
12072,2016,32005.0,25.0,4561.0,10.0,0.10671137,1.6469338,0.010216798,5.2753377,0.053897057,799208.271777,5786343.53867,12072
12072,2017,32005.0,25.0,4561.0,10.0,0.10671137,1.7683651,0.049528547,5.9564466,0.29501414,799208.271777,5786343.53867,12072
12072,2018,32005.0,25.0,4561.0,10.0,0.10671137,1.8362598,0.004537839,6.374902,0.028928278,799208.271777,5786343.53867,12072
12072,2019,32005.0,25.0,4561.0,10.0,0.10671137,1.9140668,0.0030740625,6.8907213,0.021182507,799208.271777,5786343.53867,12072
12072,2020,32005.0,25.0,4561.0,10.0,0.10671137,1.922256,0.072122656,6.947382,0.50106364,799208.271777,5786343.53867,12072
12072,2021,32005.0,25.0,4561.0,10.0,0.10671137,1.9597304,0.05835068,7.2126703,0.42086422,799208.271777,5786343.53867,12072
12072,2022,32005.0,25.0,4561.0,10.0,0.10671137,2.0129204,0.123095915,7.6066995,0.9363536,799208.271777,5786343.53867,12072
12072,2023,32005.0,25.0,4561.0,10.0,0.10671137,2.2296386,0.08783281,9.447474,0.82979816,799208.271777,5786343.53867,12072
12072,2024,32005.0,25.0,4561.0,10.0,0.10671137,2.2255273,0.07228943,9.408713,0.6801505,799208.271777,5786343.53867,12072
12072,2025,32005.0,25.0,4561.0,10.0,0.10671137,2.223024,0.0915192,9.385188,0.8589249,799208.271777,5786343.53867,12072
12073,2007,56410.0,50.0,1690.0,10.0,0.019665116,1.5358664,0.0027349459,4.72783,0.012930359,833111.843918,5888575.16371,12073
12073,2008,56410.0,50.0,1690.0,10.0,0.019665116,1.5163715,0.011262601,4.6365542,0.05221966,833111.843918,5888575.16371,12073
12073,2009,56410.0,50.0,1690.0,10.0,0.019665116,1.5635403,0.03149747,4.8604956,0.15309331,833111.843918,5888575.16371,12073
12073,2010,56410.0,50.0,1690.0,10.0,0.019665116,1.5976111,0.019711489,5.028949,0.099128075,833111.843918,5888575.16371,12073
12073,2011,56410.0,50.0,1690.0,10.0,0.019665116,1.626993,0.011335085,5.178901,0.05870329,833111.843918,5888575.16371,12073
12073,2012,56410.0,50.0,1690.0,10.0,0.019665116,1.6257007,0.010470891,5.172213,0.05415768,833111.843918,5888575.16371,12073
12073,2013,56410.0,50.0,1690.0,10.0,0.019665116,1.6084828,0.019003423,5.083921,0.096611895,833111.843918,5888575.16371,12073
12073,2014,56410.0,50.0,1690.0,10.0,0.019665116,1.6641272,0.03413571,5.374831,0.18347369,833111.843918,5888575.16371,12073
12073,2015,56410.0,50.0,1690.0,10.0,0.019665116,1.6116456,0.033052348,5.100025,0.16856782,833111.843918,5888575.16371,12073
12073,2016,56410.0,50.0,1690.0,10.0,0.019665116,1.6745424,0.014386358,5.4311037,0.0781338,833111.843918,5888575.16371,12073
12073,2017,56410.0,50.0,1690.0,10.0,0.019665116,1.7209095,0.025164919,5.688858,0.14315966,833111.843918,5888575.16371,12073
12073,2018,56410.0,50.0,1690.0,10.0,0.019665116,1.69681,0.021214241,5.553398,0.117811136,833111.843918,5888575.16371,12073
12073,2019,56410.0,50.0,1690.0,10.0,0.019665116,1.7621125,0.008655812,5.9281516,0.05131296,833111.843918,5888575.16371,12073
12073,2020,56410.0,50.0,1690.0,10.0,0.019665116,1.7172819,0.01938722,5.6682587,0.10989178,833111.843918,5888575.16371,12073
12073,2021,56410.0,50.0,1690.0,10.0,0.019665116,1.778199,0.045308672,6.024286,0.2729524,833111.843918,5888575.16371,12073
12073,2022,56410.0,50.0,1690.0,10.0,0.019665116,1.7865316,0.0010340831,6.0746937,0.0062817377,833111.843918,5888575.16371,12073
12073,2023,56410.0,50.0,1690.0,10.0,0.019665116,1.8823445,0.008694032,6.685523,0.058124155,833111.843918,5888575.16371,12073
12073,2024,56410.0,50.0,1690.0,10.0,0.019665116,2.044617,0.022552578,7.863384,0.17733957,833111.843918,5888575.16371,12073
12073,2025,56410.0,50.0,1690.0,10.0,0.019665116,1.9974601,0.0127540305,7.5011783,0.09567026,833111.843918,5888575.16371,12073
13003,2007,101484.0,10.0,101484.0,10.0,0.0,1.3920064,0.011611835,4.08909,0.04748184,705269.111152,6004473.56888,13003
13003,2008,101484.0,10.0,101484.0,10.0,0.0,1.417819,0.06854621,4.1960144,0.2876209,705269.111152,6004473.56888,13003
13003,2009,101484.0,10.0,101484.0,10.0,0.0,1.3848438,0.0425313,4.0599065,0.17267309,705269.111152,6004473.56888,13003
13003,2010,101484.0,10.0,101484.0,10.0,0.0,1.327568,0.05978052,3.8339057,0.22919287,705269.111152,6004473.56888,13003
13003,2011,101484.0,10.0,101484.0,10.0,0.0,1.2459618,0.08338876,3.5334609,0.2946509,705269.111152,6004473.56888,13003
13003,2012,101484.0,10.0,101484.0,10.0,0.0,1.2845321,0.14030775,3.6724098,0.5152676,705269.111152,6004473.56888,13003
13003,2013,101484.0,10.0,101484.0,10.0,0.0,1.3593781,0.13256058,3.957823,0.52465135,705269.111152,6004473.56888,13003
13003,2014,101484.0,10.0,101484.0,10.0,0.0,1.2817248,0.11338191,3.662115,0.41521758,705269.111152,6004473.56888,13003
13003,2015,101484.0,10.0,101484.0,10.0,0.0,1.3122654,0.07990592,3.7756834,0.30169946,705269.111152,6004473.56888,13003
13003,2016,101484.0,10.0,101484.0,10.0,0.0,1.3681053,0.050596133,3.9925146,0.2020058,705269.111152,6004473.56888,13003
13003,2017,101484.0,10.0,101484.0,10.0,0.0,1.3562243,0.06552322,3.9453607,0.25851274,705269.111152,6004473.56888,13003
13003,2018,101484.0,10.0,101484.0,10.0,0.0,1.3987635,0.049219213,4.1168137,0.20262633,705269.111152,6004473.56888,13003
13003,2019,101484.0,10.0,101484.0,10.0,0.0,1.427716,0.024545753,4.2377486,0.10401873,705269.111152,6004473.56888,13003
13003,2020,101484.0,10.0,101484.0,10.0,0.0,1.4710602,0.07295688,4.425469,0.3228684,705269.111152,6004473.56888,13003
13003,2021,101484.0,10.0,101484.0,10.0,0.0,1.5001832,0.05992492,4.556247,0.27303275,705269.111152,6004473.56888,13003
13003,2022,101484.0,10.0,101484.0,10.0,0.0,1.6555395,0.06186052,5.322034,0.32922378,705269.111152,6004473.56888,13003
13003,2023,101484.0,10.0,101484.0,10.0,0.0,1.6846755,0.03007136,5.4793777,0.16477233,705269.111152,6004473.56888,13003
13003,2024,101484.0,10.0,101484.0,10.0,0.0,1.7859238,0.018207973,6.063213,0.11039882,705269.111152,6004473.56888,13003
13003,2025,101484.0,10.0,101484.0,10.0,0.0,1.978904,0.0058039143,7.353821,0.042680945,705269.111152,6004473.56888,13003
13004,2007,45180.0,10.0,45180.0,10.0,0.0,1.7489799,0.0246011,5.8411055,0.14369762,659832.895466,5944119.56178,13004
13004,2008,45180.0,10.0,45180.0,10.0,0.0,1.7668197,0.028270114,5.9462442,0.16810101,659832.895466,5944119.56178,13004
13004,2009,45180.0,10.0,45180.0,10.0,0.0,1.744181,0.020544846,5.813142,0.119430095,659832.895466,5944119.56178,13004
13004,2010,45180.0,10.0,45180.0,10.0,0.0,1.7859722,0.041192926,6.061228,0.2496797,659832.895466,5944119.56178,13004
13004,2011,45180.0,10.0,45180.0,10.0,0.0,1.8429673,0.05714861,6.4167223,0.36670676,659832.895466,5944119.56178,13004
13004,2012,45180.0,10.0,45180.0,10.0,0.0,1.877625,0.037001915,6.643009,0.24580406,659832.895466,5944119.56178,13004
13004,2013,45180.0,10.0,45180.0,10.0,0.0,1.8797963,0.027896864,6.6574492,0.18572195,659832.895466,5944119.56178,13004
13004,2014,45180.0,10.0,45180.0,10.0,0.0,1.8626084,0.031670183,6.5439997,0.20724967,659832.895466,5944119.56178,13004
13004,2015,45180.0,10.0,45180.0,10.0,0.0,1.8533854,0.05262313,6.4839225,0.3412043,659832.895466,5944119.56178,13004
13004,2016,45180.0,10.0,45180.0,10.0,0.0,1.8983563,0.0595032,6.7821655,0.40356055,659832.895466,5944119.56178,13004
13004,2017,45180.0,10.0,45180.0,10.0,0.0,1.932658,0.054460898,7.0188403,0.38225234,659832.895466,5944119.56178,13004
13004,2018,45180.0,10.0,45180.0,10.0,0.0,1.9613235,0.06102678,7.222951,0.44079345,659832.895466,5944119.56178,13004
13004,2019,45180.0,10.0,45180.0,10.0,0.0,2.0045958,0.07006589,7.542365,0.5284625,659832.895466,5944119.56178,13004
13004,2020,45180.0,10.0,45180.0,10.0,0.0,2.0853946,0.07029588,8.177076,0.5748148,659832.895466,5944119.56178,13004
13004,2021,45180.0,10.0,45180.0,10.0,0.0,2.130692,0.06625225,8.555995,0.5668539,659832.895466,5944119.56178,13004
13004,2022,45180.0,10.0,45180.0,10.0,0.0,2.1537051,0.05023649,8.755178,0.4398294,659832.895466,5944119.56178,13004
13004,2023,45180.0,10.0,45180.0,10.0,0.0,2.1978195,0.036645852,9.150051,0.3353114,659832.895466,5944119.56178,13004
13004,2024,45180.0,10.0,45180.0,10.0,0.0,2.2758272,0.06278475,9.8924055,0.6210922,659832.895466,5944119.56178,13004
13004,2025,45180.0,10.0,45180.0,10.0,0.0,2.3425877,0.06915646,10.575371,0.73135525,659832.895466,5944119.56178,13004
13071,2007,99335.0,50.0,1582.0,15.0,-0.032623988,1.5571941,0.060793776,4.880938,0.29673067,752655.46018,5980733.12636,13071
13071,2008,99335.0,50.0,1582.0,15.0,-0.032623988,1.3516791,0.037771974,3.974196,0.15011322,752655.46018,5980733.12636,13071
13071,2009,99335.0,50.0,1582.0,15.0,-0.032623988,1.4088324,0.029005764,4.2079506,0.12205482,752655.46018,5980733.12636,13071
13071,2010,99335.0,50.0,1582.0,15.0,-0.032623988,1.532585,0.0021856287,4.7622886,0.010408595,752655.46018,5980733.12636,13071
13071,2011,99335.0,50.0,1582.0,15.0,-0.032623988,1.5198336,0.05594908,4.701948,0.2630697,752655.46018,5980733.12636,13071
13071,2012,99335.0,50.0,1582.0,15.0,-0.032623988,1.4417017,0.0067886175,4.3485613,0.029520717,752655.46018,5980733.12636,13071
13071,2013,99335.0,50.0,1582.0,15.0,-0.032623988,1.4850934,0.0056816326,4.541406,0.025802601,752655.46018,5980733.12636,13071
13071,2014,99335.0,50.0,1582.0,15.0,-0.032623988,1.5309544,0.009350362,4.754529,0.044456568,752655.46018,5980733.12636,13071
13071,2015,99335.0,50.0,1582.0,15.0,-0.032623988,1.594517,0.02655704,5.066551,0.1345526,752655.46018,5980733.12636,13071
13071,2016,99335.0,50.0,1582.0,15.0,-0.032623988,1.6198956,0.06541091,5.1967783,0.339926,752655.46018,5980733.12636,13071
13071,2017,99335.0,50.0,1582.0,15.0,-0.032623988,1.6312908,0.021650402,5.2563357,0.11380178,752655.46018,5980733.12636,13071
13071,2018,99335.0,50.0,1582.0,15.0,-0.032623988,1.6661003,0.0018113876,5.442528,0.009858527,752655.46018,5980733.12636,13071
13071,2019,99335.0,50.0,1582.0,15.0,-0.032623988,1.6116375,0.021301698,5.1540394,0.10978979,752655.46018,5980733.12636,13071
13071,2020,99335.0,50.0,1582.0,15.0,-0.032623988,1.6574539,0.0014948321,5.3956723,0.008065624,752655.46018,5980733.12636,13071
13071,2021,99335.0,50.0,1582.0,15.0,-0.032623988,1.6472918,0.015441773,5.341119,0.08247635,752655.46018,5980733.12636,13071
13071,2022,99335.0,50.0,1582.0,15.0,-0.032623988,1.7361486,0.022797102,5.8374376,0.13307667,752655.46018,5980733.12636,13071
13071,2023,99335.0,50.0,1582.0,15.0,-0.032623988,1.7516239,0.07113209,5.9284763,0.42170492,752655.46018,5980733.12636,13071
13071,2024,99335.0,50.0,1582.0,15.0,-0.032623988,1.8199563,0.019529482,6.347745,0.12396817,752655.46018,5980733.12636,13071
13071,2025,99335.0,50.0,1582.0,15.0,-0.032623988,1.9147922,0.015053626,6.9792085,0.10506239,752655.46018,5980733.12636,13071
13072,2007,109660.0,25.0,5887.0,10.0,-0.1251271,1.9065754,0.03998587,6.874512,0.27488336,688829.811024,6000221.57403,13072
13072,2008,109660.0,25.0,5887.0,10.0,-0.1251271,1.8939192,0.05203007,6.7880554,0.35318303,688829.811024,6000221.57403,13072
13072,2009,109660.0,25.0,5887.0,10.0,-0.1251271,1.8931867,0.08558895,6.7830844,0.58055705,688829.811024,6000221.57403,13072
13072,2010,109660.0,25.0,5887.0,10.0,-0.1251271,1.8910569,0.11715305,6.768653,0.79296833,688829.811024,6000221.57403,13072
13072,2011,109660.0,25.0,5887.0,10.0,-0.1251271,1.9332441,0.067709126,7.0603127,0.47804764,688829.811024,6000221.57403,13072
13072,2012,109660.0,25.0,5887.0,10.0,-0.1251271,1.8918058,0.06471692,6.7737246,0.43837458,688829.811024,6000221.57403,13072
13072,2013,109660.0,25.0,5887.0,10.0,-0.1251271,1.9305964,0.09121347,7.041643,0.64229274,688829.811024,6000221.57403,13072
13072,2014,109660.0,25.0,5887.0,10.0,-0.1251271,1.9727173,0.09507389,7.344579,0.6982778,688829.811024,6000221.57403,13072
13072,2015,109660.0,25.0,5887.0,10.0,-0.1251271,1.9817567,0.094124034,7.411271,0.6975787,688829.811024,6000221.57403,13072
13072,2016,109660.0,25.0,5887.0,10.0,-0.1251271,1.9781123,0.098921455,7.3843107,0.7304667,688829.811024,6000221.57403,13072
13072,2017,109660.0,25.0,5887.0,10.0,-0.1251271,2.0111244,0.09304734,7.63215,0.7101513,688829.811024,6000221.57403,13072
13072,2018,109660.0,25.0,5887.0,10.0,-0.1251271,1.9977384,0.07712263,7.530667,0.5807848,688829.811024,6000221.57403,13072
13072,2019,109660.0,25.0,5887.0,10.0,-0.1251271,2.0188808,0.059867766,7.69158,0.46047768,688829.811024,6000221.57403,13072
13072,2020,109660.0,25.0,5887.0,10.0,-0.1251271,2.0649118,0.020699363,8.0539055,0.1667107,688829.811024,6000221.57403,13072
13072,2021,109660.0,25.0,5887.0,10.0,-0.1251271,2.0796568,0.040554136,8.173539,0.33147085,688829.811024,6000221.57403,13072
13072,2022,109660.0,25.0,5887.0,10.0,-0.1251271,2.2051554,0.079775415,9.266453,0.73923504,688829.811024,6000221.57403,13072
13072,2023,109660.0,25.0,5887.0,10.0,-0.1251271,2.234178,0.059383802,9.539331,0.56648177,688829.811024,6000221.57403,13072
13072,2024,109660.0,25.0,5887.0,10.0,-0.1251271,2.2730744,0.050676126,9.9176855,0.5025899,688829.811024,6000221.57403,13072
13072,2025,109660.0,25.0,5887.0,10.0,-0.1251271,2.3921897,0.010361369,11.172273,0.11576004,688829.811024,6000221.57403,13072
13073,2007,43853.0,50.0,1719.0,10.0,-0.10575027,1.8575495,0.047945384,6.575985,0.31528813,797963.747716,6039673.69145,13073
13073,2008,43853.0,50.0,1719.0,10.0,-0.10575027,1.9543686,0.03877279,7.244506,0.28088972,797963.747716,6039673.69145,13073
13073,2009,43853.0,50.0,1719.0,10.0,-0.10575027,1.9315519,0.023618732,7.0810823,0.16724618,797963.747716,6039673.69145,13073
13073,2010,43853.0,50.0,1719.0,10.0,-0.10575027,1.9635758,0.01348235,7.3115153,0.09857641,797963.747716,6039673.69145,13073
13073,2011,43853.0,50.0,1719.0,10.0,-0.10575027,1.9188827,0.057304963,6.991936,0.40067264,797963.747716,6039673.69145,13073
13073,2012,43853.0,50.0,1719.0,10.0,-0.10575027,1.9567356,0.07989246,7.2616744,0.580153,797963.747716,6039673.69145,13073
13073,2013,43853.0,50.0,1719.0,10.0,-0.10575027,1.9558518,0.059106603,7.255259,0.42883372,797963.747716,6039673.69145,13073
13073,2014,43853.0,50.0,1719.0,10.0,-0.10575027,1.950022,0.0061494354,7.2130857,0.044356402,797963.747716,6039673.69145,13073
13073,2015,43853.0,50.0,1719.0,10.0,-0.10575027,1.9302583,0.004848228,7.0719275,0.034286316,797963.747716,6039673.69145,13073
13073,2016,43853.0,50.0,1719.0,10.0,-0.10575027,1.8810513,0.010714096,6.732362,0.07213117,797963.747716,6039673.69145,13073
13073,2017,43853.0,50.0,1719.0,10.0,-0.10575027,1.9783018,0.021547507,7.4199815,0.15988211,797963.747716,6039673.69145,13073
13073,2018,43853.0,50.0,1719.0,10.0,-0.10575027,2.0316334,0.033286493,7.8264437,0.26051486,797963.747716,6039673.69145,13073
13073,2019,43853.0,50.0,1719.0,10.0,-0.10575027,2.0729768,0.041301128,8.156797,0.33688492,797963.747716,6039673.69145,13073
13073,2020,43853.0,50.0,1719.0,10.0,-0.10575027,2.0920157,0.02633429,8.313581,0.21893226,797963.747716,6039673.69145,13073
13073,2021,43853.0,50.0,1719.0,10.0,-0.10575027,2.1301248,0.0027795404,8.636519,0.024005553,797963.747716,6039673.69145,13073
13073,2022,43853.0,50.0,1719.0,10.0,-0.10575027,2.1713758,0.0033084669,9.000233,0.029776972,797963.747716,6039673.69145,13073
13073,2023,43853.0,50.0,1719.0,10.0,-0.10575027,2.240162,0.007149457,9.641113,0.068928726,797963.747716,6039673.69145,13073
13073,2024,43853.0,50.0,1719.0,10.0,-0.10575027,2.3692272,0.08230074,10.969317,0.9027829,797963.747716,6039673.69145,13073
13073,2025,43853.0,50.0,1719.0,10.0,-0.10575027,2.444603,0.07017807,11.828096,0.830073,797963.747716,6039673.69145,13073
13074,2007,27345.0,25.0,2762.0,10.0,-0.17373757,1.593223,0.014783092,4.998608,0.07389488,644775.606257,5970530.2523,13074
13074,2008,27345.0,25.0,2762.0,10.0,-0.17373757,1.6140336,0.010013558,5.103722,0.05110642,644775.606257,5970530.2523,13074
13074,2009,27345.0,25.0,2762.0,10.0,-0.17373757,1.5964679,0.045162264,5.014854,0.22648217,644775.606257,5970530.2523,13074
13074,2010,27345.0,25.0,2762.0,10.0,-0.17373757,1.6362695,0.04524743,5.218479,0.23612277,644775.606257,5970530.2523,13074
13074,2011,27345.0,25.0,2762.0,10.0,-0.17373757,1.6839975,0.06605244,5.4735866,0.36154372,644775.606257,5970530.2523,13074
13074,2012,27345.0,25.0,2762.0,10.0,-0.17373757,1.6692295,0.0152283665,5.393346,0.082131855,644775.606257,5970530.2523,13074
13074,2013,27345.0,25.0,2762.0,10.0,-0.17373757,1.6918863,0.06800389,5.516937,0.37517315,644775.606257,5970530.2523,13074
13074,2014,27345.0,25.0,2762.0,10.0,-0.17373757,1.7849643,0.112864755,6.055099,0.68340725,644775.606257,5970530.2523,13074
13074,2015,27345.0,25.0,2762.0,10.0,-0.17373757,1.6941772,0.012886255,5.5295897,0.071255706,644775.606257,5970530.2523,13074
13074,2016,27345.0,25.0,2762.0,10.0,-0.17373757,1.7258087,0.062023666,5.707295,0.35398737,644775.606257,5970530.2523,13074
13074,2017,27345.0,25.0,2762.0,10.0,-0.17373757,1.7235204,0.008895127,5.69425,0.05065108,644775.606257,5970530.2523,13074
13074,2018,27345.0,25.0,2762.0,10.0,-0.17373757,1.7277882,0.03548891,5.718604,0.20294704,644775.606257,5970530.2523,13074
13074,2019,27345.0,25.0,2762.0,10.0,-0.17373757,1.7046468,0.006326283,5.587787,0.035349924,644775.606257,5970530.2523,13074
13074,2020,27345.0,25.0,2762.0,10.0,-0.17373757,1.7522569,0.045355104,5.860256,0.26579252,644775.606257,5970530.2523,13074
13074,2021,27345.0,25.0,2762.0,10.0,-0.17373757,1.8034838,0.110391155,6.168282,0.6809237,644775.606257,5970530.2523,13074
13074,2022,27345.0,25.0,2762.0,10.0,-0.17373757,1.8857608,0.090361446,6.697252,0.60517335,644775.606257,5970530.2523,13074
13074,2023,27345.0,25.0,2762.0,10.0,-0.17373757,1.8923022,0.08349791,6.7412043,0.56287646,644775.606257,5970530.2523,13074
13074,2024,27345.0,25.0,2762.0,10.0,-0.17373757,1.955401,0.040984232,7.180273,0.294278,644775.606257,5970530.2523,13074
13074,2025,27345.0,25.0,2762.0,10.0,-0.17373757,1.9478936,0.060736146,7.12657,0.4328404,644775.606257,5970530.2523,13074
13075,2007,62900.0,50.0,2306.0,10.0,-0.28400669,1.2820373,0.14514889,3.713563,0.5390196,809043.200742,5975552.69839,13075
13075,2008,62900.0,50.0,2306.0,10.0,-0.28400669,1.3286812,0.11487191,3.8908813,0.44695297,809043.200742,5975552.69839,13075
13075,2009,62900.0,50.0,2306.0,10.0,-0.28400669,1.3331829,0.13894682,3.9084365,0.54306483,809043.200742,5975552.69839,13075
13075,2010,62900.0,50.0,2306.0,10.0,-0.28400669,1.4445062,0.09110276,4.3686786,0.39799866,809043.200742,5975552.69839,13075
13075,2011,62900.0,50.0,2306.0,10.0,-0.28400669,1.4403208,0.058382474,4.350433,0.253989,809043.200742,5975552.69839,13075
13075,2012,62900.0,50.0,2306.0,10.0,-0.28400669,1.4846166,0.04918729,4.54747,0.22367775,809043.200742,5975552.69839,13075
13075,2013,62900.0,50.0,2306.0,10.0,-0.28400669,1.5547727,0.009072116,4.8779607,0.044253424,809043.200742,5975552.69839,13075
13075,2014,62900.0,50.0,2306.0,10.0,-0.28400669,1.6098198,0.033211596,5.1540055,0.17117277,809043.200742,5975552.69839,13075
13075,2015,62900.0,50.0,2306.0,10.0,-0.28400669,1.6621159,0.017842652,5.430713,0.09689832,809043.200742,5975552.69839,13075
13075,2016,62900.0,50.0,2306.0,10.0,-0.28400669,1.6793245,0.033998094,5.5249767,0.18783867,809043.200742,5975552.69839,13075
13075,2017,62900.0,50.0,2306.0,10.0,-0.28400669,1.7152995,0.003942421,5.727356,0.022579648,809043.200742,5975552.69839,13075
13075,2018,62900.0,50.0,2306.0,10.0,-0.28400669,1.6577286,0.03898097,5.4069386,0.21076769,809043.200742,5975552.69839,13075
13075,2019,62900.0,50.0,2306.0,10.0,-0.28400669,1.6927408,0.02602652,5.599601,0.14573812,809043.200742,5975552.69839,13075
13075,2020,62900.0,50.0,2306.0,10.0,-0.28400669,1.6759682,0.0037093165,5.506464,0.020425217,809043.200742,5975552.69839,13075
13075,2021,62900.0,50.0,2306.0,10.0,-0.28400669,1.6565701,0.01672745,5.4006786,0.09033958,809043.200742,5975552.69839,13075
13075,2022,62900.0,50.0,2306.0,10.0,-0.28400669,1.7526568,0.0039042544,5.9453616,0.023212204,809043.200742,5975552.69839,13075
13075,2023,62900.0,50.0,2306.0,10.0,-0.28400669,1.8866402,0.110408194,6.797771,0.7505296,809043.200742,5975552.69839,13075
13075,2024,62900.0,50.0,2306.0,10.0,-0.28400669,1.9395262,0.038313184,7.166954,0.27458882,809043.200742,5975552.69839,13075
13075,2025,62900.0,50.0,2306.0,10.0,-0.28400669,1.977666,0.067498945,7.445579,0.5025687,809043.200742,5975552.69839,13075
13076,2007,42221.0,25.0,4864.0,10.0,-0.015111608,1.5979189,0.03333424,5.014391,0.16715091,614870.658473,5916585.92784,13076
13076,2008,42221.0,25.0,4864.0,10.0,-0.015111608,1.607534,0.037303604,5.062838,0.1888621,614870.658473,5916585.92784,13076
13076,2009,42221.0,25.0,4864.0,10.0,-0.015111608,1.6001416,0.00025982832,5.025549,0.0013057799,614870.658473,5916585.92784,13076
13076,2010,42221.0,25.0,4864.0,10.0,-0.015111608,1.5127188,0.048774604,4.604858,0.22460014,614870.658473,5916585.92784,13076
13076,2011,42221.0,25.0,4864.0,10.0,-0.015111608,1.5647732,0.010171994,4.8509097,0.049343426,614870.658473,5916585.92784,13076
13076,2012,42221.0,25.0,4864.0,10.0,-0.015111608,1.6331605,0.02114183,5.194257,0.1098161,614870.658473,5916585.92784,13076
13076,2013,42221.0,25.0,4864.0,10.0,-0.015111608,1.62509,0.029658156,5.1525054,0.1528138,614870.658473,5916585.92784,13076
13076,2014,42221.0,25.0,4864.0,10.0,-0.015111608,1.6283807,0.08790567,5.1694884,0.45442733,614870.658473,5916585.92784,13076
13076,2015,42221.0,25.0,4864.0,10.0,-0.015111608,1.6707745,0.044397153,5.3933544,0.23944958,614870.658473,5916585.92784,13076
13076,2016,42221.0,25.0,4864.0,10.0,-0.015111608,1.6967844,0.0141753,5.5354753,0.07846702,614870.658473,5916585.92784,13076
13076,2017,42221.0,25.0,4864.0,10.0,-0.015111608,1.6739908,0.016903661,5.41073,0.091461144,614870.658473,5916585.92784,13076
13076,2018,42221.0,25.0,4864.0,10.0,-0.015111608,1.6944063,0.0005620631,5.522327,0.0031038963,614870.658473,5916585.92784,13076
13076,2019,42221.0,25.0,4864.0,10.0,-0.015111608,1.76865,0.018331835,5.9479294,0.10903646,614870.658473,5916585.92784,13076
13076,2020,42221.0,25.0,4864.0,10.0,-0.015111608,1.8459206,0.016206551,6.425752,0.10413928,614870.658473,5916585.92784,13076
13076,2021,42221.0,25.0,4864.0,10.0,-0.015111608,1.8728431,0.04372143,6.6010995,0.2886095,614870.658473,5916585.92784,13076
13076,2022,42221.0,25.0,4864.0,10.0,-0.015111608,1.9164652,0.013124384,6.895426,0.09049822,614870.658473,5916585.92784,13076
13076,2023,42221.0,25.0,4864.0,10.0,-0.015111608,1.9600681,0.027535724,7.202738,0.1983326,614870.658473,5916585.92784,13076
13076,2024,42221.0,25.0,4864.0,10.0,-0.015111608,2.0471869,0.030432535,7.8583755,0.23915029,614870.658473,5916585.92784,13076
13076,2025,42221.0,25.0,4864.0,10.0,-0.015111608,2.0848505,0.03673686,8.159995,0.2997726,614870.658473,5916585.92784,13076
14511,2007,548820.0,10.0,548820.0,10.0,0.0,1.5882865,0.008204574,4.9524846,0.040633023,775473.188386,5637804.17614,14511
14511,2008,548820.0,10.0,548820.0,10.0,0.0,1.5789809,0.0021574313,4.906613,0.010585681,775473.188386,5637804.17614,14511
14511,2009,548820.0,10.0,548820.0,10.0,0.0,1.5554122,0.017706584,4.792322,0.08485566,775473.188386,5637804.17614,14511
14511,2010,548820.0,10.0,548820.0,10.0,0.0,1.5255941,0.018091055,4.651534,0.08415115,775473.188386,5637804.17614,14511
14511,2011,548820.0,10.0,548820.0,10.0,0.0,1.5683417,0.013662506,4.8546867,0.066327184,775473.188386,5637804.17614,14511
14511,2012,548820.0,10.0,548820.0,10.0,0.0,1.5880889,0.018847791,4.951506,0.09332495,775473.188386,5637804.17614,14511
14511,2013,548820.0,10.0,548820.0,10.0,0.0,1.5944167,0.007933185,4.982938,0.03953057,775473.188386,5637804.17614,14511
14511,2014,548820.0,10.0,548820.0,10.0,0.0,1.6051949,0.014318761,5.0369353,0.07212268,775473.188386,5637804.17614,14511
14511,2015,548820.0,10.0,548820.0,10.0,0.0,1.6307474,0.0018032389,5.1673,0.009317877,775473.188386,5637804.17614,14511
14511,2016,548820.0,10.0,548820.0,10.0,0.0,1.6514912,0.008503138,5.275609,0.044859234,775473.188386,5637804.17614,14511
14511,2017,548820.0,10.0,548820.0,10.0,0.0,1.6583061,0.010586684,5.3116846,0.056233123,775473.188386,5637804.17614,14511
14511,2018,548820.0,10.0,548820.0,10.0,0.0,1.64808,0.012718312,5.2576437,0.06686836,775473.188386,5637804.17614,14511
14511,2019,548820.0,10.0,548820.0,10.0,0.0,1.6602495,0.004003087,5.3220167,0.021304496,775473.188386,5637804.17614,14511
14511,2020,548820.0,10.0,548820.0,10.0,0.0,1.6795894,0.0033684338,5.425946,0.018276941,775473.188386,5637804.17614,14511
14511,2021,548820.0,10.0,548820.0,10.0,0.0,1.713493,0.0052932464,5.6130595,0.029711306,775473.188386,5637804.17614,14511
14511,2022,548820.0,10.0,548820.0,10.0,0.0,1.7158113,0.012840944,5.626087,0.072244264,775473.188386,5637804.17614,14511
14511,2023,548820.0,10.0,548820.0,10.0,0.0,1.7515029,0.006084671,5.830518,0.035476778,775473.188386,5637804.17614,14511
14511,2024,548820.0,10.0,548820.0,10.0,0.0,1.7587781,0.012325839,5.8730907,0.07239077,775473.188386,5637804.17614,14511
14511,2025,548820.0,10.0,548820.0,10.0,0.0,1.7889211,0.013114728,6.052819,0.07938107,775473.188386,5637804.17614,14511
14521,2007,96909.0,10.0,96909.0,10.0,0.0,1.6127448,0.09474143,5.067376,0.48009044,782585.063021,5628947.51723,14521
14521,2008,96909.0,10.0,96909.0,10.0,0.0,1.5960146,0.09690881,4.983303,0.48292598,782585.063021,5628947.51723,14521
14521,2009,96909.0,10.0,96909.0,10.0,0.0,1.657673,0.06608294,5.3002357,0.3502552,782585.063021,5628947.51723,14521
14521,2010,96909.0,10.0,96909.0,10.0,0.0,1.6876149,0.11292819,5.461335,0.6167387,782585.063021,5628947.51723,14521
14521,2011,96909.0,10.0,96909.0,10.0,0.0,1.6801488,0.05602476,5.420712,0.3036941,782585.063021,5628947.51723,14521
14521,2012,96909.0,10.0,96909.0,10.0,0.0,1.6374477,0.048045285,5.1941137,0.24955268,782585.063021,5628947.51723,14521
14521,2013,96909.0,10.0,96909.0,10.0,0.0,1.6570337,0.050735485,5.296849,0.26873818,782585.063021,5628947.51723,14521
14521,2014,96909.0,10.0,96909.0,10.0,0.0,1.6917479,0.10571822,5.483953,0.57975376,782585.063021,5628947.51723,14521
14521,2015,96909.0,10.0,96909.0,10.0,0.0,1.6529437,0.0007463431,5.275229,0.003937131,782585.063021,5628947.51723,14521
14521,2016,96909.0,10.0,96909.0,10.0,0.0,1.5673842,0.00027404388,4.842653,0.0013270994,782585.063021,5628947.51723,14521
14521,2017,96909.0,10.0,96909.0,10.0,0.0,1.6254935,0.03754229,5.1323924,0.19268176,782585.063021,5628947.51723,14521
14521,2018,96909.0,10.0,96909.0,10.0,0.0,1.7283031,0.03602307,5.6881294,0.20490387,782585.063021,5628947.51723,14521
14521,2019,96909.0,10.0,96909.0,10.0,0.0,1.7920849,0.068892576,6.062749,0.4176784,782585.063021,5628947.51723,14521
14521,2020,96909.0,10.0,96909.0,10.0,0.0,1.6234097,0.027521571,5.1217084,0.14095746,782585.063021,5628947.51723,14521
14521,2021,96909.0,10.0,96909.0,10.0,0.0,1.6149831,0.0020742011,5.0787315,0.01053431,782585.063021,5628947.51723,14521
14521,2022,96909.0,10.0,96909.0,10.0,0.0,1.7450848,0.015958829,5.7843914,0.092312105,782585.063021,5628947.51723,14521
14521,2023,96909.0,10.0,96909.0,10.0,0.0,1.7984434,0.013324553,6.101422,0.081298724,782585.063021,5628947.51723,14521
14521,2024,96909.0,10.0,96909.0,10.0,0.0,1.8178878,0.07071397,6.221221,0.43992722,782585.063021,5628947.51723,14521
14521,2025,96909.0,10.0,96909.0,10.0,0.0,1.8563179,0.047693145,6.4649563,0.3083341,782585.063021,5628947.51723,14521
14522,2007,63944.0,10.0,63944.0,10.0,0.0,1.503069,0.10690722,4.537439,0.48508498,787869.105657,5637200.21936,14522
14522,2008,63944.0,10.0,63944.0,10.0,0.0,1.5855458,0.015187104,4.9275384,0.07483504,787869.105657,5637200.21936,14522
14522,2009,63944.0,10.0,63944.0,10.0,0.0,1.6028991,0.050564155,5.0137935,0.25351822,787869.105657,5637200.21936,14522
14522,2010,63944.0,10.0,63944.0,10.0,0.0,1.6291782,0.04537676,5.147298,0.2335677,787869.105657,5637200.21936,14522
14522,2011,63944.0,10.0,63944.0,10.0,0.0,1.6269763,0.012492093,5.135977,0.0641591,787869.105657,5637200.21936,14522
14522,2012,63944.0,10.0,63944.0,10.0,0.0,1.6198045,0.022182535,5.099274,0.11311483,787869.105657,5637200.21936,14522
14522,2013,63944.0,10.0,63944.0,10.0,0.0,1.5856981,0.05087838,4.928289,0.25074336,787869.105657,5637200.21936,14522
14522,2014,63944.0,10.0,63944.0,10.0,0.0,1.6860057,0.03596816,5.4482775,0.1959645,787869.105657,5637200.21936,14522
14522,2015,63944.0,10.0,63944.0,10.0,0.0,1.6062788,0.031678338,5.0307674,0.15936635,787869.105657,5637200.21936,14522
14522,2016,63944.0,10.0,63944.0,10.0,0.0,1.6650221,0.0002771221,5.335144,0.0014784863,787869.105657,5637200.21936,14522
14522,2017,63944.0,10.0,63944.0,10.0,0.0,1.6712755,0.03393733,5.3686113,0.18219633,787869.105657,5637200.21936,14522
14522,2018,63944.0,10.0,63944.0,10.0,0.0,1.7475053,0.09530946,5.793862,0.55220985,787869.105657,5637200.21936,14522
14522,2019,63944.0,10.0,63944.0,10.0,0.0,1.7311306,0.059734534,5.699762,0.3404726,787869.105657,5637200.21936,14522
14522,2020,63944.0,10.0,63944.0,10.0,0.0,1.7143399,0.022285184,5.6048574,0.12490527,787869.105657,5637200.21936,14522
14522,2021,63944.0,10.0,63944.0,10.0,0.0,1.6783043,0.060341243,5.406479,0.32623366,787869.105657,5637200.21936,14522
14522,2022,63944.0,10.0,63944.0,10.0,0.0,1.8031931,0.05498633,6.125662,0.33682767,787869.105657,5637200.21936,14522
14522,2023,63944.0,10.0,63944.0,10.0,0.0,1.8338248,0.01783835,6.3162045,0.11267067,787869.105657,5637200.21936,14522
14522,2024,63944.0,10.0,63944.0,10.0,0.0,1.8425419,0.06391569,6.371505,0.40723914,787869.105657,5637200.21936,14522
14522,2025,63944.0,10.0,63944.0,10.0,0.0,1.8616221,0.0536302,6.494241,0.34828746,787869.105657,5637200.21936,14522
14523,2007,90911.0,25.0,3067.0,10.0,-0.17837487,1.5327994,0.12098639,4.7118134,0.57006526,730869.326536,5579830.30538,14523
14523,2008,90911.0,25.0,3067.0,10.0,-0.17837487,1.6535568,0.27424464,5.3165803,1.4580436,730869.326536,5579830.30538,14523
14523,2009,90911.0,25.0,3067.0,10.0,-0.17837487,1.5669259,0.13989511,4.875386,0.68204266,730869.326536,5579830.30538,14523
14523,2010,90911.0,25.0,3067.0,10.0,-0.17837487,1.6204394,0.14609173,5.1433926,0.7514071,730869.326536,5579830.30538,14523
14523,2011,90911.0,25.0,3067.0,10.0,-0.17837487,1.5252675,0.07603681,4.676458,0.35558295,730869.326536,5579830.30538,14523
14523,2012,90911.0,25.0,3067.0,10.0,-0.17837487,1.507224,0.11388856,4.592835,0.52307135,730869.326536,5579830.30538,14523
14523,2013,90911.0,25.0,3067.0,10.0,-0.17837487,1.5017501,0.16528906,4.5677633,0.75500125,730869.326536,5579830.30538,14523
14523,2014,90911.0,25.0,3067.0,10.0,-0.17837487,1.5423474,0.12737535,4.757017,0.60592675,730869.326536,5579830.30538,14523
14523,2015,90911.0,25.0,3067.0,10.0,-0.17837487,1.4482763,0.017842384,4.3299227,0.07725615,730869.326536,5579830.30538,14523
14523,2016,90911.0,25.0,3067.0,10.0,-0.17837487,1.4390166,0.029489152,4.2900143,0.12650888,730869.326536,5579830.30538,14523
14523,2017,90911.0,25.0,3067.0,10.0,-0.17837487,1.4349571,0.047831174,4.272634,0.20436512,730869.326536,5579830.30538,14523
14523,2018,90911.0,25.0,3067.0,10.0,-0.17837487,1.486163,0.015364065,4.497117,0.069093995,730869.326536,5579830.30538,14523
14523,2019,90911.0,25.0,3067.0,10.0,-0.17837487,1.5181594,0.04447613,4.643335,0.20651755,730869.326536,5579830.30538,14523
14523,2020,90911.0,25.0,3067.0,10.0,-0.17837487,1.510455,0.10545922,4.6076984,0.4859243,730869.326536,5579830.30538,14523
14523,2021,90911.0,25.0,3067.0,10.0,-0.17837487,1.4059049,0.17142786,4.1502905,0.71147543,730869.326536,5579830.30538,14523
14523,2022,90911.0,25.0,3067.0,10.0,-0.17837487,1.5851176,0.061856918,4.9648895,0.30711275,730869.326536,5579830.30538,14523
14523,2023,90911.0,25.0,3067.0,10.0,-0.17837487,1.7180794,0.07319165,5.670929,0.41506463,730869.326536,5579830.30538,14523
14523,2024,90911.0,25.0,3067.0,10.0,-0.17837487,1.6430911,0.026293783,5.2612286,0.13833761,730869.326536,5579830.30538,14523
14523,2025,90911.0,25.0,3067.0,10.0,-0.17837487,1.661968,0.0022075034,5.3614874,0.011835502,730869.326536,5579830.30538,14523
14524,2007,34214.0,10.0,34214.0,10.0,0.0,1.4624959,0.031410746,4.3604345,0.1369645,758398.416074,5638772.35297,14524
14524,2008,34214.0,10.0,34214.0,10.0,0.0,1.450718,0.116155945,4.309379,0.50056,758398.416074,5638772.35297,14524
14524,2009,34214.0,10.0,34214.0,10.0,0.0,1.4167662,0.04068415,4.165523,0.16947076,758398.416074,5638772.35297,14524
14524,2010,34214.0,10.0,34214.0,10.0,0.0,1.471818,0.040421464,4.4012723,0.17790586,758398.416074,5638772.35297,14524
14524,2011,34214.0,10.0,34214.0,10.0,0.0,1.4673856,0.035043973,4.381808,0.15355594,758398.416074,5638772.35297,14524
14524,2012,34214.0,10.0,34214.0,10.0,0.0,1.5215268,0.05204528,4.625583,0.24073976,758398.416074,5638772.35297,14524
14524,2013,34214.0,10.0,34214.0,10.0,0.0,1.4691122,0.07048799,4.389379,0.3093985,758398.416074,5638772.35297,14524
14524,2014,34214.0,10.0,34214.0,10.0,0.0,1.401634,0.094615825,4.102964,0.38820532,758398.416074,5638772.35297,14524
14524,2015,34214.0,10.0,34214.0,10.0,0.0,1.4773613,0.013059262,4.4257374,0.057796866,758398.416074,5638772.35297,14524
14524,2016,34214.0,10.0,34214.0,10.0,0.0,1.5088564,0.027380047,4.567345,0.12505412,758398.416074,5638772.35297,14524
14524,2017,34214.0,10.0,34214.0,10.0,0.0,1.5531238,0.018857222,4.7740717,0.09002573,758398.416074,5638772.35297,14524
14524,2018,34214.0,10.0,34214.0,10.0,0.0,1.6326807,0.011512442,5.1693983,0.05951239,758398.416074,5638772.35297,14524
14524,2019,34214.0,10.0,34214.0,10.0,0.0,1.6005512,0.003959783,5.0059485,0.019822469,758398.416074,5638772.35297,14524
14524,2020,34214.0,10.0,34214.0,10.0,0.0,1.6127894,0.031416513,5.067589,0.15920596,758398.416074,5638772.35297,14524
14524,2021,34214.0,10.0,34214.0,10.0,0.0,1.7226052,0.03476552,5.655796,0.1966267,758398.416074,5638772.35297,14524
14524,2022,34214.0,10.0,34214.0,10.0,0.0,1.585513,0.03964605,4.931231,0.19550383,758398.416074,5638772.35297,14524
14524,2023,34214.0,10.0,34214.0,10.0,0.0,1.6903563,0.016491871,5.476312,0.090314634,758398.416074,5638772.35297,14524
14524,2024,34214.0,10.0,34214.0,10.0,0.0,1.8116673,0.023598867,6.1826253,0.14590295,758398.416074,5638772.35297,14524
14524,2025,34214.0,10.0,34214.0,10.0,0.0,1.879359,0.06267757,6.615628,0.41465148,758398.416074,5638772.35297,14524
14612,2007,780981.0,10.0,780981.0,10.0,0.0,1.80771,0.022312801,6.2001224,0.1383421,835091.853231,5668104.80086,14612
14612,2008,780981.0,10.0,780981.0,10.0,0.0,1.8402132,0.024729252,6.4049563,0.15838978,835091.853231,5668104.80086,14612
14612,2009,780981.0,10.0,780981.0,10.0,0.0,1.8382025,0.012652148,6.3920913,0.08087368,835091.853231,5668104.80086,14612
14612,2010,780981.0,10.0,780981.0,10.0,0.0,1.8612196,0.003678235,6.5409255,0.024059061,835091.853231,5668104.80086,14612
14612,2011,780981.0,10.0,780981.0,10.0,0.0,1.9233803,0.017642135,6.9604163,0.1227966,835091.853231,5668104.80086,14612
14612,2012,780981.0,10.0,780981.0,10.0,0.0,1.9839725,0.0111187305,7.3952026,0.08222527,835091.853231,5668104.80086,14612
14612,2013,780981.0,10.0,780981.0,10.0,0.0,2.0433948,0.005875666,7.847962,0.046112,835091.853231,5668104.80086,14612
14612,2014,780981.0,10.0,780981.0,10.0,0.0,2.055845,0.0026863148,7.946281,0.021346211,835091.853231,5668104.80086,14612
14612,2015,780981.0,10.0,780981.0,10.0,0.0,2.0547874,0.013505624,7.937882,0.10720605,835091.853231,5668104.80086,14612
14612,2016,780981.0,10.0,780981.0,10.0,0.0,2.0806513,0.021968003,8.145864,0.17894836,835091.853231,5668104.80086,14612
14612,2017,780981.0,10.0,780981.0,10.0,0.0,2.1793733,0.017471392,8.991075,0.15708658,835091.853231,5668104.80086,14612
14612,2018,780981.0,10.0,780981.0,10.0,0.0,2.1887023,0.033437416,9.075345,0.30345607,835091.853231,5668104.80086,14612
14612,2019,780981.0,10.0,780981.0,10.0,0.0,2.2109706,0.025024997,9.279704,0.23222457,835091.853231,5668104.80086,14612
14612,2020,780981.0,10.0,780981.0,10.0,0.0,2.3037965,0.0232918,10.182347,0.2371652,835091.853231,5668104.80086,14612
14612,2021,780981.0,10.0,780981.0,10.0,0.0,2.3081386,0.012892373,10.226656,0.13184586,835091.853231,5668104.80086,14612
14612,2022,780981.0,10.0,780981.0,10.0,0.0,2.3783486,0.00830583,10.970474,0.091118895,835091.853231,5668104.80086,14612
14612,2023,780981.0,10.0,780981.0,10.0,0.0,2.3391707,0.015351203,10.548986,0.16193964,835091.853231,5668104.80086,14612
14612,2024,780981.0,10.0,780981.0,10.0,0.0,2.340041,0.017657941,10.558169,0.18643554,835091.853231,5668104.80086,14612
14612,2025,780981.0,10.0,780981.0,10.0,0.0,2.364884,0.005395764,10.823751,0.058402408,835091.853231,5668104.80086,14612
14625,2007,32275.0,10.0,32275.0,10.0,0.0,1.5148121,0.06639153,4.5891647,0.30468166,848902.021883,5671882.45526,14625
14625,2008,32275.0,10.0,32275.0,10.0,0.0,1.5450277,0.025599098,4.729945,0.12108232,848902.021883,5671882.45526,14625
14625,2009,32275.0,10.0,32275.0,10.0,0.0,1.5993915,0.035830513,4.9942007,0.17894477,848902.021883,5671882.45526,14625
14625,2010,32275.0,10.0,32275.0,10.0,0.0,1.496219,0.086631775,4.5046263,0.39024377,848902.021883,5671882.45526,14625
14625,2011,32275.0,10.0,32275.0,10.0,0.0,1.5921426,0.04721469,4.9581294,0.23409653,848902.021883,5671882.45526,14625
14625,2012,32275.0,10.0,32275.0,10.0,0.0,1.5878403,0.018055009,4.9368443,0.08913477,848902.021883,5671882.45526,14625
14625,2013,32275.0,10.0,32275.0,10.0,0.0,1.6218605,0.061014485,5.1076856,0.3116428,848902.021883,5671882.45526,14625
14625,2014,32275.0,10.0,32275.0,10.0,0.0,1.6363676,0.012439877,5.1823235,0.06446747,848902.021883,5671882.45526,14625
14625,2015,32275.0,10.0,32275.0,10.0,0.0,1.6657321,0.0675123,5.3367567,0.36029673,848902.021883,5671882.45526,14625
14625,2016,32275.0,10.0,32275.0,10.0,0.0,1.6662867,0.05309626,5.339717,0.283519,848902.021883,5671882.45526,14625
14625,2017,32275.0,10.0,32275.0,10.0,0.0,1.6022478,0.14934604,5.0084863,0.7479976,848902.021883,5671882.45526,14625
14625,2018,32275.0,10.0,32275.0,10.0,0.0,1.7350765,0.070696756,5.719964,0.40438288,848902.021883,5671882.45526,14625
14625,2019,32275.0,10.0,32275.0,10.0,0.0,1.7306427,0.09258542,5.6946583,0.52724236,848902.021883,5671882.45526,14625
14625,2020,32275.0,10.0,32275.0,10.0,0.0,1.4994568,0.20846944,4.5192347,0.94212234,848902.021883,5671882.45526,14625
14625,2021,32275.0,10.0,32275.0,10.0,0.0,1.8828845,0.10894856,6.631098,0.7224485,848902.021883,5671882.45526,14625
14625,2022,32275.0,10.0,32275.0,10.0,0.0,1.9615085,0.0060281134,7.173505,0.0432427,848902.021883,5671882.45526,14625
14625,2023,32275.0,10.0,32275.0,10.0,0.0,1.8838726,0.0711155,6.6376534,0.47204006,848902.021883,5671882.45526,14625
14625,2024,32275.0,10.0,32275.0,10.0,0.0,1.8763129,0.045943648,6.587664,0.30266133,848902.021883,5671882.45526,14625
14625,2025,32275.0,10.0,32275.0,10.0,0.0,2.3249524,0.11347702,10.317466,1.1707952,848902.021883,5671882.45526,14625
14626,2007,19159.0,25.0,3572.0,15.0,-0.018352047,1.4564912,0.07129806,4.3279405,0.30857375,889213.295782,5708178.6651,14626
14626,2008,19159.0,25.0,3572.0,15.0,-0.018352047,1.4475609,0.02254667,4.2894626,0.096713096,889213.295782,5708178.6651,14626
14626,2009,19159.0,25.0,3572.0,15.0,-0.018352047,1.5938673,0.089409806,4.965271,0.4439439,889213.295782,5708178.6651,14626
14626,2010,19159.0,25.0,3572.0,15.0,-0.018352047,1.5702885,0.091666184,4.849565,0.44454116,889213.295782,5708178.6651,14626
14626,2011,19159.0,25.0,3572.0,15.0,-0.018352047,1.578936,0.025523271,4.8916836,0.12485176,889213.295782,5708178.6651,14626
14626,2012,19159.0,25.0,3572.0,15.0,-0.018352047,1.5259137,0.0026962755,4.6390715,0.012508214,889213.295782,5708178.6651,14626
14626,2013,19159.0,25.0,3572.0,15.0,-0.018352047,1.5009242,0.086997546,4.52458,0.39362738,889213.295782,5708178.6651,14626
14626,2014,19159.0,25.0,3572.0,15.0,-0.018352047,1.5258749,0.025116997,4.638891,0.11651502,889213.295782,5708178.6651,14626
14626,2015,19159.0,25.0,3572.0,15.0,-0.018352047,1.5054228,0.039884835,4.54498,0.18127578,889213.295782,5708178.6651,14626
14626,2016,19159.0,25.0,3572.0,15.0,-0.018352047,1.5742037,0.030046526,4.86859,0.14628421,889213.295782,5708178.6651,14626
14626,2017,19159.0,25.0,3572.0,15.0,-0.018352047,1.6102656,0.043335825,5.047364,0.2187317,889213.295782,5708178.6651,14626
14626,2018,19159.0,25.0,3572.0,15.0,-0.018352047,1.6342449,0.025888337,5.1698594,0.13383906,889213.295782,5708178.6651,14626
14626,2019,19159.0,25.0,3572.0,15.0,-0.018352047,1.6661068,0.06214969,5.337233,0.3317074,889213.295782,5708178.6651,14626
14626,2020,19159.0,25.0,3572.0,15.0,-0.018352047,1.6856163,0.06347644,5.4423814,0.34546304,889213.295782,5708178.6651,14626
14626,2021,19159.0,25.0,3572.0,15.0,-0.018352047,1.7001163,0.06990785,5.521871,0.38602215,889213.295782,5708178.6651,14626
14626,2022,19159.0,25.0,3572.0,15.0,-0.018352047,1.8713654,0.2756502,6.553282,1.8064135,889213.295782,5708178.6651,14626
14626,2023,19159.0,25.0,3572.0,15.0,-0.018352047,1.751253,0.0011345906,5.8115864,0.0065937713,889213.295782,5708178.6651,14626
14626,2024,19159.0,25.0,3572.0,15.0,-0.018352047,1.7351105,0.00093763694,5.718526,0.005361901,889213.295782,5708178.6651,14626
14626,2025,19159.0,25.0,3572.0,15.0,-0.018352047,1.751585,0.08594353,5.813516,0.49963406,889213.295782,5708178.6651,14626
14627,2007,90491.0,10.0,90491.0,10.0,0.0,1.6986349,0.032670517,5.530807,0.18069433,820171.190904,5675124.41086,14627
14627,2008,90491.0,10.0,90491.0,10.0,0.0,1.7053671,0.03637692,5.5681667,0.20255275,820171.190904,5675124.41086,14627
14627,2009,90491.0,10.0,90491.0,10.0,0.0,1.7292613,0.031012258,5.702816,0.1768572,820171.190904,5675124.41086,14627
14627,2010,90491.0,10.0,90491.0,10.0,0.0,1.7530471,0.019103408,5.840089,0.11156559,820171.190904,5675124.41086,14627
14627,2011,90491.0,10.0,90491.0,10.0,0.0,1.7666713,0.01956329,5.9201994,0.11581857,820171.190904,5675124.41086,14627
14627,2012,90491.0,10.0,90491.0,10.0,0.0,1.800256,0.014251107,6.122404,0.08725104,820171.190904,5675124.41086,14627
14627,2013,90491.0,10.0,90491.0,10.0,0.0,1.8429233,0.02086241,6.389283,0.13329585,820171.190904,5675124.41086,14627
14627,2014,90491.0,10.0,90491.0,10.0,0.0,1.8494818,0.01163023,6.4313254,0.074797794,820171.190904,5675124.41086,14627
14627,2015,90491.0,10.0,90491.0,10.0,0.0,1.8471173,0.0087576555,6.4161367,0.056190316,820171.190904,5675124.41086,14627
14627,2016,90491.0,10.0,90491.0,10.0,0.0,1.8871537,0.009433419,6.678227,0.06299852,820171.190904,5675124.41086,14627
14627,2017,90491.0,10.0,90491.0,10.0,0.0,1.8533536,0.018771416,6.456275,0.12119342,820171.190904,5675124.41086,14627
14627,2018,90491.0,10.0,90491.0,10.0,0.0,1.9147794,0.01990147,6.8652897,0.13662934,820171.190904,5675124.41086,14627
14627,2019,90491.0,10.0,90491.0,10.0,0.0,1.9121425,0.00886779,6.8472104,0.06071962,820171.190904,5675124.41086,14627
14627,2020,90491.0,10.0,90491.0,10.0,0.0,1.967418,0.014801219,7.236349,0.10710679,820171.190904,5675124.41086,14627
14627,2021,90491.0,10.0,90491.0,10.0,0.0,1.9937475,0.0065587955,7.4294095,0.048727978,820171.190904,5675124.41086,14627
14627,2022,90491.0,10.0,90491.0,10.0,0.0,1.9235246,0.09253703,6.9255915,0.6408737,820171.190904,5675124.41086,14627
14627,2023,90491.0,10.0,90491.0,10.0,0.0,2.0327773,0.05621812,7.7251105,0.4342912,820171.190904,5675124.41086,14627
14627,2024,90491.0,10.0,90491.0,10.0,0.0,2.0666075,0.0282355,7.990923,0.22562772,820171.190904,5675124.41086,14627
14627,2025,90491.0,10.0,90491.0,10.0,0.0,2.1742227,0.011931343,8.898846,0.106175184,820171.190904,5675124.41086,14627
14628,2007,602956.0,10.0,602956.0,10.0,0.0,1.6729171,0.025819588,5.424027,0.14004613,831502.277926,5658388.27597,14628
14628,2008,602956.0,10.0,602956.0,10.0,0.0,1.6785384,0.020124793,5.4546027,0.10977275,831502.277926,5658388.27597,14628
14628,2009,602956.0,10.0,602956.0,10.0,0.0,1.7238555,0.013149868,5.7074757,0.07505255,831502.277926,5658388.27597,14628
14628,2010,602956.0,10.0,602956.0,10.0,0.0,1.7561868,0.012763011,5.895022,0.07523823,831502.277926,5658388.27597,14628
14628,2011,602956.0,10.0,602956.0,10.0,0.0,1.7546953,0.019438898,5.8862357,0.114421934,831502.277926,5658388.27597,14628
14628,2012,602956.0,10.0,602956.0,10.0,0.0,1.7658112,0.03100567,5.952031,0.18454671,831502.277926,5658388.27597,14628
14628,2013,602956.0,10.0,602956.0,10.0,0.0,1.8578495,0.028385112,6.5258474,0.18523692,831502.277926,5658388.27597,14628
14628,2014,602956.0,10.0,602956.0,10.0,0.0,1.8707665,0.0024674975,6.6106896,0.01631186,831502.277926,5658388.27597,14628
14628,2015,602956.0,10.0,602956.0,10.0,0.0,1.9228965,0.0058541675,6.964445,0.04077103,831502.277926,5658388.27597,14628
14628,2016,602956.0,10.0,602956.0,10.0,0.0,1.9268891,0.028930442,6.9923067,0.20229052,831502.277926,5658388.27597,14628
14628,2017,602956.0,10.0,602956.0,10.0,0.0,1.9102451,0.05865495,6.876889,0.4033636,831502.277926,5658388.27597,14628
14628,2018,602956.0,10.0,602956.0,10.0,0.0,1.8936237,0.046354894,6.763531,0.3135228,831502.277926,5658388.27597,14628
14628,2019,602956.0,10.0,602956.0,10.0,0.0,1.9287748,0.063426755,7.0055046,0.4443364,831502.277926,5658388.27597,14628
14628,2020,602956.0,10.0,602956.0,10.0,0.0,1.8740216,0.10145844,6.632243,0.67289704,831502.277926,5658388.27597,14628
14628,2021,602956.0,10.0,602956.0,10.0,0.0,1.9243392,0.06438957,6.974499,0.449085,831502.277926,5658388.27597,14628
14628,2022,602956.0,10.0,602956.0,10.0,0.0,1.9867523,0.037216894,7.423671,0.27628598,831502.277926,5658388.27597,14628
14628,2023,602956.0,10.0,602956.0,10.0,0.0,2.1267054,0.11411463,8.538854,0.97440815,831502.277926,5658388.27597,14628
14628,2024,602956.0,10.0,602956.0,10.0,0.0,2.1130712,0.037941385,8.4232235,0.31958878,831502.277926,5658388.27597,14628
14628,2025,602956.0,10.0,602956.0,10.0,0.0,2.2160256,0.0049459944,9.336644,0.046178993,831502.277926,5658388.27597,14628
14713,2007,1390648.0,10.0,1390648.0,10.0,0.0,1.6774639,0.021441955,5.44651,0.11678382,735030.749375,5693285.90235,14713
14713,2008,1390648.0,10.0,1390648.0,10.0,0.0,1.6541945,0.031185945,5.3212357,0.16594777,735030.749375,5693285.90235,14713
14713,2009,1390648.0,10.0,1390648.0,10.0,0.0,1.6654232,0.033512887,5.3813233,0.18034369,735030.749375,5693285.90235,14713
14713,2010,1390648.0,10.0,1390648.0,10.0,0.0,1.6330864,0.03214714,5.210092,0.16748956,735030.749375,5693285.90235,14713
14713,2011,1390648.0,10.0,1390648.0,10.0,0.0,1.6927648,0.038006093,5.530487,0.21019222,735030.749375,5693285.90235,14713
14713,2012,1390648.0,10.0,1390648.0,10.0,0.0,1.7159746,0.037074488,5.6603494,0.20985456,735030.749375,5693285.90235,14713
14713,2013,1390648.0,10.0,1390648.0,10.0,0.0,1.8041649,0.04432699,6.182211,0.2740388,735030.749375,5693285.90235,14713
14713,2014,1390648.0,10.0,1390648.0,10.0,0.0,1.8934766,0.06102425,6.7597623,0.41250944,735030.749375,5693285.90235,14713
14713,2015,1390648.0,10.0,1390648.0,10.0,0.0,1.9727252,0.048637804,7.3172617,0.35589555,735030.749375,5693285.90235,14713
14713,2016,1390648.0,10.0,1390648.0,10.0,0.0,2.0036361,0.045696028,7.546978,0.3448669,735030.749375,5693285.90235,14713
14713,2017,1390648.0,10.0,1390648.0,10.0,0.0,2.0408118,0.048058107,7.832823,0.37643063,735030.749375,5693285.90235,14713
14713,2018,1390648.0,10.0,1390648.0,10.0,0.0,2.058538,0.04459595,7.9729056,0.3555593,735030.749375,5693285.90235,14713
14713,2019,1390648.0,10.0,1390648.0,10.0,0.0,2.1159856,0.042752553,8.444344,0.36101723,735030.749375,5693285.90235,14713
14713,2020,1390648.0,10.0,1390648.0,10.0,0.0,2.2055173,0.04230147,9.235255,0.39066488,735030.749375,5693285.90235,14713
14713,2021,1390648.0,10.0,1390648.0,10.0,0.0,2.1967268,0.044366986,9.15443,0.40615448,735030.749375,5693285.90235,14713
14713,2022,1390648.0,10.0,1390648.0,10.0,0.0,2.2477598,0.04406978,9.633735,0.42455655,735030.749375,5693285.90235,14713
14713,2023,1390648.0,10.0,1390648.0,10.0,0.0,2.3066065,0.034084458,10.217661,0.3482634,735030.749375,5693285.90235,14713
14713,2024,1390648.0,10.0,1390648.0,10.0,0.0,2.3409495,0.029155582,10.57466,0.3083104,735030.749375,5693285.90235,14713
14713,2025,1390648.0,10.0,1390648.0,10.0,0.0,2.3547955,0.026901782,10.722095,0.28844345,735030.749375,5693285.90235,14713
14729,2007,20182.0,10.0,20182.0,10.0,0.0,1.6648158,0.05423408,5.333076,0.28923446,757715.225981,5694451.97108,14729
14729,2008,20182.0,10.0,20182.0,10.0,0.0,1.6876761,0.10263162,5.456396,0.5599988,757715.225981,5694451.97108,14729
14729,2009,20182.0,10.0,20182.0,10.0,0.0,1.5979011,0.025273774,4.987893,0.12606288,757715.225981,5694451.97108,14729
14729,2010,20182.0,10.0,20182.0,10.0,0.0,1.5606589,0.028769605,4.8055496,0.13825376,757715.225981,5694451.97108,14729
14729,2011,20182.0,10.0,20182.0,10.0,0.0,1.6041728,0.004097174,5.0192738,0.020564837,757715.225981,5694451.97108,14729
14729,2012,20182.0,10.0,20182.0,10.0,0.0,1.674459,0.022363983,5.3847528,0.120424524,757715.225981,5694451.97108,14729
14729,2013,20182.0,10.0,20182.0,10.0,0.0,1.6791779,0.020903494,5.410223,0.113092564,757715.225981,5694451.97108,14729
14729,2014,20182.0,10.0,20182.0,10.0,0.0,1.7208945,0.04340235,5.6406927,0.24481931,757715.225981,5694451.97108,14729
14729,2015,20182.0,10.0,20182.0,10.0,0.0,1.6536719,0.024340494,5.273975,0.12837115,757715.225981,5694451.97108,14729
14729,2016,20182.0,10.0,20182.0,10.0,0.0,1.7047454,0.014286327,5.5503325,0.07929387,757715.225981,5694451.97108,14729
14729,2017,20182.0,10.0,20182.0,10.0,0.0,1.7900002,0.0035977499,6.0442815,0.021745812,757715.225981,5694451.97108,14729
14729,2018,20182.0,10.0,20182.0,10.0,0.0,1.7828517,0.006684002,6.0012283,0.040112223,757715.225981,5694451.97108,14729
14729,2019,20182.0,10.0,20182.0,10.0,0.0,1.7583914,0.012561088,5.856217,0.07356046,757715.225981,5694451.97108,14729
14729,2020,20182.0,10.0,20182.0,10.0,0.0,1.7900165,0.01988525,6.04438,0.120194,757715.225981,5694451.97108,14729
14729,2021,20182.0,10.0,20182.0,10.0,0.0,1.824218,0.011303008,6.2546825,0.07069673,757715.225981,5694451.97108,14729
14729,2022,20182.0,10.0,20182.0,10.0,0.0,1.8097154,0.0050407564,6.164628,0.03107439,757715.225981,5694451.97108,14729
14729,2023,20182.0,10.0,20182.0,10.0,0.0,1.9280032,0.0141523965,6.9387083,0.098199345,757715.225981,5694451.97108,14729
14729,2024,20182.0,10.0,20182.0,10.0,0.0,1.9849619,0.0058681127,7.3454003,0.04310364,757715.225981,5694451.97108,14729
14729,2025,20182.0,10.0,20182.0,10.0,0.0,1.9436765,0.01718137,7.0483174,0.12109975,757715.225981,5694451.97108,14729
14730,2007,63770.0,25.0,7295.0,10.0,-0.13741662,1.3894651,0.15386055,4.065742,0.6255573,746581.337,5721025.98296,14730
14730,2008,63770.0,25.0,7295.0,10.0,-0.13741662,1.5518098,0.12372977,4.782392,0.5917243,746581.337,5721025.98296,14730
14730,2009,63770.0,25.0,7295.0,10.0,-0.13741662,1.464342,0.14016743,4.3818593,0.6141939,746581.337,5721025.98296,14730
14730,2010,63770.0,25.0,7295.0,10.0,-0.13741662,1.6125815,0.03722336,5.0820394,0.18917057,746581.337,5721025.98296,14730
14730,2011,63770.0,25.0,7295.0,10.0,-0.13741662,1.5508772,0.10911462,4.7779346,0.5213425,746581.337,5721025.98296,14730
14730,2012,63770.0,25.0,7295.0,10.0,-0.13741662,1.5262125,0.042670548,4.661529,0.19891001,746581.337,5721025.98296,14730
14730,2013,63770.0,25.0,7295.0,10.0,-0.13741662,1.670839,0.028184563,5.3869004,0.15182742,746581.337,5721025.98296,14730
14730,2014,63770.0,25.0,7295.0,10.0,-0.13741662,1.6290199,0.06434958,5.1662703,0.3324473,746581.337,5721025.98296,14730
14730,2015,63770.0,25.0,7295.0,10.0,-0.13741662,1.6178887,0.08593805,5.109082,0.4390646,746581.337,5721025.98296,14730
14730,2016,63770.0,25.0,7295.0,10.0,-0.13741662,1.6215278,0.015635869,5.127709,0.08017618,746581.337,5721025.98296,14730
14730,2017,63770.0,25.0,7295.0,10.0,-0.13741662,1.7595074,0.009928977,5.8863645,0.058445577,746581.337,5721025.98296,14730
14730,2018,63770.0,25.0,7295.0,10.0,-0.13741662,1.7803038,0.029758353,6.0100613,0.17884953,746581.337,5721025.98296,14730
14730,2019,63770.0,25.0,7295.0,10.0,-0.13741662,1.7912546,0.031220587,6.076238,0.18970372,746581.337,5721025.98296,14730
14730,2020,63770.0,25.0,7295.0,10.0,-0.13741662,1.7999727,0.055714242,6.129442,0.34149724,746581.337,5721025.98296,14730
14730,2021,63770.0,25.0,7295.0,10.0,-0.13741662,1.9099553,0.04880485,6.8420434,0.3339249,746581.337,5721025.98296,14730
14730,2022,63770.0,25.0,7295.0,10.0,-0.13741662,2.0372586,0.07592882,7.7709293,0.59003747,746581.337,5721025.98296,14730
14730,2023,63770.0,25.0,7295.0,10.0,-0.13741662,1.9594758,0.024848064,7.1893945,0.17864253,746581.337,5721025.98296,14730
14730,2024,63770.0,25.0,7295.0,10.0,-0.13741662,2.0547874,0.0099934535,7.9083443,0.079031676,746581.337,5721025.98296,14730
14730,2025,63770.0,25.0,7295.0,10.0,-0.13741662,2.039313,0.10535005,7.7869105,0.8203514,746581.337,5721025.98296,14730
15001,2007,38495.0,10.0,38495.0,10.0,0.0,1.6183136,0.034253556,5.105026,0.17486529,722506.983201,5749700.68142,15001
15001,2008,38495.0,10.0,38495.0,10.0,0.0,1.6332512,0.035409834,5.1818547,0.18348862,722506.983201,5749700.68142,15001
15001,2009,38495.0,10.0,38495.0,10.0,0.0,1.6603954,0.0118737975,5.324439,0.06322131,722506.983201,5749700.68142,15001
15001,2010,38495.0,10.0,38495.0,10.0,0.0,1.6815972,0.017869769,5.438532,0.097185306,722506.983201,5749700.68142,15001
15001,2011,38495.0,10.0,38495.0,10.0,0.0,1.6885529,0.021615915,5.476492,0.118379384,722506.983201,5749700.68142,15001
15001,2012,38495.0,10.0,38495.0,10.0,0.0,1.7048893,0.043767482,5.5666933,0.24364014,722506.983201,5749700.68142,15001
15001,2013,38495.0,10.0,38495.0,10.0,0.0,1.728586,0.044660263,5.7001805,0.25457156,722506.983201,5749700.68142,15001
15001,2014,38495.0,10.0,38495.0,10.0,0.0,1.73412,0.050363656,5.7318134,0.28867507,722506.983201,5749700.68142,15001
15001,2015,38495.0,10.0,38495.0,10.0,0.0,1.7593992,0.036613997,5.878556,0.21523741,722506.983201,5749700.68142,15001
15001,2016,38495.0,10.0,38495.0,10.0,0.0,1.8105822,0.060977675,6.187271,0.37728542,722506.983201,5749700.68142,15001
15001,2017,38495.0,10.0,38495.0,10.0,0.0,1.8274925,0.038248494,6.2927895,0.24068971,722506.983201,5749700.68142,15001
15001,2018,38495.0,10.0,38495.0,10.0,0.0,1.8963898,0.05966635,6.74163,0.40224847,722506.983201,5749700.68142,15001
15001,2019,38495.0,10.0,38495.0,10.0,0.0,1.8972254,0.055451974,6.747266,0.3741492,722506.983201,5749700.68142,15001
15001,2020,38495.0,10.0,38495.0,10.0,0.0,1.8394936,0.044059277,6.3687654,0.2806032,722506.983201,5749700.68142,15001
15001,2021,38495.0,10.0,38495.0,10.0,0.0,1.871052,0.053091805,6.5729575,0.3489702,722506.983201,5749700.68142,15001
15001,2022,38495.0,10.0,38495.0,10.0,0.0,1.8805876,0.05355268,6.635935,0.35537207,722506.983201,5749700.68142,15001
15001,2023,38495.0,10.0,38495.0,10.0,0.0,1.953607,0.057408873,7.1386156,0.40981987,722506.983201,5749700.68142,15001
15001,2024,38495.0,10.0,38495.0,10.0,0.0,2.0233376,0.07893557,7.6541615,0.60418564,722506.983201,5749700.68142,15001
15001,2025,38495.0,10.0,38495.0,10.0,0.0,2.0568929,0.07530654,7.915356,0.5960781,722506.983201,5749700.68142,15001
15002,2007,247214.0,10.0,247214.0,10.0,0.0,1.6737916,0.006394641,5.419507,0.034655802,706124.575477,5707359.41324,15002
15002,2008,247214.0,10.0,247214.0,10.0,0.0,1.6704675,0.005779743,5.4015217,0.031219408,706124.575477,5707359.41324,15002
15002,2009,247214.0,10.0,247214.0,10.0,0.0,1.6700716,0.0071281027,5.3993835,0.03848736,706124.575477,5707359.41324,15002
15002,2010,247214.0,10.0,247214.0,10.0,0.0,1.6857048,0.001534355,5.484457,0.008415104,706124.575477,5707359.41324,15002
15002,2011,247214.0,10.0,247214.0,10.0,0.0,1.7415272,0.012626318,5.799319,0.073224045,706124.575477,5707359.41324,15002
15002,2012,247214.0,10.0,247214.0,10.0,0.0,1.7600052,0.014548376,5.9074745,0.08594417,706124.575477,5707359.41324,15002
15002,2013,247214.0,10.0,247214.0,10.0,0.0,1.7468529,0.0068451534,5.830286,0.039909203,706124.575477,5707359.41324,15002
15002,2014,247214.0,10.0,247214.0,10.0,0.0,1.8159094,0.01792938,6.247133,0.11200723,706124.575477,5707359.41324,15002
15002,2015,247214.0,10.0,247214.0,10.0,0.0,1.8113093,0.0021977727,6.218462,0.013666766,706124.575477,5707359.41324,15002
15002,2016,247214.0,10.0,247214.0,10.0,0.0,1.8442054,0.005483902,6.426426,0.035241894,706124.575477,5707359.41324,15002
15002,2017,247214.0,10.0,247214.0,10.0,0.0,1.8504719,0.014387851,6.4668245,0.09304371,706124.575477,5707359.41324,15002
15002,2018,247214.0,10.0,247214.0,10.0,0.0,1.8897473,0.005230868,6.7258644,0.035182107,706124.575477,5707359.41324,15002
15002,2019,247214.0,10.0,247214.0,10.0,0.0,1.9030454,0.019220777,6.815903,0.13100696,706124.575477,5707359.41324,15002
15002,2020,247214.0,10.0,247214.0,10.0,0.0,1.9337376,0.047922615,7.028342,0.33681655,706124.575477,5707359.41324,15002
15002,2021,247214.0,10.0,247214.0,10.0,0.0,1.9537839,0.034577083,7.170656,0.24794038,706124.575477,5707359.41324,15002
15002,2022,247214.0,10.0,247214.0,10.0,0.0,2.020689,0.024099993,7.6668234,0.18477039,706124.575477,5707359.41324,15002
15002,2023,247214.0,10.0,247214.0,10.0,0.0,2.0738797,0.012554587,8.085667,0.10151221,706124.575477,5707359.41324,15002
15002,2024,247214.0,10.0,247214.0,10.0,0.0,2.129239,0.028805051,8.545906,0.24616526,706124.575477,5707359.41324,15002
15002,2025,247214.0,10.0,247214.0,10.0,0.0,2.1673758,0.022423912,8.878114,0.19908203,706124.575477,5707359.41324,15002
15003,2007,314149.0,10.0,314149.0,10.0,0.0,1.663635,0.062161647,5.333185,0.33151957,680846.152194,5777288.95667,15003
15003,2008,314149.0,10.0,314149.0,10.0,0.0,1.6617666,0.042850923,5.32323,0.22810529,680846.152194,5777288.95667,15003
15003,2009,314149.0,10.0,314149.0,10.0,0.0,1.6673169,0.030059554,5.3528576,0.1609045,680846.152194,5777288.95667,15003
15003,2010,314149.0,10.0,314149.0,10.0,0.0,1.6877207,0.024540484,5.463197,0.1340695,680846.152194,5777288.95667,15003
15003,2011,314149.0,10.0,314149.0,10.0,0.0,1.7412529,0.020664925,5.763624,0.119104855,680846.152194,5777288.95667,15003
15003,2012,314149.0,10.0,314149.0,10.0,0.0,1.7621002,0.0045027444,5.885041,0.026498837,680846.152194,5777288.95667,15003
15003,2013,314149.0,10.0,314149.0,10.0,0.0,1.7948339,0.004917023,6.080868,0.029899765,680846.152194,5777288.95667,15003
15003,2014,314149.0,10.0,314149.0,10.0,0.0,1.814985,0.009301385,6.2046475,0.057711817,680846.152194,5777288.95667,15003
15003,2015,314149.0,10.0,314149.0,10.0,0.0,1.8317766,0.008936302,6.309713,0.056385495,680846.152194,5777288.95667,15003
15003,2016,314149.0,10.0,314149.0,10.0,0.0,1.8856637,0.003868553,6.659054,0.025760902,680846.152194,5777288.95667,15003
15003,2017,314149.0,10.0,314149.0,10.0,0.0,1.9000512,0.0038910634,6.7555532,0.026286285,680846.152194,5777288.95667,15003
15003,2018,314149.0,10.0,314149.0,10.0,0.0,1.9575812,0.016883379,7.1555963,0.12081065,680846.152194,5777288.95667,15003
15003,2019,314149.0,10.0,314149.0,10.0,0.0,1.965205,0.012591317,7.210357,0.0907879,680846.152194,5777288.95667,15003
15003,2020,314149.0,10.0,314149.0,10.0,0.0,1.960177,0.009626529,7.174195,0.0690626,680846.152194,5777288.95667,15003
15003,2021,314149.0,10.0,314149.0,10.0,0.0,1.9906834,0.020450702,7.396427,0.15126213,680846.152194,5777288.95667,15003
15003,2022,314149.0,10.0,314149.0,10.0,0.0,2.0264258,0.013779461,7.665574,0.105627485,680846.152194,5777288.95667,15003
15003,2023,314149.0,10.0,314149.0,10.0,0.0,2.08827,0.014448663,8.154611,0.11782321,680846.152194,5777288.95667,15003
15003,2024,314149.0,10.0,314149.0,10.0,0.0,2.105914,0.015397817,8.299769,0.12779832,680846.152194,5777288.95667,15003
15003,2025,314149.0,10.0,314149.0,10.0,0.0,2.1476748,0.0009686606,8.653711,0.0083825085,680846.152194,5777288.95667,15003
15081,2007,36238.0,50.0,7636.0,25.0,0.04044754,1.4328272,0.06659925,4.256219,0.28346097,665038.290427,5858262.72946,15081
15081,2008,36238.0,50.0,7636.0,25.0,0.04044754,1.4485306,0.06848464,4.323583,0.29609904,665038.290427,5858262.72946,15081
15081,2009,36238.0,50.0,7636.0,25.0,0.04044754,1.4773548,0.057790022,4.450021,0.25716677,665038.290427,5858262.72946,15081
15081,2010,36238.0,50.0,7636.0,25.0,0.04044754,1.4343625,0.015526024,4.2627583,0.066183686,665038.290427,5858262.72946,15081
15081,2011,36238.0,50.0,7636.0,25.0,0.04044754,1.4545791,0.0038143569,4.349814,0.016591743,665038.290427,5858262.72946,15081
15081,2012,36238.0,50.0,7636.0,25.0,0.04044754,1.4636097,0.019865658,4.3892727,0.08719579,665038.290427,5858262.72946,15081
15081,2013,36238.0,50.0,7636.0,25.0,0.04044754,1.4363186,0.008522574,4.271105,0.036400802,665038.290427,5858262.72946,15081
15081,2014,36238.0,50.0,7636.0,25.0,0.04044754,1.3878131,0.006571821,4.0688767,0.02673993,665038.290427,5858262.72946,15081
15081,2015,36238.0,50.0,7636.0,25.0,0.04044754,1.5365652,0.0057687555,4.7214646,0.027236974,665038.290427,5858262.72946,15081
15081,2016,36238.0,50.0,7636.0,25.0,0.04044754,1.483252,0.023456084,4.4763412,0.104997426,665038.290427,5858262.72946,15081
15081,2017,36238.0,50.0,7636.0,25.0,0.04044754,1.5179965,0.03223214,4.6346025,0.14938317,665038.290427,5858262.72946,15081
15081,2018,36238.0,50.0,7636.0,25.0,0.04044754,1.5335928,0.015486273,4.7074513,0.07290088,665038.290427,5858262.72946,15081
15081,2019,36238.0,50.0,7636.0,25.0,0.04044754,1.5778344,0.0030192076,4.9203925,0.014855687,665038.290427,5858262.72946,15081
15081,2020,36238.0,50.0,7636.0,25.0,0.04044754,1.5600435,0.0033310398,4.8336287,0.016101008,665038.290427,5858262.72946,15081
15081,2021,36238.0,50.0,7636.0,25.0,0.04044754,1.6459887,0.006034133,5.2674303,0.031784374,665038.290427,5858262.72946,15081
15081,2022,36238.0,50.0,7636.0,25.0,0.04044754,1.6256937,0.0027531115,5.1616054,0.014210476,665038.290427,5858262.72946,15081
15081,2023,36238.0,50.0,7636.0,25.0,0.04044754,1.8292409,0.006159403,6.326802,0.038969323,665038.290427,5858262.72946,15081
15081,2024,36238.0,50.0,7636.0,25.0,0.04044754,1.8190186,0.07936793,6.2624564,0.49703816,665038.290427,5858262.72946,15081
15081,2025,36238.0,50.0,7636.0,25.0,0.04044754,1.8197817,0.053688608,6.267237,0.33647925,665038.290427,5858262.72946,15081
15082,2007,55944.0,25.0,2494.0,10.0,0.105139256,1.4173117,0.05428054,4.1807537,0.22693358,710203.598483,5748262.07616,15082
15082,2008,55944.0,25.0,2494.0,10.0,0.105139256,1.3966112,0.042625353,4.0951,0.17455506,710203.598483,5748262.07616,15082
15082,2009,55944.0,25.0,2494.0,10.0,0.105139256,1.5105795,0.002081357,4.589446,0.009552276,710203.598483,5748262.07616,15082
15082,2010,55944.0,25.0,2494.0,10.0,0.105139256,1.4619373,0.06145229,4.371548,0.26864165,710203.598483,5748262.07616,15082
15082,2011,55944.0,25.0,2494.0,10.0,0.105139256,1.5076339,0.0063541234,4.5759473,0.029076135,710203.598483,5748262.07616,15082
15082,2012,55944.0,25.0,2494.0,10.0,0.105139256,1.5439702,0.0029751305,4.745278,0.014117821,710203.598483,5748262.07616,15082
15082,2013,55944.0,25.0,2494.0,10.0,0.105139256,1.5418979,0.017471837,4.735455,0.08273709,710203.598483,5748262.07616,15082
15082,2014,55944.0,25.0,2494.0,10.0,0.105139256,1.5510374,0.042802997,4.778933,0.20455265,710203.598483,5748262.07616,15082
15082,2015,55944.0,25.0,2494.0,10.0,0.105139256,1.5941777,0.004107091,4.989609,0.020492777,710203.598483,5748262.07616,15082
15082,2016,55944.0,25.0,2494.0,10.0,0.105139256,1.5821506,0.008927279,4.929958,0.044011112,710203.598483,5748262.07616,15082
15082,2017,55944.0,25.0,2494.0,10.0,0.105139256,1.6177192,0.01775049,5.108465,0.09067777,710203.598483,5748262.07616,15082
15082,2018,55944.0,25.0,2494.0,10.0,0.105139256,1.6752468,0.025186026,5.410961,0.13628061,710203.598483,5748262.07616,15082
15082,2019,55944.0,25.0,2494.0,10.0,0.105139256,1.6769221,0.041037995,5.420033,0.2224273,710203.598483,5748262.07616,15082
15082,2020,55944.0,25.0,2494.0,10.0,0.105139256,1.6436212,0.016794663,5.242513,0.088046245,710203.598483,5748262.07616,15082
15082,2021,55944.0,25.0,2494.0,10.0,0.105139256,1.6277076,0.00064076943,5.159746,0.0033062077,710203.598483,5748262.07616,15082
15082,2022,55944.0,25.0,2494.0,10.0,0.105139256,1.6864872,0.014820291,5.4721255,0.08109849,710203.598483,5748262.07616,15082
15082,2023,55944.0,25.0,2494.0,10.0,0.105139256,1.7754574,0.0032202,5.9812956,0.019260969,710203.598483,5748262.07616,15082
15082,2024,55944.0,25.0,2494.0,10.0,0.105139256,1.7881173,0.061565045,6.0574994,0.37293026,710203.598483,5748262.07616,15082
15082,2025,55944.0,25.0,2494.0,10.0,0.105139256,1.8453889,0.022118876,6.4145494,0.14188263,710203.598483,5748262.07616,15082
15083,2007,212414.0,10.0,212414.0,10.0,0.0,1.3685421,0.11888605,3.9690843,0.47186875,677493.617819,5786898.47856,15083
15083,2008,212414.0,10.0,212414.0,10.0,0.0,1.4139515,0.09704643,4.1534734,0.40307975,677493.617819,5786898.47856,15083
15083,2009,212414.0,10.0,212414.0,10.0,0.0,1.4316884,0.07009522,4.2278,0.29634854,677493.617819,5786898.47856,15083
15083,2010,212414.0,10.0,212414.0,10.0,0.0,1.5326719,0.020668115,4.677039,0.09666558,677493.617819,5786898.47856,15083
15083,2011,212414.0,10.0,212414.0,10.0,0.0,1.4948329,0.049331006,4.503371,0.22215581,677493.617819,5786898.47856,15083
15083,2012,212414.0,10.0,212414.0,10.0,0.0,1.4820093,0.007185912,4.4459906,0.031948496,677493.617819,5786898.47856,15083
15083,2013,212414.0,10.0,212414.0,10.0,0.0,1.4896879,0.002336202,4.480261,0.0104667945,677493.617819,5786898.47856,15083
15083,2014,212414.0,10.0,212414.0,10.0,0.0,1.5097778,0.047249045,4.5711784,0.21598382,677493.617819,5786898.47856,15083
15083,2015,212414.0,10.0,212414.0,10.0,0.0,1.5164945,0.0047275033,4.6019855,0.0217559,677493.617819,5786898.47856,15083
15083,2016,212414.0,10.0,212414.0,10.0,0.0,1.5359195,0.031832494,4.6922526,0.14936611,677493.617819,5786898.47856,15083
15083,2017,212414.0,10.0,212414.0,10.0,0.0,1.5340942,0.031194342,4.683696,0.14610481,677493.617819,5786898.47856,15083
15083,2018,212414.0,10.0,212414.0,10.0,0.0,1.5689923,0.04640646,4.8500333,0.22507288,677493.617819,5786898.47856,15083
15083,2019,212414.0,10.0,212414.0,10.0,0.0,1.6274326,0.016615378,5.1419168,0.08543489,677493.617819,5786898.47856,15083
15083,2020,212414.0,10.0,212414.0,10.0,0.0,1.6174634,0.007879078,5.0909104,0.04011168,677493.617819,5786898.47856,15083
15083,2021,212414.0,10.0,212414.0,10.0,0.0,1.6190622,0.026649047,5.0990562,0.13588499,677493.617819,5786898.47856,15083
15083,2022,212414.0,10.0,212414.0,10.0,0.0,1.6825875,0.0054449956,5.433486,0.029585307,677493.617819,5786898.47856,15083
15083,2023,212414.0,10.0,212414.0,10.0,0.0,1.7139574,0.042287633,5.606635,0.23709133,677493.617819,5786898.47856,15083
15083,2024,212414.0,10.0,212414.0,10.0,0.0,1.770556,0.0015749689,5.933115,0.009344472,677493.617819,5786898.47856,15083
15083,2025,212414.0,10.0,212414.0,10.0,0.0,1.8095007,0.017424757,6.168736,0.10748873,677493.617819,5786898.47856,15083
15084,2007,18122.0,10.0,18122.0,10.0,0.0,1.5297114,0.004360189,4.660285,0.020319724,725274.637319,5663457.97852,15084
15084,2008,18122.0,10.0,18122.0,10.0,0.0,1.5143409,0.0021730142,4.589202,0.009972402,725274.637319,5663457.97852,15084
15084,2009,18122.0,10.0,18122.0,10.0,0.0,1.479619,0.020099543,4.4325905,0.089093044,725274.637319,5663457.97852,15084
15084,2010,18122.0,10.0,18122.0,10.0,0.0,1.5794411,0.048296604,4.8978987,0.23655188,725274.637319,5663457.97852,15084
15084,2011,18122.0,10.0,18122.0,10.0,0.0,1.4773326,0.015405161,4.4224677,0.068128824,725274.637319,5663457.97852,15084
15084,2012,18122.0,10.0,18122.0,10.0,0.0,1.5545076,0.049594242,4.7772875,0.23692594,725274.637319,5663457.97852,15084
15084,2013,18122.0,10.0,18122.0,10.0,0.0,1.4828483,0.043071102,4.446928,0.19153409,725274.637319,5663457.97852,15084
15084,2014,18122.0,10.0,18122.0,10.0,0.0,1.5177697,0.015106785,4.6049643,0.069566205,725274.637319,5663457.97852,15084
15084,2015,18122.0,10.0,18122.0,10.0,0.0,1.5419189,0.05754037,4.7175236,0.27144805,725274.637319,5663457.97852,15084
15084,2016,18122.0,10.0,18122.0,10.0,0.0,1.4935027,0.055280466,4.4945607,0.24846141,725274.637319,5663457.97852,15084
15084,2017,18122.0,10.0,18122.0,10.0,0.0,1.4653634,0.07690895,4.3698497,0.33608058,725274.637319,5663457.97852,15084
15084,2018,18122.0,10.0,18122.0,10.0,0.0,1.5633991,0.042325724,4.819953,0.204008,725274.637319,5663457.97852,15084
15084,2019,18122.0,10.0,18122.0,10.0,0.0,1.595347,0.025829857,4.976427,0.12854041,725274.637319,5663457.97852,15084
15084,2020,18122.0,10.0,18122.0,10.0,0.0,1.505682,0.04067799,4.549636,0.18507004,725274.637319,5663457.97852,15084
15084,2021,18122.0,10.0,18122.0,10.0,0.0,1.598326,0.052381627,4.991274,0.26145104,725274.637319,5663457.97852,15084
15084,2022,18122.0,10.0,18122.0,10.0,0.0,1.5912392,0.08907778,4.956027,0.4414719,725274.637319,5663457.97852,15084
15084,2023,18122.0,10.0,18122.0,10.0,0.0,1.5102592,0.07154544,4.570508,0.32699898,725274.637319,5663457.97852,15084
15084,2024,18122.0,10.0,18122.0,10.0,0.0,1.6709281,0.113544494,5.3671303,0.6094081,725274.637319,5663457.97852,15084
15084,2025,18122.0,10.0,18122.0,10.0,0.0,1.6671754,0.17464317,5.3470263,0.9338216,725274.637319,5663457.97852,15084
15085,2007,39645.0,25.0,6563.0,10.0,-0.15567,1.4448917,0.078681834,4.307391,0.33891344,653500.523935,5733269.34556,15085
15085,2008,39645.0,25.0,6563.0,10.0,-0.15567,1.4771272,0.0025614875,4.448505,0.011394789,653500.523935,5733269.34556,15085
15085,2009,39645.0,25.0,6563.0,10.0,-0.15567,1.4549993,0.010785147,4.3511496,0.04692779,653500.523935,5733269.34556,15085
15085,2010,39645.0,25.0,6563.0,10.0,-0.15567,1.4578679,0.005388101,4.3636494,0.023511784,653500.523935,5733269.34556,15085
15085,2011,39645.0,25.0,6563.0,10.0,-0.15567,1.5074137,0.012409907,4.585295,0.056903087,653500.523935,5733269.34556,15085
15085,2012,39645.0,25.0,6563.0,10.0,-0.15567,1.5344379,0.021783704,4.7108984,0.10262082,653500.523935,5733269.34556,15085
15085,2013,39645.0,25.0,6563.0,10.0,-0.15567,1.6002191,0.010286624,5.031207,0.051754136,653500.523935,5733269.34556,15085
15085,2014,39645.0,25.0,6563.0,10.0,-0.15567,1.5321267,0.025654886,4.700023,0.120578565,653500.523935,5733269.34556,15085
15085,2015,39645.0,25.0,6563.0,10.0,-0.15567,1.5868015,0.007725905,4.9641514,0.03835256,653500.523935,5733269.34556,15085
15085,2016,39645.0,25.0,6563.0,10.0,-0.15567,1.6237476,0.04484816,5.1509876,0.23101231,653500.523935,5733269.34556,15085
15085,2017,39645.0,25.0,6563.0,10.0,-0.15567,1.6845071,0.00069117924,5.4736624,0.0037832817,653500.523935,5733269.34556,15085
15085,2018,39645.0,25.0,6563.0,10.0,-0.15567,1.6747562,0.039270412,5.4205484,0.21286717,653500.523935,5733269.34556,15085
15085,2019,39645.0,25.0,6563.0,10.0,-0.15567,1.7161461,0.084424175,5.6496124,0.47696388,653500.523935,5733269.34556,15085
15085,2020,39645.0,25.0,6563.0,10.0,-0.15567,1.7433884,0.016973816,5.8056364,0.09854381,653500.523935,5733269.34556,15085
15085,2021,39645.0,25.0,6563.0,10.0,-0.15567,1.7974973,0.0285795,6.128427,0.17514738,653500.523935,5733269.34556,15085
15085,2022,39645.0,25.0,6563.0,10.0,-0.15567,1.8615981,0.023577902,6.534128,0.15406103,653500.523935,5733269.34556,15085
15085,2023,39645.0,25.0,6563.0,10.0,-0.15567,1.9193592,0.068980865,6.9226594,0.47753105,653500.523935,5733269.34556,15085
15085,2024,39645.0,25.0,6563.0,10.0,-0.15567,1.9612092,0.032355994,7.2185197,0.23356238,653500.523935,5733269.34556,15085
15085,2025,39645.0,25.0,6563.0,10.0,-0.15567,1.8985025,0.03038823,6.779771,0.20602524,653500.523935,5733269.34556,15085
15086,2007,198777.0,10.0,198777.0,10.0,0.0,1.8355048,0.05032396,6.3320184,0.31865224,688102.356352,5781205.56874,15086
15086,2008,198777.0,10.0,198777.0,10.0,0.0,1.8328434,0.010598925,6.3151884,0.06693421,688102.356352,5781205.56874,15086
15086,2009,198777.0,10.0,198777.0,10.0,0.0,1.8236037,0.019634198,6.257107,0.12285328,688102.356352,5781205.56874,15086
15086,2010,198777.0,10.0,198777.0,10.0,0.0,1.8198996,0.10037446,6.2339725,0.62573165,688102.356352,5781205.56874,15086
15086,2011,198777.0,10.0,198777.0,10.0,0.0,1.8010126,0.0682562,6.117337,0.41754615,688102.356352,5781205.56874,15086
15086,2012,198777.0,10.0,198777.0,10.0,0.0,1.7545109,0.05707691,5.839383,0.33329394,688102.356352,5781205.56874,15086
15086,2013,198777.0,10.0,198777.0,10.0,0.0,1.8399912,0.02652774,6.36049,0.16872942,688102.356352,5781205.56874,15086
15086,2014,198777.0,10.0,198777.0,10.0,0.0,1.772517,0.018854542,5.9454794,0.11209929,688102.356352,5781205.56874,15086
15086,2015,198777.0,10.0,198777.0,10.0,0.0,1.8441818,0.03531516,6.3872004,0.22556499,688102.356352,5781205.56874,15086
15086,2016,198777.0,10.0,198777.0,10.0,0.0,1.8510512,0.035220996,6.4312277,0.22651424,688102.356352,5781205.56874,15086
15086,2017,198777.0,10.0,198777.0,10.0,0.0,1.8692865,0.011079352,6.5495787,0.072565086,688102.356352,5781205.56874,15086
15086,2018,198777.0,10.0,198777.0,10.0,0.0,1.9946003,0.033316206,7.4239745,0.24733865,688102.356352,5781205.56874,15086
15086,2019,198777.0,10.0,198777.0,10.0,0.0,1.9690338,0.0015220563,7.236575,0.011014475,688102.356352,5781205.56874,15086
15086,2020,198777.0,10.0,198777.0,10.0,0.0,1.9932004,0.022941483,7.4135885,0.17007872,688102.356352,5781205.56874,15086
15086,2021,198777.0,10.0,198777.0,10.0,0.0,1.9914454,0.041227702,7.40059,0.3051093,688102.356352,5781205.56874,15086
15086,2022,198777.0,10.0,198777.0,10.0,0.0,2.03274,0.02694544,7.712592,0.20781918,688102.356352,5781205.56874,15086
15086,2023,198777.0,10.0,198777.0,10.0,0.0,2.0994236,0.022384103,8.2444315,0.1845442,688102.356352,5781205.56874,15086
15086,2024,198777.0,10.0,198777.0,10.0,0.0,2.05887,0.026752984,7.9167776,0.21179743,688102.356352,5781205.56874,15086
15086,2025,198777.0,10.0,198777.0,10.0,0.0,2.1545742,0.007819492,8.711886,0.06812253,688102.356352,5781205.56874,15086
15087,2007,19784.0,25.0,6879.0,10.0,-0.06651518,1.5397843,0.0469101,4.7094884,0.22092257,667320.029788,5701397.634,15087
15087,2008,19784.0,25.0,6879.0,10.0,-0.06651518,1.5079986,0.05357385,4.5621476,0.24441183,667320.029788,5701397.634,15087
15087,2009,19784.0,25.0,6879.0,10.0,-0.06651518,1.4667654,0.05585994,4.3778615,0.24454707,667320.029788,5701397.634,15087
15087,2010,19784.0,25.0,6879.0,10.0,-0.06651518,1.5404232,0.06734242,4.7124977,0.317351,667320.029788,5701397.634,15087
15087,2011,19784.0,25.0,6879.0,10.0,-0.06651518,1.4738877,0.037613202,4.4091535,0.16584238,667320.029788,5701397.634,15087
15087,2012,19784.0,25.0,6879.0,10.0,-0.06651518,1.5400777,0.048709076,4.71087,0.22946213,667320.029788,5701397.634,15087
15087,2013,19784.0,25.0,6879.0,10.0,-0.06651518,1.5314537,0.06172722,4.6704183,0.28829193,667320.029788,5701397.634,15087
15087,2014,19784.0,25.0,6879.0,10.0,-0.06651518,1.5643077,0.0036932593,4.8264084,0.017825179,667320.029788,5701397.634,15087
15087,2015,19784.0,25.0,6879.0,10.0,-0.06651518,1.6233035,0.042538613,5.1197133,0.21778549,667320.029788,5701397.634,15087
15087,2016,19784.0,25.0,6879.0,10.0,-0.06651518,1.657974,0.03199204,5.3003297,0.16956836,667320.029788,5701397.634,15087
15087,2017,19784.0,25.0,6879.0,10.0,-0.06651518,1.6757842,0.0044837985,5.395575,0.024192672,667320.029788,5701397.634,15087
15087,2018,19784.0,25.0,6879.0,10.0,-0.06651518,1.703675,0.018422024,5.54818,0.10220871,667320.029788,5701397.634,15087
15087,2019,19784.0,25.0,6879.0,10.0,-0.06651518,1.677525,0.0006393716,5.404976,0.003455788,667320.029788,5701397.634,15087
15087,2020,19784.0,25.0,6879.0,10.0,-0.06651518,1.7301193,0.0069815638,5.6968555,0.039772958,667320.029788,5701397.634,15087
15087,2021,19784.0,25.0,6879.0,10.0,-0.06651518,1.7343827,0.024089474,5.721195,0.13782059,667320.029788,5701397.634,15087
15087,2022,19784.0,25.0,6879.0,10.0,-0.06651518,1.7868774,0.015194964,6.0295496,0.091618784,667320.029788,5701397.634,15087
15087,2023,19784.0,25.0,6879.0,10.0,-0.06651518,1.7558976,0.01358254,5.8456197,0.079398364,667320.029788,5701397.634,15087
15087,2024,19784.0,25.0,6879.0,10.0,-0.06651518,1.7981195,0.02214181,6.097718,0.1350145,667320.029788,5701397.634,15087
15087,2025,19784.0,25.0,6879.0,10.0,-0.06651518,1.7742035,0.045050457,5.953614,0.26821306,667320.029788,5701397.634,15087
15088,2007,28732.0,10.0,28732.0,10.0,0.0,1.5611874,0.027450573,4.817518,0.13224363,715862.928398,5685991.95292,15088
15088,2008,28732.0,10.0,28732.0,10.0,0.0,1.6250485,0.027272914,5.1352067,0.14005205,715862.928398,5685991.95292,15088
15088,2009,28732.0,10.0,28732.0,10.0,0.0,1.54691,0.012224562,4.749226,0.058057204,715862.928398,5685991.95292,15088
15088,2010,28732.0,10.0,28732.0,10.0,0.0,1.5523684,0.021180352,4.77522,0.10114084,715862.928398,5685991.95292,15088
15088,2011,28732.0,10.0,28732.0,10.0,0.0,1.4841086,0.002165855,4.46014,0.009660017,715862.928398,5685991.95292,15088
15088,2012,28732.0,10.0,28732.0,10.0,0.0,1.4555192,0.017490812,4.334433,0.07581275,715862.928398,5685991.95292,15088
15088,2013,28732.0,10.0,28732.0,10.0,0.0,1.5873384,0.018228708,4.9451632,0.090143934,715862.928398,5685991.95292,15088
15088,2014,28732.0,10.0,28732.0,10.0,0.0,1.524374,0.0020536361,4.643394,0.009535842,715862.928398,5685991.95292,15088
15088,2015,28732.0,10.0,28732.0,10.0,0.0,1.5804535,0.016462216,4.9112334,0.08084978,715862.928398,5685991.95292,15088
15088,2016,28732.0,10.0,28732.0,10.0,0.0,1.6182281,0.018182099,5.1003013,0.09273419,715862.928398,5685991.95292,15088
15088,2017,28732.0,10.0,28732.0,10.0,0.0,1.6980726,0.020248016,5.524231,0.11185472,715862.928398,5685991.95292,15088
15088,2018,28732.0,10.0,28732.0,10.0,0.0,1.7136106,0.021472765,5.610738,0.120478064,715862.928398,5685991.95292,15088
15088,2019,28732.0,10.0,28732.0,10.0,0.0,1.7171807,0.024884576,5.6308045,0.14012018,715862.928398,5685991.95292,15088
15088,2020,28732.0,10.0,28732.0,10.0,0.0,1.7500445,0.042419653,5.818928,0.2468369,715862.928398,5685991.95292,15088
15088,2021,28732.0,10.0,28732.0,10.0,0.0,1.7788038,0.021690277,5.9887056,0.12989669,715862.928398,5685991.95292,15088
15088,2022,28732.0,10.0,28732.0,10.0,0.0,1.8378949,0.03590398,6.35325,0.22810696,715862.928398,5685991.95292,15088
15088,2023,28732.0,10.0,28732.0,10.0,0.0,1.8687962,0.049733188,6.5526385,0.3258836,715862.928398,5685991.95292,15088
15088,2024,28732.0,10.0,28732.0,10.0,0.0,1.8650497,0.06053709,6.5281353,0.3951943,715862.928398,5685991.95292,15088
15088,2025,28732.0,10.0,28732.0,10.0,0.0,1.8567524,0.06609472,6.474193,0.42790997,715862.928398,5685991.95292,15088
15089,2007,26923.0,25.0,6596.0,10.0,-0.060759027,1.4883196,0.059264757,4.501161,0.2667602,671752.867887,5737389.37436,15089
15089,2008,26923.0,25.0,6596.0,10.0,-0.060759027,1.5359683,0.04255164,4.7208266,0.20087893,671752.867887,5737389.37436,15089
15089,2009,26923.0,25.0,6596.0,10.0,-0.060759027,1.4488736,0.010736255,4.327064,0.046456464,671752.867887,5737389.37436,15089
15089,2010,26923.0,25.0,6596.0,10.0,-0.060759027,1.4535986,0.009973303,4.3475575,0.04335951,671752.867887,5737389.37436,15089
15089,2011,26923.0,25.0,6596.0,10.0,-0.060759027,1.4783307,0.0017402488,4.456423,0.007755284,671752.867887,5737389.37436,15089
15089,2012,26923.0,25.0,6596.0,10.0,-0.060759027,1.4873358,0.024343152,4.4967346,0.10946468,671752.867887,5737389.37436,15089
15089,2013,26923.0,25.0,6596.0,10.0,-0.060759027,1.5060406,0.00044366997,4.5816364,0.0020327345,671752.867887,5737389.37436,15089
15089,2014,26923.0,25.0,6596.0,10.0,-0.060759027,1.4855571,0.007870333,4.4887433,0.035327904,671752.867887,5737389.37436,15089
15089,2015,26923.0,25.0,6596.0,10.0,-0.060759027,1.5445627,0.0036627676,4.7615743,0.017440539,671752.867887,5737389.37436,15089
15089,2016,26923.0,25.0,6596.0,10.0,-0.060759027,1.5594889,0.0300513,4.8331795,0.14524333,671752.867887,5737389.37436,15089
15089,2017,26923.0,25.0,6596.0,10.0,-0.060759027,1.5509669,0.03336452,4.7921658,0.15988831,671752.867887,5737389.37436,15089
15089,2018,26923.0,25.0,6596.0,10.0,-0.060759027,1.5288738,0.068631925,4.6874533,0.32170895,671752.867887,5737389.37436,15089
15089,2019,26923.0,25.0,6596.0,10.0,-0.060759027,1.6200824,0.08875306,5.1350937,0.45575526,671752.867887,5737389.37436,15089
15089,2020,26923.0,25.0,6596.0,10.0,-0.060759027,1.6447077,0.03632281,5.2631164,0.19117117,671752.867887,5737389.37436,15089
15089,2021,26923.0,25.0,6596.0,10.0,-0.060759027,1.6538928,0.0016510574,5.3116813,0.00876989,671752.867887,5737389.37436,15089
15089,2022,26923.0,25.0,6596.0,10.0,-0.060759027,1.6685673,0.0035249968,5.3902025,0.019000446,671752.867887,5737389.37436,15089
15089,2023,26923.0,25.0,6596.0,10.0,-0.060759027,1.7227594,0.0071677086,5.6903687,0.040786907,671752.867887,5737389.37436,15089
15089,2024,26923.0,25.0,6596.0,10.0,-0.060759027,1.784167,0.024443466,6.050753,0.14790139,671752.867887,5737389.37436,15089
15089,2025,26923.0,25.0,6596.0,10.0,-0.060759027,1.8933216,0.12273167,6.748615,0.82826877,671752.867887,5737389.37436,15089
15090,2007,19160.0,25.0,19160.0,25.0,0.0,1.3335788,0.050764326,3.8456438,0.19522151,676525.850838,5837161.73665,15090
15090,2008,19160.0,25.0,19160.0,25.0,0.0,1.3286042,0.08400765,3.826561,0.3214604,676525.850838,5837161.73665,15090
15090,2009,19160.0,25.0,19160.0,25.0,0.0,1.303247,0.11570243,3.7307496,0.4316568,676525.850838,5837161.73665,15090
15090,2010,19160.0,25.0,19160.0,25.0,0.0,1.4217496,0.02342688,4.2001147,0.098395586,676525.850838,5837161.73665,15090
15090,2011,19160.0,25.0,19160.0,25.0,0.0,1.3875958,0.048907492,4.059087,0.19851977,676525.850838,5837161.73665,15090
15090,2012,19160.0,25.0,19160.0,25.0,0.0,1.3676881,0.16860326,3.9790788,0.6708856,676525.850838,5837161.73665,15090
15090,2013,19160.0,25.0,19160.0,25.0,0.0,1.4805254,0.15265644,4.4543786,0.6799896,676525.850838,5837161.73665,15090
15090,2014,19160.0,25.0,19160.0,25.0,0.0,1.3159069,0.03729504,3.7782812,0.14091115,676525.850838,5837161.73665,15090
15090,2015,19160.0,25.0,19160.0,25.0,0.0,1.4435802,0.11271646,4.292814,0.48387077,676525.850838,5837161.73665,15090
15090,2016,19160.0,25.0,19160.0,25.0,0.0,1.4393544,0.07750934,4.2747116,0.33133006,676525.850838,5837161.73665,15090
15090,2017,19160.0,25.0,19160.0,25.0,0.0,1.3979728,0.14802201,4.101427,0.6071015,676525.850838,5837161.73665,15090
15090,2018,19160.0,25.0,19160.0,25.0,0.0,1.3041009,0.25581136,3.7339365,0.9551834,676525.850838,5837161.73665,15090
15090,2019,19160.0,25.0,19160.0,25.0,0.0,1.3160589,0.3627646,3.7788556,1.370835,676525.850838,5837161.73665,15090
15090,2020,19160.0,25.0,19160.0,25.0,0.0,1.3077965,0.23209257,3.7477615,0.86982757,676525.850838,5837161.73665,15090
15090,2021,19160.0,25.0,19160.0,25.0,0.0,1.4052956,0.14288872,4.1315713,0.590355,676525.850838,5837161.73665,15090
15090,2022,19160.0,25.0,19160.0,25.0,0.0,1.5057833,0.023408163,4.5683203,0.106935985,676525.850838,5837161.73665,15090
15090,2023,19160.0,25.0,19160.0,25.0,0.0,1.4663444,0.073190406,4.391657,0.32142717,676525.850838,5837161.73665,15090
15090,2024,19160.0,25.0,19160.0,25.0,0.0,1.5238688,0.14361025,4.6516924,0.66803074,676525.850838,5837161.73665,15090
15090,2025,19160.0,25.0,19160.0,25.0,0.0,1.3263346,0.1946956,3.8178856,0.7433256,676525.850838,5837161.73665,15090
15091,2007,106791.0,50.0,3332.0,15.0,0.05165646,1.2344425,0.038108982,3.483074,0.13273641,777415.646778,5736116.26772,15091
15091,2008,106791.0,50.0,3332.0,15.0,0.05165646,1.2325873,0.057021312,3.4766183,0.19824134,777415.646778,5736116.26772,15091
15091,2009,106791.0,50.0,3332.0,15.0,0.05165646,1.2142158,0.054621566,3.4133308,0.18644148,777415.646778,5736116.26772,15091
15091,2010,106791.0,50.0,3332.0,15.0,0.05165646,1.2935253,0.03700707,3.6950645,0.13674352,777415.646778,5736116.26772,15091
15091,2011,106791.0,50.0,3332.0,15.0,0.05165646,1.2770613,0.0632815,3.6347272,0.230011,777415.646778,5736116.26772,15091
15091,2012,106791.0,50.0,3332.0,15.0,0.05165646,1.2800032,0.045681298,3.645436,0.16652824,777415.646778,5736116.26772,15091
15091,2013,106791.0,50.0,3332.0,15.0,0.05165646,1.3501968,0.0107223075,3.910517,0.041929767,777415.646778,5736116.26772,15091
15091,2014,106791.0,50.0,3332.0,15.0,0.05165646,1.3315016,0.04995015,3.838088,0.19171306,777415.646778,5736116.26772,15091
15091,2015,106791.0,50.0,3332.0,15.0,0.05165646,1.4075329,0.021365074,4.1412835,0.088478826,777415.646778,5736116.26772,15091
15091,2016,106791.0,50.0,3332.0,15.0,0.05165646,1.4462276,0.0025500515,4.304669,0.010977128,777415.646778,5736116.26772,15091
15091,2017,106791.0,50.0,3332.0,15.0,0.05165646,1.5201241,0.012933627,4.634817,0.059945,777415.646778,5736116.26772,15091
15091,2018,106791.0,50.0,3332.0,15.0,0.05165646,1.5901904,0.06591148,4.9712095,0.3276598,777415.646778,5736116.26772,15091
15091,2019,106791.0,50.0,3332.0,15.0,0.05165646,1.5845869,0.015062406,4.9434314,0.07445997,777415.646778,5736116.26772,15091
15091,2020,106791.0,50.0,3332.0,15.0,0.05165646,1.6094049,0.017646795,5.0676527,0.08942783,777415.646778,5736116.26772,15091
15091,2021,106791.0,50.0,3332.0,15.0,0.05165646,1.6719402,0.059631996,5.394678,0.32169545,777415.646778,5736116.26772,15091
15091,2022,106791.0,50.0,3332.0,15.0,0.05165646,1.7526546,0.051827695,5.8481617,0.30309674,777415.646778,5736116.26772,15091
15091,2023,106791.0,50.0,3332.0,15.0,0.05165646,1.7348987,0.012650865,5.7452383,0.07268223,777415.646778,5736116.26772,15091
15091,2024,106791.0,50.0,3332.0,15.0,0.05165646,1.8396379,0.030472696,6.379634,0.19440463,777415.646778,5736116.26772,15091
15091,2025,106791.0,50.0,3332.0,15.0,0.05165646,1.8104401,0.030213429,6.196055,0.18720406,777415.646778,5736116.26772,15091
16051,2007,84003.0,10.0,84003.0,10.0,0.0,1.7381909,0.03449511,5.7739286,0.1991723,641802.745805,5649903.02447,16051
16051,2008,84003.0,10.0,84003.0,10.0,0.0,1.7831677,0.020260405,6.03955,0.12236373,641802.745805,5649903.02447,16051
16051,2009,84003.0,10.0,84003.0,10.0,0.0,1.7746425,0.016378783,5.9882803,0.09808075,641802.745805,5649903.02447,16051
16051,2010,84003.0,10.0,84003.0,10.0,0.0,1.8155003,0.019890903,6.238015,0.12407974,641802.745805,5649903.02447,16051
16051,2011,84003.0,10.0,84003.0,10.0,0.0,1.8621225,0.024129305,6.535732,0.15770267,641802.745805,5649903.02447,16051
16051,2012,84003.0,10.0,84003.0,10.0,0.0,1.9277997,0.022422897,6.9793897,0.15649813,641802.745805,5649903.02447,16051
16051,2013,84003.0,10.0,84003.0,10.0,0.0,1.9692461,0.026146576,7.274739,0.19020951,641802.745805,5649903.02447,16051
16051,2014,84003.0,10.0,84003.0,10.0,0.0,1.9725099,0.03335969,7.29852,0.24347638,641802.745805,5649903.02447,16051
16051,2015,84003.0,10.0,84003.0,10.0,0.0,2.0270884,0.03348973,7.7079344,0.25813666,641802.745805,5649903.02447,16051
16051,2016,84003.0,10.0,84003.0,10.0,0.0,2.0256963,0.0228836,7.697211,0.17613989,641802.745805,5649903.02447,16051
16051,2017,84003.0,10.0,84003.0,10.0,0.0,2.067177,0.038978126,8.0232115,0.31272975,641802.745805,5649903.02447,16051
16051,2018,84003.0,10.0,84003.0,10.0,0.0,2.0894978,0.02890802,8.204309,0.23717032,641802.745805,5649903.02447,16051
16051,2019,84003.0,10.0,84003.0,10.0,0.0,2.1115034,0.03457963,8.38685,0.29001418,641802.745805,5649903.02447,16051
16051,2020,84003.0,10.0,84003.0,10.0,0.0,2.1418915,0.03153513,8.645623,0.27264085,641802.745805,5649903.02447,16051
16051,2021,84003.0,10.0,84003.0,10.0,0.0,2.1489308,0.046123404,8.7066965,0.4015825,641802.745805,5649903.02447,16051
16051,2022,84003.0,10.0,84003.0,10.0,0.0,2.205945,0.036414865,9.217527,0.33565503,641802.745805,5649903.02447,16051
16051,2023,84003.0,10.0,84003.0,10.0,0.0,2.2469091,0.03630003,9.602956,0.3485876,641802.745805,5649903.02447,16051
16051,2024,84003.0,10.0,84003.0,10.0,0.0,2.3302746,0.036445886,10.437827,0.38041586,641802.745805,5649903.02447,16051
16051,2025,84003.0,10.0,84003.0,10.0,0.0,2.3917792,0.038405996,11.099954,0.42630476,641802.745805,5649903.02447,16051
16052,2007,74404.0,10.0,74404.0,10.0,0.0,1.561699,0.008530538,4.8162513,0.04108521,716781.616479,5642561.62562,16052
16052,2008,74404.0,10.0,74404.0,10.0,0.0,1.5141715,0.00840823,4.592701,0.038616486,716781.616479,5642561.62562,16052
16052,2009,74404.0,10.0,74404.0,10.0,0.0,1.5837117,0.017592939,4.9234457,0.08661788,716781.616479,5642561.62562,16052
16052,2010,74404.0,10.0,74404.0,10.0,0.0,1.5754662,0.014384693,4.8830156,0.07024068,716781.616479,5642561.62562,16052
16052,2011,74404.0,10.0,74404.0,10.0,0.0,1.5603478,0.0027464484,4.8097477,0.013209724,716781.616479,5642561.62562,16052
16052,2012,74404.0,10.0,74404.0,10.0,0.0,1.5739774,0.010552871,4.8757515,0.051453177,716781.616479,5642561.62562,16052
16052,2013,74404.0,10.0,74404.0,10.0,0.0,1.5701891,0.009702785,4.857316,0.04712949,716781.616479,5642561.62562,16052
16052,2014,74404.0,10.0,74404.0,10.0,0.0,1.5539426,0.010880634,4.779039,0.051998973,716781.616479,5642561.62562,16052
16052,2015,74404.0,10.0,74404.0,10.0,0.0,1.6435615,0.008913796,5.227109,0.046593387,716781.616479,5642561.62562,16052
16052,2016,74404.0,10.0,74404.0,10.0,0.0,1.6178977,0.0008239486,5.0946684,0.004197745,716781.616479,5642561.62562,16052
16052,2017,74404.0,10.0,74404.0,10.0,0.0,1.65548,0.0026738737,5.289781,0.014144206,716781.616479,5642561.62562,16052
16052,2018,74404.0,10.0,74404.0,10.0,0.0,1.6650819,0.002385202,5.3408175,0.012738928,716781.616479,5642561.62562,16052
16052,2019,74404.0,10.0,74404.0,10.0,0.0,1.6696517,0.0010922594,5.36528,0.005860278,716781.616479,5642561.62562,16052
16052,2020,74404.0,10.0,74404.0,10.0,0.0,1.6786364,0.0033969027,5.4137025,0.018389821,716781.616479,5642561.62562,16052
16052,2021,74404.0,10.0,74404.0,10.0,0.0,1.6836058,0.005560858,5.440672,0.030254805,716781.616479,5642561.62562,16052
16052,2022,74404.0,10.0,74404.0,10.0,0.0,1.7669313,0.00040391125,5.913442,0.0023885057,716781.616479,5642561.62562,16052
16052,2023,74404.0,10.0,74404.0,10.0,0.0,1.8099562,0.012656422,6.1734204,0.07813341,716781.616479,5642561.62562,16052
16052,2024,74404.0,10.0,74404.0,10.0,0.0,1.8868029,0.008020252,6.666532,0.053467263,716781.616479,5642561.62562,16052
16052,2025,74404.0,10.0,74404.0,10.0,0.0,1.9379203,0.0005776132,7.0161676,0.004052631,716781.616479,5642561.62562,16052
16053,2007,20765.0,10.0,20765.0,10.0,0.0,1.9857059,0.013820461,7.4113975,0.10242893,681810.070944,5644588.08088,16053
16053,2008,20765.0,10.0,20765.0,10.0,0.0,2.0123305,0.0024674654,7.611374,0.018780801,681810.070944,5644588.08088,16053
16053,2009,20765.0,10.0,20765.0,10.0,0.0,2.0604007,0.005712528,7.986191,0.045621336,681810.070944,5644588.08088,16053
16053,2010,20765.0,10.0,20765.0,10.0,0.0,2.0514781,0.0019811224,7.9152503,0.01568108,681810.070944,5644588.08088,16053
16053,2011,20765.0,10.0,20765.0,10.0,0.0,2.0752165,0.008561421,8.105392,0.06939368,681810.070944,5644588.08088,16053
16053,2012,20765.0,10.0,20765.0,10.0,0.0,2.12409,0.02721334,8.511373,0.23162287,681810.070944,5644588.08088,16053
16053,2013,20765.0,10.0,20765.0,10.0,0.0,2.0463507,0.026003238,7.8747687,0.20476948,681810.070944,5644588.08088,16053
16053,2014,20765.0,10.0,20765.0,10.0,0.0,2.226062,0.006941165,9.425089,0.0654211,681810.070944,5644588.08088,16053
16053,2015,20765.0,10.0,20765.0,10.0,0.0,2.183812,0.0018610462,9.035172,0.016814873,681810.070944,5644588.08088,16053
16053,2016,20765.0,10.0,20765.0,10.0,0.0,2.157234,0.0074868435,8.7982,0.06587074,681810.070944,5644588.08088,16053
16053,2017,20765.0,10.0,20765.0,10.0,0.0,2.2583804,0.011899582,9.734669,0.11583849,681810.070944,5644588.08088,16053
16053,2018,20765.0,10.0,20765.0,10.0,0.0,2.3029883,0.029561326,10.178743,0.30089715,681810.070944,5644588.08088,16053
16053,2019,20765.0,10.0,20765.0,10.0,0.0,2.3494236,0.0036850828,10.66254,0.039292347,681810.070944,5644588.08088,16053
16053,2020,20765.0,10.0,20765.0,10.0,0.0,2.3528104,0.025809376,10.698713,0.2761271,681810.070944,5644588.08088,16053
16053,2021,20765.0,10.0,20765.0,10.0,0.0,2.3614922,0.026279252,10.792001,0.28360572,681810.070944,5644588.08088,16053
16053,2022,20765.0,10.0,20765.0,10.0,0.0,2.3780482,0.04767264,10.972162,0.52307194,681810.070944,5644588.08088,16053
16053,2023,20765.0,10.0,20765.0,10.0,0.0,2.3774064,0.02323388,10.965123,0.25476235,681810.070944,5644588.08088,16053
16053,2024,20765.0,10.0,20765.0,10.0,0.0,2.423332,0.008424556,11.480446,0.096717656,681810.070944,5644588.08088,16053
16053,2025,20765.0,10.0,20765.0,10.0,0.0,2.4806297,0.012749428,12.157459,0.15500064,681810.070944,5644588.08088,16053
16054,2007,25707.0,25.0,9446.0,10.0,0.06902928,1.6660079,0.006788433,5.3677406,0.036438547,621552.296765,5609099.78684,16054
16054,2008,25707.0,25.0,9446.0,10.0,0.06902928,1.6400671,0.012100565,5.230288,0.06328944,621552.296765,5609099.78684,16054
16054,2009,25707.0,25.0,9446.0,10.0,0.06902928,1.6646897,0.0030084196,5.3606696,0.016127143,621552.296765,5609099.78684,16054
16054,2010,25707.0,25.0,9446.0,10.0,0.06902928,1.6136485,0.0067070965,5.09392,0.034165416,621552.296765,5609099.78684,16054
16054,2011,25707.0,25.0,9446.0,10.0,0.06902928,1.6552461,0.0042559374,5.3102837,0.022600235,621552.296765,5609099.78684,16054
16054,2012,25707.0,25.0,9446.0,10.0,0.06902928,1.6742945,0.0010610549,5.412406,0.0057428596,621552.296765,5609099.78684,16054
16054,2013,25707.0,25.0,9446.0,10.0,0.06902928,1.6816982,0.0036849342,5.452626,0.02009257,621552.296765,5609099.78684,16054
16054,2014,25707.0,25.0,9446.0,10.0,0.06902928,1.6496894,0.0061996276,5.2808585,0.032739356,621552.296765,5609099.78684,16054
16054,2015,25707.0,25.0,9446.0,10.0,0.06902928,1.6604555,0.017236114,5.338019,0.092006706,621552.296765,5609099.78684,16054
16054,2016,25707.0,25.0,9446.0,10.0,0.06902928,1.6838279,0.029583903,5.464251,0.16165386,621552.296765,5609099.78684,16054
16054,2017,25707.0,25.0,9446.0,10.0,0.06902928,1.7097822,0.015052821,5.607929,0.08441515,621552.296765,5609099.78684,16054
16054,2018,25707.0,25.0,9446.0,10.0,0.06902928,1.7321727,0.025750477,5.734909,0.14767663,621552.296765,5609099.78684,16054
16054,2019,25707.0,25.0,9446.0,10.0,0.06902928,1.7581624,0.00043891408,5.8859115,0.0025834094,621552.296765,5609099.78684,16054
16054,2020,25707.0,25.0,9446.0,10.0,0.06902928,1.7809292,0.015029961,6.021452,0.09050219,621552.296765,5609099.78684,16054
16054,2021,25707.0,25.0,9446.0,10.0,0.06902928,1.7695358,0.012561266,5.9532366,0.07478019,621552.296765,5609099.78684,16054
16054,2022,25707.0,25.0,9446.0,10.0,0.06902928,1.770173,0.0054631927,5.9570303,0.032544408,621552.296765,5609099.78684,16054
16054,2023,25707.0,25.0,9446.0,10.0,0.06902928,1.7629995,0.014996223,5.9144516,0.08869444,621552.296765,5609099.78684,16054
16054,2024,25707.0,25.0,9446.0,10.0,0.06902928,1.8445451,0.02146738,6.4169593,0.1377553,621552.296765,5609099.78684,16054
16054,2025,25707.0,25.0,9446.0,10.0,0.06902928,1.8697759,0.032291315,6.580924,0.2125067,621552.296765,5609099.78684,16054
16055,2007,14807.0,10.0,14807.0,10.0,0.0,1.7308002,0.0067259576,5.7289877,0.038532928,662713.670571,5649968.17841,16055
16055,2008,14807.0,10.0,14807.0,10.0,0.0,1.7422804,0.0033176206,5.7951365,0.019226065,662713.670571,5649968.17841,16055
16055,2009,14807.0,10.0,14807.0,10.0,0.0,1.7687043,0.015779475,5.950308,0.09389273,662713.670571,5649968.17841,16055
16055,2010,14807.0,10.0,14807.0,10.0,0.0,1.788876,0.009340094,6.0715547,0.056708895,662713.670571,5649968.17841,16055
16055,2011,14807.0,10.0,14807.0,10.0,0.0,1.8407524,0.027846057,6.394838,0.17807104,662713.670571,5649968.17841,16055
16055,2012,14807.0,10.0,14807.0,10.0,0.0,1.8806254,0.00855044,6.6549706,0.056902926,662713.670571,5649968.17841,16055
16055,2013,14807.0,10.0,14807.0,10.0,0.0,1.93373,0.02551752,7.017933,0.17908025,662713.670571,5649968.17841,16055
16055,2014,14807.0,10.0,14807.0,10.0,0.0,1.9910638,0.018631728,7.432056,0.13847204,662713.670571,5649968.17841,16055
16055,2015,14807.0,10.0,14807.0,10.0,0.0,2.000526,0.02331512,7.5027127,0.17492665,662713.670571,5649968.17841,16055
16055,2016,14807.0,10.0,14807.0,10.0,0.0,2.0033503,0.003874742,7.523933,0.029153299,662713.670571,5649968.17841,16055
16055,2017,14807.0,10.0,14807.0,10.0,0.0,2.0455985,0.011975082,7.848615,0.09398781,662713.670571,5649968.17841,16055
16055,2018,14807.0,10.0,14807.0,10.0,0.0,2.0539665,0.0244588,7.9145694,0.19358087,662713.670571,5649968.17841,16055
16055,2019,14807.0,10.0,14807.0,10.0,0.0,2.1086767,0.019113742,8.35964,0.159784,662713.670571,5649968.17841,16055
16055,2020,14807.0,10.0,14807.0,10.0,0.0,2.1517644,0.0058534644,8.72771,0.051087335,662713.670571,5649968.17841,16055
16055,2021,14807.0,10.0,14807.0,10.0,0.0,2.1394153,0.0014322607,8.620593,0.012346937,662713.670571,5649968.17841,16055
16055,2022,14807.0,10.0,14807.0,10.0,0.0,2.1828246,0.0066320365,9.00305,0.059708558,662713.670571,5649968.17841,16055
16055,2023,14807.0,10.0,14807.0,10.0,0.0,2.1884317,0.004177633,9.053672,0.03782292,662713.670571,5649968.17841,16055
16055,2024,14807.0,10.0,14807.0,10.0,0.0,2.2602036,0.016106827,9.727357,0.15667684,662713.670571,5649968.17841,16055
16055,2025,14807.0,10.0,14807.0,10.0,0.0,2.3689222,0.0067515066,10.844531,0.07321692,662713.670571,5649968.17841,16055
16056,2007,17648.0,10.0,17648.0,10.0,0.0,1.6235585,0.021529896,5.124717,0.110334635,591246.991886,5649479.9669,16056
16056,2008,17648.0,10.0,17648.0,10.0,0.0,1.6254798,0.029735252,5.134573,0.15267783,591246.991886,5649479.9669,16056
16056,2009,17648.0,10.0,17648.0,10.0,0.0,1.6056496,0.039571688,5.0337563,0.19919424,591246.991886,5649479.9669,16056
16056,2010,17648.0,10.0,17648.0,10.0,0.0,1.6242145,0.019511208,5.1280804,0.10005505,591246.991886,5649479.9669,16056
16056,2011,17648.0,10.0,17648.0,10.0,0.0,1.6371491,0.02387694,5.194841,0.12403691,591246.991886,5649479.9669,16056
16056,2012,17648.0,10.0,17648.0,10.0,0.0,1.6382444,0.022160174,5.2005343,0.115244746,591246.991886,5649479.9669,16056
16056,2013,17648.0,10.0,17648.0,10.0,0.0,1.6612657,0.036172267,5.321646,0.19249599,591246.991886,5649479.9669,16056
16056,2014,17648.0,10.0,17648.0,10.0,0.0,1.6467007,0.026237912,5.2446976,0.13760993,591246.991886,5649479.9669,16056
16056,2015,17648.0,10.0,17648.0,10.0,0.0,1.7004217,0.026968276,5.5341535,0.14924659,591246.991886,5649479.9669,16056
16056,2016,17648.0,10.0,17648.0,10.0,0.0,1.7367634,0.046276465,5.738973,0.26557937,591246.991886,5649479.9669,16056
16056,2017,17648.0,10.0,17648.0,10.0,0.0,1.774206,0.029839689,5.9579287,0.17778274,591246.991886,5649479.9669,16056
16056,2018,17648.0,10.0,17648.0,10.0,0.0,1.7749714,0.032176584,5.962491,0.1918526,591246.991886,5649479.9669,16056
16056,2019,17648.0,10.0,17648.0,10.0,0.0,1.8048744,0.036961604,6.14348,0.22707285,591246.991886,5649479.9669,16056
16056,2020,17648.0,10.0,17648.0,10.0,0.0,1.8231094,0.03579128,6.2565336,0.22392936,591246.991886,5649479.9669,16056
16056,2021,17648.0,10.0,17648.0,10.0,0.0,1.8229561,0.02562065,6.2555747,0.1602719,591246.991886,5649479.9669,16056
16056,2022,17648.0,10.0,17648.0,10.0,0.0,1.8391644,0.027427156,6.3577924,0.17437617,591246.991886,5649479.9669,16056
16056,2023,17648.0,10.0,17648.0,10.0,0.0,1.8947303,0.022396374,6.721069,0.15052757,591246.991886,5649479.9669,16056
16056,2024,17648.0,10.0,17648.0,10.0,0.0,1.9813465,0.023649773,7.329178,0.17333339,591246.991886,5649479.9669,16056
16056,2025,17648.0,10.0,17648.0,10.0,0.0,1.9672486,0.030128025,7.2265773,0.2177225,591246.991886,5649479.9669,16056
16061,2007,38148.0,25.0,2509.0,15.0,-0.21526898,1.2892679,0.25355944,3.7136343,0.941627,579695.680685,5690197.98876,16061
16061,2008,38148.0,25.0,2509.0,15.0,-0.21526898,1.3530608,0.3136772,3.9582577,1.241615,579695.680685,5690197.98876,16061
16061,2009,38148.0,25.0,2509.0,15.0,-0.21526898,1.1981703,0.18252096,3.3902829,0.61879766,579695.680685,5690197.98876,16061
16061,2010,38148.0,25.0,2509.0,15.0,-0.21526898,1.1313795,0.1910787,3.1712396,0.6059564,579695.680685,5690197.98876,16061
16061,2011,38148.0,25.0,2509.0,15.0,-0.21526898,1.170483,0.24455088,3.2977026,0.806456,579695.680685,5690197.98876,16061
16061,2012,38148.0,25.0,2509.0,15.0,-0.21526898,1.1519059,0.17913398,3.2370062,0.5798578,579695.680685,5690197.98876,16061
16061,2013,38148.0,25.0,2509.0,15.0,-0.21526898,1.3371693,0.26066568,3.8958519,1.0155149,579695.680685,5690197.98876,16061
16061,2014,38148.0,25.0,2509.0,15.0,-0.21526898,1.2468423,0.29440767,3.5593762,1.0479077,579695.680685,5690197.98876,16061
16061,2015,38148.0,25.0,2509.0,15.0,-0.21526898,1.4637605,0.15502231,4.4216084,0.685448,579695.680685,5690197.98876,16061
16061,2016,38148.0,25.0,2509.0,15.0,-0.21526898,1.5567397,0.123065054,4.8524456,0.5971665,579695.680685,5690197.98876,16061
16061,2017,38148.0,25.0,2509.0,15.0,-0.21526898,1.5340409,0.13356896,4.7435417,0.63358986,579695.680685,5690197.98876,16061
16061,2018,38148.0,25.0,2509.0,15.0,-0.21526898,1.566974,0.17420575,4.902362,0.85401964,579695.680685,5690197.98876,16061
16061,2019,38148.0,25.0,2509.0,15.0,-0.21526898,1.518219,0.18133114,4.6690803,0.84664965,579695.680685,5690197.98876,16061
16061,2020,38148.0,25.0,2509.0,15.0,-0.21526898,1.5172633,0.23012225,4.66462,1.0734328,579695.680685,5690197.98876,16061
16061,2021,38148.0,25.0,2509.0,15.0,-0.21526898,1.6207443,0.2077052,5.173179,1.0744962,579695.680685,5690197.98876,16061
16061,2022,38148.0,25.0,2509.0,15.0,-0.21526898,1.6618416,0.13326335,5.3902116,0.7183176,579695.680685,5690197.98876,16061
16061,2023,38148.0,25.0,2509.0,15.0,-0.21526898,1.7047074,0.065809086,5.6262913,0.3702611,579695.680685,5690197.98876,16061
16061,2024,38148.0,25.0,2509.0,15.0,-0.21526898,1.844835,0.092226006,6.472602,0.5969422,579695.680685,5690197.98876,16061
16061,2025,38148.0,25.0,2509.0,15.0,-0.21526898,1.8385196,0.1018593,6.431853,0.6551441,579695.680685,5690197.98876,16061
16062,2007,18924.0,25.0,2246.0,10.0,0.10593211,1.5357574,0.058293954,4.708172,0.27445796,617843.404158,5717512.48762,16062
16062,2008,18924.0,25.0,2246.0,10.0,0.10593211,1.4221447,0.079581894,4.2025304,0.33444533,617843.404158,5717512.48762,16062
16062,2009,18924.0,25.0,2246.0,10.0,0.10593211,1.530373,0.016947867,4.682889,0.07936498,617843.404158,5717512.48762,16062
16062,2010,18924.0,25.0,2246.0,10.0,0.10593211,1.4967262,0.039157063,4.527946,0.17730106,617843.404158,5717512.48762,16062
16062,2011,18924.0,25.0,2246.0,10.0,0.10593211,1.5403283,0.025155311,4.729741,0.11897811,617843.404158,5717512.48762,16062
16062,2012,18924.0,25.0,2246.0,10.0,0.10593211,1.5488228,0.030751169,4.770089,0.14668581,617843.404158,5717512.48762,16062
16062,2013,18924.0,25.0,2246.0,10.0,0.10593211,1.5936943,0.032854658,4.9890056,0.16391207,617843.404158,5717512.48762,16062
16062,2014,18924.0,25.0,2246.0,10.0,0.10593211,1.6024361,0.043568157,5.0328093,0.21927023,617843.404158,5717512.48762,16062
16062,2015,18924.0,25.0,2246.0,10.0,0.10593211,1.6410336,0.05334267,5.2308607,0.2790281,617843.404158,5717512.48762,16062
16062,2016,18924.0,25.0,2246.0,10.0,0.10593211,1.6172671,0.008560075,5.1080074,0.043724928,617843.404158,5717512.48762,16062
16062,2017,18924.0,25.0,2246.0,10.0,0.10593211,1.6447532,0.011000369,5.250354,0.057755824,617843.404158,5717512.48762,16062
16062,2018,18924.0,25.0,2246.0,10.0,0.10593211,1.6606259,0.0070661656,5.334356,0.03769344,617843.404158,5717512.48762,16062
16062,2019,18924.0,25.0,2246.0,10.0,0.10593211,1.6459893,0.02668394,5.2568474,0.1402734,617843.404158,5717512.48762,16062
16062,2020,18924.0,25.0,2246.0,10.0,0.10593211,1.7344536,0.02150798,5.743081,0.12352207,617843.404158,5717512.48762,16062
16062,2021,18924.0,25.0,2246.0,10.0,0.10593211,1.7223704,0.010444379,5.674104,0.059262495,617843.404158,5717512.48762,16062
16062,2022,18924.0,25.0,2246.0,10.0,0.10593211,1.7577183,0.007480527,5.8782587,0.04397247,617843.404158,5717512.48762,16062
16062,2023,18924.0,25.0,2246.0,10.0,0.10593211,1.754678,0.009922797,5.8604145,0.0581517,617843.404158,5717512.48762,16062
16062,2024,18924.0,25.0,2246.0,10.0,0.10593211,1.8035855,0.021025069,6.154157,0.12939158,617843.404158,5717512.48762,16062
16062,2025,18924.0,25.0,2246.0,10.0,0.10593211,1.791391,0.022219805,6.0795655,0.13508676,617843.404158,5717512.48762,16062
16063,2007,27105.0,25.0,2393.0,10.0,-0.037974056,1.4081892,0.087338984,4.140262,0.3616063,590928.728801,5627587.85166,16063
16063,2008,27105.0,25.0,2393.0,10.0,-0.037974056,1.5676858,0.013361933,4.856198,0.06488819,590928.728801,5627587.85166,16063
16063,2009,27105.0,25.0,2393.0,10.0,-0.037974056,1.5665292,0.06366268,4.8505836,0.30880114,590928.728801,5627587.85166,16063
16063,2010,27105.0,25.0,2393.0,10.0,-0.037974056,1.6019636,0.006649915,5.0255437,0.03341944,590928.728801,5627587.85166,16063
16063,2011,27105.0,25.0,2393.0,10.0,-0.037974056,1.5585593,0.006097574,4.812079,0.029342007,590928.728801,5627587.85166,16063
16063,2012,27105.0,25.0,2393.0,10.0,-0.037974056,1.619191,0.012773574,5.1128707,0.06530963,590928.728801,5627587.85166,16063
16063,2013,27105.0,25.0,2393.0,10.0,-0.037974056,1.630759,0.001543507,5.1723595,0.007983574,590928.728801,5627587.85166,16063
16063,2014,27105.0,25.0,2393.0,10.0,-0.037974056,1.654651,0.010413131,5.2974257,0.055162784,590928.728801,5627587.85166,16063
16063,2015,27105.0,25.0,2393.0,10.0,-0.037974056,1.6829714,0.04879139,5.4495945,0.2658933,590928.728801,5627587.85166,16063
16063,2016,27105.0,25.0,2393.0,10.0,-0.037974056,1.7020308,0.036013495,5.5544577,0.20003542,590928.728801,5627587.85166,16063
16063,2017,27105.0,25.0,2393.0,10.0,-0.037974056,1.6822242,0.02036198,5.445524,0.11088166,590928.728801,5627587.85166,16063
16063,2018,27105.0,25.0,2393.0,10.0,-0.037974056,1.7734926,0.046904117,5.9659157,0.27982602,590928.728801,5627587.85166,16063
16063,2019,27105.0,25.0,2393.0,10.0,-0.037974056,1.7576692,0.036506213,5.8722577,0.21437389,590928.728801,5627587.85166,16063
16063,2020,27105.0,25.0,2393.0,10.0,-0.037974056,1.7579558,0.0014766572,5.8739405,0.008673796,590928.728801,5627587.85166,16063
16063,2021,27105.0,25.0,2393.0,10.0,-0.037974056,1.8421923,0.012504049,6.390178,0.0799031,590928.728801,5627587.85166,16063
16063,2022,27105.0,25.0,2393.0,10.0,-0.037974056,1.8693777,0.058522,6.5662813,0.38427192,590928.728801,5627587.85166,16063
16063,2023,27105.0,25.0,2393.0,10.0,-0.037974056,1.8920381,0.013907541,6.716774,0.093413815,590928.728801,5627587.85166,16063
16063,2024,27105.0,25.0,2393.0,10.0,-0.037974056,1.9392684,0.050857846,7.04162,0.3581216,590928.728801,5627587.85166,16063
16063,2025,27105.0,25.0,2393.0,10.0,-0.037974056,1.9350932,0.041745152,7.0122814,0.29272875,590928.728801,5627587.85166,16063
16064,2007,27506.0,25.0,2844.0,10.0,0.0030730225,1.5164871,0.029761422,4.6130824,0.1372919,615413.354259,5662239.38904,16064
16064,2008,27506.0,25.0,2844.0,10.0,0.0030730225,1.525462,0.009473651,4.6546707,0.044096727,615413.354259,5662239.38904,16064
16064,2009,27506.0,25.0,2844.0,10.0,0.0030730225,1.5395577,0.024494706,4.720746,0.11563328,615413.354259,5662239.38904,16064
16064,2010,27506.0,25.0,2844.0,10.0,0.0030730225,1.5404884,0.009003943,4.7251415,0.0425449,615413.354259,5662239.38904,16064
16064,2011,27506.0,25.0,2844.0,10.0,0.0030730225,1.565418,0.008395234,4.844418,0.040670026,615413.354259,5662239.38904,16064
16064,2012,27506.0,25.0,2844.0,10.0,0.0030730225,1.5420841,0.05758459,4.7326875,0.27252987,615413.354259,5662239.38904,16064
16064,2013,27506.0,25.0,2844.0,10.0,0.0030730225,1.5692165,0.03452625,4.8628545,0.16789614,615413.354259,5662239.38904,16064
16064,2014,27506.0,25.0,2844.0,10.0,0.0030730225,1.6129587,0.055719607,5.080287,0.2830716,615413.354259,5662239.38904,16064
16064,2015,27506.0,25.0,2844.0,10.0,0.0030730225,1.5785937,0.033064008,4.9086695,0.16230027,615413.354259,5662239.38904,16064
16064,2016,27506.0,25.0,2844.0,10.0,0.0030730225,1.5775874,0.033761308,4.903732,0.1655564,615413.354259,5662239.38904,16064
16064,2017,27506.0,25.0,2844.0,10.0,0.0030730225,1.6508586,0.021506403,5.276525,0.11347908,615413.354259,5662239.38904,16064
16064,2018,27506.0,25.0,2844.0,10.0,0.0030730225,1.655086,0.014331397,5.2988787,0.07594033,615413.354259,5662239.38904,16064
16064,2019,27506.0,25.0,2844.0,10.0,0.0030730225,1.6993072,0.004239728,5.5384593,0.023481563,615413.354259,5662239.38904,16064
16064,2020,27506.0,25.0,2844.0,10.0,0.0030730225,1.6993803,0.009804727,5.538864,0.054307047,615413.354259,5662239.38904,16064
16064,2021,27506.0,25.0,2844.0,10.0,0.0030730225,1.7785615,0.017447086,5.9952683,0.10459996,615413.354259,5662239.38904,16064
16064,2022,27506.0,25.0,2844.0,10.0,0.0030730225,1.7600623,0.011478786,5.885381,0.06755703,615413.354259,5662239.38904,16064
16064,2023,27506.0,25.0,2844.0,10.0,0.0030730225,1.837212,0.008644861,6.35741,0.05495893,615413.354259,5662239.38904,16064
16064,2024,27506.0,25.0,2844.0,10.0,0.0030730225,1.8381535,0.046318907,6.3633986,0.29474568,615413.354259,5662239.38904,16064
16064,2025,27506.0,25.0,2844.0,10.0,0.0030730225,1.8494292,0.01709841,6.435557,0.110037796,615413.354259,5662239.38904,16064
16065,2007,13684.0,25.0,1519.0,10.0,0.12301455,1.6527346,0.02088556,5.2866225,0.11041408,649506.804845,5692644.52979,16065
16065,2008,13684.0,25.0,1519.0,10.0,0.12301455,1.6013162,0.014756942,5.0216627,0.07410438,649506.804845,5692644.52979,16065
16065,2009,13684.0,25.0,1519.0,10.0,0.12301455,1.4956952,0.06928168,4.5183196,0.31303677,649506.804845,5692644.52979,16065
16065,2010,13684.0,25.0,1519.0,10.0,0.12301455,1.5662663,0.10086937,4.848703,0.4890856,649506.804845,5692644.52979,16065
16065,2011,13684.0,25.0,1519.0,10.0,0.12301455,1.5689393,0.030593762,4.8616815,0.14873712,649506.804845,5692644.52979,16065
16065,2012,13684.0,25.0,1519.0,10.0,0.12301455,1.5469562,0.016502026,4.7559724,0.07848319,649506.804845,5692644.52979,16065
16065,2013,13684.0,25.0,1519.0,10.0,0.12301455,1.5311995,0.042360716,4.6816206,0.1983168,649506.804845,5692644.52979,16065
16065,2014,13684.0,25.0,1519.0,10.0,0.12301455,1.5921552,0.015567497,4.9758697,0.07746184,649506.804845,5692644.52979,16065
16065,2015,13684.0,25.0,1519.0,10.0,0.12301455,1.5853329,0.0076981476,4.942038,0.03804454,649506.804845,5692644.52979,16065
16065,2016,13684.0,25.0,1519.0,10.0,0.12301455,1.6009177,0.018592713,5.019662,0.09332913,649506.804845,5692644.52979,16065
16065,2017,13684.0,25.0,1519.0,10.0,0.12301455,1.569617,0.0065820967,4.864977,0.03202175,649506.804845,5692644.52979,16065
16065,2018,13684.0,25.0,1519.0,10.0,0.12301455,1.623625,0.0037089493,5.134949,0.019045265,649506.804845,5692644.52979,16065
16065,2019,13684.0,25.0,1519.0,10.0,0.12301455,1.5876176,0.0033048638,4.9533424,0.016370121,649506.804845,5692644.52979,16065
16065,2020,13684.0,25.0,1519.0,10.0,0.12301455,1.6023093,0.010281146,5.026653,0.051679745,649506.804845,5692644.52979,16065
16065,2021,13684.0,25.0,1519.0,10.0,0.12301455,1.6483767,0.01842799,5.263634,0.0969982,649506.804845,5692644.52979,16065
16065,2022,13684.0,25.0,1519.0,10.0,0.12301455,1.6891607,0.0116752265,5.4827437,0.064012274,649506.804845,5692644.52979,16065
16065,2023,13684.0,25.0,1519.0,10.0,0.12301455,1.6479013,0.022721082,5.2611322,0.11953861,649506.804845,5692644.52979,16065
16065,2024,13684.0,25.0,1519.0,10.0,0.12301455,1.7493842,0.010238994,5.823079,0.05962247,649506.804845,5692644.52979,16065
16065,2025,13684.0,25.0,1519.0,10.0,0.12301455,1.8355827,0.09130547,6.347288,0.57954216,649506.804845,5692644.52979,16065
16066,2007,38429.0,25.0,2290.0,10.0,-0.041521918,1.5103993,0.007052896,4.5869293,0.032351136,606440.428757,5626407.61409,16066
16066,2008,38429.0,25.0,2290.0,10.0,-0.041521918,1.5153873,0.03707532,4.609866,0.17091227,606440.428757,5626407.61409,16066
16066,2009,38429.0,25.0,2290.0,10.0,-0.041521918,1.5216496,0.0009364923,4.638825,0.004344224,606440.428757,5626407.61409,16066
16066,2010,38429.0,25.0,2290.0,10.0,-0.041521918,1.5177345,0.018504653,4.620699,0.085504435,606440.428757,5626407.61409,16066
16066,2011,38429.0,25.0,2290.0,10.0,-0.041521918,1.5658263,0.02560839,4.8483467,0.12415835,606440.428757,5626407.61409,16066
16066,2012,38429.0,25.0,2290.0,10.0,-0.041521918,1.5545154,0.0004918773,4.7938166,0.0023579695,606440.428757,5626407.61409,16066
16066,2013,38429.0,25.0,2290.0,10.0,-0.041521918,1.583424,0.015362883,4.9344215,0.07580694,606440.428757,5626407.61409,16066
16066,2014,38429.0,25.0,2290.0,10.0,-0.041521918,1.6104378,0.020848637,5.0695357,0.10569291,606440.428757,5626407.61409,16066
16066,2015,38429.0,25.0,2290.0,10.0,-0.041521918,1.5850214,0.050878804,4.9423103,0.25145882,606440.428757,5626407.61409,16066
16066,2016,38429.0,25.0,2290.0,10.0,-0.041521918,1.6544616,0.016217116,5.2977014,0.08591344,606440.428757,5626407.61409,16066
16066,2017,38429.0,25.0,2290.0,10.0,-0.041521918,1.61922,0.062266037,5.114254,0.3184443,606440.428757,5626407.61409,16066
16066,2018,38429.0,25.0,2290.0,10.0,-0.041521918,1.6771352,0.016477497,5.419192,0.089294724,606440.428757,5626407.61409,16066
16066,2019,38429.0,25.0,2290.0,10.0,-0.041521918,1.6485653,0.014532367,5.2665567,0.07653553,606440.428757,5626407.61409,16066
16066,2020,38429.0,25.0,2290.0,10.0,-0.041521918,1.6667634,0.012201862,5.3632755,0.06544195,606440.428757,5626407.61409,16066
16066,2021,38429.0,25.0,2290.0,10.0,-0.041521918,1.7472914,0.018335689,5.8130355,0.10658602,606440.428757,5626407.61409,16066
16066,2022,38429.0,25.0,2290.0,10.0,-0.041521918,1.8016922,0.01897536,6.138029,0.11647131,606440.428757,5626407.61409,16066
16066,2023,38429.0,25.0,2290.0,10.0,-0.041521918,1.8286252,0.016805323,6.305591,0.10596749,606440.428757,5626407.61409,16066
16066,2024,38429.0,25.0,2290.0,10.0,-0.041521918,1.89787,0.028390363,6.7576923,0.19185334,606440.428757,5626407.61409,16066
16066,2025,38429.0,25.0,2290.0,10.0,-0.041521918,1.8281984,0.02616049,6.3029003,0.16488697,606440.428757,5626407.61409,16066
16067,2007,39073.0,25.0,1891.0,10.0,-0.06064618,1.5617577,0.015601947,4.8233,0.075252876,610875.834967,5634630.02373,16067
16067,2008,39073.0,25.0,1891.0,10.0,-0.06064618,1.5465786,0.0018820518,4.7506404,0.008940951,610875.834967,5634630.02373,16067
16067,2009,39073.0,25.0,1891.0,10.0,-0.06064618,1.5490606,0.009616663,4.7624454,0.045798834,610875.834967,5634630.02373,16067
16067,2010,39073.0,25.0,1891.0,10.0,-0.06064618,1.5189381,0.02073874,4.6211276,0.09583636,610875.834967,5634630.02373,16067
16067,2011,39073.0,25.0,1891.0,10.0,-0.06064618,1.562714,0.0005264901,4.827915,0.0025418494,610875.834967,5634630.02373,16067
16067,2012,39073.0,25.0,1891.0,10.0,-0.06064618,1.5602232,0.007993446,4.8159046,0.03849567,610875.834967,5634630.02373,16067
16067,2013,39073.0,25.0,1891.0,10.0,-0.06064618,1.5949614,0.00882793,4.9861403,0.0440173,610875.834967,5634630.02373,16067
16067,2014,39073.0,25.0,1891.0,10.0,-0.06064618,1.6530628,0.013548336,5.284424,0.07159515,610875.834967,5634630.02373,16067
16067,2015,39073.0,25.0,1891.0,10.0,-0.06064618,1.6160797,0.0024745518,5.092559,0.0126018,610875.834967,5634630.02373,16067
16067,2016,39073.0,25.0,1891.0,10.0,-0.06064618,1.660619,0.014850625,5.324505,0.07907223,610875.834967,5634630.02373,16067
16067,2017,39073.0,25.0,1891.0,10.0,-0.06064618,1.7007266,0.008533845,5.542398,0.047297966,610875.834967,5634630.02373,16067
16067,2018,39073.0,25.0,1891.0,10.0,-0.06064618,1.7629942,0.042726204,5.898481,0.2520197,610875.834967,5634630.02373,16067
16067,2019,39073.0,25.0,1891.0,10.0,-0.06064618,1.7657053,0.015879361,5.914495,0.0939184,610875.834967,5634630.02373,16067
16067,2020,39073.0,25.0,1891.0,10.0,-0.06064618,1.7428151,0.01082661,5.780648,0.062584825,610875.834967,5634630.02373,16067
16067,2021,39073.0,25.0,1891.0,10.0,-0.06064618,1.8064154,0.014255986,6.1602426,0.08782033,610875.834967,5634630.02373,16067
16067,2022,39073.0,25.0,1891.0,10.0,-0.06064618,1.865274,0.021609508,6.5337086,0.14119023,610875.834967,5634630.02373,16067
16067,2023,39073.0,25.0,1891.0,10.0,-0.06064618,1.893747,0.010580078,6.722417,0.0711237,610875.834967,5634630.02373,16067
16067,2024,39073.0,25.0,1891.0,10.0,-0.06064618,1.9050708,0.07150778,6.7989726,0.48617947,610875.834967,5634630.02373,16067
16067,2025,39073.0,25.0,1891.0,10.0,-0.06064618,1.9054649,0.026801545,6.801652,0.18229479,610875.834967,5634630.02373,16067
16068,2007,96902.0,25.0,2432.0,10.0,-0.2711743,1.4334508,0.030527435,4.264964,0.13019842,650035.967299,5670748.01776,16068
16068,2008,96902.0,25.0,2432.0,10.0,-0.2711743,1.4299822,0.023326116,4.2501965,0.09914057,650035.967299,5670748.01776,16068
16068,2009,96902.0,25.0,2432.0,10.0,-0.2711743,1.4841868,0.020724252,4.4869347,0.09298837,650035.967299,5670748.01776,16068
16068,2010,96902.0,25.0,2432.0,10.0,-0.2711743,1.3975112,0.02237052,4.114405,0.09204138,650035.967299,5670748.01776,16068
16068,2011,96902.0,25.0,2432.0,10.0,-0.2711743,1.4417474,0.017169142,4.300496,0.07383583,650035.967299,5670748.01776,16068
16068,2012,96902.0,25.0,2432.0,10.0,-0.2711743,1.5294621,0.049009643,4.694751,0.23008807,650035.967299,5670748.01776,16068
16068,2013,96902.0,25.0,2432.0,10.0,-0.2711743,1.5931987,0.053655904,5.00372,0.2684791,650035.967299,5670748.01776,16068
16068,2014,96902.0,25.0,2432.0,10.0,-0.2711743,1.559097,0.04089665,4.835962,0.19777463,650035.967299,5670748.01776,16068
16068,2015,96902.0,25.0,2432.0,10.0,-0.2711743,1.5611746,0.017272102,4.8460193,0.08370094,650035.967299,5670748.01776,16068
16068,2016,96902.0,25.0,2432.0,10.0,-0.2711743,1.6808385,0.053306386,5.462035,0.29116136,650035.967299,5670748.01776,16068
16068,2017,96902.0,25.0,2432.0,10.0,-0.2711743,1.7372775,0.08755893,5.7791724,0.50601816,650035.967299,5670748.01776,16068
16068,2018,96902.0,25.0,2432.0,10.0,-0.2711743,1.780537,0.0138234105,6.0346627,0.08341962,650035.967299,5670748.01776,16068
16068,2019,96902.0,25.0,2432.0,10.0,-0.2711743,1.8415543,0.03581235,6.414347,0.22971286,650035.967299,5670748.01776,16068
16068,2020,96902.0,25.0,2432.0,10.0,-0.2711743,1.7965857,0.08403859,6.1322927,0.51534927,650035.967299,5670748.01776,16068
16068,2021,96902.0,25.0,2432.0,10.0,-0.2711743,1.7824563,0.008009832,6.046256,0.048429497,650035.967299,5670748.01776,16068
16068,2022,96902.0,25.0,2432.0,10.0,-0.2711743,1.7967569,0.047258005,6.1333427,0.28984952,650035.967299,5670748.01776,16068
16068,2023,96902.0,25.0,2432.0,10.0,-0.2711743,1.9391153,0.009183439,7.0716815,0.06494236,650035.967299,5670748.01776,16068
16068,2024,96902.0,25.0,2432.0,10.0,-0.2711743,1.9475542,0.023275668,7.1316113,0.16599302,650035.967299,5670748.01776,16068
16068,2025,96902.0,25.0,2432.0,10.0,-0.2711743,2.0928423,0.00030454533,8.246801,0.0025115246,650035.967299,5670748.01776,16068
16069,2007,24166.0,25.0,2000.0,15.0,0.081747144,1.3707906,0.23720272,4.008873,0.95091563,637301.078965,5589093.06202,16069
16069,2008,24166.0,25.0,2000.0,15.0,0.081747144,1.3902081,0.3340083,4.0874763,1.3652511,637301.078965,5589093.06202,16069
16069,2009,24166.0,25.0,2000.0,15.0,0.081747144,1.4316055,0.17748666,4.2602377,0.7561354,637301.078965,5589093.06202,16069
16069,2010,24166.0,25.0,2000.0,15.0,0.081747144,1.3377038,0.104408905,3.8784027,0.4049398,637301.078965,5589093.06202,16069
16069,2011,24166.0,25.0,2000.0,15.0,0.081747144,1.3629304,0.0066044494,3.9774861,0.026269106,637301.078965,5589093.06202,16069
16069,2012,24166.0,25.0,2000.0,15.0,0.081747144,1.4126345,0.14605671,4.180179,0.61054325,637301.078965,5589093.06202,16069
16069,2013,24166.0,25.0,2000.0,15.0,0.081747144,1.5481672,0.0791651,4.786918,0.37895685,637301.078965,5589093.06202,16069
16069,2014,24166.0,25.0,2000.0,15.0,0.081747144,1.5728836,0.09049112,4.906708,0.4440135,637301.078965,5589093.06202,16069
16069,2015,24166.0,25.0,2000.0,15.0,0.081747144,1.5197326,0.03138569,4.6527205,0.14602883,637301.078965,5589093.06202,16069
16069,2016,24166.0,25.0,2000.0,15.0,0.081747144,1.6279432,0.00882269,5.184445,0.04574075,637301.078965,5589093.06202,16069
16069,2017,24166.0,25.0,2000.0,15.0,0.081747144,1.607818,0.027869143,5.08115,0.1416073,637301.078965,5589093.06202,16069
16069,2018,24166.0,25.0,2000.0,15.0,0.081747144,1.6315169,0.0028896702,5.203006,0.015034971,637301.078965,5589093.06202,16069
16069,2019,24166.0,25.0,2000.0,15.0,0.081747144,1.5927442,0.0075220885,5.005132,0.037649047,637301.078965,5589093.06202,16069
16069,2020,24166.0,25.0,2000.0,15.0,0.081747144,1.728642,0.06136196,5.7337027,0.35183126,637301.078965,5589093.06202,16069
16069,2021,24166.0,25.0,2000.0,15.0,0.081747144,1.6327047,0.10715407,5.2091894,0.5581858,637301.078965,5589093.06202,16069
16069,2022,24166.0,25.0,2000.0,15.0,0.081747144,1.7782961,0.022980709,6.0255914,0.13847236,637301.078965,5589093.06202,16069
16069,2023,24166.0,25.0,2000.0,15.0,0.081747144,1.8983314,0.056275554,6.7940755,0.38234034,637301.078965,5589093.06202,16069
16069,2024,24166.0,25.0,2000.0,15.0,0.081747144,1.9174918,0.035168465,6.925508,0.24355946,637301.078965,5589093.06202,16069
16069,2025,24166.0,25.0,2000.0,15.0,0.081747144,1.9139229,0.113599025,6.900835,0.78392816,637301.078965,5589093.06202,16069
16070,2007,105548.0,25.0,6695.0,10.0,0.33462432,1.6274629,0.012494256,5.1796584,0.064715974,638295.608966,5630095.56849,16070
16070,2008,105548.0,25.0,6695.0,10.0,0.33462432,1.6583191,0.0062882635,5.341975,0.033591747,638295.608966,5630095.56849,16070
16070,2009,105548.0,25.0,6695.0,10.0,0.33462432,1.6164812,0.040342815,5.1230884,0.2066798,638295.608966,5630095.56849,16070
16070,2010,105548.0,25.0,6695.0,10.0,0.33462432,1.6778529,0.03372226,5.4473495,0.18369693,638295.608966,5630095.56849,16070
16070,2011,105548.0,25.0,6695.0,10.0,0.33462432,1.7111335,0.051054306,5.631691,0.28752208,638295.608966,5630095.56849,16070
16070,2012,105548.0,25.0,6695.0,10.0,0.33462432,1.7817838,0.052785467,6.0439644,0.31903347,638295.608966,5630095.56849,16070
16070,2013,105548.0,25.0,6695.0,10.0,0.33462432,1.7674247,0.016846582,5.957798,0.10036854,638295.608966,5630095.56849,16070
16070,2014,105548.0,25.0,6695.0,10.0,0.33462432,1.7722567,0.024937442,5.986656,0.14929189,638295.608966,5630095.56849,16070
16070,2015,105548.0,25.0,6695.0,10.0,0.33462432,1.7530419,0.0035382798,5.872721,0.02077933,638295.608966,5630095.56849,16070
16070,2016,105548.0,25.0,6695.0,10.0,0.33462432,1.8186246,0.028827745,6.270781,0.18077248,638295.608966,5630095.56849,16070
16070,2017,105548.0,25.0,6695.0,10.0,0.33462432,1.8312743,0.01600491,6.350608,0.1016409,638295.608966,5630095.56849,16070
16070,2018,105548.0,25.0,6695.0,10.0,0.33462432,1.837002,0.0043137735,6.3870873,0.027552448,638295.608966,5630095.56849,16070
16070,2019,105548.0,25.0,6695.0,10.0,0.33462432,1.8601884,0.041504845,6.53691,0.27131346,638295.608966,5630095.56849,16070
16070,2020,105548.0,25.0,6695.0,10.0,0.33462432,1.909863,0.014791353,6.8698297,0.10161407,638295.608966,5630095.56849,16070
16070,2021,105548.0,25.0,6695.0,10.0,0.33462432,1.9175212,0.007406744,6.922642,0.051274236,638295.608966,5630095.56849,16070
16070,2022,105548.0,25.0,6695.0,10.0,0.33462432,2.0119524,0.020150859,7.6082163,0.15331209,638295.608966,5630095.56849,16070
16070,2023,105548.0,25.0,6695.0,10.0,0.33462432,2.0117233,0.05666866,7.6064725,0.4310486,638295.608966,5630095.56849,16070
16070,2024,105548.0,25.0,6695.0,10.0,0.33462432,2.0894868,0.03650694,8.221585,0.3001449,638295.608966,5630095.56849,16070
16070,2025,105548.0,25.0,6695.0,10.0,0.33462432,2.0964026,0.0063527045,8.278642,0.052591763,638295.608966,5630095.56849,16070
16071,2007,46915.0,25.0,3904.0,10.0,0.4976064,1.590687,0.08975932,5.013189,0.4499804,675869.702258,5655424.02568,16071
16071,2008,46915.0,25.0,3904.0,10.0,0.4976064,1.6167042,0.09900098,5.1453295,0.5093927,675869.702258,5655424.02568,16071
16071,2009,46915.0,25.0,3904.0,10.0,0.4976064,1.5956056,0.03633082,5.0379076,0.1830313,675869.702258,5655424.02568,16071
16071,2010,46915.0,25.0,3904.0,10.0,0.4976064,1.5878832,0.0016075933,4.9991527,0.008036604,675869.702258,5655424.02568,16071
16071,2011,46915.0,25.0,3904.0,10.0,0.4976064,1.6628633,0.016434379,5.3884,0.088555,675869.702258,5655424.02568,16071
16071,2012,46915.0,25.0,3904.0,10.0,0.4976064,1.7194949,0.039889093,5.70236,0.22746198,675869.702258,5655424.02568,16071
16071,2013,46915.0,25.0,3904.0,10.0,0.4976064,1.7149855,0.012756601,5.676704,0.07241545,675869.702258,5655424.02568,16071
16071,2014,46915.0,25.0,3904.0,10.0,0.4976064,1.8732867,0.099326365,6.6503663,0.6605567,675869.702258,5655424.02568,16071
16071,2015,46915.0,25.0,3904.0,10.0,0.4976064,1.7764851,0.023784991,6.0367775,0.1435847,675869.702258,5655424.02568,16071
16071,2016,46915.0,25.0,3904.0,10.0,0.4976064,1.7782978,0.0074494937,6.04773,0.04505253,675869.702258,5655424.02568,16071
16071,2017,46915.0,25.0,3904.0,10.0,0.4976064,1.8478204,0.024156313,6.4831443,0.15660885,675869.702258,5655424.02568,16071
16071,2018,46915.0,25.0,3904.0,10.0,0.4976064,1.9521711,0.07970166,7.196223,0.5735509,675869.702258,5655424.02568,16071
16071,2019,46915.0,25.0,3904.0,10.0,0.4976064,1.9664347,0.07003139,7.2996025,0.5112013,675869.702258,5655424.02568,16071
16071,2020,46915.0,25.0,3904.0,10.0,0.4976064,1.9687424,0.03706306,7.3164673,0.27117065,675869.702258,5655424.02568,16071
16071,2021,46915.0,25.0,3904.0,10.0,0.4976064,1.9522517,0.06058754,7.196803,0.4360366,675869.702258,5655424.02568,16071
16071,2022,46915.0,25.0,3904.0,10.0,0.4976064,1.994908,0.035290368,7.510433,0.26504594,675869.702258,5655424.02568,16071
16071,2023,46915.0,25.0,3904.0,10.0,0.4976064,2.075176,0.016689785,8.138136,0.13582374,675869.702258,5655424.02568,16071
16071,2024,46915.0,25.0,3904.0,10.0,0.4976064,2.1275463,0.0015578367,8.575691,0.013359525,675869.702258,5655424.02568,16071
16071,2025,46915.0,25.0,3904.0,10.0,0.4976064,2.1633842,0.0071455683,8.888599,0.0635141,675869.702258,5655424.02568,16071
16072,2007,67185.0,50.0,3045.0,15.0,0.12697105,1.4401546,0.04869602,4.3103485,0.2098968,652920.628862,5594188.87201,16072
16072,2008,67185.0,50.0,3045.0,15.0,0.12697105,1.4322684,0.07633063,4.27649,0.32642722,652920.628862,5594188.87201,16072
16072,2009,67185.0,50.0,3045.0,15.0,0.12697105,1.4489504,0.050368052,4.348429,0.2190219,652920.628862,5594188.87201,16072
16072,2010,67185.0,50.0,3045.0,15.0,0.12697105,1.4628721,0.042344622,4.40939,0.18671396,652920.628862,5594188.87201,16072
16072,2011,67185.0,50.0,3045.0,15.0,0.12697105,1.5300199,0.012293243,4.7156377,0.05797048,652920.628862,5594188.87201,16072
16072,2012,67185.0,50.0,3045.0,15.0,0.12697105,1.5428908,0.022744345,4.7767243,0.108643465,652920.628862,5594188.87201,16072
16072,2013,67185.0,50.0,3045.0,15.0,0.12697105,1.5787233,0.014995943,4.95099,0.07424476,652920.628862,5594188.87201,16072
16072,2014,67185.0,50.0,3045.0,15.0,0.12697105,1.6380007,0.0027209932,5.2533445,0.014294315,652920.628862,5594188.87201,16072
16072,2015,67185.0,50.0,3045.0,15.0,0.12697105,1.6153327,0.029635917,5.1356015,0.15219826,652920.628862,5594188.87201,16072
16072,2016,67185.0,50.0,3045.0,15.0,0.12697105,1.6346407,0.034776684,5.235723,0.18208109,652920.628862,5594188.87201,16072
16072,2017,67185.0,50.0,3045.0,15.0,0.12697105,1.6598114,0.020210296,5.369182,0.10851277,652920.628862,5594188.87201,16072
16072,2018,67185.0,50.0,3045.0,15.0,0.12697105,1.7207556,0.02500161,5.7065797,0.14267369,652920.628862,5594188.87201,16072
16072,2019,67185.0,50.0,3045.0,15.0,0.12697105,1.6946791,0.02453723,5.5596957,0.13641953,652920.628862,5594188.87201,16072
16072,2020,67185.0,50.0,3045.0,15.0,0.12697105,1.7368293,0.01949185,5.7990465,0.11303414,652920.628862,5594188.87201,16072
16072,2021,67185.0,50.0,3045.0,15.0,0.12697105,1.7998679,0.016476406,6.1763787,0.10176453,652920.628862,5594188.87201,16072
16072,2022,67185.0,50.0,3045.0,15.0,0.12697105,1.8094082,0.06162407,6.235585,0.38426214,652920.628862,5594188.87201,16072
16072,2023,67185.0,50.0,3045.0,15.0,0.12697105,1.8456571,0.0014468415,6.465765,0.009354938,652920.628862,5594188.87201,16072
16072,2024,67185.0,50.0,3045.0,15.0,0.12697105,1.8301282,0.011044142,6.366134,0.070308484,652920.628862,5594188.87201,16072
16072,2025,67185.0,50.0,3045.0,15.0,0.12697105,1.9027065,0.01225346,6.8453584,0.08387932,652920.628862,5594188.87201,16072
16073,2007,10728.0,25.0,1946.0,10.0,-0.20277494,1.572737,0.025524253,4.904575,0.12518561,659058.429546,5616741.55218,16073
16073,2008,10728.0,25.0,1946.0,10.0,-0.20277494,1.6202605,0.0043880707,5.143285,0.022569098,659058.429546,5616741.55218,16073
16073,2009,10728.0,25.0,1946.0,10.0,-0.20277494,1.526385,0.065137595,4.6824265,0.30500197,659058.429546,5616741.55218,16073
16073,2010,10728.0,25.0,1946.0,10.0,-0.20277494,1.5526229,0.05868816,4.8069096,0.2821087,659058.429546,5616741.55218,16073
16073,2011,10728.0,25.0,1946.0,10.0,-0.20277494,1.5705134,0.044675462,4.893681,0.21862745,659058.429546,5616741.55218,16073
16073,2012,10728.0,25.0,1946.0,10.0,-0.20277494,1.6446818,0.068089955,5.270437,0.3588638,659058.429546,5616741.55218,16073
16073,2013,10728.0,25.0,1946.0,10.0,-0.20277494,1.6113816,0.093042485,5.0978203,0.47431388,659058.429546,5616741.55218,16073
16073,2014,10728.0,25.0,1946.0,10.0,-0.20277494,1.6770704,0.10611317,5.4439335,0.577673,659058.429546,5616741.55218,16073
16073,2015,10728.0,25.0,1946.0,10.0,-0.20277494,1.6903967,0.057887945,5.5169663,0.31936586,659058.429546,5616741.55218,16073
16073,2016,10728.0,25.0,1946.0,10.0,-0.20277494,1.6500057,0.0032234685,5.2985706,0.017079776,659058.429546,5616741.55218,16073
16073,2017,10728.0,25.0,1946.0,10.0,-0.20277494,1.5462494,0.024092736,4.7763696,0.11507582,659058.429546,5616741.55218,16073
16073,2018,10728.0,25.0,1946.0,10.0,-0.20277494,1.659654,0.08254424,5.3499403,0.44160676,659058.429546,5616741.55218,16073
16073,2019,10728.0,25.0,1946.0,10.0,-0.20277494,1.6833112,0.002865882,5.478014,0.015699342,659058.429546,5616741.55218,16073
16073,2020,10728.0,25.0,1946.0,10.0,-0.20277494,1.6626732,0.052765217,5.3661175,0.28314435,659058.429546,5616741.55218,16073
16073,2021,10728.0,25.0,1946.0,10.0,-0.20277494,1.6719304,0.07787742,5.4160233,0.4217859,659058.429546,5616741.55218,16073
16073,2022,10728.0,25.0,1946.0,10.0,-0.20277494,1.8051882,0.100030124,6.1880474,0.61899114,659058.429546,5616741.55218,16073
16073,2023,10728.0,25.0,1946.0,10.0,-0.20277494,1.8096169,0.047466658,6.215514,0.2950297,659058.429546,5616741.55218,16073
16073,2024,10728.0,25.0,1946.0,10.0,-0.20277494,1.8081785,0.1246001,6.2065797,0.77334046,659058.429546,5616741.55218,16073
16073,2025,10728.0,25.0,1946.0,10.0,-0.20277494,1.8532475,0.08872967,6.4927034,0.5760954,659058.429546,5616741.55218,16073
16074,2007,36745.0,25.0,6230.0,10.0,0.34322047,1.8311634,0.02408683,6.3854985,0.1538064,681945.550419,5631316.42238,16074
16074,2008,36745.0,25.0,6230.0,10.0,0.34322047,1.7748638,0.044048104,6.03593,0.2658713,681945.550419,5631316.42238,16074
16074,2009,36745.0,25.0,6230.0,10.0,0.34322047,1.7973428,0.057865694,6.1731477,0.3572135,681945.550419,5631316.42238,16074
16074,2010,36745.0,25.0,6230.0,10.0,0.34322047,1.8369546,0.051076554,6.422586,0.32804355,681945.550419,5631316.42238,16074
16074,2011,36745.0,25.0,6230.0,10.0,0.34322047,1.8646675,0.022193836,6.6030636,0.14654732,681945.550419,5631316.42238,16074
16074,2012,36745.0,25.0,6230.0,10.0,0.34322047,2.001549,0.02666175,7.571681,0.20187427,681945.550419,5631316.42238,16074
16074,2013,36745.0,25.0,6230.0,10.0,0.34322047,1.9843075,0.05638673,7.4422536,0.41964436,681945.550419,5631316.42238,16074
16074,2014,36745.0,25.0,6230.0,10.0,0.34322047,2.1685019,0.092764884,8.947446,0.8300088,681945.550419,5631316.42238,16074
16074,2015,36745.0,25.0,6230.0,10.0,0.34322047,2.0322251,0.010625937,7.8075514,0.08296255,681945.550419,5631316.42238,16074
16074,2016,36745.0,25.0,6230.0,10.0,0.34322047,2.0971498,0.035308924,8.33127,0.29416817,681945.550419,5631316.42238,16074
16074,2017,36745.0,25.0,6230.0,10.0,0.34322047,2.125124,0.013909904,8.56762,0.119174786,681945.550419,5631316.42238,16074
16074,2018,36745.0,25.0,6230.0,10.0,0.34322047,2.1187305,0.08937863,8.51302,0.760882,681945.550419,5631316.42238,16074
16074,2019,36745.0,25.0,6230.0,10.0,0.34322047,2.2492094,0.17351435,9.6995125,1.6830047,681945.550419,5631316.42238,16074
16074,2020,36745.0,25.0,6230.0,10.0,0.34322047,2.0889304,0.14699772,8.263073,1.2146529,681945.550419,5631316.42238,16074
16074,2021,36745.0,25.0,6230.0,10.0,0.34322047,2.0740118,0.10999478,8.140715,0.8954361,681945.550419,5631316.42238,16074
16074,2022,36745.0,25.0,6230.0,10.0,0.34322047,2.2152019,0.006326892,9.375202,0.059315886,681945.550419,5631316.42238,16074
16074,2023,36745.0,25.0,6230.0,10.0,0.34322047,2.2249315,0.075225726,9.466865,0.7121517,681945.550419,5631316.42238,16074
16074,2024,36745.0,25.0,6230.0,10.0,0.34322047,2.2329342,0.07015354,9.542928,0.6694702,681945.550419,5631316.42238,16074
16074,2025,36745.0,25.0,6230.0,10.0,0.34322047,2.2758536,0.07517166,9.961421,0.74881655,681945.550419,5631316.42238,16074
16075,2007,66331.0,25.0,1391.0,10.0,0.16522892,1.2096045,0.086167134,3.4108522,0.29390335,700123.930711,5589127.65802,16075
16075,2008,66331.0,25.0,1391.0,10.0,0.16522892,1.1564908,0.14639023,3.2344158,0.47348687,700123.930711,5589127.65802,16075
16075,2009,66331.0,25.0,1391.0,10.0,0.16522892,1.2936999,0.11596881,3.710095,0.4302553,700123.930711,5589127.65802,16075
16075,2010,66331.0,25.0,1391.0,10.0,0.16522892,1.3283676,0.12254148,3.8409708,0.47067824,700123.930711,5589127.65802,16075
16075,2011,66331.0,25.0,1391.0,10.0,0.16522892,1.3705332,0.084161356,4.006391,0.3371833,700123.930711,5589127.65802,16075
16075,2012,66331.0,25.0,1391.0,10.0,0.16522892,1.3123503,0.07022893,3.7799392,0.26546106,700123.930711,5589127.65802,16075
16075,2013,66331.0,25.0,1391.0,10.0,0.16522892,1.4096091,0.07944987,4.1660433,0.33099157,700123.930711,5589127.65802,16075
16075,2014,66331.0,25.0,1391.0,10.0,0.16522892,1.4131465,0.09856085,4.180806,0.4120638,700123.930711,5589127.65802,16075
16075,2015,66331.0,25.0,1391.0,10.0,0.16522892,1.4381998,0.014948173,4.2868724,0.06408091,700123.930711,5589127.65802,16075
16075,2016,66331.0,25.0,1391.0,10.0,0.16522892,1.4889919,0.017644098,4.5102363,0.07957905,700123.930711,5589127.65802,16075
16075,2017,66331.0,25.0,1391.0,10.0,0.16522892,1.5932266,0.0005215421,5.005734,0.0026107011,700123.930711,5589127.65802,16075
16075,2018,66331.0,25.0,1391.0,10.0,0.16522892,1.7068943,0.012631641,5.6083236,0.070842326,700123.930711,5589127.65802,16075
16075,2019,66331.0,25.0,1391.0,10.0,0.16522892,1.7806238,0.0029797596,6.0374475,0.017990142,700123.930711,5589127.65802,16075
16075,2020,66331.0,25.0,1391.0,10.0,0.16522892,1.848083,0.039561845,6.4587812,0.2555213,700123.930711,5589127.65802,16075
16075,2021,66331.0,25.0,1391.0,10.0,0.16522892,1.6865149,0.13551752,5.495186,0.74469405,700123.930711,5589127.65802,16075
16075,2022,66331.0,25.0,1391.0,10.0,0.16522892,1.9250789,0.05461414,6.975726,0.38097328,700123.930711,5589127.65802,16075
16075,2023,66331.0,25.0,1391.0,10.0,0.16522892,1.9792911,0.0644222,7.364334,0.47442663,700123.930711,5589127.65802,16075
16075,2024,66331.0,25.0,1391.0,10.0,0.16522892,2.1310155,0.061213247,8.570903,0.52465284,700123.930711,5589127.65802,16075
16075,2025,66331.0,25.0,1391.0,10.0,0.16522892,2.105833,0.12173013,8.35776,1.0173913,700123.930711,5589127.65802,16075
16076,2007,231465.0,25.0,9647.0,10.0,-0.033151295,1.2912626,0.08741373,3.6811154,0.32178003,722442.829733,5627282.1985,16076
16076,2008,231465.0,25.0,9647.0,10.0,-0.033151295,1.3397617,0.007274862,3.864046,0.028110402,722442.829733,5627282.1985,16076
16076,2009,231465.0,25.0,9647.0,10.0,-0.033151295,1.362002,0.023537729,3.9509463,0.0929963,722442.829733,5627282.1985,16076
16076,2010,231465.0,25.0,9647.0,10.0,-0.033151295,1.4024708,0.025960319,4.1141157,0.10680375,722442.829733,5627282.1985,16076
16076,2011,231465.0,25.0,9647.0,10.0,-0.033151295,1.4079634,0.01298483,4.136775,0.05371532,722442.829733,5627282.1985,16076
16076,2012,231465.0,25.0,9647.0,10.0,-0.033151295,1.4001368,0.017112667,4.1045246,0.070239365,722442.829733,5627282.1985,16076
16076,2013,231465.0,25.0,9647.0,10.0,-0.033151295,1.4137546,0.0022827198,4.1608014,0.009497944,722442.829733,5627282.1985,16076
16076,2014,231465.0,25.0,9647.0,10.0,-0.033151295,1.3681116,0.004406347,3.9751587,0.01751593,722442.829733,5627282.1985,16076
16076,2015,231465.0,25.0,9647.0,10.0,-0.033151295,1.4994177,0.01461814,4.53294,0.06626315,722442.829733,5627282.1985,16076
16076,2016,231465.0,25.0,9647.0,10.0,-0.033151295,1.449014,0.0073861387,4.3101254,0.031835184,722442.829733,5627282.1985,16076
16076,2017,231465.0,25.0,9647.0,10.0,-0.033151295,1.4816773,0.0067744725,4.4532332,0.030168306,722442.829733,5627282.1985,16076
16076,2018,231465.0,25.0,9647.0,10.0,-0.033151295,1.4685595,0.010033341,4.395198,0.044098523,722442.829733,5627282.1985,16076
16076,2019,231465.0,25.0,9647.0,10.0,-0.033151295,1.4723088,0.00024119763,4.411708,0.0010640934,722442.829733,5627282.1985,16076
16076,2020,231465.0,25.0,9647.0,10.0,-0.033151295,1.5075468,0.013758678,4.569939,0.06287632,722442.829733,5627282.1985,16076
16076,2021,231465.0,25.0,9647.0,10.0,-0.033151295,1.4818022,0.006801981,4.4537897,0.030294593,722442.829733,5627282.1985,16076
16076,2022,231465.0,25.0,9647.0,10.0,-0.033151295,1.514355,0.005173516,4.6011586,0.023804167,722442.829733,5627282.1985,16076
16076,2023,231465.0,25.0,9647.0,10.0,-0.033151295,1.6417565,0.017497465,5.226331,0.091447555,722442.829733,5627282.1985,16076
16076,2024,231465.0,25.0,9647.0,10.0,-0.033151295,1.6658806,0.046930414,5.353945,0.25126287,722442.829733,5627282.1985,16076
16076,2025,231465.0,25.0,9647.0,10.0,-0.033151295,1.7292252,0.01639111,5.7040606,0.093495876,722442.829733,5627282.1985,16076
16077,2007,13673.0,10.0,13673.0,10.0,0.0,1.5756751,0.0026057435,4.8791113,0.012713712,741295.037404,5652969.55747,16077
16077,2008,13673.0,10.0,13673.0,10.0,0.0,1.5910417,0.0054425406,4.954665,0.026965966,741295.037404,5652969.55747,16077
16077,2009,13673.0,10.0,13673.0,10.0,0.0,1.504593,0.0076130657,4.544333,0.034596305,741295.037404,5652969.55747,16077
16077,2010,13673.0,10.0,13673.0,10.0,0.0,1.521172,0.009673226,4.6203017,0.04469322,741295.037404,5652969.55747,16077
16077,2011,13673.0,10.0,13673.0,10.0,0.0,1.5503219,0.0081556225,4.756965,0.03879601,741295.037404,5652969.55747,16077
16077,2012,13673.0,10.0,13673.0,10.0,0.0,1.5651584,0.007946766,4.8280673,0.03836752,741295.037404,5652969.55747,16077
16077,2013,13673.0,10.0,13673.0,10.0,0.0,1.5655771,0.011585294,4.83009,0.055958014,741295.037404,5652969.55747,16077
16077,2014,13673.0,10.0,13673.0,10.0,0.0,1.6010296,0.015304924,5.0044007,0.07659197,741295.037404,5652969.55747,16077
16077,2015,13673.0,10.0,13673.0,10.0,0.0,1.5967089,0.016501453,4.9828243,0.08222384,741295.037404,5652969.55747,16077
16077,2016,13673.0,10.0,13673.0,10.0,0.0,1.5990149,0.020387258,4.994328,0.101820655,741295.037404,5652969.55747,16077
16077,2017,13673.0,10.0,13673.0,10.0,0.0,1.6010498,0.018742055,5.004501,0.09379464,741295.037404,5652969.55747,16077
16077,2018,13673.0,10.0,13673.0,10.0,0.0,1.6316336,0.020124406,5.1599226,0.10384037,741295.037404,5652969.55747,16077
16077,2019,13673.0,10.0,13673.0,10.0,0.0,1.6484175,0.022775717,5.2472568,0.11951004,741295.037404,5652969.55747,16077
16077,2020,13673.0,10.0,13673.0,10.0,0.0,1.650461,0.01758591,5.257991,0.09246655,741295.037404,5652969.55747,16077
16077,2021,13673.0,10.0,13673.0,10.0,0.0,1.6876783,0.017036833,5.457366,0.09297623,741295.037404,5652969.55747,16077
16077,2022,13673.0,10.0,13673.0,10.0,0.0,1.7033103,0.0076827286,5.5433455,0.042588018,741295.037404,5652969.55747,16077
16077,2023,13673.0,10.0,13673.0,10.0,0.0,1.7563211,0.00025866716,5.845131,0.0015119434,741295.037404,5652969.55747,16077
16077,2024,13673.0,10.0,13673.0,10.0,0.0,1.8577056,0.0037986066,6.468819,0.0245725,741295.037404,5652969.55747,16077
16077,2025,13673.0,10.0,13673.0,10.0,0.0,1.8805948,0.004428695,6.618593,0.02931173,741295.037404,5652969.55747,16077
