county_id,price_qm2007,price_qm_se2007,price_qm2008,price_qm_se2008,price_qm2009,price_qm_se2009,price_qm2010,price_qm_se2010,price_qm2011,price_qm_se2011,price_qm2012,price_qm_se2012,price_qm2013,price_qm_se2013,price_qm2014,price_qm_se2014,price_qm2015,price_qm_se2015,price_qm2016,price_qm_se2016,price_qm2017,price_qm_se2017,price_qm2018,price_qm_se2018,price_qm2019,price_qm_se2019,price_qm2020,price_qm_se2020,price_qm2021,price_qm_se2021,price_qm2022,price_qm_se2022,price_qm2023,price_qm_se2023,price_qm2024,price_qm_se2024,price_qm2025,price_qm_se2025
01001,5.04689,0.051601525,5.2970757,0.0453643,5.431468,0.09667388,5.6812816,0.054257225,5.710594,0.06518085,5.885986,0.11182509,6.0517764,0.0865686,6.2569246,0.06921778,6.3612328,0.060716838,6.949135,0.01732409,7.1457777,0.024387732,7.456614,0.025897747,7.8319607,0.06804905,8.178541,0.07393982,8.311512,0.13018073,8.654807,0.13967751,9.09962,0.14683424,9.337642,0.12186284,9.61269,0.11011517
01002,6.541492,0.3983862,6.6124387,0.30403218,6.615906,0.18189901,6.7391415,0.23352799,6.91953,0.20380643,7.0591354,0.22421446,7.3141565,0.19097364,7.628572,0.16455346,7.457908,0.10141582,7.7015214,0.047034454,8.748508,0.18859647,9.01495,0.20329054,9.232395,0.24694513,9.522987,0.27950716,9.905458,0.27615005,10.641863,0.3224554,10.749512,0.2755186,11.2447815,0.20537941,11.954145,0.23375322
01003,6.722077,0.030200621,6.7565684,0.11492533,6.584662,0.1768392,6.873759,0.19908015,7.0193214,0.19891085,7.1592593,0.21234047,7.227728,0.2917221,7.6430855,0.22519739,7.594234,0.18081215,7.687698,0.3051008,8.341305,0.3241331,8.689532,0.33561283,8.873887,0.2482986,9.670447,0.37369734,10.140493,0.3770494,10.6207485,0.21571475,11.506706,0.29975998,11.4906,0.19058271,12.451253,0.186103
01004,4.9790244,0.017324017,4.97762,0.051388714,5.099575,0.026963158,5.061443,0.008890578,5.1724057,0.06138311,5.2698383,0.033149924,5.2653975,0.002984498,5.5045385,0.012360793,5.433473,0.04946551,6.006931,0.04942729,6.37413,0.04592291,6.52374,0.042831052,6.9046736,0.038716372,6.982191,0.0065340074,7.3609004,0.050255865,7.6678505,0.18794152,8.059321,0.055834733,8.352776,0.048131097,8.648775,0.08416382
01051,4.528099,0.08232517,4.670552,0.02624548,4.490509,0.00054853567,4.4247255,0.08176901,4.4285455,0.024453303,4.5540066,0.015556244,4.378701,0.008323335,4.7014966,0.13825592,4.835644,0.051361036,5.1878324,0.13053432,5.2976007,0.2497887,5.624363,0.33795467,5.765435,0.3016588,6.0310163,0.014056612,6.353114,0.0026460192,7.04521,0.1020573,7.5576015,0.2962165,7.760645,0.38544345,8.420079,0.047598083
01053,6.285789,0.014148624,6.161572,0.033766117,5.866112,0.0037447105,5.916324,0.040912095,5.8797464,0.053964946,6.1570807,0.03877096,6.363865,0.022161486,6.772228,0.03703695,7.1560698,0.031575594,7.3968477,0.06080219,7.7727833,0.062962815,8.211356,0.055341862,8.681308,0.027294561,8.956429,0.0066280523,9.301297,0.027775666,9.65437,0.0563594,10.330222,0.04734469,10.30626,0.14504588,11.29163,0.0869378
01054,4.6618147,0.37439126,4.7580867,0.43475416,4.9425435,0.33861604,5.0107455,0.5633448,5.2377653,0.055367697,5.560366,0.055521164,5.6696477,0.01807517,5.602599,0.041318655,5.7821126,0.08112622,5.9506464,0.15604277,6.0748973,0.21426477,6.3412094,0.26006398,7.048821,0.55698514,7.2984676,0.41280648,6.97283,0.18125087,7.261732,0.25646016,8.158634,0.032393906,8.791204,0.38709834,9.148577,0.35120797
01055,5.612336,0.31073117,5.581617,0.16588444,5.8221073,0.029311497,6.0948296,0.13314682,5.996854,0.1067668,6.052055,0.12571123,6.1122065,0.0060626026,6.439587,0.32948992,6.6183934,0.14265202,6.614853,0.13274321,7.070349,0.15268923,7.419496,0.18719618,8.065558,0.33220008,8.744393,0.050038107,9.035724,0.018141348,9.100597,0.08086963,10.172173,0.18554194,10.0789385,0.29449818,11.225576,0.17978723
01056,5.6531377,0.041678615,5.730364,0.032921754,5.7441635,0.09910689,5.8383794,0.053430248,5.9304276,0.22370334,5.9751134,0.032260217,6.1889396,0.121457055,6.4612217,0.0032594537,6.3520527,0.13406387,6.646904,0.08604155,6.925898,0.1694927,7.1234045,0.18150733,7.584195,0.05842967,8.051925,0.2272376,8.551891,0.11301839,9.042597,0.10741165,9.536443,0.0602941,9.910687,0.11124413,10.522806,0.06309252
01057,5.1437907,0.08083456,5.1615367,0.05927102,4.992568,0.040700242,5.014039,0.09268937,5.402843,0.0733871,5.2946453,0.10337542,5.3548136,0.018967811,5.4859667,0.11878308,5.664839,0.15991595,5.555728,0.09973703,5.5354366,0.15799741,5.7795978,0.18654463,6.1952825,0.44328395,6.8760643,0.12318676,7.032199,0.14545149,7.559569,0.06398008,8.037635,0.09197956,8.405478,0.2694357,9.199053,0.35547885
01058,7.759928,1.68919,7.7365184,1.4193206,6.977476,1.2598891,6.8777866,1.2517756,6.8138776,1.1100688,6.5688634,0.83541346,7.0074425,0.9173604,7.567713,1.2718184,7.602923,1.2206918,7.703492,0.79604805,8.936708,1.4341549,9.095469,1.4472855,9.180166,1.503327,9.586777,1.6018238,10.375131,1.8088467,11.057678,2.3805673,11.715918,2.4733627,11.934812,1.823968,12.151819,1.8326112
01059,4.5676184,0.15135834,4.854861,0.10132883,5.0212965,0.0421373,5.1637235,0.1453608,4.8422437,0.050524052,4.988607,0.122190334,5.731565,0.17849694,5.4763856,0.022513714,5.6435194,0.34117764,5.7770233,0.27495807,5.8885307,0.16253948,6.007899,0.1398277,6.445502,0.24647386,7.087322,0.13266568,7.531545,0.2628834,8.902015,0.20691504,9.401564,0.028794354,9.798804,0.093323246,10.343541,0.08870959
01060,6.2688713,0.07303897,6.478473,0.073330894,6.0589747,0.123917125,6.5404825,0.100948244,6.644159,0.09982559,6.894142,0.036792856,6.851327,0.026078563,6.874027,0.0035998211,6.9343657,0.035724152,7.2204676,0.12662023,7.3937955,0.021692362,7.766898,0.18206574,7.9832435,0.18787129,8.63946,0.13199127,9.29562,0.15799867,9.565096,0.03520108,10.168022,0.26593256,11.048992,0.033858754,11.3156395,0.3807289
01061,4.994142,0.2679252,4.9567847,0.18538772,5.0455894,0.16391808,5.2127237,0.043022353,5.115829,0.023189548,5.205836,0.024640199,5.5441227,0.1063369,5.5517397,0.24890079,5.732402,0.045103163,6.0186095,0.04356746,6.275136,0.04639863,6.491315,0.12096504,6.7052727,0.07297019,6.9657154,0.012735876,7.2890296,0.3591609,7.4418883,0.42940378,7.492528,0.41847405,8.472293,0.4045565,8.714706,0.6815019
01062,8.006166,0.21639815,8.029417,0.2266946,7.8952613,0.20056158,8.012677,0.03499046,8.328275,0.02009773,8.468192,0.08556662,8.489268,0.092165604,8.711159,0.07557199,8.985966,0.017474476,9.351856,0.0036847205,9.536859,0.13094193,10.006559,0.14738178,10.576556,0.17094956,10.855976,0.27771866,11.520137,0.07942413,12.187108,0.43379584,12.03659,0.095137544,12.59485,0.19336623,12.465383,0.948527
02000,9.441229,0.1505633,10.066017,0.41078344,10.873517,0.2717115,10.849207,0.4888268,11.173249,0.49039894,11.729423,0.030864581,10.765423,0.14931324,12.167912,0.6644879,12.002133,0.4727333,11.689378,0.6056484,14.197147,0.48945373,15.182234,0.6748115,16.259148,0.59428525,16.935474,0.3196908,16.841768,0.42189166,17.71933,0.41134867,17.524622,0.2562169,17.533327,0.062831044,18.21208,0.3422675
03101,5.6343703,0.30063236,5.839504,0.1434691,5.949038,0.10385961,6.1122766,0.12650546,6.3091483,0.07836616,6.7794805,0.08735553,7.291948,0.12724051,7.8351307,0.094549656,7.8951387,0.0862332,8.018617,0.12223024,8.994593,0.033438474,8.938768,0.16707496,9.156245,0.1269666,9.243585,0.109859504,9.167406,0.15497708,9.556874,0.16706355,9.6873045,0.16393055,9.990009,0.1691848,10.408834,0.2368511
03102,4.796058,0.14068292,4.7705693,0.21138999,4.744697,0.21646531,4.565786,0.18016115,4.538761,0.25135782,4.7379827,0.07439709,4.6814003,0.12666449,4.786376,0.22752753,5.1671042,0.097596966,5.106667,0.17797324,5.454308,0.10114343,5.12333,0.3040821,5.3798037,0.36862105,5.294676,0.2847478,5.157586,0.24935548,5.3478603,0.45783624,5.76504,0.26222497,6.4089184,0.32156366,6.2886176,0.026098808
03103,6.3239307,0.50719315,5.7283125,0.47604325,5.576398,0.19066097,6.0710135,0.12350301,6.0135655,0.25312403,6.4540267,0.1634942,7.9504623,0.07966285,8.429488,0.17670612,7.3535004,0.49916,8.490393,0.19631864,9.928591,0.03546071,9.687552,0.21449904,9.825337,0.15816134,10.168863,0.054217517,9.679674,0.14266917,9.678675,0.17581609,9.101379,0.16226265,9.422744,0.028055416,9.626337,0.22550924
03151,5.402168,0.26276514,4.937951,0.23073153,5.10433,0.11867969,5.2203274,0.058451213,5.277421,0.09344573,5.488301,0.04591494,6.150793,0.2545194,6.676732,0.25853816,7.005392,0.13230509,7.636145,0.2643416,7.432994,0.2498915,7.7447295,0.13596554,7.8334823,0.052899458,8.1085005,0.080239,8.235712,0.18666092,8.111107,0.42117226,8.542068,0.8087755,8.763611,0.07940258,8.653997,0.83102334
03153,4.9320726,0.14207694,4.9799714,0.12283353,5.0546207,0.04331694,4.8883843,0.075367,4.9756904,0.017048584,5.0369935,0.028044667,5.163321,0.027158987,5.063013,0.04821069,5.2210345,0.045715075,5.541023,0.0043936106,5.6371255,0.03585601,6.086225,0.0020499618,6.033301,0.0879308,6.3632383,0.18561633,6.3892474,0.22112018,6.723754,0.14970185,7.4647045,0.037533443,7.9718256,0.017311098,7.7946267,0.16932258
03154,4.8746448,0.07967399,4.360554,0.26128903,4.8939924,0.22714844,5.1814528,0.17892413,5.150247,0.23831923,5.596589,0.08179678,6.423242,0.367301,6.7503347,0.030065937,7.092914,0.12563255,7.271496,0.24347997,7.3461447,0.44369066,7.4897866,0.5002924,7.69211,0.42435077,8.016788,0.515643,8.056696,0.19091086,8.232468,0.1038884,7.7775636,0.2483733,8.154657,0.096171185,8.2115755,0.19804086
03155,4.507153,0.04519713,4.452572,0.1965816,4.287587,0.012620291,4.265439,0.13616607,4.4546337,0.036597274,4.403692,0.16057467,4.594475,0.062405236,4.655358,0.19704384,4.806348,0.117232256,5.0292516,0.023519028,5.1119714,0.058535215,5.3106976,0.018447759,5.355142,0.118784375,5.4485154,0.0917909,5.6118846,0.19786084,6.0142365,0.29548833,6.6139054,0.31635454,7.092572,0.46227604,6.9003634,0.21682826
03157,4.79331,0.11966252,5.219215,0.003694263,4.9936423,0.112383686,5.221655,0.0765932,5.3644786,0.15375003,5.433503,0.07199805,5.319154,0.30643913,5.7648883,0.12587602,6.0405755,0.1525805,5.6417656,0.42196253,5.840447,0.28655967,6.111546,0.2312699,6.966855,0.25808245,7.320205,0.12436738,7.4227,0.9232357,8.155364,0.010242146,8.615905,0.2051439,8.91535,0.14286362,8.924817,0.0105026895
03158,5.5441566,0.081180155,5.168941,0.0031030127,5.598443,0.0854052,5.320996,0.07123365,5.4246492,0.070046976,5.439881,0.1703367,5.366383,0.1113374,5.524264,0.19427164,6.060915,0.087697454,6.1021357,0.005398046,6.2029753,0.24770631,6.2835855,0.12046773,6.587887,0.80033374,6.7501616,0.081082515,7.241941,0.123974,8.080624,0.70359635,8.197212,0.009838976,8.714025,0.12430843,8.657185,0.13586758
03159,3.8272023,0.432103,4.2145276,0.49364448,5.4297132,0.19780636,5.3430676,0.03606219,5.5561905,0.3551156,6.1281457,0.7469962,6.12696,0.99252415,7.16628,1.4053614,7.2328825,0.529751,7.3301067,0.7997887,7.88749,1.0063792,8.641404,1.036913,8.7049265,0.71936697,9.180024,0.9678018,9.153597,0.91829604,9.135888,0.32677436,9.108203,0.36548352,9.547109,0.58243406,9.717635,1.0605177
03241,6.312582,0.22771479,6.542178,0.14709598,6.957458,0.11489672,7.060021,0.10630267,7.316955,0.08990379,7.6716557,0.12672749,7.978403,0.033128265,8.453974,0.077081196,8.515465,0.06881464,9.1728735,0.004087664,10.07572,0.038044114,10.40692,0.013965474,10.700993,0.010105188,11.201201,0.014381229,11.286402,0.0012550051,11.289496,0.002910355,11.359785,0.022000669,12.038442,0.063611224,12.036979,0.06312707
03251,5.2949114,0.33008325,5.186475,0.21626236,5.0996475,0.20009777,5.1158185,0.13150652,5.0123625,0.12667003,5.2362833,0.07416217,4.9765863,0.118987896,5.0430713,0.10105669,5.3595867,0.010053213,5.3077435,0.19360621,5.709304,0.35010478,5.739303,0.17356476,6.107301,0.2032262,6.7202253,0.092445746,6.8895397,0.36724117,6.6606507,0.08900664,7.49707,0.052382205,8.24101,0.2206834,8.319838,0.5152077
03252,3.7007143,0.28318715,3.9118533,0.5958467,4.173173,0.47014472,4.4632215,0.23493953,4.307387,0.08916747,4.1697307,0.21894889,4.263639,0.06654487,4.3941464,0.08023501,4.4220505,0.08993767,4.1342373,0.109427154,4.1420145,0.048365563,4.684242,0.12510051,4.8380814,0.001436784,5.0160885,0.16268843,5.5054617,0.08637058,5.753366,0.39084285,6.311902,0.36937723,6.993219,0.04963055,6.5021567,0.48539984
03254,4.735532,0.022168282,4.980185,0.021235432,4.7967544,0.0041099414,4.8055215,0.013661479,4.661388,0.0059249895,4.9896426,0.05594078,5.024279,0.004450388,4.9982595,0.022640143,5.443325,0.007889683,5.45401,0.0037460958,5.280686,0.018563334,5.4603357,0.029420488,5.678483,0.017990312,5.907981,0.02562218,6.123728,0.017081989,6.5583253,0.017668158,6.8951616,0.10432197,7.185865,0.004945596,7.313899,0.05244254
03255,4.4768786,0.03770261,3.8915434,0.1299027,4.521523,0.17158343,4.8078523,0.05843506,4.772753,0.33663034,4.1367025,0.26005054,3.8587208,0.11429871,3.8456485,0.16164745,2.5707788,1.4128284,4.6621714,0.24001837,5.0379577,0.020787714,4.9773774,0.10686701,5.3113875,0.23872963,5.3880854,0.22886565,5.455281,0.08026453,6.054614,0.28628093,5.7101603,0.51986706,6.7179804,0.38303888,5.5485473,0.9332534
03256,4.68631,0.046974383,4.73206,0.0510742,4.5649405,0.022466281,4.4670444,0.067195244,4.533735,0.107874505,4.65114,0.12538074,5.041669,0.11979724,5.1497545,0.13701433,5.3908634,0.16991955,5.5135245,0.24130508,5.837294,0.3387333,6.1500216,0.34093925,6.332322,0.2439529,6.6112895,0.21616426,6.5892425,0.24969596,6.8742495,0.18299556,7.747676,0.10344319,8.349562,0.34443182,8.385932,0.24058926
03257,4.663058,0.07524359,4.806489,0.105458654,4.561834,0.13208121,4.414813,0.005199435,4.312325,0.017067904,4.191284,0.07299393,4.3783264,0.005353246,4.4026175,0.02559214,4.5280104,0.054375626,5.008798,0.18735006,5.1339645,0.26372772,5.263705,0.18854952,5.413178,0.19999957,5.651004,0.095528685,5.950671,0.015525814,6.244294,0.0477028,7.060191,0.2822695,7.305261,0.48458797,7.2796364,0.3465572
03351,4.7412424,0.12683807,4.8749933,0.023485903,4.8618507,0.045585994,4.9612536,0.12133287,5.438463,0.08497329,5.491881,0.27343765,5.506542,0.5485343,5.3974175,0.44562504,5.4420843,0.26767805,5.2614985,0.18268149,5.211947,0.105664656,5.5423074,0.11210361,5.6721334,0.16246198,5.879009,0.013179201,5.835707,0.16752163,6.103442,0.07690532,7.086716,0.10484777,7.3540807,0.19434924,7.290833,0.063768536
03352,4.938271,0.014048349,4.6987014,0.012613901,5.150514,0.069638886,5.3528986,0.29204944,5.553104,0.42570612,5.307234,0.39979646,5.083073,0.023541259,5.1283603,0.11834342,5.526447,0.2823848,5.360612,0.10691749,5.0943384,0.18752009,5.76569,0.120996,6.3113346,0.1860031,6.6120167,0.06193512,6.3218956,0.3261563,6.2445064,0.009058153,6.8709817,0.12182221,8.283126,0.19227627,7.6679287,0.0458963
03353,7.104844,0.014261797,7.2668505,0.041801035,7.330084,0.06637652,7.420714,0.041036773,7.628086,0.032132063,8.144886,0.009359639,8.338208,0.07974084,8.617684,0.050298966,8.984036,0.08430898,9.020416,0.0585976,8.97211,0.027126959,9.450324,0.0124098305,9.767924,0.018057901,10.0224085,0.0057999413,10.398764,0.025350053,10.608083,0.13144843,11.53202,0.056441277,12.072461,0.027244687,12.165387,0.032481343
03354,4.4278097,0.25180417,4.491522,0.13684985,4.455929,0.09300551,4.532348,0.17867893,4.603027,0.011317024,4.675717,0.03011045,4.763924,0.078087285,5.054404,0.06820771,5.1727533,0.03404885,4.997808,0.31385487,5.2710323,0.22328636,5.2296796,0.52680385,5.418359,0.04808593,5.648561,0.21467805,6.122283,0.06437701,6.034078,0.060032003,7.3176894,0.19538982,7.325631,0.08607257,8.038596,0.18067314
03355,6.4806747,0.09183288,6.7161303,0.37032124,6.6747384,0.27344722,6.8287053,0.38215807,7.0176353,0.36941934,7.0209084,0.18122706,7.595599,0.2990356,7.904949,0.43597758,8.317634,0.29310605,8.222044,0.21396185,9.482112,0.5931261,9.730275,0.9533258,10.009204,1.1258978,9.780689,0.51242596,10.565725,0.6319123,10.693259,0.7027904,10.897565,0.4813457,11.011276,0.19167663,12.268461,0.24072188
03356,5.785951,0.4395402,5.8400984,0.3496635,6.003473,0.27548146,6.2922797,0.2916588,6.620685,0.07450505,7.0501947,0.021218782,7.4246407,0.31821975,7.463526,0.36356938,7.3410306,0.09812895,7.739756,0.08386262,8.070086,0.45567852,8.471544,0.40764067,8.756513,0.38563076,8.837725,0.16851358,9.408943,0.096723,9.69283,0.033376556,10.121523,0.029403469,10.504553,0.090853505,11.188128,0.1012236
03357,5.073929,0.27443042,4.9789176,0.14957465,4.9527144,0.06562462,5.2429047,0.061866313,5.197304,0.24238232,4.93857,0.075848,4.9579196,0.00077214994,5.260302,0.07987063,5.2269244,0.17219725,5.4235377,0.22223432,5.5466228,0.295241,5.531335,0.19142953,6.021382,0.37727872,6.6238165,0.20121396,6.708133,0.2590553,7.1689124,0.09118544,8.206471,0.26929528,8.069971,0.27912325,8.730457,0.18912454
03358,5.6187487,0.24432547,5.874492,0.123826064,5.549822,0.024498463,5.5698442,0.13908815,5.0584,0.45663685,4.5614576,0.536618,4.6975636,0.46406886,4.8999553,0.8992347,5.6521883,0.18571748,6.149027,0.015027248,6.8358583,0.37959367,6.985696,0.306594,7.4258122,0.64130384,8.389784,0.25582203,8.012819,0.8836079,9.451013,0.9297957,10.020751,0.30901012,10.933405,0.42324114,11.291593,0.15658154
03359,7.001034,0.011155307,6.648182,0.014230811,6.6102448,0.004728286,6.9126587,0.029162606,7.0397644,0.02396326,7.562547,0.028395459,7.610995,0.020297924,7.615194,0.032715153,8.00382,0.002439641,8.335282,0.063233815,8.765345,0.06614062,9.021409,0.13762364,9.411211,0.04534992,9.751767,0.03546653,10.064173,0.13462193,10.587304,0.32220173,10.928318,0.31820387,11.412936,0.24885446,12.121016,0.78161114
03360,5.8487096,0.246564,5.948458,0.29703036,5.953759,0.56998175,6.404462,0.11847756,6.204701,0.41773057,6.3936453,0.44756314,6.834445,0.62704533,7.0954204,0.84255046,7.7454896,0.30503458,7.687145,0.16698466,8.452428,0.6351478,8.765654,0.72301084,9.063559,0.16530643,9.156651,0.17646474,9.789209,0.42433745,9.580501,0.08380102,10.691081,1.2274039,10.207912,1.5827932,10.355431,0.75192803
03361,5.683089,0.033838786,5.724887,0.077423975,5.816412,0.0018552621,5.866112,0.13460605,6.0055537,0.0066970508,5.9578724,0.001983937,6.223446,0.05082933,6.1790676,0.0075494386,6.239983,0.015877279,6.9617314,0.021673428,6.860051,0.06612644,7.65904,0.02637529,8.15063,0.07326859,8.408119,0.2465099,8.788099,0.40756983,9.217432,0.099394485,9.618034,0.20026213,10.339912,0.13492438,10.747201,0.109498926
03401,5.024967,0.103967965,4.939779,0.06310829,5.137863,0.042421814,4.972459,0.048413664,5.0784774,0.0648448,5.2485313,0.103750475,5.3342648,0.19237967,5.6442595,0.07694151,5.5941267,0.0142081035,5.844971,0.11316891,6.002888,0.16178378,6.5508695,0.042144697,6.60744,0.12794416,6.8399043,0.13620603,7.1199703,0.27993897,7.4906754,0.42104346,7.9742193,0.10988085,8.317986,0.03737307,9.242296,0.0029276672
03402,4.302558,0.114277445,4.9874673,0.414142,5.4863844,0.58041054,5.9585176,0.23323855,5.904351,0.2796719,6.0657244,0.31168252,6.0786963,0.45656857,6.700992,0.5898757,6.6629434,0.46641624,6.3822465,0.35644928,7.2389073,0.054164365,7.1416225,0.17410994,7.0720496,0.051359806,7.424772,0.16089562,7.5146394,0.09527649,7.9836445,0.080298625,9.338903,0.7973643,9.40037,0.08722695,9.2634735,0.5924503
03403,6.0224123,0.3027412,6.177413,0.23762523,6.277954,0.007287662,6.669209,0.048596736,7.0374117,0.072194956,7.545199,0.045759365,7.522773,0.02744523,7.8529367,0.016398165,7.747588,0.14605415,7.5459127,0.0744588,8.510328,0.002288335,8.740267,0.045713823,9.180557,0.017046941,9.383699,0.06365442,9.910907,0.32177415,10.125469,0.2925884,10.145488,0.23612908,10.387952,0.3185514,11.078967,0.57321376
03404,5.709514,0.08479382,5.8794007,0.045688707,6.0036736,0.056635212,6.091426,0.15971185,6.3570504,0.14046769,6.729033,0.06753445,6.785401,0.043651227,7.4111185,0.18159802,7.479027,0.11552002,7.775656,0.07319363,8.563655,0.052749358,9.15533,0.06130119,9.35139,0.06528197,9.397828,0.047432214,9.243135,0.010250788,9.779582,0.03885779,9.994983,0.08531128,10.5590515,0.022879107,10.939726,0.0014427777
03405,4.4248996,0.1250192,4.5139284,0.24067959,4.6150184,0.13551353,4.5377254,0.02071542,4.7246556,0.0976141,4.777666,0.09927611,4.541692,0.09964435,4.585229,0.056821488,4.843417,0.1283767,4.889883,0.19385317,5.241474,0.091564395,5.279614,0.07084702,5.3042073,0.0915872,5.5930586,0.14602473,5.887473,0.1751705,6.0175323,0.28050226,6.4747324,0.2150387,6.6250634,0.28305584,6.733708,0.2743722
03451,5.309998,0.4958271,4.9960265,0.3029307,4.7626595,0.10734417,4.706353,0.089072965,4.9162827,0.02637658,4.9684205,0.030835077,4.9270005,0.035474993,4.9772944,0.1083786,5.294197,0.14143339,5.533055,0.03864826,5.58714,0.09454467,5.791226,0.15368706,5.8737907,0.007300691,6.484708,0.27774468,6.849324,0.22993961,7.149357,0.12469982,7.341289,0.33586842,8.185803,0.28306952,8.554064,0.50380754
03452,3.5445879,0.24219356,3.8615463,0.8133272,4.0952835,0.44193417,4.4467416,0.18363938,5.079355,0.40944767,5.505416,0.45263293,6.195621,0.6978607,5.774382,0.88061136,5.689791,0.27211854,5.796213,0.45626184,6.8300023,0.67741174,6.2826943,0.8123346,7.1484146,0.44906387,7.8002453,0.057327494,7.6846213,0.0018506452,8.397692,0.52166355,7.760614,0.15392116,7.2097106,0.34417483,7.3496704,0.6396902
03453,4.543881,0.0807346,4.6820493,0.25289327,4.6624036,0.047547337,4.4981747,0.04816742,4.565891,0.25867292,4.5700474,0.019628065,4.5730786,0.003517943,4.549796,0.08975979,5.078825,0.17947753,5.06063,0.005088128,5.079219,0.33976302,5.200686,0.12953027,5.326645,0.046160165,5.951456,0.26341584,6.0865207,0.05642041,6.8386793,0.28569272,6.9818625,0.18968643,8.126043,0.20480384,8.290969,0.2196109
03454,4.368681,0.5300225,4.529685,0.324219,4.6977243,0.06891254,4.833885,0.1985845,5.136727,0.16168688,5.1196213,0.04889661,5.696325,0.2520425,5.6625495,0.3210152,5.6149645,0.2665814,5.8761616,0.24912748,6.103056,0.38158402,6.000407,0.23327343,6.6118593,0.23254268,6.9161215,0.0365742,6.950561,0.09926091,7.41243,0.053274732,7.904574,0.15670966,9.554962,0.1784713,9.845771,0.30432838
03455,4.2094493,0.42686176,4.07595,0.38990247,4.9071674,0.1073311,4.8578725,0.046237502,4.987139,0.227686,4.8674636,0.24090865,4.5521655,0.35522288,4.654885,0.28516838,4.9390516,0.034392055,5.3374743,0.3077209,5.2247252,0.31259772,5.3860145,0.26734886,5.806958,0.5227138,6.551969,0.5015531,6.740282,0.6293853,6.8246837,0.94114375,7.057307,0.98319143,7.8073916,1.4006615,7.4723682,1.7529703
03456,5.150205,0.024701498,4.8849216,0.016130557,5.325728,0.26252806,5.4954433,0.2802678,5.6228623,0.0032017382,5.591915,0.067847185,5.7984495,0.15482324,5.4766183,0.03292987,5.854221,0.27467996,5.9284897,0.15244654,6.055256,0.0047842227,6.149947,0.025231441,6.6743245,0.15285791,6.834617,0.08662301,6.9862905,0.11570714,7.5587616,0.104971275,8.100709,0.30433083,8.762529,0.67461413,9.354717,0.6659192
03457,4.1145673,0.010461856,4.085403,0.17070247,4.820936,0.27226046,5.442132,0.30798122,5.572674,0.0105563365,5.4586105,0.13517682,5.4935803,0.09944867,5.8471217,0.16786939,6.0534754,0.03164968,6.3836703,0.6115891,6.92581,0.29229885,7.0258636,0.37652645,7.4750338,0.113930956,7.6490893,0.041530743,8.021605,0.04688783,7.906645,0.42744964,8.4149885,0.95146364,8.72467,0.45878512,8.603735,0.0054826555
03458,5.1052623,0.7140508,4.783975,0.027617626,5.2347965,0.13672508,5.1780376,0.176174,5.000602,0.009432971,4.8522954,0.23831438,5.3420887,0.09596194,5.192802,0.21119094,5.4001207,0.22611944,6.018213,0.3236586,5.958904,0.15022567,6.33496,0.2154498,6.4021316,0.30352944,7.278276,0.25673357,6.902089,0.35400727,7.6805596,0.15003675,7.5444145,0.09573145,8.178766,0.0052830097,8.558173,0.5643837
03459,4.895988,0.23493366,4.978612,0.077172175,4.9168844,0.14750491,4.878876,0.0067298887,4.766312,0.14205882,4.7060146,0.11423237,4.797356,0.073074274,4.729295,0.19992566,4.6830163,0.42926607,4.6010976,0.14225568,4.827436,0.15665114,5.0406723,0.35599887,5.494522,0.21934246,5.9536767,0.18387264,7.6883674,1.1309121,7.7681637,0.7048885,8.443722,0.60727495,8.494293,0.36209375,8.265411,0.32801273
03460,5.3389974,0.04983487,5.270532,0.17614263,5.5087056,0.36445823,5.6450076,0.28424072,5.9041104,0.18104516,6.398293,0.018494274,6.2754855,0.18086211,6.7504816,0.05842504,7.253333,0.040531773,7.840161,0.22244368,7.8384643,0.023140265,8.439024,0.23546201,7.9050074,0.127673,8.1831045,0.32354486,8.328209,0.2731362,8.39817,0.2712623,9.281923,0.53299415,9.989435,0.021561947,10.984447,0.32114622
03461,4.6665487,0.22278321,4.5599113,0.1531804,4.4917254,0.20962667,4.51891,0.0008333955,4.773625,0.33581766,4.9217463,0.7441297,5.2118254,0.70346445,5.043895,0.46407866,5.323036,0.239524,5.8333435,0.52776587,5.632534,0.40420163,6.1747704,0.53643847,6.1715117,0.24353237,6.6668286,1.04997,7.251586,1.2652851,8.401394,1.1462874,8.766238,0.39608517,8.985396,0.8527707,9.674526,0.86278456
03462,4.137832,0.48246434,3.9159317,0.21329238,4.767129,0.12081998,4.821001,0.13968389,5.0168567,0.03929777,4.8499393,0.025111737,5.003523,0.38633573,4.5594254,0.14739141,4.845,0.3403845,5.430591,0.0373191,5.1036215,0.53241485,5.3307095,0.5837544,5.5230436,0.1046834,5.9004264,0.040066373,6.4129314,0.34991008,7.096816,0.7217208,7.2849164,0.9779585,8.332549,0.18010661,8.75418,0.26337576
04011,5.7993107,0.7246762,5.805258,0.5922968,6.207114,0.67219156,6.527965,0.78512293,6.8611007,0.8913769,7.1530957,1.097066,7.8162837,1.0909086,7.962078,0.9986646,7.7832756,0.9650724,7.94845,1.2039112,10.247699,1.1798593,9.632194,1.1821167,9.131037,0.82963705,9.869002,0.91113406,10.215826,0.9319202,10.290743,1.0009034,10.885571,0.6490829,11.432046,0.44833082,12.018683,0.77130467
04012,4.6333947,0.09346401,4.7085986,0.034565475,4.683877,0.060451366,4.730816,0.01968441,4.798482,0.03939451,4.7705507,0.09023459,4.961542,0.05227439,5.2522984,0.007920857,5.2445855,0.04001772,5.4088316,0.08421319,5.4895024,0.09905549,5.7767754,0.08235985,6.5091467,0.06355126,6.2628336,0.028600227,6.404139,0.046341468,6.6813297,0.055667188,7.133403,0.09769599,7.707305,0.057304665,7.9323273,0.066192605
05111,8.355606,0.12937365,8.426177,0.11977009,8.575761,0.11046363,8.742547,0.15252146,9.055843,0.14028189,9.331458,0.23749177,9.463425,0.23758042,9.718191,0.18859456,10.211387,0.22997034,10.417126,0.2473976,11.327384,0.29276642,11.761775,0.27223736,12.242473,0.31089905,13.006877,0.30539873,12.895852,0.35888526,13.531157,0.3388682,14.133232,0.3738011,14.452203,0.38698155,15.222671,0.46550038
05112,5.1595106,0.053778056,5.2094064,0.107917875,5.1705565,0.095506534,5.1577096,0.1197082,5.2475533,0.08030597,5.2928386,0.12650502,5.336855,0.11767177,5.3179235,0.05910773,5.3674593,0.037481885,5.7166348,0.07627395,5.948565,0.1219223,5.98984,0.032597713,6.1399994,0.013148449,6.548595,0.044124875,6.7754326,0.067588486,7.0224085,0.014006263,7.4025655,0.04436069,7.7639318,0.0039048123,8.011639,0.09040041
05113,6.4226727,0.121203646,6.318684,0.10694977,6.3095946,0.04430221,6.100422,0.00912596,6.3156176,0.017443148,6.4218435,0.030420594,6.6290684,0.030764934,6.7202916,0.027387766,6.835658,0.14532168,7.328774,0.14676306,7.812275,0.15256567,8.008641,0.14265515,8.359989,0.15463713,8.666431,0.17646907,8.752981,0.1429228,9.126219,0.1634857,9.618343,0.14292738,10.119093,0.11766865,10.605013,0.16149427
05114,5.858081,0.020042269,5.852032,0.06287279,5.747172,0.027894361,5.756001,0.06530927,5.8885813,0.08010982,6.0380216,0.08863648,6.2659664,0.118725404,6.3825836,0.122778125,6.5001717,0.11307719,6.6274257,0.092044935,6.97013,0.09784852,7.077639,0.1474028,7.42269,0.11825552,7.669001,0.12997492,7.8124003,0.0544883,8.181453,0.052445922,8.757856,0.064801015,9.358072,0.054461736,9.637902,0.053912204
05116,5.5926986,0.008828671,5.5618014,0.057226367,5.5176525,0.01991803,5.5383787,0.0041273925,5.568625,0.041512392,5.6915493,0.031092307,5.8869886,0.034436688,5.983536,0.036192264,6.023731,0.029939706,6.2402916,0.004393613,6.49394,0.039579716,6.760389,0.0014247674,7.012242,0.057961747,7.2413874,0.014679966,7.5368395,0.03172269,8.111709,0.025502538,8.5465765,0.039894257,8.8417635,0.056295425,9.223408,0.06926468
05117,5.7440276,0.054274525,5.999448,0.12233896,5.805794,0.068744905,6.2070622,0.11325804,6.3188815,0.098124385,6.540228,0.01964047,6.667249,0.13597567,6.78354,0.09440758,6.821469,0.0660507,7.0151296,0.10787601,7.2597814,0.08490861,7.4875073,0.014857056,7.767495,0.0075052544,7.94652,0.033553254,7.994004,0.011554057,8.401841,0.048370987,8.865904,0.09507919,9.304273,0.033847395,9.824927,0.0008055379
05119,5.1753073,0.2247947,5.1358943,0.050929412,5.1889434,0.118551865,5.1710753,0.11830508,5.151327,0.14556842,5.171495,0.17859274,5.1874876,0.14416754,5.209726,0.12193703,5.3611584,0.09822938,5.732137,0.18179241,5.728785,0.2150514,5.9986014,0.10269351,6.2540274,0.1327283,6.3844028,0.15018357,6.5427365,0.17137243,7.021533,0.23946802,7.2948093,0.3291051,8.013042,0.21470283,8.198104,0.13962722
05120,5.447252,0.19064339,5.525538,0.23033413,5.4622707,0.20881544,5.4489617,0.24896152,5.448958,0.2907625,5.4862475,0.25606441,5.6615105,0.28095838,5.6007237,0.1574614,5.68896,0.13708235,5.759546,0.03542358,5.6743836,0.04671641,5.760936,0.091153495,6.043789,0.0828382,6.2217517,0.101937905,6.3342304,0.1673327,6.7111363,0.20045878,7.1364384,0.18162817,7.4708405,0.16708218,7.731756,0.13916062
05122,6.077101,0.19357517,5.8891053,0.1246994,5.8560987,0.041998655,5.972369,0.11255168,5.9554014,0.10103274,5.946094,0.035285614,6.167792,0.15862739,6.173011,0.09889489,6.244422,0.0660633,6.3667293,0.060491197,6.6011715,0.063362725,6.8330135,0.0064828536,7.1018567,0.116467394,7.5067754,0.013477253,7.792657,0.008309146,8.120895,0.0541369,8.37202,0.06842698,8.773224,0.037932128,9.097893,0.059373427
05124,5.626905,0.037015647,5.63956,0.03961784,5.4241366,0.10760073,5.422478,0.0728529,5.571961,0.04572052,5.5480576,0.18098974,5.689534,0.10782373,5.880786,0.096045904,5.8590884,0.07202764,6.2516093,0.13820764,6.462898,0.1616927,6.519028,0.20705943,6.8224196,0.12387596,6.9556894,0.16715848,7.2253,0.06266712,7.6128354,0.10925282,8.080977,0.16416635,8.591323,0.22484627,8.971903,0.12459823
05154,5.6191154,0.38962057,5.2851233,0.25814945,5.0933375,0.019224884,5.558861,0.04615903,5.5597563,0.06348546,5.947515,0.1988474,6.0912905,0.07238075,6.1123605,0.143305,6.3443823,0.058240224,6.067581,0.26840752,6.879225,0.4437389,6.309498,0.16176227,6.8577456,0.0671932,7.2644854,0.005807416,7.4299707,0.26184332,8.024365,0.19712505,8.007563,0.17172314,8.165584,0.85270447,8.07426,0.2687694
05158,7.640629,0.27067995,7.566023,0.41022524,7.38124,0.36173055,7.28285,0.22228876,7.4426265,0.2204753,7.6819367,0.34803176,7.8179646,0.23336959,7.791367,0.14234905,7.93253,0.45176476,8.31299,0.44823122,8.253707,0.25591525,8.640165,0.15385617,8.777026,0.2558235,9.130834,0.2062146,9.561543,0.4107109,9.786278,0.27114904,10.240869,0.22664727,11.056182,0.32416147,11.595529,0.23282075
05162,6.7096853,0.2770839,6.6436405,0.2384694,6.6566973,0.1407674,6.8236933,0.22065505,6.683374,0.025325809,6.6384654,0.06666563,6.761298,0.24690013,6.9211464,0.17832763,7.292325,0.0006078852,7.279043,0.0027420688,7.407866,0.33936533,7.769071,0.19297248,8.140865,0.4813875,8.644297,0.23597492,9.040882,0.025596175,9.698803,0.1150717,9.954868,0.091436185,10.860442,0.24286705,11.21625,0.19600664
05166,5.478155,0.0063602505,5.7007914,0.11166628,5.3300576,0.13275875,5.8507624,0.30339593,5.6098456,0.20765996,5.8654804,0.15882273,5.6980805,0.13106626,5.9406857,0.32804045,5.856787,0.49947265,6.123536,0.25199553,6.8053517,0.31810278,6.782462,0.29288903,7.4280024,0.49493465,7.0449667,0.9399107,7.7654176,1.0014589,7.3264127,0.9441982,8.429095,0.60804963,8.895733,0.20128356,9.655479,0.602867
05170,5.185554,0.4348369,5.111465,0.12525468,5.2768526,0.4138812,5.381255,0.50186145,5.464292,0.2367984,5.7604723,0.2766219,5.5943947,0.30049112,5.5867596,0.32268316,5.9302945,0.40037668,5.8525,0.4872774,6.256248,0.34379134,6.1229963,0.14189757,6.7930984,0.3404174,6.689503,0.23515797,7.085213,0.017824018,7.7134056,0.2686238,8.412224,0.33549538,8.52227,1.0352178,10.428845,0.89490426
05314,8.906924,0.17252974,9.033389,0.078993514,9.000379,0.16792277,9.228971,0.16391826,9.265947,0.18242396,9.780001,0.1308868,9.700193,0.02744924,9.71606,0.056530043,9.679842,0.12796341,9.713121,0.11325044,10.942814,0.11125776,11.393575,0.0972193,11.932974,0.096126944,12.355685,0.07150429,12.448132,0.117606804,13.101329,0.085374504,12.799035,0.1734485,12.981601,0.11842496,14.194878,0.029306874
05315,9.415389,0.12225634,9.429467,0.11110397,9.330921,0.13210168,9.438558,0.13296339,9.6744585,0.1500735,9.792571,0.29779908,9.861642,0.32150957,10.639837,0.31200245,10.336892,0.32249746,11.037907,0.18038586,12.480843,0.2088982,13.013771,0.19316645,13.991136,0.11993202,14.676445,0.088737264,14.647012,0.15607125,15.481294,0.17070355,15.253498,0.33862466,15.267727,0.27721575,15.53869,0.092259765
05316,6.42257,0.42312315,6.4378858,0.24053422,6.3165026,0.12634264,6.4323955,0.16951351,6.605596,0.20697184,6.678877,0.12276231,6.853194,0.16948423,6.962486,0.057804875,6.9983625,0.010044265,7.2415133,0.004418004,7.535049,0.029236766,7.736887,0.093819246,8.080412,0.06485567,8.425485,0.10197116,8.80242,0.06624186,9.298013,0.11735596,9.5152855,0.064370565,10.552603,0.05164018,11.192812,0.27643603
05334,6.6609564,0.09780287,6.71422,0.10690008,6.7565284,0.15945788,6.9367075,0.17802869,7.163566,0.114774115,7.74338,0.10360639,8.173308,0.11840795,8.648155,0.14127748,8.278954,0.16268331,8.411694,0.21363135,8.936713,0.20058171,9.288467,0.15075922,9.59923,0.15775469,9.749288,0.17110136,9.89697,0.2029174,10.350823,0.20766664,10.467507,0.122543596,11.263565,0.09670742,11.856882,0.11111027
05358,5.050948,0.3041479,5.191714,0.45658472,4.715027,0.5283557,4.9180756,0.56871456,5.271928,0.5011406,5.2662954,0.27718562,5.298747,0.08135678,5.3445506,0.047896482,5.5122614,0.20053236,5.8064384,0.18746379,6.493818,0.30239013,6.2464967,0.34875262,6.044855,0.0071151396,6.372403,0.48663723,6.5643888,0.094438314,7.129782,0.2238125,7.746135,0.64529973,7.8670087,0.18277863,8.253339,0.62084746
05362,5.115257,0.03570359,5.3199654,0.22527507,5.6451845,0.008755629,5.668294,0.026812201,5.492065,0.036591485,5.1317735,0.050077345,5.362025,0.035485942,5.5598946,0.049210325,5.7057805,0.075155295,6.1601424,0.18920569,6.4400206,0.25080064,6.5182824,0.14392813,7.025266,0.08859428,7.5621133,0.14873867,8.10739,0.05687525,8.301551,0.17026015,8.833943,0.18810269,9.561408,0.31051654,10.073375,0.33018318
05366,5.3933444,0.19967596,5.1605635,0.24704994,4.859894,0.08548227,5.1195073,0.12124622,5.048167,0.054950375,5.490004,0.32206255,5.48276,0.19774726,5.573715,0.1567117,5.620878,0.020180847,5.729648,0.06555387,5.7541533,0.040587634,6.0163918,0.014105311,6.3517084,0.27599773,6.7133555,0.32817215,6.7478805,0.17012662,7.944947,0.03704055,8.5496435,0.27757046,8.867013,0.3642883,9.193593,0.14546835
05370,6.229984,0.08277359,6.2014413,0.042178333,6.102057,0.017510293,6.006244,0.019990996,5.9086585,0.21526714,6.040897,0.21305102,6.2378078,0.10547521,6.211245,0.08426686,6.6129184,0.029397475,6.706078,0.04070167,6.8952675,0.2530425,7.2166305,0.18541159,7.539509,0.1129259,7.4372096,0.024826486,7.8684216,0.039637804,8.57371,0.015456385,8.796225,0.07137971,9.710977,0.21447483,9.825127,0.19706312
05374,5.1870437,0.274255,4.371855,0.17381142,4.4545126,0.14890026,4.5889063,0.042764325,4.815909,0.02717189,4.696723,0.11257834,4.3802905,0.088195056,4.980538,0.16351499,4.9010878,0.22217114,4.9341908,0.010322998,5.2296224,0.16709344,5.398413,0.12046182,5.5883803,0.057930134,5.90053,0.41078427,6.6772795,0.40391374,7.0348244,0.10479047,7.110255,0.13828853,7.4555197,0.12621953,8.211073,0.11011877
05378,7.9746265,0.19622149,7.6569247,0.15445064,7.535612,0.12869664,7.479023,0.086498395,7.621151,0.07031295,7.651891,0.1208548,7.879443,0.13800356,8.032256,0.13746019,8.0862665,0.07541693,8.438717,0.124146424,8.756398,0.004205496,9.11006,0.03320234,9.466007,0.035329513,9.76419,0.080055356,9.966733,0.0047149137,10.457749,0.12155109,10.804006,0.039776932,11.2261095,0.15638444,11.812424,0.046416584
05382,6.406635,0.5438108,6.7087445,0.5739251,6.617102,0.5091116,6.531914,0.38685852,6.5910697,0.51686704,6.9048405,0.642067,7.252125,0.60411114,7.522239,0.9117492,7.353013,0.034279488,7.6707783,0.30648884,8.43404,0.8075475,8.606243,0.7947319,8.561362,0.6637458,9.03051,0.983768,9.63627,1.0780257,10.15738,0.7957725,10.75592,0.6130825,10.573017,0.3975415,11.497332,0.60115254
05512,6.081864,0.28164226,5.8337455,0.19086556,5.579578,0.16924474,5.667903,0.1752751,5.8668165,0.12273941,5.9172277,0.020990556,5.655874,0.081911184,6.081487,0.011290371,5.9319305,0.18760997,6.0072236,0.09430259,6.202839,0.2738103,6.478157,0.22603777,6.7987795,0.027253889,6.9434347,0.1330099,6.9590597,0.050358076,7.4025593,0.042084362,7.945717,0.19271074,8.318868,0.1566627,8.66805,0.039885793
05513,4.6807256,0.0066983267,4.808288,0.07850123,4.7254076,0.06128379,4.8257084,0.037034247,4.733798,0.06572994,4.822379,0.028006766,4.975035,0.096319266,4.9876604,0.07972707,5.072226,0.118177615,5.5112658,0.11179365,5.4830074,0.07359673,5.6682596,0.081208855,5.9131722,0.118598826,5.8721843,0.0036062729,5.9685435,0.0031240715,6.172476,0.024188586,6.4833846,0.09848327,6.9279404,0.04854931,7.0694566,0.0054210126
05515,8.657324,0.09124266,8.7090225,0.15343764,8.877969,0.12923247,9.250383,0.065558285,9.550755,0.081705935,9.717535,0.09339869,9.401731,0.11558927,10.403033,0.01895228,9.61405,0.038358923,9.69656,0.060890514,11.189224,0.08477434,11.752957,0.15073377,12.368481,0.0038237541,12.315837,0.04826145,12.518868,0.041018263,13.196772,0.0033165335,13.112884,0.0063659637,12.837093,0.04837364,13.507758,0.06906691
05554,4.7394385,0.07346898,5.1123013,0.11818593,5.266111,0.1803298,5.550747,0.090431,5.3078084,0.10258074,5.5487547,0.11790445,5.5854216,0.06534328,5.6704335,0.10661795,5.8608956,0.08555897,6.023891,0.23220646,6.348346,0.12138837,6.4974666,0.0657212,6.766251,0.060762696,6.8831935,0.19119553,7.1865873,0.07886864,7.5426373,0.13288207,8.228364,0.17150661,8.738485,0.0634805,9.002981,0.04511801
05558,4.9297633,0.18639517,4.9223433,0.02731779,4.949679,0.103308134,4.967427,0.02491775,4.8368435,0.053317506,4.954529,0.051993567,5.0611787,0.015326451,5.0695024,0.029151293,5.238315,0.043861847,5.665709,0.16568089,5.973129,0.24082752,5.914413,0.049085822,5.9233775,0.18171206,6.0970516,0.04901205,6.426372,0.02733447,6.8836584,0.032785863,7.5523834,0.05975787,8.145248,0.15475577,8.477437,0.11874979
05562,5.018879,0.2392622,5.130299,0.25550845,4.969396,0.4055602,4.937409,0.5688895,4.7867365,0.75725156,5.044313,0.459835,5.284021,0.24473462,5.3437986,0.261087,5.5258975,0.26892155,5.7570148,0.1906528,5.924434,0.23111625,6.041864,0.1931973,6.328402,0.37490287,6.5370727,0.25449935,6.6892476,0.12992726,7.179726,0.12846923,7.3858676,0.1605426,7.7764897,0.089987524,7.992445,0.29746482
05566,5.7931657,0.023984265,5.709984,0.0029679153,5.8216276,0.045879655,5.812146,0.096538074,5.6645494,0.3095954,5.9879,0.19613181,6.126061,0.15335967,6.104353,0.098096594,6.2491965,0.12884669,6.4528375,0.03858876,6.5057564,0.0109870555,6.8466935,0.0014532318,7.131285,0.026618758,7.3743124,0.18846127,7.8640738,0.01706933,8.315618,0.26268888,10.368244,0.080910474,9.938305,0.34479758,10.752476,0.14116682
05570,4.785637,0.10071335,4.683385,0.06269865,4.6226177,0.08089621,4.9656544,0.029285643,5.127404,0.053478748,4.927926,0.12542757,5.0662093,0.15549089,5.2560573,0.13655864,5.3886566,0.101067215,5.6309876,0.08159542,5.741701,0.08191262,6.058494,0.06397404,6.119848,0.14980772,6.4193726,0.1321309,6.540019,0.23956487,7.0737567,0.08538541,7.3529787,0.100291036,8.178605,0.107540414,8.537483,0.122755334
05711,6.7208166,0.042562958,6.878239,0.057702783,6.7422223,0.03322666,6.5829415,0.05456624,6.489728,0.0054296395,6.6415234,0.010964601,7.193093,0.035087045,7.133711,0.032669283,7.1230826,0.089118145,7.574953,0.067566715,8.258524,0.006362828,8.388523,0.0021237498,8.701256,0.040302955,8.6382675,0.02616964,8.83357,0.06469801,9.142155,0.050180405,9.452941,0.08563249,9.866012,0.045161158,10.186328,0.06648641
05754,6.30654,0.033123784,5.3609395,0.31463695,5.3079495,0.6043958,5.251773,0.32059193,4.970411,0.0030361516,5.2083535,0.1655257,5.0127606,0.031057805,5.3243523,0.04186036,5.2102633,0.05828701,5.372496,0.21528405,5.4073305,0.02288652,6.052781,0.4319894,6.1765504,0.40068352,6.659068,0.63444775,6.7584696,0.28986558,7.087097,0.3179425,7.787053,0.42168108,7.9349217,0.70116216,8.295086,0.5118805
05758,5.0549893,0.1818833,5.102064,0.03579057,4.9970903,0.08424048,4.988826,0.08726764,5.217532,0.08061282,5.2437143,0.12300524,5.462892,0.058475047,5.4855113,0.052526206,5.5904803,0.09061154,5.7298326,0.064520456,6.0605536,0.11415855,6.224261,0.007523314,6.442488,0.021903234,6.7040634,0.16357963,7.2499356,0.15894288,7.454175,0.0939905,7.8707476,0.023404328,8.692477,0.014554217,8.679206,0.009630322
05762,5.1455235,0.3170389,4.205176,0.041642897,4.185485,0.1328332,4.3552985,0.3236429,4.303074,0.13961837,4.3114157,0.04909616,4.462789,0.02870207,4.6103864,0.18684721,4.5709124,0.055706754,4.898141,0.10586458,4.959161,0.09395761,5.0450373,0.10919377,5.274117,0.10904741,5.6262302,0.39407098,5.90119,0.12454531,6.4070263,0.15031573,6.852698,0.24836937,7.3007574,0.0013384216,7.7330823,0.29007336
05766,5.581538,0.6998302,5.358075,0.5364675,5.140749,0.24249133,5.220447,0.21188967,5.11633,0.082636826,5.1554465,0.55742717,5.239099,0.57390803,5.144152,0.14668964,5.302516,0.5287766,5.16167,0.417973,5.641698,0.7569722,5.6843305,0.4962581,5.8772283,0.7855247,6.3946342,0.82286817,6.3608136,0.70745564,7.616293,0.49121097,8.327504,0.0047302973,8.238718,0.26998675,8.147035,0.6524483
05770,5.4893675,0.11516271,5.544443,0.06781294,5.213371,0.10249215,5.4260387,0.106482565,5.548653,0.1314813,5.8372817,0.022668134,5.977085,0.06506523,5.7245646,0.09065321,5.6937346,0.12681824,6.7121034,0.16733626,6.5699377,0.0630281,6.645763,0.026060509,6.697578,0.022182196,7.026348,0.16157627,6.9594855,0.123181716,7.292026,0.040558174,7.7386656,0.20133312,8.396607,0.022410845,8.848276,0.09844893
05774,5.587475,0.60734457,5.1104646,0.044967752,4.892279,0.1311305,5.179883,0.16402572,5.2530785,0.03688903,5.324574,0.098832995,5.6115026,0.26057565,5.7790203,0.21031623,5.8385973,0.11323074,6.323446,0.27578926,6.3948107,0.44300985,6.613156,0.6051748,6.8589826,0.6245487,7.212245,0.33418632,7.4396067,0.2978304,7.842597,0.36386487,8.232687,0.0037027257,8.466538,0.0925044,9.223574,0.2358204
05911,6.0203643,0.111071154,5.9556866,0.14354357,5.835971,0.076581284,5.743327,0.05724634,5.9535265,0.024913145,6.1589413,0.07680795,6.2743735,0.07323636,6.3570366,0.12733339,6.443706,0.0124604255,6.9643097,0.15202093,7.112294,0.25238734,7.5516605,0.15167692,7.960725,0.23051871,8.297529,0.19335496,8.348137,0.14101155,8.568221,0.21724851,8.871767,0.17683758,9.345256,0.25996822,9.911078,0.28779435
05913,5.4982324,0.04301364,5.474021,0.04127572,5.591988,0.073584,5.557823,0.121376514,5.7170663,0.21372834,5.8980026,0.1364084,6.2271013,0.048635125,6.5779057,0.017962493,6.7124248,0.02225671,7.2606483,0.0035109522,7.7690644,0.05799877,8.024138,0.048537888,8.304223,0.073676884,8.683795,0.028468937,8.7292595,0.09022287,9.080584,0.10001529,9.226311,0.12742947,9.648648,0.08484524,9.742972,0.0848571
05914,4.7216353,0.16808888,4.7885513,0.12848459,4.805531,0.09670536,4.8603125,0.08979555,4.9146514,0.09416644,4.928688,0.082452804,5.031317,0.09876688,5.018103,0.112827234,5.0855436,0.08248231,5.431497,0.14576337,5.490434,0.14158279,5.592595,0.15637209,5.656692,0.16244791,5.8491173,0.19016357,5.918672,0.15431175,6.2062488,0.25077555,6.5612416,0.29379696,6.9248986,0.36073157,7.2354507,0.424148
05915,4.9816256,0.070254885,5.1909714,0.08651665,5.2497444,0.083477765,5.307635,0.08288331,5.350928,0.0036607052,5.482071,0.065612875,5.8025017,0.04548479,5.7595463,0.00603036,5.8307014,0.07323144,6.290494,0.024648013,6.456859,0.15417674,6.5588293,0.032020405,7.0159936,0.055002436,7.056335,0.021365913,7.241756,0.021426413,7.593346,0.0932206,7.854495,0.029250618,8.432485,0.043223545,8.52223,0.07378298
05916,5.002657,0.103471845,4.956517,0.006886197,4.9097934,0.045178477,4.983857,0.058578353,5.1093526,0.04129759,5.062299,0.0772073,5.27792,0.06328422,5.3746896,0.111511394,5.529583,0.038316295,5.715378,0.044536617,5.87781,0.05875455,6.0957413,0.18630973,6.331652,0.19647664,6.5965414,0.12888797,6.7170734,0.1328211,6.963845,0.2575696,7.2380605,0.1432392,7.5742855,0.14453956,7.7649465,0.23034582
05954,6.1000695,0.33204728,5.8949594,0.13081148,5.889382,0.054829504,5.6119704,0.21414596,5.626993,0.3287492,5.8110633,0.30349943,5.565911,0.08321294,5.514499,0.09581283,5.5785613,0.057559103,5.722737,0.117842965,5.8013525,0.021604422,5.748139,0.16548342,5.99836,0.09365243,6.012649,0.16077207,6.6775637,0.27050465,6.554731,0.53570586,7.688124,0.2686595,7.7453537,0.0720291,7.9363704,0.2057184
05958,4.839964,0.11554452,4.54669,0.24747045,4.411647,0.07414265,4.597426,0.0342872,4.828165,0.10173094,4.799912,0.007489339,4.419642,0.06660258,4.514669,0.22668932,4.7039003,0.014394866,5.1521745,0.1842109,5.323211,0.2402209,5.4559994,0.06669946,5.3670034,0.4645143,5.531528,0.01057031,6.070022,0.2897799,6.1652336,0.122808866,6.639436,0.18749164,6.510928,0.42913067,7.0694313,0.103166915
05962,4.445053,0.2790264,4.3458204,0.043760937,4.0974364,0.028638922,4.1488166,0.06759991,3.8226273,0.5395719,3.7323616,0.3917408,3.9072511,0.38479757,4.178367,0.10600937,4.399015,0.21572478,4.3549986,0.09432884,4.3957276,0.16535905,4.7951856,0.026496818,4.924682,0.021066653,5.1494803,0.03289629,5.1915827,0.15972118,5.4070134,0.18911698,5.584087,0.08441747,5.4108152,0.13053393,5.41648,0.18967336
05966,5.5919957,0.0382847,5.3231807,0.100549266,5.385942,0.072604075,5.24417,0.065633684,5.0722523,0.40815347,5.157029,0.33401853,5.295472,0.32305437,5.812765,0.0870437,5.788191,0.20089255,6.0269394,0.20100394,6.534182,0.13173021,6.6847353,0.38399667,6.720788,0.29788452,7.2074084,0.101931594,7.58281,0.023251321,7.6096334,0.06476968,8.465237,0.00031399113,8.409561,0.2318471,9.288676,0.33019662
05970,5.1287723,0.04033271,4.83303,0.1490612,4.9543347,0.019023376,4.9851923,0.15027012,5.392287,0.076596625,5.6605344,0.01982449,5.199393,0.088378884,5.3342404,0.075012505,5.4746723,0.07409722,5.7735167,0.24585868,5.624618,0.10043861,6.146962,0.1557279,6.103366,0.17745289,6.042382,0.18051152,6.7966824,0.077242464,7.070115,0.051058307,7.0197325,0.14950714,7.001103,0.18117961,7.4504166,0.35753334
05974,4.6041527,0.35651672,4.6765194,0.13576952,4.732429,0.0014182023,4.743993,0.06474739,4.745069,0.085058875,5.142824,0.058027357,5.320496,0.12530622,5.4317975,0.12541206,5.4256163,0.08054312,5.718586,0.07625413,5.8385725,0.12297695,5.8345103,0.0064035957,6.204611,0.04487108,6.5441074,0.09704386,6.7396736,0.024252757,7.1155934,0.057524916,6.743152,0.24788043,7.825775,0.36979488,8.028059,0.56698257
05978,5.3115,0.33511865,5.1207156,0.18309136,4.9786525,0.054097243,4.9652905,0.051577017,4.9736557,0.03858828,4.9066234,0.08469558,4.901171,0.121053174,4.9612846,0.08848702,5.0267963,0.12535833,5.3137527,0.083762705,5.7066445,0.12281845,5.691308,0.15282722,5.8239384,0.08434517,6.2639394,0.030219793,6.3068337,0.069611676,7.0040264,0.06582937,7.2627645,0.039262082,7.4317923,0.060059667,7.641277,0.041477658
06411,8.791756,0.06054125,9.051214,0.047587913,8.932886,0.04755107,9.126224,0.07166144,9.119408,0.022086734,9.374656,0.030997168,9.122777,0.033996213,9.546726,0.07167003,8.90251,0.09415895,9.473281,0.095239505,11.065489,0.007091325,11.627413,0.045194656,12.414087,0.07598876,12.582596,0.017270047,12.604253,0.040815726,12.820423,0.110813744,13.39225,0.057686377,13.630669,0.052807465,14.629721,0.0045486516
06412,12.307424,0.060178775,12.904286,0.11404707,12.557504,0.08871705,12.75048,0.051253233,12.661629,0.11354667,12.990698,0.2081817,13.3233595,0.1205205,14.028916,0.27115318,14.430726,0.51401794,13.689294,0.39584783,15.6496725,0.22464955,17.343512,0.1670391,18.115747,0.25533703,19.233595,0.13747162,18.527075,0.02774796,19.336031,0.032403965,22.07961,0.5863701,21.733664,0.24182187,20.786562,0.0778711
06413,7.064367,0.42862698,7.1059356,0.49942708,7.182151,0.4455527,7.2169228,0.50915724,7.618349,0.684893,7.895878,0.7331542,7.9491735,0.29072967,8.364603,0.82316864,8.516848,1.3858455,8.631151,0.8033157,9.663327,0.95701224,10.001968,0.932701,10.636272,1.0413162,10.992284,0.97721463,11.344777,0.9153877,11.391977,0.84718686,10.936456,0.35827282,12.268991,0.30742475,13.396597,0.772488
06414,8.905155,0.08231393,8.938052,0.0705762,8.834268,0.064123034,8.81257,0.0828977,9.099858,0.046249606,9.264391,0.016860746,9.731375,0.05268616,10.143289,0.028279936,10.011712,0.014214636,10.155224,0.04113072,11.112782,0.0337862,11.150865,0.022872662,11.721365,0.0028135492,12.113528,0.041373298,12.16317,0.027259095,12.201443,0.010295035,12.716145,0.03481176,13.195213,0.038840644,14.324138,0.07673333
06431,5.2437534,0.05320544,5.2767525,0.076872975,5.087406,0.23376776,4.8037157,0.030115247,5.7428775,0.871073,5.321761,0.2284049,4.9533625,0.15140958,5.240937,0.02742184,5.6615686,0.0719381,5.720893,0.10081331,5.8478947,0.12415724,5.950831,0.01881603,7.0562987,0.052750684,6.973168,0.13630044,7.504036,0.39455977,8.0922985,0.39970693,8.687427,0.27358618,8.620569,0.17801954,9.9026985,0.2903163
06432,7.851789,0.013637197,7.952179,0.09247953,7.2746267,0.0643115,7.225364,0.17704175,7.6450205,0.0029605792,8.0599375,0.106350526,7.8620667,0.0017322245,7.816028,0.08259457,8.187102,0.09489206,8.559087,0.07542694,9.044815,0.20430957,9.2325945,0.01069475,9.394581,0.20476939,10.046554,0.052257266,10.179577,0.20571494,11.115134,0.32368883,11.238986,0.21717057,11.589442,0.28098607,12.199182,0.050355256
06433,6.330425,0.07053128,6.3148284,0.16217795,6.4051147,0.15326652,6.449954,0.051891346,6.470661,0.24527246,6.7176485,0.26353398,6.775377,0.18935493,6.7197804,0.22655213,7.282658,0.18831201,7.3788958,0.23388909,7.79351,0.20292732,8.173775,0.1200022,8.181974,0.4337394,8.5033655,0.5382333,8.965447,0.30977827,9.59034,0.13433085,10.481967,0.038458418,10.476913,0.040916596,11.2125435,0.31757265
06434,9.59232,0.09773525,9.727681,0.14901648,9.477209,0.039560743,9.48175,0.12091356,9.658662,0.081377596,9.891818,0.15768102,10.11115,0.11976458,10.035002,0.1280589,10.714832,0.048865195,10.337561,0.06720571,11.303222,0.045432996,11.808584,0.05541856,12.045132,0.14385165,12.563036,0.060462683,12.54557,0.03718545,12.814589,0.041368462,13.607767,0.18211271,14.253318,0.19401495,15.681683,0.2506989
06435,5.8440614,0.14579833,5.7139626,0.04341992,5.7030563,0.02680492,5.831879,0.053244818,5.8735447,0.0025646675,5.9666514,0.033710938,6.0510826,0.017601695,6.323225,0.043651678,6.349794,0.025289489,6.6765924,0.06996089,6.915203,0.120159455,7.259599,0.012217203,7.771835,0.076375216,7.8616867,0.081758656,8.131613,0.027900817,8.56447,0.07241666,9.023515,0.07492279,9.549186,0.08012114,10.050844,0.18839282
06436,9.419664,0.33790946,9.4138775,0.2692904,9.328677,0.15903173,9.322622,0.15489085,9.631777,0.14597525,9.750843,0.0804391,10.044389,0.08855902,10.04494,0.1594543,10.220993,0.01838873,10.258871,0.015258215,10.651618,0.16330908,11.035191,0.041400857,11.231474,0.18147582,11.557971,0.31808394,11.935394,0.3130389,12.424354,0.60190433,12.533221,0.38326633,13.456024,0.41776183,13.973399,0.43583304
06437,5.41026,0.09577955,5.4740186,0.08294966,5.119313,0.24870312,5.4218903,0.02251709,5.3326926,0.1365317,5.5009913,0.20339476,5.629765,0.118756466,5.942658,0.035583362,6.024239,0.032685213,6.108156,0.071822464,6.242038,0.11786997,6.516924,0.014971894,6.9681377,0.023546191,7.3201847,0.2375207,8.120388,0.25097513,8.3929,0.049569394,9.081085,0.60624677,9.600787,0.36332968,9.736215,0.72335255
06438,7.674625,0.32019675,7.5161486,0.30845335,7.493768,0.15223177,7.49949,0.16962583,7.8421354,0.1727559,7.9609156,0.21346705,8.223611,0.33048674,8.180713,0.20241882,8.069076,0.2662663,8.382909,0.2143255,8.994358,0.10240819,9.549196,0.22648887,9.661658,0.154521,10.208314,0.0022576055,10.380612,0.25202197,11.011029,0.10944426,11.394918,0.039464977,12.055155,0.14593422,12.744958,0.1502447
06439,5.2845507,0.07111031,5.1998916,0.063096285,4.993504,0.0024189185,4.9267416,0.012211876,5.069288,0.09961916,5.106827,0.063133396,5.252999,0.04298082,5.328778,0.016667578,5.5013094,0.046971645,5.84215,0.10681481,5.9578743,0.05044234,6.2526517,0.028621318,6.5339518,0.009261361,6.518501,0.08670566,6.811997,0.09582707,7.6013217,0.029941037,8.184992,0.18654862,8.861303,0.26051968,8.945782,0.106530055
06440,5.9899945,0.027297987,5.9693356,0.0026819902,5.7297673,0.01974354,5.8674054,0.017602762,5.971187,0.12802352,5.9473696,0.023512712,6.182544,0.03458848,6.396468,0.09155354,6.454762,0.007938657,6.4807167,0.18100832,6.8904376,0.25121483,7.3425713,0.13614492,7.7622285,0.14046822,7.9611197,0.15830307,8.241249,0.15931033,9.212164,0.10286127,9.369916,0.08651476,9.265021,0.119773805,10.010582,0.008201548
06531,6.296894,0.46263582,6.3698497,0.2771771,6.167828,0.009594085,6.4285445,0.3494699,6.65513,0.62687576,7.0254726,0.4129584,7.0343714,0.5174184,7.094356,0.4150961,7.47821,0.52037275,7.3397675,0.4628106,8.357317,0.7555867,8.53064,0.478961,8.652718,0.30932567,8.691727,0.0002214071,8.422208,0.67451555,9.170249,0.24581434,9.672615,1.0045125,10.013896,0.7345666,10.182095,0.82762
06532,5.3508625,0.47602937,5.563267,0.07832165,5.413025,0.2667469,5.3423877,0.28065333,5.6050315,0.048694994,5.548632,0.105871044,5.6863317,0.21959627,5.7201977,0.02341094,5.8262024,0.27860907,6.0639644,0.14362845,6.2166314,0.26599547,6.1455946,0.010284356,6.5163093,0.3582398,6.9720216,0.09033101,6.9695487,0.009496254,7.936175,0.19389814,7.965599,0.2793368,9.069627,0.58620787,8.809734,0.32333797
06533,4.6573133,0.23869863,4.7290783,0.09296501,4.887097,0.39458182,5.009065,0.07222817,4.6124234,0.031062275,4.7626038,0.1750197,4.6970763,0.032490045,4.7641387,0.090040624,4.988775,0.033022806,5.2850904,0.16484845,5.127468,0.21223257,5.6727986,0.081248164,5.599477,0.07907994,6.227183,0.11938174,6.27364,0.11018592,6.6816835,0.0759409,7.767695,0.1149323,7.6287074,0.36781248,8.238625,0.8090771
06534,5.3014503,0.24313308,5.653081,0.1121754,5.9100685,0.16903776,6.345267,0.38869172,6.578247,0.50427043,6.86053,0.14941476,7.031447,0.23124029,7.329418,0.57129496,7.441892,0.3998307,7.554338,0.32476988,8.014702,0.61929315,8.192585,0.6896681,8.2096,0.31895718,8.292242,0.14375135,8.288555,0.12094559,8.174317,0.14707573,8.333755,0.41571894,8.685074,0.425685,9.673771,0.037851423
06535,4.7244167,0.0049450714,4.784686,0.21732792,4.723014,0.13434747,4.7147307,0.30141112,4.5247726,0.19982052,4.778872,0.22694689,5.052531,0.34481415,5.1034536,0.08948581,5.15588,0.19641286,4.9488316,0.074914224,5.266081,0.34820735,5.5047526,0.019118883,5.665118,0.0021846523,5.765499,0.21287675,6.1999416,0.25317374,6.9896927,0.04474521,6.9299803,0.2052955,7.587558,0.18806536,7.858484,0.6172593
06611,5.0439405,0.123470746,5.257403,0.13829479,5.3234982,0.108217716,5.4205728,0.12990327,5.680694,0.20360902,6.2311463,0.118182294,6.941804,0.011280115,7.379686,0.016681155,7.3915076,0.07174614,7.625074,0.10034032,7.9835696,0.10608094,8.2762785,0.16526648,8.626019,0.11303804,8.920386,0.090252325,8.712998,0.15781687,8.8906975,0.2009147,9.228754,0.13158526,9.8271,0.16115533,10.165031,0.21163657
06631,3.6384585,0.9396959,4.2451506,1.2827665,4.6679935,0.34262216,4.74207,0.09025856,4.678892,0.18004127,4.9407005,0.12856133,4.992318,0.02838273,5.0617566,0.41807833,5.392849,0.20630021,5.706686,0.75699306,6.8164325,1.495469,7.8211384,1.5156001,7.669316,1.0922139,7.462664,1.3651346,7.6407776,0.98064864,7.305384,0.5006716,7.881327,0.5172647,8.605538,0.9261575,8.753183,0.7447673
06632,4.244145,0.058967073,4.151252,0.04645191,4.235446,0.473222,3.5530353,0.48449817,3.623209,0.3312442,4.3143964,0.12430439,5.2632623,0.28900242,4.9732776,0.059693925,4.9164767,0.031082595,5.38389,0.09518307,5.5485806,0.2289012,5.57658,0.5456206,6.6706834,0.86581063,6.144911,0.2269859,5.7281,0.27690193,7.9149,0.16256125,7.651247,0.26786965,8.178642,0.118002266,7.7957954,0.23465796
06633,6.447249,0.34454542,6.167589,0.29134288,5.4599657,0.08073872,5.742388,0.43076754,5.7360344,0.24966308,6.5225015,0.10719036,7.0838566,0.6211862,7.0939345,0.13661309,7.4940767,0.6259708,7.6229014,0.6577873,8.217401,0.7706851,8.175691,0.7208736,8.5561,0.6609609,8.287856,0.3230159,8.8417635,0.45370725,9.231057,0.68201464,9.610601,0.48455015,9.724077,0.25099003,10.15233,0.6781978
06634,4.52292,0.20419143,4.656301,0.082810834,4.6855054,0.023774968,4.693109,0.07330854,4.6040645,0.019579858,4.5552773,0.050448414,4.7997327,0.009416739,4.8104353,4.835333e-05,4.7382083,0.045919072,4.548976,0.007102254,4.7345486,0.012657582,4.939671,0.03614489,5.334961,0.32097062,5.7529874,0.039034437,5.910995,0.21218391,6.289587,0.023496121,6.6017,0.33007523,7.4921603,0.09769317,7.3074746,0.30143884
06635,4.1816955,0.5215149,4.2150784,0.070038065,4.0561895,0.0195531,3.9068255,0.06807117,4.0731654,0.26261976,3.8959625,0.059310317,3.957886,0.042572502,4.1011777,0.03444172,4.1952143,0.027344324,4.4026814,0.042939458,4.2514424,0.15848622,4.5740347,0.27984113,5.006083,0.53967184,4.843053,0.59131753,4.546703,0.80264246,6.0059776,0.04267264,7.0467076,0.3504657,6.5623007,0.11294915,7.469105,0.52293855
06636,3.8637347,0.15823756,4.1528277,0.07413707,3.954742,0.17182337,4.040456,0.07026927,3.989483,0.054743547,4.2358575,0.0220855,4.5815973,0.009201586,4.624687,0.11485865,4.7386394,0.12261367,5.067993,0.19795267,5.091842,0.02586922,5.095105,0.30598876,5.4074845,0.24121273,5.519876,0.20370644,5.719926,0.27467647,6.6295185,0.0850468,6.906192,0.018592075,6.9631124,0.55690444,7.141227,0.37475026
07111,6.1700764,0.069781624,6.166718,0.057374265,6.134332,0.017978929,6.2496157,0.018584909,6.4643984,0.026191875,6.61261,0.023098404,6.8046665,0.024989815,7.119912,0.05809617,7.3167167,0.0077003464,7.7854567,0.0009892852,8.4677925,0.03928073,8.792384,0.08101324,8.98164,0.038101904,9.533464,0.06270944,9.49349,0.031242426,9.882543,0.0004402416,10.329935,0.024223654,10.702897,0.002940961,11.532315,0.053152844
07131,6.3496037,0.1278999,6.5796537,0.19252747,6.5365767,0.15529248,6.367603,0.16597502,6.6074743,0.13951278,6.9175687,0.21605097,6.9726644,0.17628631,7.2025075,0.16618463,7.3367796,0.19678201,7.6436515,0.15528366,7.7310495,0.08731276,8.149591,0.09439429,8.452854,0.10748986,8.76078,0.22558525,8.8938265,0.2642548,9.302556,0.105240345,9.590057,0.04140723,9.81597,0.08457335,10.349011,0.018116182
07132,4.4541326,0.1311834,4.398539,0.11922709,4.160455,0.17320237,4.40161,0.069195084,4.460135,0.18584739,4.6650577,0.14691444,4.520882,0.29729307,4.4802217,0.11466822,4.7216372,0.06566511,4.9749045,0.13885184,5.11953,0.05061465,5.318618,0.038647704,5.5217056,0.05509949,5.564763,0.13140388,6.0523257,0.028525395,6.7001987,0.24418555,8.357271,0.5149181,8.000528,0.0018710025,7.8236136,0.03607093
07133,5.694154,0.02026858,5.7453136,0.021936394,5.9053507,0.015818365,6.0268,0.044380914,6.240715,0.04778926,6.431784,0.02824965,6.4379272,0.03659803,6.522537,0.007727613,6.9005585,0.01470042,7.016304,0.013293537,7.414502,0.026941262,7.8604765,0.010291604,8.1993265,0.03760988,8.516508,0.05760011,8.717142,0.07107913,9.104635,0.043621298,9.520702,0.08648189,9.818212,0.11685324,10.579318,0.14766936
07134,4.636331,0.084603354,4.3096395,0.014594131,4.382728,0.060222227,4.3471203,0.048514914,4.29373,0.11137398,4.5366936,0.08010946,4.643502,0.00798066,4.578114,0.012686421,4.536678,0.024119677,4.7300224,0.16406573,5.119101,0.2921362,5.0035334,0.21474886,5.169214,0.18700312,5.275694,0.15235227,5.812114,0.06819463,6.481943,0.050079435,6.8347173,0.0072567905,7.1351724,0.03822051,7.4691224,0.042378478
07135,4.00891,0.09963471,4.0414715,0.0123917945,4.16552,0.019394586,4.3585896,0.13501588,4.2320604,0.08959758,4.030318,0.034703538,4.7254257,0.24647805,4.4519267,0.24139248,4.726661,0.05108266,4.822444,0.3650021,5.247913,0.36927548,5.8331933,0.3837862,5.726176,0.3313688,6.2172537,0.16002038,6.039321,0.042426847,6.8420887,0.011758961,7.7507114,0.4954452,7.9428806,0.26428843,8.037741,0.11990594
07137,5.1496325,0.041350916,5.060775,0.15808505,5.195547,0.1412289,5.349866,0.21671563,5.34266,0.117824525,5.396298,0.017687177,5.890108,0.010723686,6.101202,0.23566581,5.8660455,0.1415439,6.3020053,0.015038261,7.3320217,0.05349388,6.685483,0.05717552,6.9915743,0.076253936,7.1764884,0.04831887,7.6984434,0.040437445,7.839094,0.26504707,8.260436,0.06116783,9.203374,0.1965119,9.491666,0.16174737
07138,5.2587223,0.011645085,5.2115765,0.1256454,5.2087407,0.046326708,5.148179,0.036737107,5.2235937,0.0551873,5.475607,0.032071535,5.6573653,0.0070544556,5.729206,0.03189219,5.9560056,0.005645754,6.202628,0.082748316,6.4831276,0.03917212,6.6438384,0.09684434,6.78029,0.06564472,7.011385,0.1373998,7.4635916,0.014791616,8.090372,0.46914968,8.849269,0.3070903,9.130848,0.18177405,9.097641,0.26616317
07140,5.2465196,0.1708646,5.131817,0.11806203,5.095411,0.2592495,5.0714836,0.22250551,5.3356347,0.044744544,5.2577357,0.12127783,5.358218,0.0060696057,5.37945,0.103373356,5.887449,0.22543295,6.0670414,0.074264504,6.563452,0.48098004,6.7227974,0.47249871,7.0270324,0.49565727,7.3168244,0.61327237,7.3154464,0.24989223,7.7904625,0.090486884,8.498777,0.2571978,9.053802,0.39876747,9.31935,0.09994148
07141,5.4662523,0.451756,5.3921046,0.5425056,5.3600287,0.34746167,5.1801867,0.22861823,5.455581,0.49454138,5.455948,0.45164275,5.499524,0.5618335,5.289784,0.41466787,6.0199614,0.3465326,5.934223,0.61839014,6.286935,0.7066818,6.512077,0.5171046,6.778007,0.49715725,7.0876145,0.74494654,7.250364,0.48302713,7.9650836,0.69402707,8.880963,0.66310555,9.312015,0.23817319,10.07938,0.39570153
07143,4.631313,0.11320541,4.715963,0.09493404,4.5285435,0.08648936,4.469328,0.0012245651,4.6191554,0.06387199,4.359537,0.2603091,4.5619597,0.10758779,4.773016,0.046271045,4.7775693,0.16367747,5.1640434,0.23610382,5.2506943,0.23965381,6.0291104,0.5322037,5.8490376,0.41622594,5.7923183,0.37304813,5.8379374,0.34649092,6.7331743,0.14471856,8.489471,0.7671855,7.4758606,0.39001885,8.110277,0.15215625
07211,7.315947,0.07088295,7.510179,0.009755442,7.7260523,0.012577038,8.183118,0.120312594,8.538067,0.15962926,8.340919,0.10569159,8.770312,0.19899584,8.449488,0.19754572,8.412952,0.097675934,7.968057,0.035143994,9.204151,0.15507291,9.318752,0.039459556,9.875102,0.08344567,10.186432,0.013124584,10.007572,0.031313863,11.127466,0.20546472,11.832533,0.22691941,12.294345,0.29077625,12.490477,0.18646325
07231,5.355315,0.26830187,5.584575,0.058283113,5.432669,0.29306364,5.5179377,0.0752625,5.8367662,0.16048123,5.7695155,0.26537278,5.592341,0.01722757,5.837611,0.29569867,5.9696035,0.06278464,6.0368805,0.3665218,6.703671,0.23578279,6.764012,0.31274533,6.748206,0.19871545,6.934476,0.39694095,7.2910953,0.4153972,9.039841,0.27601674,9.270425,0.4729452,8.805462,0.3320847,9.417192,0.08736526
07232,5.562018,0.1406362,6.53263,0.6302265,5.863758,0.07513749,6.028793,0.17888339,5.456899,0.2662159,5.531559,0.20407584,6.0957837,0.62071216,5.992874,0.4232741,6.1494436,0.2623694,6.6519566,0.10961816,6.652251,0.31309932,6.87499,0.36545652,7.067972,0.20382455,7.3194623,0.4279203,7.8713975,0.75750273,7.9742084,0.2913678,8.74941,0.3858409,8.6352415,0.3561898,9.456786,0.38749474
07233,4.498105,0.019231025,4.347527,0.08200806,4.26251,0.12037182,4.3960457,0.09760189,4.507934,0.020547623,4.483305,0.03424841,4.7513833,0.019743476,4.677115,0.06996189,4.8478546,0.10570311,5.134659,0.039698556,5.310176,0.012615776,5.388303,0.017257405,5.816025,0.18998727,5.8157525,0.15788344,5.738168,0.10349989,7.194344,0.15982765,8.455802,0.36593884,7.932098,0.064607345,8.299837,0.28175804
07235,5.6895795,0.11402357,5.4195466,0.22560504,5.689846,0.17898957,5.7227335,0.45429045,5.4599056,0.502084,6.4566364,0.34621176,6.476407,0.20667839,6.339881,0.0062120743,6.4584064,0.051684465,6.493383,0.0069927434,7.1178956,0.19097678,7.009531,0.2620142,7.8566823,0.51687294,7.664207,0.2644357,7.115568,0.5306444,8.015363,0.2839848,9.153974,0.3223268,9.072522,0.8135895,8.979141,0.35611466
07311,6.191735,0.0048501114,6.0682454,0.01658395,6.00311,0.07579675,6.1250405,0.10645747,6.2424226,0.030874195,6.275254,0.114472285,6.4213595,0.02469735,6.440972,0.22929303,6.5458,0.24778384,7.021511,0.1288023,7.3322344,0.05565148,7.537283,0.14367148,7.8064446,0.11797656,8.097457,0.1318875,8.60713,0.053482067,9.091406,0.117450416,9.8623085,0.19660424,10.046706,0.016087633,10.663987,0.08441996
07312,5.5844984,0.011942217,5.620638,0.051468335,5.52139,0.040586993,5.62601,0.01273776,5.7512374,0.036109958,5.883441,0.05144121,6.206254,0.023024173,6.344534,0.029576901,6.3770933,0.0101347715,6.5949574,0.000724238,7.152724,0.042997822,7.3521285,0.102552116,7.770123,0.10336964,8.242906,0.04753685,8.578897,0.03055112,9.031538,0.10855686,9.603517,0.047543183,10.521742,0.058507897,11.298461,0.030527819
07313,6.272665,0.012318516,6.414708,0.0037398508,6.3049583,0.044802643,6.6110992,0.03755062,6.744617,0.052198824,6.970765,0.08922384,6.914765,0.043496244,7.4615974,0.03403712,7.5525055,0.050008997,7.815666,0.012018441,8.36707,0.013353319,8.6916,0.04570798,9.108198,0.019696888,9.398577,0.0031905493,9.664401,0.03395539,9.9197855,0.060267057,10.308783,0.018343711,10.744714,0.1251726,11.428712,0.18908791
07314,6.406515,0.49612406,6.6304536,0.5667913,6.5732956,0.61428696,6.620676,0.52908105,6.886839,0.51580054,6.819808,0.5460579,7.059965,0.508037,7.380031,0.55191886,7.28522,0.3610756,7.5787883,0.5580411,8.651634,0.7963418,8.902679,1.0204505,9.305718,1.0423026,9.985658,0.93229365,10.3297205,0.9770316,10.515849,0.91399664,11.2365675,0.8372266,11.433109,0.819399,11.640878,0.9387603
07315,8.53241,0.29339162,8.612374,0.13750735,8.761718,0.089142986,8.990669,0.14610286,9.011732,0.12392001,9.287557,0.05594144,8.888461,0.096035205,9.865204,0.01918094,9.788091,0.14433861,9.640942,0.024506329,11.156963,0.080976285,11.578993,0.03904184,12.150114,0.032257326,12.850168,0.043197323,12.894236,0.012897004,13.553699,0.09652547,13.71722,0.070219554,14.012653,0.1814919,14.840396,0.1527191
07316,6.2404294,0.062266517,6.1802692,0.042717535,6.028933,0.0835256,6.3604746,0.044098146,6.533064,0.089531146,6.7422824,0.09550123,6.79777,0.057266697,6.9511304,0.0005946462,6.9745774,0.054753505,6.971151,0.04552594,7.7225766,0.042734906,8.085042,0.00034447666,8.517141,0.07321666,8.690973,0.012431114,8.892673,0.08743314,9.410946,0.06940565,9.893908,0.063308775,10.274278,0.08452957,10.721203,0.074036814
07317,4.59037,0.097940065,4.3934693,0.05924186,4.2238097,0.045223825,4.3123026,0.041917663,4.3206377,0.054734044,4.2547045,0.02320607,4.367338,0.037683327,4.4402533,0.012306616,4.488886,0.03465342,4.6120954,0.011496078,4.707918,0.121186644,4.7497354,0.053005256,5.1293926,0.1047428,5.252408,0.0527871,5.4650197,0.06026385,5.7869935,0.06575217,6.2325377,0.09098207,6.6595693,0.116261125,6.911685,0.20852023
07318,7.154955,0.013080082,7.2822285,0.08052053,6.8141737,0.16170615,7.072274,0.1480445,7.4163203,0.051116526,7.4375954,0.042807244,7.7537603,0.18867292,8.133694,0.14666784,7.651306,0.058526214,8.027032,0.011626309,8.701136,0.051537227,9.099226,0.16505304,9.582139,0.024002777,10.041175,0.01433507,10.309435,0.035903644,10.642489,0.008037427,11.376779,0.005684116,11.696431,0.0076579163,11.56513,0.13162948
07319,5.669381,0.08420281,5.8509464,0.04755592,5.7760653,0.03598247,5.8697267,0.07179038,6.0400925,0.019807007,6.1378264,0.10459578,6.259036,0.064876534,6.492585,0.10966294,6.8553333,0.031645123,7.219409,0.008687458,7.5441465,0.057403076,7.678058,0.019031314,8.180946,0.008078523,8.437357,0.031647865,8.556553,0.057282373,9.187146,0.060166337,9.729273,0.047577627,10.088555,0.032705422,10.660731,0.055096127
07320,5.1106935,0.009949478,4.9523687,0.010653426,5.051625,0.027328031,4.9982657,0.0015351911,5.167063,0.048633825,5.297877,0.1883342,5.2597146,0.19528385,5.3997226,0.033984035,5.373088,0.05384256,5.560344,0.054086827,5.500858,0.011081495,5.865269,0.041260514,5.8846726,0.05438857,6.205762,0.11151747,6.575609,0.12867999,6.8513365,0.037420943,7.8494596,0.008619878,7.8655014,0.40192,8.060492,0.17480813
07331,5.3238974,0.09179431,5.354556,0.026334248,5.347285,0.07183187,5.427761,0.09728586,5.43783,0.058512006,5.5194054,0.025695233,5.6213083,0.17602545,5.6235332,0.10608541,5.8935766,0.06394178,6.1518807,0.110181876,6.3293304,0.08325223,6.7197657,0.11236666,6.8926697,0.14857654,7.262661,0.25830275,7.667258,0.18942548,8.105898,0.14490697,8.623822,0.13921799,9.3705845,0.03353441,9.735253,0.036291666
07332,6.5080996,0.3931684,5.880857,0.0839095,5.9149365,0.11132777,6.3016043,0.46020037,6.448485,0.2521669,7.3618946,0.7804254,6.7147264,0.29822075,6.9908943,0.103232816,6.736806,0.44524392,7.2526507,0.16499195,7.8252296,0.32579055,7.876391,0.30257723,8.851609,0.15018259,8.978356,0.38309473,8.105384,0.23667091,9.115713,0.3804729,9.759519,0.36136562,10.881765,2.0202312,10.763077,0.085503854
07333,4.7383304,0.27431598,4.458002,0.217596,4.917322,0.057324726,4.9657073,0.11040407,5.2312746,0.06067247,5.366695,0.17033811,5.402715,0.029827598,5.491956,0.17464995,5.8756356,0.23523775,5.9578056,0.17191993,6.2141285,0.2028423,6.7910295,0.2134091,7.3192096,0.26829293,7.3054156,0.3942368,7.583054,0.31940144,7.766799,0.13203037,8.363375,0.22025424,8.252908,0.055253256,9.368081,0.14690767
07334,5.8868093,0.08178977,5.8656206,0.09064955,5.8511977,0.11358345,5.9516625,0.038315658,5.980358,0.1036332,5.8308945,0.18354586,6.2620792,0.21982466,6.3202796,0.1703936,6.5013437,0.22191083,7.104322,0.23473519,7.117523,0.08657094,7.704524,0.10250938,8.283689,0.15776928,8.880574,0.05050602,9.141584,0.22231095,9.4494295,0.09345062,9.813852,0.15005235,10.524639,0.21853633,10.898574,0.26634845
07335,5.8971972,0.047476105,6.2762976,0.08458387,6.1296625,0.048217077,6.17922,0.1661647,6.0130506,0.11473903,6.356852,0.09238649,6.1956677,0.47220337,6.1719275,0.022289472,6.3041954,0.107255705,6.2120934,0.2179133,6.5922637,0.13365942,6.855027,0.22086123,6.929667,0.3389351,7.1362047,0.29004195,7.3736544,0.122993805,8.026342,0.14163151,8.997793,0.10290114,9.809027,0.0697323,10.585281,0.22976421
07336,4.3460155,0.24638936,4.642574,0.2145456,4.275121,0.05648628,4.234715,0.03511181,4.1055346,0.21055764,4.541031,0.15304509,4.2155714,0.0779774,4.449062,0.18468451,3.9593828,0.21258873,4.336629,0.34273094,4.463106,0.06673342,4.4791656,0.022479119,4.7847157,0.041632645,5.1491704,0.38446605,5.1146884,0.32304102,5.8291044,0.5813139,6.9599547,0.07168879,6.4351892,0.08471841,6.6073046,0.25833303
07337,5.963617,0.1981611,6.122565,0.2215918,5.8836555,0.27900845,6.131035,0.39894715,6.3283806,0.5182653,6.7245483,0.5654568,6.439052,0.18457362,6.8603616,0.64571506,6.819308,0.6330129,7.3871017,0.52096605,7.9197035,0.60192966,8.413048,0.8163476,8.352952,0.5065234,8.823048,0.7937543,9.184862,0.81690925,9.431408,0.5981561,9.654639,0.24188139,10.305232,0.2583302,10.728908,0.29145193
07338,6.036,0.057565387,5.827248,0.043639082,5.9168158,0.098310955,6.085012,0.12534875,6.006471,0.007094117,6.296898,0.054396704,6.456239,0.1060968,6.4597178,0.042279333,6.821225,0.05020221,7.0617576,0.072139,7.29628,0.028822852,7.748348,0.047611658,8.114814,0.08775155,8.202057,0.3088366,9.012829,0.11566025,9.669139,0.0033430257,10.039448,0.1389869,10.432067,0.60434246,11.273401,0.21491872
07339,6.1424737,0.06806652,6.337923,0.095176384,5.849406,0.11098433,5.9770927,0.07106048,6.093086,0.057724647,6.3230987,0.00092619215,6.712781,0.06535476,6.8785276,0.11212095,6.964434,0.13725057,7.684595,0.06580451,7.997714,0.04814013,8.42188,0.06997327,8.517167,0.02838617,8.593857,0.044169668,8.860782,0.06855907,8.996662,0.08385146,9.733653,0.22141054,9.836325,0.15354812,10.588795,0.07216127
07340,5.0070043,0.3219402,4.981676,0.090466045,4.739955,0.16202936,4.7676115,0.16997609,4.9710417,0.4214255,4.8078585,0.054905847,5.1937213,0.23736882,5.389864,0.33870277,5.5372124,0.28821224,5.6202216,0.1092105,5.924739,0.10096338,6.068128,0.1693022,6.3556943,0.35412857,6.4474382,0.037141874,6.782388,0.23344302,7.382363,0.4705063,7.7251215,0.6206481,7.9781837,0.4243564,8.034783,0.39387152
08111,9.640469,0.058607645,10.039906,0.09917866,10.167518,0.11279697,10.377274,0.11607864,10.39407,0.03357512,10.730807,0.04146548,10.450983,0.37391365,11.820065,0.22998077,11.8635435,0.40653545,11.31803,0.332095,17.709835,0.12091145,20.18269,0.056148466,20.968994,0.3706463,20.196745,0.085480444,18.884169,1.4762487e-05,19.034872,0.034405038,19.069332,0.07585607,20.04854,0.027353313,20.545898,0.15819319
08115,8.267674,0.050581086,8.447518,0.04035183,8.48306,0.13143559,8.558313,0.012187424,8.597483,0.09602019,9.097767,0.1322933,9.285845,0.111796394,9.766152,0.13875875,9.598273,0.12273517,9.800858,0.26165777,11.930753,0.49060294,13.83754,0.4141553,14.864515,0.7009134,14.743611,0.58017814,14.809896,0.25051567,14.092528,0.15872526,15.439081,0.18581493,15.722442,0.08033062,16.582108,0.1544303
08116,7.804317,0.28751326,7.727784,0.06866786,7.7952127,0.068673976,7.806391,0.23394063,7.7657576,0.018933328,8.210429,0.09096083,8.094614,0.54967076,8.737891,0.1583882,8.784879,0.55794334,8.587605,0.8766671,9.615722,0.026004946,11.735772,0.5793192,11.263714,0.12569635,11.470376,0.31921893,11.957741,0.5912103,11.682771,0.6171845,12.800059,0.5795448,12.845611,0.35341957,13.903466,0.047881763
08117,4.982145,0.13904265,5.3780975,0.02012866,5.580185,0.053371936,5.5634227,0.085919514,5.822679,0.04385502,5.9791193,0.043666642,6.3393197,0.07364104,6.3407397,0.18672223,6.313315,0.13468869,6.9136295,0.096329875,7.290454,0.008202029,7.5442657,0.008936427,8.436525,0.04575242,8.285955,0.27761382,8.326838,0.0722661,8.8876,0.039898295,9.291723,0.21116947,9.598009,0.19071658,9.941105,0.15331544
08118,7.8903,0.08687658,8.081723,0.14525738,8.150286,0.15603173,8.139345,0.15983084,8.220327,0.124722384,8.376176,0.032750882,8.613134,0.09247874,9.088337,0.18789564,9.367412,0.2677534,9.245221,0.2621454,10.9376135,0.43472153,11.898735,0.6405586,11.88974,0.28759637,12.642876,0.27451766,12.86179,0.085892975,13.615469,0.42046353,13.640632,0.44803745,14.374558,0.2432517,15.039124,0.0061188946
08119,7.104237,0.17830634,6.405417,0.71766055,6.2666492,0.2859873,5.992157,0.76981336,5.9362736,0.05395026,6.210551,0.07502124,6.3015323,0.068398796,6.0386505,0.02366381,6.4565988,0.12522958,7.1387634,0.07848612,7.4673266,0.024228062,7.4227567,0.14474252,8.236512,0.03213334,8.039814,0.20699382,8.988849,0.7987606,9.215423,0.16182873,9.722735,0.0136479335,9.814657,0.2785344,10.141077,0.2669402
08121,6.555869,0.0803825,6.5479116,0.10406049,6.562752,0.102276556,6.7089553,0.070796505,6.83351,0.17180045,7.175702,0.23062395,7.6138163,0.13768375,7.913155,0.23790795,8.252383,0.2745228,8.824961,0.41156548,9.633509,0.23802722,10.34226,0.2592751,11.472233,0.24576798,11.334711,0.24294335,11.232897,0.091380194,11.641225,0.1235991,11.805645,0.18850817,12.179214,0.20395133,12.92787,0.15471885
08125,6.6418138,0.005508241,6.556798,0.12017398,6.5149364,0.025033697,6.7001195,0.027734194,6.6618066,0.10757675,6.9222074,0.0066736354,7.1865826,0.16236313,7.462223,0.050406784,7.927451,0.025784122,8.217669,0.08668373,8.982243,0.051118724,10.004529,0.13348606,9.944981,0.08034874,10.374988,0.11541115,10.691315,0.047854144,10.648811,0.04160813,11.418649,0.16995545,11.89455,0.17338121,12.459198,0.087356105
08126,6.045696,0.215823,5.9718833,0.012515647,5.946003,0.13766511,6.2950296,0.20433952,5.4680715,0.23718354,6.14454,0.029052842,6.2997704,0.34427917,6.7652836,0.4073056,6.9091997,0.3028937,7.4762177,0.22119357,7.4303813,0.14280501,8.34009,0.14842086,8.108093,0.56994474,8.7640705,0.18907909,9.235483,0.44777128,9.389037,0.034632184,10.295524,0.108891405,10.281235,0.22853251,11.154641,0.28610715
08127,4.582191,0.13584605,4.67083,0.06490016,4.7349963,0.042182803,4.6329327,0.09405012,4.871069,0.06742196,5.0694947,0.15685607,5.2689667,0.20836712,5.4587135,0.1112896,5.6928954,0.08894834,5.2331996,0.17630564,5.7247486,0.18080191,4.9265404,0.55495596,5.5881953,0.3076647,6.4240913,0.3584447,6.9017777,0.16180141,8.157315,0.3214371,8.846522,0.18993622,9.05201,0.15230106,9.579596,0.36725587
08128,4.4615774,0.025325852,4.6342382,0.7128564,4.359479,0.34428477,5.5677395,0.6923369,5.139516,0.17565732,5.313365,0.10880456,5.4267817,0.27694264,5.6795363,0.15750107,5.543831,0.46097907,5.878915,0.13413438,6.4638023,0.19193257,6.282463,2.1016161,5.95258,0.63543296,6.6226687,0.09774428,7.5431523,0.23813877,8.716616,0.27390814,8.341486,0.038782522,10.068224,0.117182314,9.114318,0.17476855
08135,4.8347087,0.4012379,5.030917,0.51788056,4.841224,0.16572662,4.8657336,0.09674827,5.231331,0.41399482,5.313014,0.34016582,5.711827,0.58756137,6.0671544,0.46581596,5.822472,0.25647286,6.4144855,0.6695901,6.2430024,0.89157134,7.196157,1.1813868,7.294038,1.0726947,7.343819,0.4671066,7.5463285,0.3924314,9.131385,0.16976587,8.806239,0.37863442,9.431154,0.2389422,10.044555,0.3153455
08136,5.566653,0.25804895,5.6776295,0.20859446,5.502138,0.15105975,5.4812307,0.26017922,5.3891416,0.15283778,5.777699,0.039771058,6.160075,0.10230319,6.451553,0.14893214,7.092972,0.33901736,7.287328,0.07378227,7.3231864,0.20422848,7.8395367,0.40925902,8.19623,0.1467907,8.75985,0.60246086,8.695211,0.32606432,9.12562,0.20329794,9.593119,0.37141904,10.0273485,0.03976921,10.285788,0.018937124
08211,8.459302,0.07534556,8.635642,0.19569571,8.507581,0.067801535,8.01292,0.053890765,8.169715,0.11701895,8.831734,0.031945333,8.9140415,0.08552186,9.271107,0.07291718,9.330404,0.025475558,8.909831,0.15466313,9.791496,0.11541252,10.63494,0.06005807,10.955608,0.11406097,11.249904,0.020951938,12.068444,0.03313286,12.026147,0.0883235,12.059139,0.15608872,12.4878,0.16487446,12.608983,0.15224901
08212,8.050644,0.037837327,8.190071,0.06748207,8.374613,0.067225195,8.519218,0.06974065,8.98515,0.04867516,8.888902,0.06987327,8.467407,0.11287265,9.535981,0.017293453,9.095301,0.045038316,9.0915785,0.11549993,10.626319,0.08377135,10.9165125,0.10205621,11.554201,0.10707087,12.329915,0.09024221,11.874989,0.05895538,12.601081,0.046109043,12.603323,0.14980744,13.09633,0.1461443,14.138078,0.062823124
08215,7.232988,0.102988854,7.3479576,0.11137124,7.185904,0.042813435,7.3489895,0.13963284,7.2403665,0.2057424,7.6466637,0.121714294,8.307152,0.5211505,7.894914,0.15471445,8.089904,0.26573247,9.062494,0.122640155,9.027493,0.15958932,9.532556,0.15173559,10.229134,0.2246615,10.135319,0.29824707,10.712058,0.29357058,10.930148,0.17549717,11.100904,0.07944965,11.761686,0.42820936,12.102371,0.12308564
08216,6.412949,0.17073427,5.8806105,0.112240426,5.858088,0.34772092,6.0259857,0.22639082,6.0119667,0.28875443,5.719072,0.4532561,6.1973004,0.23850355,6.134281,0.44121274,6.3573575,0.18171467,7.3879046,0.034180272,7.375266,0.0024304378,7.5266433,0.03235119,7.821982,0.23260175,8.12659,0.2837103,7.8149166,0.4147362,8.476812,0.2878607,8.723588,0.42722818,10.101219,0.1106928,10.904328,0.3096975
08221,10.826077,0.23697524,10.59199,0.23526527,10.589107,0.27485996,10.351855,0.28167647,10.925635,0.19545676,11.06645,0.250342,10.18543,0.10133093,10.709144,0.195091,10.49295,0.074420206,10.313655,0.032187823,12.413993,0.22499862,13.284999,0.29207364,14.040617,0.21608268,14.515386,0.2300878,14.545508,0.23714866,15.186536,0.30435908,15.365993,0.23202749,15.500647,0.0218492,16.156872,0.23103693
08222,7.23219,0.17027318,7.395703,0.14757214,7.485338,0.13294932,7.483801,0.15771191,7.8790627,0.12257587,8.008557,0.1031721,8.235086,0.022610407,8.518419,0.08001449,8.662469,0.06331546,9.140994,0.038990024,9.963278,0.022040525,10.39452,0.012471675,10.940756,0.025523191,11.263193,0.07572077,11.039248,0.086000435,11.60958,0.012362604,11.585495,0.0029284086,12.232096,0.011425908,12.7213955,0.12624848
08225,5.186018,0.027644375,4.7332087,0.24981686,4.935727,0.5424237,4.8303657,0.13716573,4.89493,0.004464527,5.1383724,0.18318406,4.953196,0.3058443,5.0269685,0.081414156,5.236698,0.014898521,5.401001,0.2430509,5.5821104,0.17147529,6.025459,0.2793006,5.719447,0.25626457,5.9837103,0.10539177,7.4618344,0.26388526,8.383898,0.027667997,8.4542465,0.17439997,9.019293,0.34644458,9.289036,0.21869482
08226,6.250474,0.03226094,6.5591955,0.03876558,6.4396224,0.19394101,6.6575975,0.18496959,6.6812243,0.0077577266,6.663247,0.12081236,6.698624,0.07354378,7.037739,0.0030498663,6.9912505,0.36155754,7.2154207,0.23180689,7.580447,0.048965573,8.019998,0.040422186,8.126091,0.081190065,8.590731,0.14216024,8.856842,0.34743306,9.574292,0.050707325,9.910203,0.43075478,10.668719,0.34644574,11.687234,0.11798367
08231,6.0143538,0.009304491,5.937264,0.017182574,6.181721,0.025494793,6.1671977,0.026162872,6.191609,0.03962269,6.4030557,0.04969806,6.5732665,0.011651645,6.9769554,0.009586607,7.068338,0.008794596,7.2616158,0.05439082,7.901542,0.0070683407,8.363844,0.008717138,8.766789,0.103210285,9.150341,0.04233739,9.312158,0.040656757,9.692817,0.034021545,10.090382,0.03496335,10.563138,0.022967707,10.925016,0.00019468549
08235,5.8166933,0.27054363,5.9791594,0.36775637,5.6932597,0.048370626,5.6758842,0.21110491,5.6647835,0.1161174,5.7763934,0.28216162,5.950289,0.23031698,5.8812017,0.008231275,6.055651,0.1569162,6.5029182,0.24833344,6.7341585,0.13165618,6.997968,0.20383453,7.652973,0.24587017,7.6886063,0.16198762,8.036501,0.19498982,8.692626,0.32067296,9.571599,0.36317816,9.625062,0.041296635,9.980873,0.007810736
08236,6.498077,0.14639363,6.4109454,0.32595223,6.237476,0.047200352,6.1887584,0.25273395,6.4356065,0.06978629,6.4995046,0.0046598874,6.8385644,0.13917838,7.1917186,0.38074964,7.1677876,0.10528589,7.3462048,0.14010224,7.739385,0.36043262,8.446263,0.29930323,8.6059,0.4623904,8.703467,0.61350256,8.835181,0.36018282,9.387522,0.271889,9.937584,0.12334636,10.278472,0.25682825,10.435206,0.3933671
08237,5.0869393,0.19006115,5.165272,0.030085634,5.369893,0.07162178,4.979256,0.095821455,5.0011506,0.11930058,5.0816584,0.12573338,5.375851,0.021884913,5.4589944,0.016808087,5.5683885,0.12717314,5.7739987,0.152259,6.213897,0.07094313,6.2482805,0.09557159,7.0326185,0.23505348,6.898629,0.2581543,7.505156,0.09460421,8.117598,0.38226712,8.293274,0.046623185,8.958141,0.28074178,8.523722,0.00014105652
08311,9.560032,0.20935771,9.121045,0.1158354,9.298123,0.17387222,9.380553,0.16254148,9.546384,0.28255576,9.869866,0.24786323,8.351783,0.3748949,10.262487,0.40661475,9.816339,0.36360464,9.479703,0.07643138,12.184805,0.27161747,12.671261,0.3227859,14.049789,0.52437085,14.126051,0.19889377,13.723756,0.2347004,14.993507,0.27271068,13.576873,0.38839948,13.548062,0.18652116,13.794674,0.12873831
08315,6.1225376,0.40922832,5.3791013,0.177157,5.278668,0.124300264,5.477153,0.07313755,5.712346,0.03293982,5.71884,0.012353987,5.946045,0.0012712198,6.2371616,0.0781595,6.1887226,0.11676818,6.806422,0.1928315,7.513936,0.43179747,7.3665957,0.12855318,7.6327934,0.19068575,7.597405,0.15256247,7.9612846,0.025950471,8.934812,0.48401687,8.866004,0.5045039,10.060459,0.12357174,10.647428,0.057241797
08316,7.2401447,0.15371409,7.584315,0.17190686,7.532986,0.22936258,7.384117,0.19345489,7.5852814,0.2612369,7.812006,0.23975079,8.90795,0.87881076,8.6076,0.46562427,9.348158,0.7604268,9.916773,0.5429795,9.65996,0.54159176,9.880496,0.7821731,10.8476925,1.2495749,10.875626,0.69997805,11.432967,0.48631176,12.181159,0.7795471,13.124645,1.4905627,13.042974,1.583474,14.954715,1.6699257
08317,6.743374,0.45486832,5.868894,0.22264513,5.6584215,0.15860802,5.526561,0.26938304,5.6431675,0.12657322,5.7997346,0.16801664,6.249243,0.30647948,6.2257223,0.20501687,6.3366876,0.45069623,6.4385133,0.11702056,6.859854,0.07365669,7.1308775,0.469759,7.638378,0.24081701,7.4667253,0.04900735,7.8602533,0.13941614,8.60451,0.06727048,9.322905,0.08073719,9.330325,0.12603115,9.786629,0.24752405
08325,5.02327,0.30131134,5.2426972,0.3207335,5.2360888,0.27690145,5.0860424,0.04130604,5.2779584,0.044569433,5.3573623,0.011937972,5.1765223,0.063957796,5.5190983,0.20205526,5.532802,0.11353811,5.9575243,0.11216368,6.0390224,0.058501065,6.181153,0.044100884,6.752401,0.0035492457,6.6080303,0.05348397,7.355592,0.11074078,7.6254554,0.15625587,8.353411,0.08260848,9.129145,0.062034044,9.166103,0.1957505
08326,6.1180725,0.16611946,5.794369,0.113687925,5.93277,0.1410239,6.015794,0.8625606,5.842146,1.0982257,5.7329235,0.8689527,6.104523,0.34851947,5.777491,0.10140645,6.314611,0.31304258,5.8811793,0.03569208,6.5254474,0.19860375,7.517258,0.14043063,7.6155205,0.49021563,9.00132,0.12410377,8.792943,0.25943983,8.387543,0.36079532,9.2518835,0.32610095,9.659946,0.45084792,9.683678,0.11419911
08327,4.703487,0.15740144,5.419129,0.0024012625,3.1129837,0.1852517,3.5873322,0.35667005,2.918752,0.33999467,3.7130492,0.64500076,4.789734,0.29490337,5.5833044,0.2993147,6.0509033,0.14261922,6.761048,0.294202,7.0272803,0.35483396,7.198197,0.026233016,8.295604,0.23706266,8.011436,0.20245549,8.341982,0.28881663,8.58447,0.39539447,9.464357,0.26363897,9.675575,0.22411191,9.973383,0.3395733
08335,5.6699963,0.09716404,5.5617867,0.11866934,5.80935,0.17909852,5.853432,0.045653723,5.9305825,0.13679568,5.9904413,0.19747768,6.472032,0.11692004,6.732117,0.16412817,7.1221666,0.1630438,7.7343097,0.253792,7.863305,0.21740332,8.493493,0.41995168,8.455265,0.14290841,8.678019,0.23247828,9.114085,0.38136002,9.646259,0.3287731,9.985845,0.36954948,10.415503,0.5276191,10.921628,0.48737258
08336,7.270765,0.085869625,7.2486677,0.3538057,7.2345986,0.28718603,7.344234,0.03848186,7.2525787,0.053826608,7.5018997,0.15020046,7.862583,0.3467774,9.00275,0.11000274,9.111267,0.25815508,11.236511,0.5760014,10.064564,0.0663157,10.137064,0.4342504,10.640754,0.060088698,11.90574,0.7033295,11.488243,0.4382601,11.749523,0.058004115,12.458367,0.66380954,13.390887,0.120203026,13.129954,0.3240664
08337,5.5824227,0.5319969,5.7384815,0.6920505,5.6180725,0.19857854,5.4442706,0.45136634,5.700766,0.017557887,6.013725,0.049546923,6.524119,0.2018273,6.71709,0.047908448,7.2972507,0.1744141,7.192693,0.13464165,7.876435,0.06832129,7.8834205,0.042481128,8.394804,0.3830959,8.544124,0.25148985,8.818546,0.27805537,8.968904,0.20402962,9.165659,0.30005038,9.462339,0.076565236,10.324571,0.02455188
08415,6.8229117,0.0831875,6.9810276,0.016104568,6.951823,0.021258635,6.78826,0.17931479,6.826352,0.13705139,7.1182537,0.12434089,7.658315,0.02348328,8.12932,0.00095817936,8.279971,0.15505204,8.156342,0.21242072,9.234706,0.16617706,9.320914,0.13881864,9.729831,0.35989314,9.9911,0.15248416,10.735396,0.064802706,11.291691,0.15809196,11.259211,0.31964517,11.938866,0.5208857,12.772932,0.56447786
08416,7.2528653,0.20859194,6.965982,0.04380651,7.0802374,0.0834675,7.2773485,0.29778138,7.712012,0.27949813,7.902064,0.26062372,8.50703,0.6276794,7.8956223,0.10841582,8.1371975,0.4729911,8.580741,0.086548366,8.881884,0.12001263,9.815671,0.05737735,8.7303705,1.4089135,10.023075,0.83180183,10.052437,0.8918792,9.8020525,1.0103589,12.692782,2.3115468,14.754444,3.956188,11.45623,0.29548132
08417,5.168433,0.0015184786,5.335356,0.052591853,4.8947854,0.23725133,4.9138536,0.112038806,4.7698565,0.2751815,5.167414,0.021621792,5.970969,0.23766315,5.809919,0.0083454745,6.1881905,0.23334545,6.8428073,0.34046024,6.7792015,0.28583422,7.1179094,0.2999764,7.399214,0.013990987,8.328552,0.40881255,8.320599,0.51040274,8.441561,0.15956472,8.714074,0.4308817,9.244472,0.27607316,9.603248,0.09153829
08421,7.691359,0.12065988,8.011533,0.09923011,7.955012,0.06249585,7.926594,0.12785196,8.340362,0.062443275,8.75151,0.16164666,8.949301,0.15887518,9.227341,0.17781861,8.919324,0.1445792,9.044908,0.12260286,9.7338505,0.17578082,10.249146,0.2291071,10.803712,0.45086324,11.20801,0.18303035,11.147527,0.24220118,11.606321,0.2736276,11.654053,0.23389746,12.022383,0.21431473,13.484042,0.18439263
08425,6.381042,0.13771059,6.4081626,0.30855316,6.77801,0.11077207,6.5792155,0.20880902,6.6488256,0.15248463,6.8815646,0.043575745,6.485886,0.22337446,6.8773055,0.39085352,7.1058745,0.41075653,7.6654625,0.3384825,7.873448,0.24982445,8.364797,0.30960336,8.97431,0.18020576,9.413548,0.16448237,9.544239,0.063809216,9.4002905,0.14240499,10.301427,0.09792778,10.850137,0.57351094,10.8133,0.17261122
08426,5.8937907,0.28263798,5.4069595,0.29743564,5.608474,0.42043933,5.8545165,0.2504674,5.6346483,0.038931064,5.942425,0.31618637,6.0665045,0.37877253,6.2933564,0.20621873,6.4061766,0.1071634,5.8577447,0.03988173,6.7810025,0.62802225,6.9785385,0.30905768,7.8987246,0.1304864,7.86679,0.34291095,8.538946,0.30813485,8.450366,0.6157667,8.996342,0.53634745,10.16766,0.41811246,9.40787,0.103790656
08435,6.389099,0.26784563,6.722894,0.113285154,6.987142,0.28697476,6.9802423,0.20212524,7.2480636,0.015990375,7.541124,0.26585886,7.893149,0.19158703,7.86447,0.22751611,8.146144,0.03665891,7.49291,0.25724325,8.422439,0.008508221,8.969489,0.13835794,9.59979,0.21934246,9.821695,0.12372239,10.273036,0.03949329,11.131233,0.14309178,10.799616,0.11683441,11.419705,0.48816338,11.979049,0.34823444
08436,5.505391,0.26981765,5.8253927,0.39747664,5.7129683,0.22066012,6.0300546,0.015626319,6.1360545,0.031571694,6.2177634,0.20236047,6.6227336,0.0065573268,6.85457,0.167543,6.645339,0.06393822,7.131299,0.25397715,7.5376296,0.2476526,7.94003,0.18838692,8.268139,0.0369524,8.77798,0.045623828,8.935418,0.39395848,9.501882,0.31126854,9.833227,0.024319611,10.304598,0.25105503,10.562456,0.10915836
08437,5.1132607,0.18838005,5.137301,0.17022923,5.05549,0.04607476,5.1207294,0.1965437,5.233301,0.09552537,5.2262115,0.066164,5.2713556,0.10450814,5.4287844,0.1255946,5.5546975,0.08133203,5.7868533,0.15112078,6.0312595,0.21053213,6.14256,0.28234443,6.689041,0.1296999,7.0233727,0.13215618,7.805534,0.07237267,7.941038,0.13913181,9.19076,0.29434344,9.71865,0.1696741,9.793985,0.112207055
09161,7.5182605,0.11516456,7.849842,0.1634897,8.417115,0.042952713,8.705272,0.014281293,8.807155,0.026870163,9.344605,0.014957894,9.560748,0.059994843,10.090968,0.07148156,8.487551,0.46680772,9.155461,0.30338243,11.33931,0.100693434,11.878497,0.104454026,11.998823,0.09590636,11.903757,0.13414164,11.692916,0.1674081,12.174513,0.11863746,12.480621,0.0862637,12.768961,0.07551307,13.429524,0.17494048
09162,12.7332945,0.1963502,13.257681,0.075087614,13.457056,0.0029205352,13.342139,0.034675714,13.59103,0.041404366,13.622896,0.26568624,12.78204,0.46571597,15.51915,0.43605253,15.373227,0.41645852,15.803074,0.55485857,22.708117,0.31799322,23.727875,0.26919973,25.08231,0.47388607,25.354511,0.012251167,23.248552,0.069362365,24.276644,0.12035954,23.762323,0.5273752,23.988783,0.34885997,23.86463,0.12837002
09163,7.38613,0.05192247,7.4346814,0.043126214,7.7549815,0.033816602,7.95646,0.07164356,7.875488,0.038273048,8.089517,0.04427487,8.271065,0.009726656,8.618514,0.038858216,8.732598,0.019313922,9.558815,0.041698482,10.2345085,0.007372172,10.584837,0.05388866,10.718575,0.0065128356,11.350542,0.028629722,12.085176,0.02620324,12.539165,0.09153458,12.7828865,0.093485974,13.525648,0.12896745,14.05043,0.13991813
09171,5.444973,0.011030516,5.336786,0.29297537,5.094533,0.33196568,5.258433,0.33687857,5.3505435,0.26666847,5.493919,0.16134852,5.698647,0.045619182,5.992884,0.24506931,6.294849,0.37016284,6.666322,0.26021793,6.893954,0.2655784,7.354218,0.39704496,7.886909,0.74219316,8.257266,0.39965424,8.674438,0.25145558,9.04203,0.19615862,9.556983,0.08796259,9.98013,0.05958189,10.516222,0.037327673
09172,6.506988,0.059927627,6.711873,0.081651665,6.9479556,0.20441929,7.1884975,0.11921822,7.344337,0.13872316,7.697984,0.012946799,8.094188,0.5611825,7.9237833,0.0020669803,8.3936825,0.17825131,8.564252,0.2838547,8.478742,0.018966328,8.957467,0.111042015,9.499833,0.015436812,9.390503,0.16667661,10.048322,0.03835359,10.4736805,0.043210838,11.012952,0.35980096,11.72957,0.18454725,12.0084915,0.13738929
09173,7.602817,0.17210725,8.13756,0.24813731,7.741013,0.08091713,7.7311454,0.1729878,8.146085,0.38910785,7.9828787,0.24080296,8.073524,0.19305235,8.414348,0.26230693,9.155541,0.521784,10.217223,0.71718305,10.086642,1.3006554,10.283309,0.3311137,11.564942,1.2584438,11.8768635,0.042892978,12.087789,0.13596015,11.676575,0.25678787,12.860305,0.3161517,13.765781,1.2155169,14.711684,0.80451137
09174,6.4177065,0.03863905,6.598666,0.12459003,6.442589,0.10816809,6.6337414,0.28409833,6.5523005,0.16950275,6.536705,0.042535346,6.765931,0.009955685,6.8003025,0.08189626,6.8439136,0.20325778,7.7647204,0.19940527,8.249983,0.23607363,8.560476,0.2640198,9.086862,0.038622003,9.483155,0.047998693,10.23761,0.14375015,10.358209,0.5858476,11.105887,0.27907783,11.599834,0.13679515,12.095017,0.5193961
09175,7.8282275,0.07877886,8.847627,0.050109956,9.04128,0.18775384,8.856911,0.13488513,9.112429,0.09093792,9.384018,0.094953746,9.896749,0.025476182,9.843887,0.12311263,10.718863,0.06089322,10.443201,0.07199872,11.622415,0.11456434,12.008409,0.058909945,13.223831,0.12160007,13.094363,0.11865494,13.32632,0.3009645,13.773208,0.31563175,13.839806,0.30730715,14.7409935,0.12525383,16.29883,0.14444292
09176,5.225964,0.17740501,5.1414204,0.40749857,5.297612,0.19037133,5.4094553,0.14401934,5.6484456,0.09414622,5.759113,0.13780911,5.9176726,0.07545979,6.4421225,0.561548,7.8022943,0.96969676,8.1962185,0.835948,7.7130055,0.09568236,7.5350456,0.16043755,8.004242,0.11738593,7.6859713,0.31192842,8.310232,0.09247766,8.432363,0.03593018,9.055331,0.019060308,9.591532,0.15255609,9.952177,0.036586557
09177,7.9115252,0.5564277,7.5949874,0.8340013,7.6179695,0.7234846,7.808691,1.0004019,8.182659,1.0293422,8.565174,1.4688176,9.110149,1.1498183,8.734099,0.96072966,9.395823,1.2238971,9.271006,1.5647945,9.906442,1.4480733,9.722981,0.9608694,11.8941555,1.0041195,11.151747,0.9292635,11.402616,1.0327696,11.719339,0.81527114,11.946045,0.46362427,12.640806,0.8521452,13.182592,0.9617181
09178,6.476641,0.13186648,6.332589,0.10426199,6.4294796,0.17358474,6.331994,0.1757144,6.761886,0.2666764,6.701238,0.006286122,6.6882176,0.35473186,7.112947,0.048885845,7.5975957,0.09075179,8.025895,0.35917103,8.578926,0.30682704,8.946742,0.16446391,9.359699,0.12945677,9.561517,0.1237482,9.86553,0.0006739923,10.158505,0.0962603,10.374844,0.030322194,10.701249,0.025956662,11.395192,0.22635444
09179,8.683602,0.39302632,9.000355,0.34682938,8.977092,0.15364844,8.788574,0.35871583,9.083941,0.24132143,9.26746,0.27908188,9.755268,0.16865852,10.22038,0.13042332,10.948343,0.3005424,11.215472,0.32982302,11.584299,0.612519,12.151645,0.58812433,12.532189,0.13918334,13.697773,0.18447903,13.32453,0.16481689,14.449591,0.1611851,15.33975,0.7678545,16.262516,0.14956798,15.743022,0.0480925
09180,7.405626,0.106711276,7.3028264,0.10408927,7.2749095,0.025758715,7.3506217,0.15851325,7.4948845,0.04699963,7.66876,0.13952781,7.6156654,0.16164637,7.770797,0.15898114,8.107931,0.21743855,8.078985,0.19252571,9.387264,0.1375832,9.335069,0.08447724,9.261483,0.0050620153,9.884477,0.5102865,11.089331,0.6098362,11.1682,0.12213049,11.726861,0.9995875,12.013428,0.55117375,12.835765,0.7971246
09181,5.5043902,0.07199946,5.537902,0.31419262,5.443284,0.024253882,5.6297264,0.15205216,5.461488,0.1776956,5.6647735,0.19989222,6.259087,0.0032361937,6.1692286,0.06058655,6.3730736,0.07765167,6.75111,0.2261835,7.0259695,0.03380351,7.3617706,0.056023713,7.4333663,0.08652444,7.9479403,0.13862804,8.922999,0.37421975,9.04936,0.064773075,10.169237,0.25576362,10.563791,0.17891297,10.96779,0.5400807
09182,8.68108,0.63755536,9.246186,0.0852651,9.134478,0.6830041,8.972184,0.11918621,9.490364,0.23400462,9.398702,0.25269437,10.153099,0.61320543,10.601338,0.014751363,10.939843,0.5358216,11.246856,0.73608184,12.359556,0.5645512,14.071104,0.4982776,14.363363,0.74062693,14.754647,0.053042527,16.213724,0.61911076,16.755363,0.89252067,19.307384,1.0690529,20.428484,0.8979692,22.094484,1.4162446
09183,5.500347,0.025325088,5.675286,0.12965427,5.9733925,0.23352566,5.3937745,0.066729054,5.6135583,0.19215056,5.918757,0.28967798,6.180581,0.0030484656,6.161223,0.25324804,6.3279557,0.057176046,6.567279,0.12759863,6.8819056,0.35940486,7.165761,0.29389575,7.5125165,0.48760822,8.248545,0.40884522,8.560898,0.25679526,8.857019,0.0680897,9.964326,0.085402384,9.700789,0.4585192,10.750854,0.45252955
09184,9.982992,0.32839978,10.105461,0.27431908,9.624978,0.5646363,9.896894,0.25588936,10.12203,0.5250087,10.0906315,0.4365569,10.921836,0.17654437,10.799016,0.30353826,11.38346,0.14555986,13.394955,0.78847635,12.553578,0.19238284,13.444851,0.07118839,13.909421,0.13513058,14.109603,0.16247752,14.932114,0.012801339,14.939402,0.24681193,16.190985,0.49574977,17.359665,0.13743383,19.16356,0.37982157
09185,5.5130963,0.044607423,5.7986526,0.21160065,5.78387,0.1635152,5.7136683,0.06308509,5.735391,0.043511543,5.8282146,0.10689012,6.2879357,0.20760894,6.549309,0.23850784,7.0378,0.15869436,7.5621357,0.19566323,7.856979,0.059538484,8.347714,0.10788597,8.558461,0.01967581,8.954751,0.22225124,9.378855,0.022735111,9.781858,0.10263276,10.598183,0.17279279,10.801426,0.101051964,11.200471,0.22204912
09186,6.4172926,0.06045043,6.141273,0.14715977,6.2162695,0.37047604,6.188728,0.11491781,6.590281,0.1766252,6.848703,0.14021125,7.3820605,0.2370257,7.6831675,0.21722381,9.10978,1.4438382,10.493701,2.273195,8.999614,0.18535526,8.985822,0.40098757,9.475882,0.3591704,9.492928,0.26374063,9.647048,0.45439455,10.239933,0.20068806,10.833475,0.32540315,11.258704,0.19664611,11.683783,0.38197428
09187,6.3569813,0.034068614,6.3974743,0.032717198,6.5364695,0.08268809,6.4559193,0.13100265,6.7858067,0.18006702,6.7653446,0.043304745,6.8906984,0.30938706,6.986319,0.10422453,7.5667825,0.17030504,7.88341,0.2795806,8.128859,0.42711216,8.795728,0.3570804,9.074725,0.14596374,9.180513,0.042680677,9.4067745,0.16826613,10.487083,0.44296733,10.449009,0.32818487,10.832652,0.11262045,11.561769,0.2361687
09188,10.486045,0.06658597,10.135264,0.014166551,10.569028,0.37099752,11.668975,0.30795658,10.9248295,0.035663288,11.665081,0.094851874,11.931596,0.2537954,12.105927,0.025422612,12.45043,0.35070825,10.351885,1.1325291,12.837796,0.009787108,13.665145,0.37598035,15.098526,1.4920121,15.15923,1.865397,16.058222,0.9325306,15.81444,1.2934893,17.238106,0.8257312,18.154785,1.0184329,18.300076,0.6029264
09189,5.899672,0.11331685,5.7523704,0.07613888,6.0372148,0.06592559,6.04216,0.13118155,6.030018,0.16373923,5.842914,0.3298295,6.7207093,0.42727768,6.733359,0.11188171,7.3037605,0.23757666,7.3239393,0.086936936,7.433538,0.00066913094,8.164492,0.17942838,8.673022,0.19026843,8.600038,0.18838271,9.004858,0.2394182,9.923056,0.30685237,10.185216,0.108665965,10.833838,0.20633504,11.055449,0.17485775
09190,9.619956,0.25400943,9.367118,0.22034036,9.311228,0.14209443,9.319071,0.23608649,9.196372,0.06537736,9.42541,0.21047036,9.850487,0.061089385,10.1084385,0.13397259,10.577716,0.14522026,10.697079,0.06354247,11.453182,0.1352561,11.928795,0.17989697,12.426748,0.16371626,12.885501,0.09474113,13.399261,0.6140117,14.303227,0.0508477,14.828707,0.05371424,15.484178,0.12852718,16.06122,0.28202403
09261,6.9447465,0.011948016,6.7669663,0.030609764,6.7522874,0.06290493,6.999497,0.027204288,7.027558,0.0019535164,7.4143248,0.05752934,7.8842945,0.014376373,8.412358,0.0026823033,9.165082,0.034987368,9.13229,0.056574166,9.76617,0.010236337,10.124011,0.014170423,10.628628,0.019483354,10.856248,0.020279953,10.905649,0.007468895,11.297949,0.06306554,11.910839,0.049991593,12.076043,0.09148493,12.762214,0.01892531
09262,5.8912015,0.0020953638,5.961498,0.21155322,5.6649637,0.35734352,5.462539,0.38917965,5.990491,0.46186525,6.395208,0.71679634,6.4236627,0.47642103,7.4865103,0.26749957,7.7427325,0.05632296,8.049238,0.3832322,8.491352,0.5993774,9.4225235,0.44980475,9.5884285,0.107390895,9.5484915,0.39265436,9.542026,0.34601185,9.667146,0.27917314,10.178423,0.29955244,10.385719,0.25618705,10.875431,0.23784097
09263,5.157733,0.0024949212,5.316461,0.013938699,5.389106,0.06400919,5.610638,0.033732075,5.6458707,0.010190113,5.828122,0.007993349,5.9685745,0.027193317,6.783645,0.08805327,8.127712,0.156709,7.4969053,0.010720432,7.4166236,0.0020749501,7.907671,0.040651534,8.463421,0.028618503,8.456954,0.021671714,8.844385,0.010119902,9.016736,0.094265856,9.465396,0.0047478173,9.992971,0.034960035,10.364408,0.030294532
09271,4.6041126,0.09519071,5.110433,0.010380305,4.942814,0.024014486,5.0830097,0.29732838,5.4206586,0.29713187,5.608819,0.6736716,5.831883,0.33220965,5.985869,0.14391096,6.146088,0.13498679,6.3899336,0.145586,6.941232,0.0028945091,6.968468,0.20151539,7.1073356,0.06832855,7.902747,0.0777465,7.4941487,0.03590933,7.651321,0.33060047,8.1750345,0.27081427,9.10262,0.21371539,9.712627,0.8232141
09272,3.9438987,0.09582671,3.9657907,0.09143591,3.83916,0.12064264,3.9905074,0.013020419,4.052359,0.0384299,4.312724,0.15085661,4.413787,0.073583476,4.359145,0.041116685,5.0723267,0.12972069,5.409559,0.31327322,5.721204,0.16713536,6.2105217,0.24282223,6.406218,0.21128105,5.8482,0.0677419,6.006159,0.005390128,6.589575,0.07802693,7.1918507,0.15161882,7.1461105,0.14657968,7.343619,0.13209903
09273,4.866675,0.3084326,4.800217,0.037383597,4.7641687,0.011305334,4.7770214,0.12243732,5.1601386,0.34078172,5.304739,0.1130198,5.5933867,0.030887851,6.2663436,0.328421,6.167471,0.28694093,7.0393786,0.34335655,7.4417195,0.27364892,7.462488,0.33419162,7.925492,0.45387682,8.394805,0.4143973,8.660122,0.379639,8.501016,0.1614015,9.156916,0.17963815,9.492421,0.55965346,10.104361,0.4228796
09274,6.3988338,0.10711644,4.9745393,0.03567625,5.948583,0.21578808,5.0854535,0.4746609,5.837786,0.0029824988,5.9795413,0.09611586,5.430968,0.06747015,6.615144,0.008591238,6.5631847,0.1811578,6.3733897,0.2982513,7.6040893,0.28869727,7.659551,0.034052264,8.931157,0.13842416,8.483559,0.31807947,9.694697,0.28213236,9.854803,0.5448902,10.3487,0.15308943,10.923532,0.18019493,12.069232,0.1326225
09275,4.7297664,0.15642667,4.382917,0.057368286,4.8578143,0.32688746,4.499613,0.5437242,4.5308795,0.10728704,4.551882,0.17290585,4.940246,0.15557697,5.288536,0.1138795,5.317269,0.25605366,5.9285483,0.30340308,6.6764045,0.34816363,6.821533,0.5527471,7.188483,0.77807724,6.8439155,0.43369588,7.496234,0.2324502,7.9709363,0.18279277,8.210208,0.23459351,8.592615,0.13805456,8.870043,0.1033215
09276,4.2721167,0.058948766,4.3544703,0.35800797,4.537578,0.06806185,4.785455,0.05821763,4.8044944,0.03960193,5.04876,0.19348371,5.0221634,0.10237295,4.9132643,0.126382,4.5162525,0.08553432,5.4112372,0.003850747,5.9248185,0.008247655,6.2367635,0.012443867,6.48251,0.18252482,6.347511,0.028720278,6.256699,0.04921294,7.5090866,0.18581316,7.62034,0.08820946,8.031769,0.067615025,8.114471,0.037085477
09277,4.640946,0.47827417,4.564339,0.74291223,4.6754327,0.29765886,4.257335,0.1013446,4.761162,0.19951186,4.516439,0.05401243,5.0331798,0.2619302,4.909719,0.029088097,5.3231697,0.021406313,5.3161607,0.19554693,6.1898255,0.26394194,6.4063225,0.060242686,6.5550413,0.32201856,6.5600767,0.047316425,6.8127856,0.019077022,7.5377192,0.19625644,7.5374923,0.17400591,8.2839365,0.1704505,8.390127,0.02068091
09278,5.1422668,0.072346166,5.0350065,0.13480225,5.175018,0.3103051,5.309148,0.14100118,5.7448874,0.24050534,5.480473,0.21409543,5.7133503,0.35445008,6.41501,0.6257717,8.669763,1.544011,7.5141096,0.42188367,7.433059,0.17974624,7.6992455,0.3759101,8.498189,0.45238218,8.1606865,0.38855535,8.746176,0.3440091,8.858249,0.4722259,9.291123,0.31884184,9.73157,0.0065490925,10.006987,0.10515594
09279,5.1394053,0.03769438,5.063962,0.095258825,4.9809456,0.0919474,5.1067576,0.042850003,4.9915214,0.010110152,5.4184456,0.14826393,5.8497477,0.31928876,5.9234905,0.24324141,6.563356,0.45874956,6.3332357,0.6620231,7.1896515,0.04534821,7.1271973,0.21477787,7.3324947,0.13119236,7.51074,0.039341085,8.134197,0.2625419,8.912089,0.019016856,9.602673,0.24644278,10.174365,0.16442133,10.172263,0.03337783
09361,5.5670633,0.1008819,5.5525565,0.063284874,5.9079285,0.0740547,5.8714194,0.21698858,5.614658,0.0824049,6.2337036,0.0042424793,6.3216534,0.12940337,6.658822,0.19778149,6.9027987,0.1486548,7.493511,0.06519359,7.5779824,0.14188094,8.017875,0.109984554,8.13987,0.15365726,8.527936,0.15203261,8.983907,0.14112586,9.257502,0.11733143,10.168757,0.0021193714,10.6015625,0.03074586,10.276585,0.20334868
09362,8.394351,0.07373429,8.573853,0.08571774,8.484714,0.11804756,8.675896,0.0838498,8.831728,0.07104776,8.848123,0.20586666,8.50444,0.29985043,9.583308,0.13615151,8.954983,0.23807132,8.881304,0.099076584,10.446059,0.18219349,11.249349,0.12779845,11.75537,0.091347106,11.888073,0.15545167,12.064724,0.112125404,12.312169,0.19538662,12.575834,0.16402519,12.834795,0.20670998,13.904037,0.09302508
09363,5.1251554,0.042112377,5.274614,0.00048815735,5.6634474,0.096438326,5.770565,0.09907072,6.1748114,0.029457193,5.9741764,0.10968587,6.219936,0.03825193,6.0697265,0.21180832,6.0937786,0.15626618,6.478706,0.01884566,6.904442,0.07839892,7.020499,0.09338977,7.171306,0.17336832,7.531217,0.4247137,7.2674837,0.43265045,7.859973,0.32857326,8.698506,0.08988827,9.533149,0.14510712,9.904325,0.16528198
09371,6.4645805,0.6792258,5.339313,0.24453291,6.073251,0.33163917,6.5135207,0.5435702,5.7551165,0.73137885,5.0158634,0.74391043,6.2143235,1.0949769,6.9049463,1.4288603,7.102849,0.76618487,6.637789,0.52533066,8.521809,0.8617563,7.0052986,0.8792375,8.404748,1.584846,8.154492,0.56228846,8.256427,2.1194208,8.887252,1.0847894,9.162253,0.23413727,10.183094,0.5079912,11.378671,0.6672471
09372,4.3572917,0.26950067,4.438966,0.1284065,4.4576745,0.08621565,4.1472588,0.025600765,3.9567225,0.050531182,4.296632,0.135372,4.5998783,0.13154109,4.6698613,0.1921616,4.713039,0.30949894,5.3679047,0.17905284,5.7227654,0.060116958,5.7958755,0.09891884,6.0863476,0.014599539,5.869192,0.04916529,5.907792,0.30091697,7.177471,0.3252718,7.311435,0.21484292,7.63426,0.3489071,7.9306297,0.39590648
09373,4.9670863,0.19912201,5.3272376,0.08887671,4.992634,0.016417464,5.248958,0.22007789,5.1458817,0.65980095,5.88098,0.4519038,6.0013857,0.29155996,6.3296385,0.4900016,6.6818595,0.117086515,7.3906407,0.3218584,7.3714466,0.19439186,8.001476,0.040461764,7.616832,0.25994816,8.955709,0.014268827,8.420945,0.34869102,9.485158,0.34589043,10.398342,0.111764506,9.794802,0.09670807,10.810868,0.05653688
09374,5.113031,0.092371136,5.251717,0.19075419,5.445589,0.06144569,5.812001,0.4861049,6.104279,0.1489672,5.9558954,0.053554766,6.209145,0.11824793,6.0914865,0.08197235,6.0871997,0.049924392,6.532324,0.0812702,6.9490423,0.27399516,6.946133,0.1231966,7.2788134,0.086084664,7.6723304,0.0962741,7.4630957,0.05100289,7.8946705,0.0005098476,8.611505,0.11687602,9.377704,0.004695006,9.781753,0.028828401
09375,6.1164885,0.014322992,5.9602885,0.0137235345,5.8844333,0.37300536,5.9843497,0.21831731,5.7003255,0.13584995,7.0136337,0.48353243,6.9464164,0.09778373,8.001014,0.627869,7.752309,0.10028404,7.708359,0.06298325,8.5948925,0.1532605,7.7304034,0.16579099,8.802275,0.16626361,8.567883,0.5761781,8.743353,0.5146063,9.374266,0.5183614,9.019831,0.32347712,10.410174,0.39313018,10.908038,0.09803857
09376,4.2308884,0.38159186,4.724025,0.037587743,4.4739656,0.13793314,4.184241,0.20366053,3.7513654,0.0004237771,3.887402,0.24820225,4.492268,0.3796629,6.0296845,0.20487571,5.785034,0.00010851085,5.6166615,0.25114122,6.5306187,0.42039979,6.452165,0.077278145,6.7687526,0.26371393,6.153506,0.3950029,6.423961,0.93702173,7.413469,0.3007237,8.237146,0.2634274,8.849736,0.3301195,9.35539,0.005456771
09377,3.6890938,0.5616662,4.9215417,1.035538,3.2489445,1.5482202,3.7030685,0.4067948,3.327499,0.860367,3.849124,0.29848167,4.138742,1.088571,4.275237,0.3860368,3.8026624,0.33165953,4.2600145,0.26881614,4.4579315,1.4541081,4.2313495,1.2308213,4.534933,0.73507935,3.6610324,0.5760624,4.500615,0.65977186,5.4304466,0.81684023,6.47395,0.7956328,6.621422,0.6526093,5.6748714,0.3902039
09461,6.2768245,0.00027760924,6.453754,0.068280675,6.891552,0.116278335,6.8533745,0.116625234,7.5207915,0.043826874,8.173946,0.07361724,7.9444213,0.10453461,8.298816,0.12262186,8.503692,0.09905504,8.569947,0.16562155,9.217873,0.008489682,9.84243,0.004460203,10.178226,0.020406853,10.650871,0.062394276,10.581204,0.08451915,11.093221,0.034010123,11.243621,0.0023513637,12.02711,0.018620454,12.405202,0.097651236
09462,5.97581,0.016334254,6.0797763,0.009976596,6.3518124,0.03983582,6.4865522,0.052095458,6.8809214,0.116586424,7.1514525,0.029007927,7.554082,0.016369559,8.266167,0.14131044,7.873474,0.12794432,7.886766,0.00753005,8.469322,0.0129761,8.924245,0.027048104,9.364077,0.023935448,9.810727,0.005147235,9.9030905,0.009202797,10.310431,0.04243317,10.5167265,0.011962672,11.067185,0.021086542,11.542078,0.046762265
09463,5.4128036,0.035181742,5.257495,0.024290675,5.4785566,0.03162912,5.704858,0.007128759,5.828891,0.03798515,6.0905695,0.011181348,6.5601506,0.01769814,6.7220664,0.016629867,6.855192,0.02373164,7.0323052,0.04205301,7.32637,0.017763125,7.572125,0.01614392,7.7950664,0.014640892,8.153563,0.009310536,8.490816,0.03959287,8.508682,0.005630327,9.086431,0.04567927,9.280823,0.011864484,9.576356,0.025394352
09464,3.8206856,0.02584869,3.6802294,0.1277259,3.9820364,0.0699263,3.951161,0.13925919,4.1253476,0.073800825,4.232786,0.021969989,4.4864435,0.0029268323,4.341172,0.054907482,4.741012,0.048705965,5.140967,0.047788013,5.6764197,0.004636104,6.0318856,0.018534184,5.922786,0.009310238,6.2756042,0.044541813,6.286991,0.03635753,6.85246,0.016446944,7.6016064,0.16321388,8.000511,0.067773305,7.8113346,0.054344535
09471,5.0387135,0.22625105,5.2598004,0.20686635,5.5963273,0.08578559,5.5502915,0.07200045,5.727106,0.05022095,6.212161,0.17057973,6.191538,0.045079887,6.263896,0.3054785,6.7555795,0.045091454,7.155267,0.18676493,7.4083796,0.01617206,8.13584,0.10649203,8.522945,0.33235547,8.560378,0.35436326,9.073333,0.33141848,9.547061,0.4334206,10.014372,0.50791824,11.131382,0.8456183,11.149268,0.64046544
09472,4.5045342,0.678948,4.7362075,0.56701607,4.9400883,0.11313457,5.080058,0.04992363,5.3512836,0.17984575,5.535385,0.18166533,5.9328313,0.5386202,7.145595,1.4010916,6.644276,0.42135435,5.429853,0.23565888,6.5638685,0.1703546,7.4112444,0.7272866,5.4448605,0.51383126,6.130119,0.048285242,7.54395,0.4592595,7.11492,0.042677313,8.25098,0.14752871,8.73471,0.35352334,8.517055,1.0522052
09473,5.053127,0.35226294,5.2142615,0.37776187,5.136984,0.33038068,5.5873303,0.27004328,5.831688,0.3240629,6.1810417,0.29220548,6.5752835,0.45552266,6.530656,0.38863635,6.6114097,0.46585688,7.202235,0.6539913,6.8444037,0.6443937,7.275912,0.47467047,7.445151,0.5795613,7.46948,0.6787695,8.04184,0.5810829,8.225023,0.18462862,8.983995,0.6296714,8.83581,0.5053493,8.972589,1.1340787
09474,5.3609505,0.6011035,4.787902,0.5792406,5.3718166,1.3588971,5.2907195,0.56662244,5.8289766,0.34031945,5.7768025,0.43986443,5.7003694,0.6198127,6.4463654,0.48321253,6.498595,1.55647,6.493112,0.352246,6.1235685,0.69083965,6.539695,0.38275042,5.965629,0.34214014,8.0416765,0.18545233,7.1788993,0.8507555,8.167471,0.8206731,9.552301,0.689092,8.894987,0.37287608,8.701684,0.22001356
09475,4.15823,0.27986667,4.276636,0.48672655,4.2646985,0.07941988,4.3596473,0.26618966,4.4699903,0.1125771,4.0068936,0.27920753,4.2754316,0.14924361,4.1990523,0.18941861,4.218812,0.03101242,4.290699,0.16895185,4.7161493,0.260566,4.8279657,0.23247829,5.6289024,0.7959132,5.3290186,0.20340489,4.3725567,0.62832576,5.8519435,0.26196465,5.9276137,0.3404619,6.474829,0.28962338,6.6674027,0.5964181
09476,4.7515755,0.18948616,4.7045,0.25928897,4.8490806,0.11126749,4.8923373,0.0132874185,4.717417,0.12456169,5.4580894,0.035294693,5.562129,0.08840407,5.7152963,0.025352819,5.7179728,0.07332412,5.902402,0.061858606,6.1782484,0.0065776,6.0366616,0.0692272,6.857805,0.40687147,6.6505337,0.32092196,7.078566,0.23203957,7.5270824,0.26163453,7.7245765,0.26723096,8.658669,0.18372555,8.529247,0.026362695
09477,5.5351553,0.64362985,5.316263,0.6112497,5.2652497,0.018393278,5.1906867,0.021932855,5.7804937,0.13839236,5.3462977,0.53918225,5.6391997,0.40711835,6.0749397,0.59001684,6.0988436,0.6372988,5.9798365,0.82472444,6.499299,0.050044756,7.633841,0.4804905,6.5250916,0.032848768,7.4893904,0.89622897,7.44533,0.67018163,8.362334,0.040743668,8.985061,0.5337826,8.7884035,0.33943424,9.625579,0.6419325
09478,4.090177,0.016531963,3.9604557,0.16391994,4.1359096,0.0040509393,4.1787004,0.18076438,4.4268975,0.038832717,4.330551,0.24071646,4.5427775,0.04849908,4.7016873,0.1260002,4.8579144,0.24370234,5.09181,0.16765691,5.5700893,0.010686178,5.273959,0.38347346,5.4475746,0.3250029,6.3620667,0.0022754017,6.852144,0.5670196,7.1970816,0.37716755,7.6749873,0.47566295,8.722649,0.7958248,8.463553,0.23210946
09479,3.5649946,0.24030985,3.8221462,0.11226949,3.642806,0.15445136,3.7711387,0.29229364,3.599423,0.2193984,3.7499344,0.24581188,4.2305913,0.0945139,4.348611,0.07703807,4.403333,0.06936893,4.517015,0.014766075,4.275236,0.043385483,4.5791073,0.15619195,5.0829678,0.17509918,5.1443143,0.1268832,4.75329,0.025174348,5.50831,0.2176281,6.905936,0.12542526,7.440808,0.19533087,7.2076745,0.5229046
09561,5.2214775,0.039024014,4.964061,0.031309303,5.306559,0.013759495,5.47163,0.091132425,5.6513143,0.10150378,5.7524104,0.12739179,6.280764,0.08807146,6.3855906,0.12913015,6.4186115,0.16753067,6.799204,0.09966839,7.008691,0.23194961,7.473704,0.2186076,8.022723,0.21207123,8.324568,0.1445669,8.733343,0.3109112,8.967249,0.009592498,9.121026,0.15749681,9.664439,0.25569493,10.046015,0.2186921
09562,8.423632,0.26009515,8.336233,0.26291797,8.284514,0.29322296,8.355118,0.25863814,8.889014,0.19571692,8.968164,0.27280015,9.001409,0.35049322,9.766302,0.32400388,9.678729,0.3232024,9.615931,0.4194224,10.414429,0.25268117,11.221333,0.50257313,11.390447,0.5357613,11.664615,0.331968,11.627906,0.5248948,12.243167,0.42146757,12.2475815,0.54386973,13.012395,0.31527913,13.517096,0.2917579
09563,6.470711,0.17147729,6.5195026,0.18389769,6.6087956,0.120666645,6.65352,0.06798275,7.0229397,0.09018883,7.4580684,0.049998507,7.9693,0.19103187,7.8640804,0.053611863,8.103636,0.102136195,8.141348,0.19006583,8.911717,0.07109259,9.229903,0.05559661,9.694998,0.0070949118,9.756875,0.04120174,9.350395,0.085809544,10.0339,0.170817,10.412246,0.3672937,10.564326,0.27986303,12.428132,0.37588984
09564,6.6040316,0.11809512,6.7042613,0.10830698,6.927598,0.09229688,6.992055,0.11339964,7.138198,0.10679725,7.349267,0.12120371,7.475106,0.11600765,8.253605,0.20888358,8.605081,0.21315797,9.1322775,0.15148014,9.85954,0.20434707,10.353103,0.21543895,10.910755,0.062260367,11.324852,0.072506845,11.15037,0.038745504,11.461749,0.009467453,11.69237,0.13735904,12.463141,0.098399214,12.958922,0.19196005
09565,6.384407,0.20901234,6.2486033,0.10620484,6.158412,0.05147925,6.259572,0.013193618,6.534017,0.13182029,6.8599186,0.04728317,6.990592,0.005382164,7.3192186,0.2946383,7.650232,0.02009423,7.8787384,0.082863,8.351331,0.20471622,8.533543,0.17042881,8.54966,0.04023008,9.273418,0.112665735,9.961864,0.08571134,10.00035,0.006218986,10.757431,0.10855423,10.988088,0.053145256,11.447582,0.22929534
09571,4.423449,0.029603435,4.608387,0.47914165,4.038102,0.570379,4.639677,0.11357113,4.944044,0.14554784,5.100969,0.3378335,4.954409,0.12390361,5.356414,0.3554171,5.316901,0.28523025,5.796359,0.059689704,6.307463,0.3794956,5.964971,0.47775578,6.528066,0.37699243,7.368853,0.32598984,7.8672824,0.46726415,7.46341,0.17560665,8.623981,0.26215142,9.437327,0.49906036,9.397411,0.8681845
09572,6.252308,0.056105528,6.256041,0.12162492,6.4088287,0.18473679,6.5859756,0.33902347,6.766667,0.24082598,6.816304,0.14192343,6.9169135,0.24235786,6.9050746,0.23371929,7.29894,0.17293411,7.868804,0.24996108,8.085714,0.14451274,8.83161,0.13022661,9.721512,0.042680103,9.204829,0.3358314,9.020219,0.19678327,9.552426,0.22555122,10.215528,0.28004754,11.0116825,0.73913467,10.765131,0.12396525
09573,6.274609,0.36902753,5.676988,0.019373769,5.7893944,0.01720789,5.321691,0.08779982,5.6108274,0.13026696,5.7711806,0.19120072,6.315504,0.006234692,6.555928,0.026944699,6.5889215,0.18978594,7.2187467,0.96085095,7.3640103,0.080955274,7.3558416,0.16712014,7.8331027,0.13082875,7.9054265,0.45066255,7.8683324,0.06620605,8.927423,0.077644885,9.078051,0.24766657,9.69286,0.3906876,10.274195,0.26731852
09574,6.1354623,0.018367222,5.9832397,0.11151192,6.019612,0.112184905,5.786468,0.05400295,5.9730344,0.044444796,6.382542,0.113187656,6.6995583,0.16644454,6.620671,0.04475358,7.2103734,0.34721005,7.246094,0.19090526,7.250693,0.041878168,7.40048,0.20890826,7.6995726,0.1806554,8.040804,0.4704145,8.300274,0.24796765,8.746432,0.5687564,9.395755,0.3320126,9.862074,0.16559699,10.214253,0.09207579
09575,4.3430424,0.060744,5.881109,0.5260779,4.4923267,0.2130671,4.7626047,0.0688801,4.865351,0.05880176,5.397071,0.15609251,5.606965,0.026103256,5.558998,0.027686683,5.5519767,0.13329516,5.9203506,0.022746887,6.0676537,8.499283e-05,6.061615,0.031286176,6.5980206,0.45723584,7.4000273,0.4598681,7.8439918,0.34266198,7.817514,0.34565443,8.811246,0.3988207,9.0821705,0.123718806,8.854063,0.19637643
09576,6.010836,0.066529185,5.4386096,0.040289085,5.208171,0.036203183,5.2134085,0.09874843,5.2212615,0.085912965,5.3072696,0.004159136,5.615106,0.30675742,5.7224593,0.10652991,5.807116,0.08399549,6.122503,0.07770042,6.4571347,0.20965904,6.5116935,0.03361716,6.8206086,0.041760955,7.1154814,0.15337789,8.170794,0.16429244,8.476301,0.03545198,8.990033,0.010412052,8.994325,0.06388784,9.340864,0.42634916
09577,4.7951403,0.09725253,4.9338703,0.16224952,4.804821,0.384752,4.897454,0.13241147,5.064248,0.024741588,5.2012773,0.017637486,5.2357297,0.13291371,5.4932065,0.019097693,5.3324714,0.22729158,6.02201,0.092838705,5.952976,0.35193205,6.040557,0.21579704,6.78018,0.07561028,7.330018,0.3498585,8.049614,0.5151936,8.186361,0.12141753,8.6664505,0.4380461,9.16725,0.31681836,9.53163,0.08064183
09661,6.87895,0.005386589,6.9551077,0.019133758,7.0182853,0.009005709,7.1465287,0.026782,7.2574787,0.049646992,7.4835296,3.439246e-05,7.7563415,0.004173688,7.9355407,0.020124169,8.521646,0.017180542,8.572065,0.05508525,9.091548,0.07018356,9.430927,0.031356346,9.827058,0.008087227,10.456179,0.022504289,10.702196,0.08243673,11.250248,0.07141936,11.946094,0.069401205,12.007315,0.08347047,12.338364,0.11974819
09662,4.920577,0.028458932,5.1374836,0.0131456265,5.2088723,0.021567028,5.4089365,0.01531818,5.5277977,0.014898644,5.3390574,0.0029833359,5.663182,0.039924104,5.804387,0.07097592,6.1949124,0.027095525,6.3492975,0.014228427,7.053965,0.022569336,7.8789124,0.19610353,8.513221,0.06637688,8.899192,0.15335338,8.269028,0.0004007406,9.225522,0.04739695,9.359478,0.25413865,10.011912,0.38612378,9.9858265,0.188593
09663,7.1490245,0.12160591,7.2522964,0.064781,7.4319253,0.09438784,7.7450023,0.14458789,8.096637,0.10552668,8.186499,0.10477851,8.48481,0.048408877,9.52449,0.105183735,10.524233,0.11650999,9.679125,0.024732016,10.527773,0.020646593,11.079836,0.037366066,11.297005,0.09473764,11.775111,0.118226886,11.706677,0.043505076,12.290251,0.026129441,12.792282,0.04402819,12.503167,0.04417348,13.661438,0.005595931
09671,6.5714426,0.15059797,6.8428793,0.29041672,6.865225,0.21436034,6.349859,0.14360626,6.60079,0.14533235,6.7615056,0.018717222,6.7145047,0.19323628,6.8774447,0.13595578,7.180685,0.32411537,7.196329,0.28480265,7.7554173,0.43151033,7.8338323,0.33501437,8.089854,0.30112994,8.497561,0.27386704,9.026096,0.3557546,10.251793,0.3686222,10.302476,0.5536599,10.728452,0.413374,10.844756,0.88592213
09672,5.4295783,0.23755272,5.4512978,0.15304951,4.9578857,0.07145854,5.1745186,0.17881267,4.901211,0.19303124,5.458312,0.044604182,5.335395,0.15400916,5.430298,0.26368555,5.6017375,0.16429006,5.7918315,0.2227858,6.070771,0.22471237,6.318458,0.3651741,6.5845504,0.48471093,6.643705,0.19770229,6.540681,0.2738972,6.7702203,0.18684417,7.5103316,0.34565988,7.444594,0.29156655,8.360408,0.30688342
09673,4.907238,0.111741684,4.939866,0.016530281,4.88284,0.07198146,4.934176,0.3191299,5.009744,0.045978762,5.2617774,0.4860025,5.164915,0.04118874,5.3206663,0.11822783,5.3507333,0.26984942,5.8659563,0.08923752,5.803439,0.2758959,6.0104537,0.18541522,6.618813,0.37607083,6.533095,0.30252972,6.9883,0.36546206,7.0435596,0.44545484,7.4345946,0.30893156,8.445358,0.28493324,8.506616,0.647736
09674,4.7244406,0.12977506,4.7589355,0.26725122,4.7698174,0.47837654,4.875953,0.2530855,5.4257073,0.063987255,5.6048694,0.57812905,5.5036726,0.19962431,5.522861,0.18136942,5.8049297,0.25940332,5.9268074,0.10822709,6.139073,0.1024653,6.5945773,0.8062381,6.789542,0.084190406,7.29781,0.8826024,7.840688,0.6790507,8.531602,0.34128103,8.40901,0.063677005,9.076664,0.17574564,9.548898,0.46285936
09675,6.434453,0.08681622,6.6543565,0.20519444,6.3767395,0.08902143,6.457593,0.12865637,6.636224,0.3664595,6.7678676,0.26924914,7.1468024,0.18293087,7.8395844,0.6903249,8.737494,0.74553424,8.818576,0.3830304,9.092275,1.2274603,9.276627,0.94726837,9.777575,0.23181917,10.187863,0.28092054,10.564051,0.17390698,10.978435,0.1155138,10.729772,0.21119945,11.34615,0.54233676,11.8727455,0.6442282
09676,5.799354,0.023891807,4.9577527,0.18407911,5.3333845,0.22631665,5.421866,0.006615338,5.358542,0.10305941,5.90785,0.023522314,5.8044376,0.22032824,6.0123634,0.1419981,6.2336245,0.12575483,6.211162,0.19517116,6.2738,0.17979379,6.3175297,0.00799304,6.486214,0.16926177,7.142657,0.30828875,7.7886806,0.31295094,8.229252,0.5173585,9.135311,0.19085133,9.497927,0.40292922,9.336965,0.29217198
09677,4.136695,0.17991494,4.4915714,0.19004668,4.2401843,0.14988276,3.8749151,0.2534029,3.6892927,0.26788214,3.36162,0.5966392,3.7228534,0.27423242,4.0238447,0.25015002,4.2360187,0.10507467,4.596538,0.35332772,5.5795636,0.52489704,5.393981,0.16184081,5.855003,0.024924463,5.983297,0.08631206,6.9098964,0.08259892,7.813753,0.21510883,6.9307323,0.27186546,8.427483,0.245504,8.258725,0.047891412
09678,4.6429415,0.21993837,4.697685,0.28851372,4.778855,0.23284207,4.9648986,0.08686688,5.221132,0.080681376,5.130483,0.17539512,5.385024,0.13081034,5.3085814,0.024463361,5.5066547,0.00015456714,5.8675156,0.0010011274,6.1453557,0.0719588,6.587676,0.2458061,7.0612755,0.17498267,7.6324954,0.23266907,7.615759,0.15614887,8.358286,0.17165823,8.103738,0.3162862,8.523239,0.53132725,8.625303,0.57405186
09679,6.1580853,0.21300331,6.3043213,0.059928946,5.8344836,0.15421188,5.7189064,0.08248768,5.890928,0.05299629,6.4460173,0.26238295,7.1972513,0.9702555,6.50956,0.09792664,7.8758783,0.33169505,8.668062,1.1998839,8.00974,0.8004834,8.581773,0.5300793,8.390043,0.84664804,9.070607,0.5962797,9.067885,0.594192,9.883264,1.14194,10.101358,0.24218646,10.844103,0.87690914,11.543008,0.7284282
09761,6.799929,0.13292536,6.7201123,0.122335814,6.823686,0.10493873,6.786574,0.05940339,7.096882,0.056699295,7.3261595,0.055154327,7.710473,0.05096479,8.46278,0.009117302,8.570055,0.08000788,8.787468,0.10547389,10.170365,0.01734573,10.720687,0.0021400787,11.260626,0.03832523,11.440489,0.052528024,11.407522,0.09037597,12.180531,0.08459952,12.592431,0.11883866,13.60589,0.10186353,14.126465,0.027666373
09762,5.1136928,0.031340666,5.2667766,0.06315563,5.3231153,0.11411731,5.433598,0.02305825,5.6409607,0.06991706,5.9324226,0.058309946,6.1883903,0.01802751,6.252086,0.01964782,6.833751,0.07437469,6.812901,0.016132005,7.141155,0.030898532,7.350738,0.043113157,7.8299646,0.027205389,8.062007,0.013009845,8.828785,0.016281238,9.32966,0.011317482,10.135745,0.02081259,10.810373,0.12113174,11.240544,0.03321082
09763,5.6975965,0.011277821,6.064267,0.041199706,6.291641,0.010249296,6.290235,0.023872083,6.242818,0.048091985,6.3491626,0.01283507,6.775455,0.010649595,7.0602207,0.064672545,7.4010186,0.06070964,7.932096,0.08027091,8.376097,0.054678887,8.9810915,0.07568104,9.716869,0.06493927,10.664596,0.3182715,10.552684,0.0036356442,11.158075,0.05747359,11.80899,0.16520634,12.381654,0.069628544,12.692167,0.034197014
09764,6.0448647,0.0013227451,6.452446,0.004657434,6.1941648,0.10796739,6.051853,0.021890903,6.152306,0.083375774,6.113181,0.0038638925,6.400875,0.028241308,7.118495,0.15297696,7.4127464,0.18412971,7.823232,0.08390403,8.110232,0.052875556,8.530823,0.17706172,8.960563,0.14730102,9.116991,0.055031426,9.945559,0.11472769,10.196289,0.25159666,10.378118,0.112487994,10.839219,0.11154747,11.826904,0.1310392
09771,6.107149,0.28822875,6.564252,0.23455472,6.276914,0.15403087,5.853438,0.17385966,5.9649034,0.057741515,5.997163,0.1723912,6.7148557,0.5046512,6.3933353,0.21895388,7.051991,0.10380547,7.7934976,0.08991434,7.6974673,0.43430054,7.6673546,0.3868308,8.260776,0.3692473,9.484678,0.69047695,10.875659,1.1806946,10.765612,0.4966236,10.684274,0.13765846,10.999566,0.16152906,12.078841,1.0380266
09772,6.146462,0.2220417,6.094213,0.017359925,6.081643,0.13575068,6.0483704,0.27051982,6.300368,0.04999113,6.661687,0.27067685,6.0202684,0.20385951,6.525538,0.2118094,7.419577,0.25517225,7.230315,0.23362611,7.7677426,0.39412805,7.852761,0.12653446,8.203477,0.24944885,8.420435,0.26608875,8.807871,0.0022116245,9.740449,0.008277551,9.880556,0.6226658,10.324448,0.65977335,10.748012,0.27074823
09773,4.635181,0.603314,5.702134,0.15901938,5.321758,0.6063632,5.347958,0.38753787,5.027798,0.13057391,5.491949,0.40140268,6.7538786,0.19043778,7.1955614,0.77598804,7.0485835,0.83636695,7.506654,1.5206817,7.047576,0.90971786,7.7241187,1.4106566,8.630383,0.8455904,8.241334,1.3835242,9.249849,1.0941269,9.655677,0.818257,9.429779,0.92134213,9.573268,1.1829561,10.362178,1.2098465
09774,4.6528783,0.26474804,4.5999646,0.13003983,4.8311014,0.041922405,4.727717,0.11657873,4.9069233,0.016236585,4.9274044,0.14191468,5.4759154,0.014529513,5.7342696,0.25954822,5.7671556,0.10079021,6.078355,0.04562647,6.2010756,0.1268917,6.4097376,0.06974887,6.688264,0.11795692,7.316284,0.08919108,7.8466163,0.057265658,8.265382,0.26240122,8.619278,0.01924261,9.189152,0.15884252,9.284078,0.0075261225
09775,6.221899,0.0055006575,5.6720076,0.072325125,5.7425857,0.010834798,5.8217745,0.015488099,6.10562,0.081547946,5.9316425,0.062056225,6.546056,0.17952867,6.4362464,0.104133256,7.106453,0.043453194,7.2579618,0.30399236,8.359313,0.24261485,8.065623,0.34481144,8.314848,0.21778834,8.897707,0.30522957,8.976357,0.12550586,9.696557,0.6936665,10.5818,0.39600396,10.391811,0.27693918,11.331053,0.17691506
09776,7.8169,0.043986965,8.788322,0.15224305,8.561043,0.100212194,8.21366,0.15036975,8.492322,0.2389949,8.962237,0.04077885,9.137345,0.03515859,9.281762,0.052163094,9.373846,0.04313182,10.141123,0.2813738,10.025647,0.42530605,10.585864,0.11406665,11.545677,0.34451616,11.606421,0.28327364,11.759516,0.10235175,12.758768,0.01219927,13.453902,0.08684926,13.084184,0.039322827,14.445722,0.11849728
09777,6.3717914,0.082941666,6.4661384,0.07953929,6.6041856,0.23754367,6.4679866,0.20398478,6.4904833,0.16876456,6.8158383,0.23821945,7.0802646,0.18266404,7.307792,0.13345921,7.690662,0.20709318,7.5295057,0.18543388,7.9766655,0.1997225,8.463317,0.24162436,8.618556,0.3952508,9.3238735,0.027977683,9.794433,0.20327617,11.106502,0.11222207,11.4358425,0.2915074,11.737632,0.012618424,12.071739,0.13745913
09778,5.7541285,0.09768727,5.658364,0.000896773,5.845862,0.02801521,5.729887,0.021303385,5.9328566,0.009063637,6.2809906,0.005581375,6.561936,0.00089136045,6.900643,0.02076797,7.511689,0.00403688,7.7024117,0.004073928,8.016397,0.014569631,8.454118,0.1431946,9.315602,0.07219759,9.478477,0.018962001,9.529344,0.040483035,10.181041,0.027676012,10.554143,0.041378144,10.776702,0.029307403,11.136641,0.13890705
09779,5.658722,0.079416014,5.4177165,0.008026271,5.613755,0.14820984,6.0416765,0.16094878,5.548966,0.012923063,6.247003,0.07658474,6.9752865,0.03723029,7.092284,0.053159907,7.310387,0.023500277,7.49256,0.011827512,7.691584,0.12570925,7.9135056,0.348458,8.106031,0.40534067,8.3776,0.15516196,8.924826,0.35461494,9.266415,0.17844585,9.688575,0.06536284,9.847342,0.14804356,10.561118,0.060213305
09780,4.980734,0.25699723,5.4183435,0.12776187,5.567829,0.2165085,5.7960744,0.10502061,5.476476,0.016864026,5.8790197,0.219602,6.106786,0.0139070675,5.8767314,0.09012708,6.194876,0.15397888,7.110631,0.27163693,7.4076705,0.07485676,8.2085705,0.0030344978,8.65937,0.37705585,10.099308,0.41569325,9.078673,0.25587875,10.192947,0.33179542,10.580341,0.23732348,11.226891,0.17409351,11.854305,0.22645174
10041,6.123675,0.04498714,6.3943224,0.07769579,6.2057314,0.044745464,6.276917,0.018775096,6.5955534,0.09297751,6.8092165,0.12806375,7.2295384,0.15525804,7.344035,0.10380166,7.2893953,0.11386159,7.408176,0.040664323,8.040169,0.16614884,8.101263,0.12582031,8.226688,0.15151018,8.501084,0.15324664,8.694038,0.17660643,9.264199,0.12984808,9.546011,0.11199425,9.71083,0.03262553,10.486874,0.06522724
10042,5.303075,0.14771366,4.9937415,0.023344317,5.1888585,0.021560745,5.3758354,0.43661752,5.6204286,0.091936015,5.522657,0.069952846,5.3436117,0.26049936,5.8051972,0.08952298,6.0670395,0.32356298,6.320543,0.15260524,7.0242243,0.30218354,7.3825374,0.15349765,7.638241,0.64365196,7.630797,0.014725294,7.7194495,0.20454827,7.6916304,0.12790935,7.8639064,0.0773267,8.677665,0.04659254,8.707554,0.12105698
10043,5.4892807,0.045855056,4.684866,0.07858506,4.8006377,0.12593117,5.0209365,0.049892776,5.057358,0.18705538,5.3072186,0.27835745,4.8377047,0.16575441,5.026957,0.053939663,5.4709406,0.099470034,5.6388636,0.057861395,5.5378876,0.10859079,5.792078,0.0026233052,5.80193,0.019032875,6.221355,0.18902104,6.396557,0.053132895,7.0766177,0.132144,7.0968876,0.10114462,7.7875676,0.16397366,7.8300853,0.21822348
10044,5.59679,0.22222257,5.087706,0.06693984,4.957504,0.005244207,5.5344086,0.05935785,5.30864,0.12234978,5.2923627,0.027384408,5.065849,0.11266092,5.525699,0.049814917,5.8041096,0.02024287,6.1799364,0.09588423,6.5883007,0.27819964,6.664997,0.06593263,6.991428,0.22370465,7.031359,0.023280097,7.211957,0.1782285,7.22206,0.046336908,7.5657096,0.048547108,8.382514,0.20782775,8.2788925,0.16060705
10045,5.306275,0.05270364,5.589356,0.47341663,5.3992357,0.103675164,5.4150014,0.03209891,5.1593547,0.14341164,5.3529487,0.29807508,5.532051,0.022909664,5.690327,0.14811948,5.8659973,0.14982468,5.907293,0.034870386,6.2659197,0.21398754,6.330366,0.0010030966,6.258926,0.4038562,6.717171,0.21925366,6.7107663,0.3569399,7.598151,0.17164592,8.346672,0.0036869233,8.079124,0.8506885,9.1006775,0.06911625
10046,5.0443244,0.29639405,4.8673296,0.29847464,4.7493978,0.45334515,4.881354,0.26444766,5.036278,0.29110786,5.3515983,0.3362456,5.0834365,0.32596126,5.0517564,0.27553946,5.2759,0.12187251,4.921324,0.15627542,5.686218,0.37449732,5.644474,0.10797705,5.6269436,0.24354348,6.1241417,0.38103157,5.9466457,0.08562116,6.2364755,0.17774594,7.0827703,0.20243089,7.5685596,0.03638983,7.79214,0.56285226
11000,6.674266,0.19210833,7.078887,0.17664917,7.4596796,0.10209358,8.055767,0.04877911,8.913865,0.036594328,9.680899,0.119608894,10.284259,0.1511277,11.090749,0.22492816,11.306141,0.2038286,12.170439,0.38562787,14.316337,0.3697516,15.732745,0.60039425,17.199718,0.20767036,17.812761,0.13158925,18.33067,0.19957025,20.791065,1.0622053,15.856652,0.3030534,16.043215,0.31553742,17.699543,0.074870676
12051,4.592474,0.038073085,4.684937,0.1148659,4.8461585,0.2748417,4.8673396,0.26034945,4.856671,0.2028695,5.0054746,0.21842398,5.1591873,0.32224965,5.11501,0.3829802,4.962803,0.17890786,5.2275047,0.0077058985,5.5098114,0.022991449,5.6558475,0.3651495,5.8641577,0.40019545,6.619102,0.11550513,7.0592875,0.038360618,7.274098,0.04912975,7.5983524,0.113891594,8.648963,0.2704677,8.372431,0.35067302
12052,5.3226776,0.028463822,5.318807,0.028383058,5.2755027,0.03575126,4.848945,0.017276796,4.9931192,0.023623897,4.114471,0.02157234,5.0047846,0.14875214,5.6654434,0.23805226,5.614837,0.20650499,5.714837,0.17130855,5.6149373,0.121650726,5.953799,0.34466523,6.358482,0.22448404,6.182189,0.20232067,6.0658903,0.22587308,6.2684746,0.24728282,6.9655786,0.28394097,7.901284,0.37319547,8.28783,0.34088826
12053,4.8624816,0.49659002,5.512677,0.07365808,5.523278,0.42180213,5.025691,0.18434355,5.397962,0.2622153,6.629357,0.7392315,5.5227547,0.0951426,5.5778017,0.09867506,5.4302325,0.3112105,5.30652,0.48246673,5.330775,0.12652342,5.214981,0.008226854,5.1368027,0.10973476,5.625816,0.10639567,5.9025717,0.07308598,6.0109506,0.0338513,6.3541737,0.21162747,6.533402,0.07229629,7.8577447,0.001886807
12054,7.8878574,0.14876449,7.95902,0.2114589,8.09902,0.025416851,8.346596,0.10365139,8.765973,0.037010126,8.927914,0.04960471,9.052832,0.086701415,8.966955,0.05766432,8.818931,0.1103177,8.844674,0.004937542,9.738515,0.009168473,10.351614,0.019940626,11.02179,0.08620332,13.169999,0.36668846,14.080114,0.2430925,14.393414,0.41671056,12.968208,0.5719167,13.152138,0.9532267,12.866454,0.19093443
12060,4.369506,0.4199976,4.6064596,0.37916446,4.67688,0.32545692,4.6562634,0.42245033,4.67673,0.37317944,5.00077,0.09013332,4.9534116,0.44757336,5.3707423,0.3925931,5.182704,0.14903389,5.896394,0.045447357,6.005897,0.4604602,7.371517,0.7864552,6.724178,0.086207986,5.8197994,0.19585772,6.3748026,0.31663048,5.090832,0.57852674,4.8154726,1.4766881,5.5031652,2.0085301,5.8497133,1.1791768
12061,5.6681733,0.014259916,6.020999,0.05729302,6.0250735,0.25801122,5.9255614,0.22256368,6.0566263,0.18580946,6.2794194,0.1291298,6.563302,0.013299685,6.526499,0.047129195,6.6888638,0.18301553,7.2048426,0.66605395,7.6177063,0.46114242,8.741267,0.34024274,8.970987,0.007775628,10.373782,0.58554643,10.432397,0.010315697,12.278358,0.08539269,12.689088,0.59124243,13.189433,0.09273656,15.029516,0.16687821
12062,3.4272604,0.7365966,3.517701,0.787584,2.8143535,0.7033101,3.79423,0.08525704,3.73766,0.25918773,3.982306,0.075866394,4.1018353,0.15122543,4.9308596,0.23800792,4.4274597,0.16603303,3.9518409,0.9270197,4.8797836,0.2649912,4.952457,0.3957149,4.8621492,0.4814678,4.543486,0.2480376,5.29135,0.41393343,5.1560307,0.03187977,5.4254503,0.17921318,5.0479827,0.43526515,5.502298,0.42879367
12063,6.190966,0.23627481,5.9834423,0.44794562,5.8814626,0.52854973,5.9380665,0.45612776,6.29244,0.33751792,6.2410736,0.36611176,6.4708962,0.23158081,6.4372354,0.045225568,7.141602,0.27749786,7.386365,0.6248668,8.431544,1.4512876,8.954237,0.7334184,9.40261,0.7471352,10.557773,1.0052733,10.371446,1.5578301,11.2696,0.27898756,12.1481285,0.99872684,13.082505,0.29811344,13.014083,0.15511882
12064,4.7356057,0.16033775,5.342128,0.11744678,4.496186,0.032934766,4.8682384,0.024817951,4.577956,0.08370685,4.8427153,0.23529825,5.7385564,0.083079144,5.302735,0.094149314,5.689447,0.06233843,6.2109637,0.07318647,6.400324,0.3683561,7.1423907,0.24917746,7.80899,1.2135177,7.997567,0.37868962,8.866838,0.7041919,10.6043215,0.25094798,10.408805,0.62640595,10.679988,0.436013,9.767676,0.7287632
12065,6.651239,0.61372185,6.5781207,0.40812278,6.949325,0.24632452,7.04496,0.70840883,6.863746,0.68756837,7.184597,0.29824424,7.546313,0.4930841,8.303381,0.5322692,8.1469555,0.6716513,7.926566,0.65932,8.976333,0.71240604,9.412708,0.4259022,9.776442,0.48356548,10.089447,0.533648,10.791715,0.09858065,11.92408,0.30452415,12.096239,0.09745238,13.761184,1.9249312,14.008199,1.6973482
12066,4.740541,0.18176433,4.3426337,0.012790462,4.5794816,0.018554933,4.542568,0.03482009,4.670593,0.059470836,4.7172375,0.09991998,4.9213967,0.12734818,4.5952883,0.27053913,4.696663,0.14227118,4.863792,0.17415622,4.6820493,0.011560254,4.734369,0.036132455,4.6947784,0.030798301,5.0136247,0.06300956,5.199071,0.16033143,7.4165382,0.62164366,6.050982,0.45126307,6.686542,0.036388434,6.9454355,0.08188862
12067,5.7124524,0.4712576,5.2590494,0.0090197185,5.4736056,0.52404577,5.3507442,0.01823762,6.019359,0.006915163,5.9925027,0.18941243,5.9583726,0.43554515,6.0152516,0.33894706,5.2057986,0.17242096,6.09088,0.12583889,6.10706,0.35241628,7.398222,0.8296346,7.9929323,1.2018468,8.202139,1.3162583,8.647479,1.5089997,9.833062,3.2418766,12.825088,2.5230656,14.51288,3.290021,11.7242775,1.8375244
12068,5.7675376,0.14252377,5.5314226,0.9816632,5.341611,0.35779998,5.7006936,0.61963797,5.5349646,1.0010679,6.1778617,1.0337133,6.2678146,0.7320472,5.8756404,1.3267963,6.5184026,1.1480632,6.530667,1.305827,8.230584,2.1354616,8.472112,2.507817,8.674895,1.765973,9.200188,1.3429288,8.410121,1.6770253,8.641077,1.1198273,7.867919,0.55600494,9.897461,2.4436276,9.964959,1.5835181
12069,5.143758,0.18475337,5.13478,0.053847335,5.138538,0.24216792,4.901929,0.036923036,5.117672,0.11105219,5.4802504,0.19049287,5.3665805,0.23895672,5.404162,0.1179146,5.8318715,0.10681447,6.328146,0.31342617,6.9518156,0.45566136,7.4673424,0.3573512,7.876231,0.2917588,7.604769,0.28787962,8.650488,0.3856712,8.971725,0.115175284,9.726983,0.14354181,10.067708,1.0316457,10.440086,1.0457929
12070,4.117323,0.049464542,4.359183,0.11716744,4.2177434,0.11853612,4.3490796,0.14011665,4.3402214,0.14316207,4.295291,0.20189394,4.7371297,0.039770998,4.9326687,0.11370981,4.5988708,0.08669402,4.478165,0.26198086,4.8387,0.048421454,4.806219,0.42310083,5.1604033,0.1346181,5.0480247,0.06757513,5.6360993,0.212935,5.552103,0.3068386,6.9550247,0.1936296,6.9768486,0.38004446,7.042106,0.41933906
12071,4.63473,0.09205708,5.1316,0.12072448,4.7784734,0.20643586,4.656139,0.048195496,4.723039,0.0065083914,4.954284,0.13162772,4.892173,0.004706156,6.023158,0.026561165,5.52774,0.034728818,5.506825,0.1592119,5.8056293,0.07250961,6.0717807,0.062396023,5.60055,0.16950546,5.5684314,0.05541604,5.945466,0.009360506,6.051415,0.07088799,6.7262354,0.15312022,7.209329,0.31290993,8.6284685,0.6602871
12072,4.334588,0.048814356,4.315837,0.08360176,4.281677,0.16456579,4.7008004,0.25962836,4.514971,0.17407353,4.7282887,0.16035986,4.7680717,0.1459902,5.0542574,0.25557315,5.2308044,0.47475988,5.2753377,0.053897057,5.9564466,0.29501414,6.374902,0.028928278,6.8907213,0.021182507,6.947382,0.50106364,7.2126703,0.42086422,7.6066995,0.9363536,9.447474,0.82979816,9.408713,0.6801505,9.385188,0.8589249
12073,4.72783,0.012930359,4.6365542,0.05221966,4.8604956,0.15309331,5.028949,0.099128075,5.178901,0.05870329,5.172213,0.05415768,5.083921,0.096611895,5.374831,0.18347369,5.100025,0.16856782,5.4311037,0.0781338,5.688858,0.14315966,5.553398,0.117811136,5.9281516,0.05131296,5.6682587,0.10989178,6.024286,0.2729524,6.0746937,0.0062817377,6.685523,0.058124155,7.863384,0.17733957,7.5011783,0.09567026
13003,4.08909,0.04748184,4.1960144,0.2876209,4.0599065,0.17267309,3.8339057,0.22919287,3.5334609,0.2946509,3.6724098,0.5152676,3.957823,0.52465135,3.662115,0.41521758,3.7756834,0.30169946,3.9925146,0.2020058,3.9453607,0.25851274,4.1168137,0.20262633,4.2377486,0.10401873,4.425469,0.3228684,4.556247,0.27303275,5.322034,0.32922378,5.4793777,0.16477233,6.063213,0.11039882,7.353821,0.042680945
13004,5.8411055,0.14369762,5.9462442,0.16810101,5.813142,0.119430095,6.061228,0.2496797,6.4167223,0.36670676,6.643009,0.24580406,6.6574492,0.18572195,6.5439997,0.20724967,6.4839225,0.3412043,6.7821655,0.40356055,7.0188403,0.38225234,7.222951,0.44079345,7.542365,0.5284625,8.177076,0.5748148,8.555995,0.5668539,8.755178,0.4398294,9.150051,0.3353114,9.8924055,0.6210922,10.575371,0.73135525
13071,4.880938,0.29673067,3.974196,0.15011322,4.2079506,0.12205482,4.7622886,0.010408595,4.701948,0.2630697,4.3485613,0.029520717,4.541406,0.025802601,4.754529,0.044456568,5.066551,0.1345526,5.1967783,0.339926,5.2563357,0.11380178,5.442528,0.009858527,5.1540394,0.10978979,5.3956723,0.008065624,5.341119,0.08247635,5.8374376,0.13307667,5.9284763,0.42170492,6.347745,0.12396817,6.9792085,0.10506239
13072,6.874512,0.27488336,6.7880554,0.35318303,6.7830844,0.58055705,6.768653,0.79296833,7.0603127,0.47804764,6.7737246,0.43837458,7.041643,0.64229274,7.344579,0.6982778,7.411271,0.6975787,7.3843107,0.7304667,7.63215,0.7101513,7.530667,0.5807848,7.69158,0.46047768,8.0539055,0.1667107,8.173539,0.33147085,9.266453,0.73923504,9.539331,0.56648177,9.9176855,0.5025899,11.172273,0.11576004
13073,6.575985,0.31528813,7.244506,0.28088972,7.0810823,0.16724618,7.3115153,0.09857641,6.991936,0.40067264,7.2616744,0.580153,7.255259,0.42883372,7.2130857,0.044356402,7.0719275,0.034286316,6.732362,0.07213117,7.4199815,0.15988211,7.8264437,0.26051486,8.156797,0.33688492,8.313581,0.21893226,8.636519,0.024005553,9.000233,0.029776972,9.641113,0.068928726,10.969317,0.9027829,11.828096,0.830073
13074,4.998608,0.07389488,5.103722,0.05110642,5.014854,0.22648217,5.218479,0.23612277,5.4735866,0.36154372,5.393346,0.082131855,5.516937,0.37517315,6.055099,0.68340725,5.5295897,0.071255706,5.707295,0.35398737,5.69425,0.05065108,5.718604,0.20294704,5.587787,0.035349924,5.860256,0.26579252,6.168282,0.6809237,6.697252,0.60517335,6.7412043,0.56287646,7.180273,0.294278,7.12657,0.4328404
13075,3.713563,0.5390196,3.8908813,0.44695297,3.9084365,0.54306483,4.3686786,0.39799866,4.350433,0.253989,4.54747,0.22367775,4.8779607,0.044253424,5.1540055,0.17117277,5.430713,0.09689832,5.5249767,0.18783867,5.727356,0.022579648,5.4069386,0.21076769,5.599601,0.14573812,5.506464,0.020425217,5.4006786,0.09033958,5.9453616,0.023212204,6.797771,0.7505296,7.166954,0.27458882,7.445579,0.5025687
13076,5.014391,0.16715091,5.062838,0.1888621,5.025549,0.0013057799,4.604858,0.22460014,4.8509097,0.049343426,5.194257,0.1098161,5.1525054,0.1528138,5.1694884,0.45442733,5.3933544,0.23944958,5.5354753,0.07846702,5.41073,0.091461144,5.522327,0.0031038963,5.9479294,0.10903646,6.425752,0.10413928,6.6010995,0.2886095,6.895426,0.09049822,7.202738,0.1983326,7.8583755,0.23915029,8.159995,0.2997726
14511,4.9524846,0.040633023,4.906613,0.010585681,4.792322,0.08485566,4.651534,0.08415115,4.8546867,0.066327184,4.951506,0.09332495,4.982938,0.03953057,5.0369353,0.07212268,5.1673,0.009317877,5.275609,0.044859234,5.3116846,0.056233123,5.2576437,0.06686836,5.3220167,0.021304496,5.425946,0.018276941,5.6130595,0.029711306,5.626087,0.072244264,5.830518,0.035476778,5.8730907,0.07239077,6.052819,0.07938107
14521,5.067376,0.48009044,4.983303,0.48292598,5.3002357,0.3502552,5.461335,0.6167387,5.420712,0.3036941,5.1941137,0.24955268,5.296849,0.26873818,5.483953,0.57975376,5.275229,0.003937131,4.842653,0.0013270994,5.1323924,0.19268176,5.6881294,0.20490387,6.062749,0.4176784,5.1217084,0.14095746,5.0787315,0.01053431,5.7843914,0.092312105,6.101422,0.081298724,6.221221,0.43992722,6.4649563,0.3083341
14522,4.537439,0.48508498,4.9275384,0.07483504,5.0137935,0.25351822,5.147298,0.2335677,5.135977,0.0641591,5.099274,0.11311483,4.928289,0.25074336,5.4482775,0.1959645,5.0307674,0.15936635,5.335144,0.0014784863,5.3686113,0.18219633,5.793862,0.55220985,5.699762,0.3404726,5.6048574,0.12490527,5.406479,0.32623366,6.125662,0.33682767,6.3162045,0.11267067,6.371505,0.40723914,6.494241,0.34828746
14523,4.7118134,0.57006526,5.3165803,1.4580436,4.875386,0.68204266,5.1433926,0.7514071,4.676458,0.35558295,4.592835,0.52307135,4.5677633,0.75500125,4.757017,0.60592675,4.3299227,0.07725615,4.2900143,0.12650888,4.272634,0.20436512,4.497117,0.069093995,4.643335,0.20651755,4.6076984,0.4859243,4.1502905,0.71147543,4.9648895,0.30711275,5.670929,0.41506463,5.2612286,0.13833761,5.3614874,0.011835502
14524,4.3604345,0.1369645,4.309379,0.50056,4.165523,0.16947076,4.4012723,0.17790586,4.381808,0.15355594,4.625583,0.24073976,4.389379,0.3093985,4.102964,0.38820532,4.4257374,0.057796866,4.567345,0.12505412,4.7740717,0.09002573,5.1693983,0.05951239,5.0059485,0.019822469,5.067589,0.15920596,5.655796,0.1966267,4.931231,0.19550383,5.476312,0.090314634,6.1826253,0.14590295,6.615628,0.41465148
14612,6.2001224,0.1383421,6.4049563,0.15838978,6.3920913,0.08087368,6.5409255,0.024059061,6.9604163,0.1227966,7.3952026,0.08222527,7.847962,0.046112,7.946281,0.021346211,7.937882,0.10720605,8.145864,0.17894836,8.991075,0.15708658,9.075345,0.30345607,9.279704,0.23222457,10.182347,0.2371652,10.226656,0.13184586,10.970474,0.091118895,10.548986,0.16193964,10.558169,0.18643554,10.823751,0.058402408
14625,4.5891647,0.30468166,4.729945,0.12108232,4.9942007,0.17894477,4.5046263,0.39024377,4.9581294,0.23409653,4.9368443,0.08913477,5.1076856,0.3116428,5.1823235,0.06446747,5.3367567,0.36029673,5.339717,0.283519,5.0084863,0.7479976,5.719964,0.40438288,5.6946583,0.52724236,4.5192347,0.94212234,6.631098,0.7224485,7.173505,0.0432427,6.6376534,0.47204006,6.587664,0.30266133,10.317466,1.1707952
14626,4.3279405,0.30857375,4.2894626,0.096713096,4.965271,0.4439439,4.849565,0.44454116,4.8916836,0.12485176,4.6390715,0.012508214,4.52458,0.39362738,4.638891,0.11651502,4.54498,0.18127578,4.86859,0.14628421,5.047364,0.2187317,5.1698594,0.13383906,5.337233,0.3317074,5.4423814,0.34546304,5.521871,0.38602215,6.553282,1.8064135,5.8115864,0.0065937713,5.718526,0.005361901,5.813516,0.49963406
14627,5.530807,0.18069433,5.5681667,0.20255275,5.702816,0.1768572,5.840089,0.11156559,5.9201994,0.11581857,6.122404,0.08725104,6.389283,0.13329585,6.4313254,0.074797794,6.4161367,0.056190316,6.678227,0.06299852,6.456275,0.12119342,6.8652897,0.13662934,6.8472104,0.06071962,7.236349,0.10710679,7.4294095,0.048727978,6.9255915,0.6408737,7.7251105,0.4342912,7.990923,0.22562772,8.898846,0.106175184
14628,5.424027,0.14004613,5.4546027,0.10977275,5.7074757,0.07505255,5.895022,0.07523823,5.8862357,0.114421934,5.952031,0.18454671,6.5258474,0.18523692,6.6106896,0.01631186,6.964445,0.04077103,6.9923067,0.20229052,6.876889,0.4033636,6.763531,0.3135228,7.0055046,0.4443364,6.632243,0.67289704,6.974499,0.449085,7.423671,0.27628598,8.538854,0.97440815,8.4232235,0.31958878,9.336644,0.046178993
14713,5.44651,0.11678382,5.3212357,0.16594777,5.3813233,0.18034369,5.210092,0.16748956,5.530487,0.21019222,5.6603494,0.20985456,6.182211,0.2740388,6.7597623,0.41250944,7.3172617,0.35589555,7.546978,0.3448669,7.832823,0.37643063,7.9729056,0.3555593,8.444344,0.36101723,9.235255,0.39066488,9.15443,0.40615448,9.633735,0.42455655,10.217661,0.3482634,10.57466,0.3083104,10.722095,0.28844345
14729,5.333076,0.28923446,5.456396,0.5599988,4.987893,0.12606288,4.8055496,0.13825376,5.0192738,0.020564837,5.3847528,0.120424524,5.410223,0.113092564,5.6406927,0.24481931,5.273975,0.12837115,5.5503325,0.07929387,6.0442815,0.021745812,6.0012283,0.040112223,5.856217,0.07356046,6.04438,0.120194,6.2546825,0.07069673,6.164628,0.03107439,6.9387083,0.098199345,7.3454003,0.04310364,7.0483174,0.12109975
14730,4.065742,0.6255573,4.782392,0.5917243,4.3818593,0.6141939,5.0820394,0.18917057,4.7779346,0.5213425,4.661529,0.19891001,5.3869004,0.15182742,5.1662703,0.3324473,5.109082,0.4390646,5.127709,0.08017618,5.8863645,0.058445577,6.0100613,0.17884953,6.076238,0.18970372,6.129442,0.34149724,6.8420434,0.3339249,7.7709293,0.59003747,7.1893945,0.17864253,7.9083443,0.079031676,7.7869105,0.8203514
15001,5.105026,0.17486529,5.1818547,0.18348862,5.324439,0.06322131,5.438532,0.097185306,5.476492,0.118379384,5.5666933,0.24364014,5.7001805,0.25457156,5.7318134,0.28867507,5.878556,0.21523741,6.187271,0.37728542,6.2927895,0.24068971,6.74163,0.40224847,6.747266,0.3741492,6.3687654,0.2806032,6.5729575,0.3489702,6.635935,0.35537207,7.1386156,0.40981987,7.6541615,0.60418564,7.915356,0.5960781
15002,5.419507,0.034655802,5.4015217,0.031219408,5.3993835,0.03848736,5.484457,0.008415104,5.799319,0.073224045,5.9074745,0.08594417,5.830286,0.039909203,6.247133,0.11200723,6.218462,0.013666766,6.426426,0.035241894,6.4668245,0.09304371,6.7258644,0.035182107,6.815903,0.13100696,7.028342,0.33681655,7.170656,0.24794038,7.6668234,0.18477039,8.085667,0.10151221,8.545906,0.24616526,8.878114,0.19908203
15003,5.333185,0.33151957,5.32323,0.22810529,5.3528576,0.1609045,5.463197,0.1340695,5.763624,0.119104855,5.885041,0.026498837,6.080868,0.029899765,6.2046475,0.057711817,6.309713,0.056385495,6.659054,0.025760902,6.7555532,0.026286285,7.1555963,0.12081065,7.210357,0.0907879,7.174195,0.0690626,7.396427,0.15126213,7.665574,0.105627485,8.154611,0.11782321,8.299769,0.12779832,8.653711,0.0083825085
15081,4.256219,0.28346097,4.323583,0.29609904,4.450021,0.25716677,4.2627583,0.066183686,4.349814,0.016591743,4.3892727,0.08719579,4.271105,0.036400802,4.0688767,0.02673993,4.7214646,0.027236974,4.4763412,0.104997426,4.6346025,0.14938317,4.7074513,0.07290088,4.9203925,0.014855687,4.8336287,0.016101008,5.2674303,0.031784374,5.1616054,0.014210476,6.326802,0.038969323,6.2624564,0.49703816,6.267237,0.33647925
15082,4.1807537,0.22693358,4.0951,0.17455506,4.589446,0.009552276,4.371548,0.26864165,4.5759473,0.029076135,4.745278,0.014117821,4.735455,0.08273709,4.778933,0.20455265,4.989609,0.020492777,4.929958,0.044011112,5.108465,0.09067777,5.410961,0.13628061,5.420033,0.2224273,5.242513,0.088046245,5.159746,0.0033062077,5.4721255,0.08109849,5.9812956,0.019260969,6.0574994,0.37293026,6.4145494,0.14188263
15083,3.9690843,0.47186875,4.1534734,0.40307975,4.2278,0.29634854,4.677039,0.09666558,4.503371,0.22215581,4.4459906,0.031948496,4.480261,0.0104667945,4.5711784,0.21598382,4.6019855,0.0217559,4.6922526,0.14936611,4.683696,0.14610481,4.8500333,0.22507288,5.1419168,0.08543489,5.0909104,0.04011168,5.0990562,0.13588499,5.433486,0.029585307,5.606635,0.23709133,5.933115,0.009344472,6.168736,0.10748873
15084,4.660285,0.020319724,4.589202,0.009972402,4.4325905,0.089093044,4.8978987,0.23655188,4.4224677,0.068128824,4.7772875,0.23692594,4.446928,0.19153409,4.6049643,0.069566205,4.7175236,0.27144805,4.4945607,0.24846141,4.3698497,0.33608058,4.819953,0.204008,4.976427,0.12854041,4.549636,0.18507004,4.991274,0.26145104,4.956027,0.4414719,4.570508,0.32699898,5.3671303,0.6094081,5.3470263,0.9338216
15085,4.307391,0.33891344,4.448505,0.011394789,4.3511496,0.04692779,4.3636494,0.023511784,4.585295,0.056903087,4.7108984,0.10262082,5.031207,0.051754136,4.700023,0.120578565,4.9641514,0.03835256,5.1509876,0.23101231,5.4736624,0.0037832817,5.4205484,0.21286717,5.6496124,0.47696388,5.8056364,0.09854381,6.128427,0.17514738,6.534128,0.15406103,6.9226594,0.47753105,7.2185197,0.23356238,6.779771,0.20602524
15086,6.3320184,0.31865224,6.3151884,0.06693421,6.257107,0.12285328,6.2339725,0.62573165,6.117337,0.41754615,5.839383,0.33329394,6.36049,0.16872942,5.9454794,0.11209929,6.3872004,0.22556499,6.4312277,0.22651424,6.5495787,0.072565086,7.4239745,0.24733865,7.236575,0.011014475,7.4135885,0.17007872,7.40059,0.3051093,7.712592,0.20781918,8.2444315,0.1845442,7.9167776,0.21179743,8.711886,0.06812253
15087,4.7094884,0.22092257,4.5621476,0.24441183,4.3778615,0.24454707,4.7124977,0.317351,4.4091535,0.16584238,4.71087,0.22946213,4.6704183,0.28829193,4.8264084,0.017825179,5.1197133,0.21778549,5.3003297,0.16956836,5.395575,0.024192672,5.54818,0.10220871,5.404976,0.003455788,5.6968555,0.039772958,5.721195,0.13782059,6.0295496,0.091618784,5.8456197,0.079398364,6.097718,0.1350145,5.953614,0.26821306
15088,4.817518,0.13224363,5.1352067,0.14005205,4.749226,0.058057204,4.77522,0.10114084,4.46014,0.009660017,4.334433,0.07581275,4.9451632,0.090143934,4.643394,0.009535842,4.9112334,0.08084978,5.1003013,0.09273419,5.524231,0.11185472,5.610738,0.120478064,5.6308045,0.14012018,5.818928,0.2468369,5.9887056,0.12989669,6.35325,0.22810696,6.5526385,0.3258836,6.5281353,0.3951943,6.474193,0.42790997
15089,4.501161,0.2667602,4.7208266,0.20087893,4.327064,0.046456464,4.3475575,0.04335951,4.456423,0.007755284,4.4967346,0.10946468,4.5816364,0.0020327345,4.4887433,0.035327904,4.7615743,0.017440539,4.8331795,0.14524333,4.7921658,0.15988831,4.6874533,0.32170895,5.1350937,0.45575526,5.2631164,0.19117117,5.3116813,0.00876989,5.3902025,0.019000446,5.6903687,0.040786907,6.050753,0.14790139,6.748615,0.82826877
15090,3.8456438,0.19522151,3.826561,0.3214604,3.7307496,0.4316568,4.2001147,0.098395586,4.059087,0.19851977,3.9790788,0.6708856,4.4543786,0.6799896,3.7782812,0.14091115,4.292814,0.48387077,4.2747116,0.33133006,4.101427,0.6071015,3.7339365,0.9551834,3.7788556,1.370835,3.7477615,0.86982757,4.1315713,0.590355,4.5683203,0.106935985,4.391657,0.32142717,4.6516924,0.66803074,3.8178856,0.7433256
15091,3.483074,0.13273641,3.4766183,0.19824134,3.4133308,0.18644148,3.6950645,0.13674352,3.6347272,0.230011,3.645436,0.16652824,3.910517,0.041929767,3.838088,0.19171306,4.1412835,0.088478826,4.304669,0.010977128,4.634817,0.059945,4.9712095,0.3276598,4.9434314,0.07445997,5.0676527,0.08942783,5.394678,0.32169545,5.8481617,0.30309674,5.7452383,0.07268223,6.379634,0.19440463,6.196055,0.18720406
16051,5.7739286,0.1991723,6.03955,0.12236373,5.9882803,0.09808075,6.238015,0.12407974,6.535732,0.15770267,6.9793897,0.15649813,7.274739,0.19020951,7.29852,0.24347638,7.7079344,0.25813666,7.697211,0.17613989,8.0232115,0.31272975,8.204309,0.23717032,8.38685,0.29001418,8.645623,0.27264085,8.7066965,0.4015825,9.217527,0.33565503,9.602956,0.3485876,10.437827,0.38041586,11.099954,0.42630476
16052,4.8162513,0.04108521,4.592701,0.038616486,4.9234457,0.08661788,4.8830156,0.07024068,4.8097477,0.013209724,4.8757515,0.051453177,4.857316,0.04712949,4.779039,0.051998973,5.227109,0.046593387,5.0946684,0.004197745,5.289781,0.014144206,5.3408175,0.012738928,5.36528,0.005860278,5.4137025,0.018389821,5.440672,0.030254805,5.913442,0.0023885057,6.1734204,0.07813341,6.666532,0.053467263,7.0161676,0.004052631
16053,7.4113975,0.10242893,7.611374,0.018780801,7.986191,0.045621336,7.9152503,0.01568108,8.105392,0.06939368,8.511373,0.23162287,7.8747687,0.20476948,9.425089,0.0654211,9.035172,0.016814873,8.7982,0.06587074,9.734669,0.11583849,10.178743,0.30089715,10.66254,0.039292347,10.698713,0.2761271,10.792001,0.28360572,10.972162,0.52307194,10.965123,0.25476235,11.480446,0.096717656,12.157459,0.15500064
16054,5.3677406,0.036438547,5.230288,0.06328944,5.3606696,0.016127143,5.09392,0.034165416,5.3102837,0.022600235,5.412406,0.0057428596,5.452626,0.02009257,5.2808585,0.032739356,5.338019,0.092006706,5.464251,0.16165386,5.607929,0.08441515,5.734909,0.14767663,5.8859115,0.0025834094,6.021452,0.09050219,5.9532366,0.07478019,5.9570303,0.032544408,5.9144516,0.08869444,6.4169593,0.1377553,6.580924,0.2125067
16055,5.7289877,0.038532928,5.7951365,0.019226065,5.950308,0.09389273,6.0715547,0.056708895,6.394838,0.17807104,6.6549706,0.056902926,7.017933,0.17908025,7.432056,0.13847204,7.5027127,0.17492665,7.523933,0.029153299,7.848615,0.09398781,7.9145694,0.19358087,8.35964,0.159784,8.72771,0.051087335,8.620593,0.012346937,9.00305,0.059708558,9.053672,0.03782292,9.727357,0.15667684,10.844531,0.07321692
16056,5.124717,0.110334635,5.134573,0.15267783,5.0337563,0.19919424,5.1280804,0.10005505,5.194841,0.12403691,5.2005343,0.115244746,5.321646,0.19249599,5.2446976,0.13760993,5.5341535,0.14924659,5.738973,0.26557937,5.9579287,0.17778274,5.962491,0.1918526,6.14348,0.22707285,6.2565336,0.22392936,6.2555747,0.1602719,6.3577924,0.17437617,6.721069,0.15052757,7.329178,0.17333339,7.2265773,0.2177225
16061,3.7136343,0.941627,3.9582577,1.241615,3.3902829,0.61879766,3.1712396,0.6059564,3.2977026,0.806456,3.2370062,0.5798578,3.8958519,1.0155149,3.5593762,1.0479077,4.4216084,0.685448,4.8524456,0.5971665,4.7435417,0.63358986,4.902362,0.85401964,4.6690803,0.84664965,4.66462,1.0734328,5.173179,1.0744962,5.3902116,0.7183176,5.6262913,0.3702611,6.472602,0.5969422,6.431853,0.6551441
16062,4.708172,0.27445796,4.2025304,0.33444533,4.682889,0.07936498,4.527946,0.17730106,4.729741,0.11897811,4.770089,0.14668581,4.9890056,0.16391207,5.0328093,0.21927023,5.2308607,0.2790281,5.1080074,0.043724928,5.250354,0.057755824,5.334356,0.03769344,5.2568474,0.1402734,5.743081,0.12352207,5.674104,0.059262495,5.8782587,0.04397247,5.8604145,0.0581517,6.154157,0.12939158,6.0795655,0.13508676
16063,4.140262,0.3616063,4.856198,0.06488819,4.8505836,0.30880114,5.0255437,0.03341944,4.812079,0.029342007,5.1128707,0.06530963,5.1723595,0.007983574,5.2974257,0.055162784,5.4495945,0.2658933,5.5544577,0.20003542,5.445524,0.11088166,5.9659157,0.27982602,5.8722577,0.21437389,5.8739405,0.008673796,6.390178,0.0799031,6.5662813,0.38427192,6.716774,0.093413815,7.04162,0.3581216,7.0122814,0.29272875
16064,4.6130824,0.1372919,4.6546707,0.044096727,4.720746,0.11563328,4.7251415,0.0425449,4.844418,0.040670026,4.7326875,0.27252987,4.8628545,0.16789614,5.080287,0.2830716,4.9086695,0.16230027,4.903732,0.1655564,5.276525,0.11347908,5.2988787,0.07594033,5.5384593,0.023481563,5.538864,0.054307047,5.9952683,0.10459996,5.885381,0.06755703,6.35741,0.05495893,6.3633986,0.29474568,6.435557,0.110037796
16065,5.2866225,0.11041408,5.0216627,0.07410438,4.5183196,0.31303677,4.848703,0.4890856,4.8616815,0.14873712,4.7559724,0.07848319,4.6816206,0.1983168,4.9758697,0.07746184,4.942038,0.03804454,5.019662,0.09332913,4.864977,0.03202175,5.134949,0.019045265,4.9533424,0.016370121,5.026653,0.051679745,5.263634,0.0969982,5.4827437,0.064012274,5.2611322,0.11953861,5.823079,0.05962247,6.347288,0.57954216
16066,4.5869293,0.032351136,4.609866,0.17091227,4.638825,0.004344224,4.620699,0.085504435,4.8483467,0.12415835,4.7938166,0.0023579695,4.9344215,0.07580694,5.0695357,0.10569291,4.9423103,0.25145882,5.2977014,0.08591344,5.114254,0.3184443,5.419192,0.089294724,5.2665567,0.07653553,5.3632755,0.06544195,5.8130355,0.10658602,6.138029,0.11647131,6.305591,0.10596749,6.7576923,0.19185334,6.3029003,0.16488697
16067,4.8233,0.075252876,4.7506404,0.008940951,4.7624454,0.045798834,4.6211276,0.09583636,4.827915,0.0025418494,4.8159046,0.03849567,4.9861403,0.0440173,5.284424,0.07159515,5.092559,0.0126018,5.324505,0.07907223,5.542398,0.047297966,5.898481,0.2520197,5.914495,0.0939184,5.780648,0.062584825,6.1602426,0.08782033,6.5337086,0.14119023,6.722417,0.0711237,6.7989726,0.48617947,6.801652,0.18229479
16068,4.264964,0.13019842,4.2501965,0.09914057,4.4869347,0.09298837,4.114405,0.09204138,4.300496,0.07383583,4.694751,0.23008807,5.00372,0.2684791,4.835962,0.19777463,4.8460193,0.08370094,5.462035,0.29116136,5.7791724,0.50601816,6.0346627,0.08341962,6.414347,0.22971286,6.1322927,0.51534927,6.046256,0.048429497,6.1333427,0.28984952,7.0716815,0.06494236,7.1316113,0.16599302,8.246801,0.0025115246
16069,4.008873,0.95091563,4.0874763,1.3652511,4.2602377,0.7561354,3.8784027,0.4049398,3.9774861,0.026269106,4.180179,0.61054325,4.786918,0.37895685,4.906708,0.4440135,4.6527205,0.14602883,5.184445,0.04574075,5.08115,0.1416073,5.203006,0.015034971,5.005132,0.037649047,5.7337027,0.35183126,5.2091894,0.5581858,6.0255914,0.13847236,6.7940755,0.38234034,6.925508,0.24355946,6.900835,0.78392816
16070,5.1796584,0.064715974,5.341975,0.033591747,5.1230884,0.2066798,5.4473495,0.18369693,5.631691,0.28752208,6.0439644,0.31903347,5.957798,0.10036854,5.986656,0.14929189,5.872721,0.02077933,6.270781,0.18077248,6.350608,0.1016409,6.3870873,0.027552448,6.53691,0.27131346,6.8698297,0.10161407,6.922642,0.051274236,7.6082163,0.15331209,7.6064725,0.4310486,8.221585,0.3001449,8.278642,0.052591763
16071,5.013189,0.4499804,5.1453295,0.5093927,5.0379076,0.1830313,4.9991527,0.008036604,5.3884,0.088555,5.70236,0.22746198,5.676704,0.07241545,6.6503663,0.6605567,6.0367775,0.1435847,6.04773,0.04505253,6.4831443,0.15660885,7.196223,0.5735509,7.2996025,0.5112013,7.3164673,0.27117065,7.196803,0.4360366,7.510433,0.26504594,8.138136,0.13582374,8.575691,0.013359525,8.888599,0.0635141
16072,4.3103485,0.2098968,4.27649,0.32642722,4.348429,0.2190219,4.40939,0.18671396,4.7156377,0.05797048,4.7767243,0.108643465,4.95099,0.07424476,5.2533445,0.014294315,5.1356015,0.15219826,5.235723,0.18208109,5.369182,0.10851277,5.7065797,0.14267369,5.5596957,0.13641953,5.7990465,0.11303414,6.1763787,0.10176453,6.235585,0.38426214,6.465765,0.009354938,6.366134,0.070308484,6.8453584,0.08387932
16073,4.904575,0.12518561,5.143285,0.022569098,4.6824265,0.30500197,4.8069096,0.2821087,4.893681,0.21862745,5.270437,0.3588638,5.0978203,0.47431388,5.4439335,0.577673,5.5169663,0.31936586,5.2985706,0.017079776,4.7763696,0.11507582,5.3499403,0.44160676,5.478014,0.015699342,5.3661175,0.28314435,5.4160233,0.4217859,6.1880474,0.61899114,6.215514,0.2950297,6.2065797,0.77334046,6.4927034,0.5760954
16074,6.3854985,0.1538064,6.03593,0.2658713,6.1731477,0.3572135,6.422586,0.32804355,6.6030636,0.14654732,7.571681,0.20187427,7.4422536,0.41964436,8.947446,0.8300088,7.8075514,0.08296255,8.33127,0.29416817,8.56762,0.119174786,8.51302,0.760882,9.6995125,1.6830047,8.263073,1.2146529,8.140715,0.8954361,9.375202,0.059315886,9.466865,0.7121517,9.542928,0.6694702,9.961421,0.74881655
16075,3.4108522,0.29390335,3.2344158,0.47348687,3.710095,0.4302553,3.8409708,0.47067824,4.006391,0.3371833,3.7799392,0.26546106,4.1660433,0.33099157,4.180806,0.4120638,4.2868724,0.06408091,4.5102363,0.07957905,5.005734,0.0026107011,5.6083236,0.070842326,6.0374475,0.017990142,6.4587812,0.2555213,5.495186,0.74469405,6.975726,0.38097328,7.364334,0.47442663,8.570903,0.52465284,8.35776,1.0173913
16076,3.6811154,0.32178003,3.864046,0.028110402,3.9509463,0.0929963,4.1141157,0.10680375,4.136775,0.05371532,4.1045246,0.070239365,4.1608014,0.009497944,3.9751587,0.01751593,4.53294,0.06626315,4.3101254,0.031835184,4.4532332,0.030168306,4.395198,0.044098523,4.411708,0.0010640934,4.569939,0.06287632,4.4537897,0.030294593,4.6011586,0.023804167,5.226331,0.091447555,5.353945,0.25126287,5.7040606,0.093495876
16077,4.8791113,0.012713712,4.954665,0.026965966,4.544333,0.034596305,4.6203017,0.04469322,4.756965,0.03879601,4.8280673,0.03836752,4.83009,0.055958014,5.0044007,0.07659197,4.9828243,0.08222384,4.994328,0.101820655,5.004501,0.09379464,5.1599226,0.10384037,5.2472568,0.11951004,5.257991,0.09246655,5.457366,0.09297623,5.5433455,0.042588018,5.845131,0.0015119434,6.468819,0.0245725,6.618593,0.02931173
