llm_id,year,Obs,Radius,Obs_own,Radius_own,Effect_nown,lprice_qm,lprice_qm_se,price_qm,price_qm_se,target_x,target_y,target_id
4.0,2007,48671.0,25.0,325094.0,100.0,0.0,1.6182641,0.0033429577,5.1134953,0.017094199,528325.011,6071482.3837,4.0
4.0,2008,48671.0,25.0,325094.0,100.0,0.0,1.6618643,0.0013115901,5.341377,0.0070056967,528325.011,6071482.3837,4.0
4.0,2009,48671.0,25.0,325094.0,100.0,0.0,1.698716,0.005679787,5.5418873,0.03147674,528325.011,6071482.3837,4.0
4.0,2010,48671.0,25.0,325094.0,100.0,0.0,1.7235856,5.7655307e-05,5.68144,0.00032756515,528325.011,6071482.3837,4.0
4.0,2011,48671.0,25.0,325094.0,100.0,0.0,1.7241958,0.0008336337,5.6849074,0.004739131,528325.011,6071482.3837,4.0
4.0,2012,48671.0,25.0,325094.0,100.0,0.0,1.7440104,0.0046728314,5.798675,0.02709623,528325.011,6071482.3837,4.0
4.0,2013,48671.0,25.0,325094.0,100.0,0.0,1.7893845,0.0039779856,6.0678453,0.0241378,528325.011,6071482.3837,4.0
4.0,2014,48671.0,25.0,325094.0,100.0,0.0,1.8110214,0.0015539055,6.2005653,0.009635094,528325.011,6071482.3837,4.0
4.0,2015,48671.0,25.0,325094.0,100.0,0.0,1.8337649,0.0007320561,6.343204,0.0046435813,528325.011,6071482.3837,4.0
4.0,2016,48671.0,25.0,325094.0,100.0,0.0,1.9262378,0.00056257326,6.957755,0.003914247,528325.011,6071482.3837,4.0
4.0,2017,48671.0,25.0,325094.0,100.0,0.0,1.9559312,0.0012128059,7.1674523,0.008692727,528325.011,6071482.3837,4.0
4.0,2018,48671.0,25.0,325094.0,100.0,0.0,1.9987911,0.0007625877,7.481327,0.005705168,528325.011,6071482.3837,4.0
4.0,2019,48671.0,25.0,325094.0,100.0,0.0,2.049925,0.0004641162,7.8738265,0.0036543703,528325.011,6071482.3837,4.0
4.0,2020,48671.0,25.0,325094.0,100.0,0.0,2.0927052,0.0007948975,8.217979,0.006532451,528325.011,6071482.3837,4.0
4.0,2021,48671.0,25.0,325094.0,100.0,0.0,2.103744,0.0008983949,8.309199,0.007464942,528325.011,6071482.3837,4.0
4.0,2022,48671.0,25.0,325094.0,100.0,0.0,2.1430528,0.0012128025,8.642327,0.010481436,528325.011,6071482.3837,4.0
4.0,2023,48671.0,25.0,325094.0,100.0,0.0,2.1975224,0.0028997394,9.126127,0.02646339,528325.011,6071482.3837,4.0
4.0,2024,48671.0,25.0,325094.0,100.0,0.0,2.2340944,0.008124932,9.466067,0.07691116,528325.011,6071482.3837,4.0
4.0,2025,48671.0,25.0,325094.0,100.0,0.0,2.26332,0.006111244,9.7468,0.05956508,528325.011,6071482.3837,4.0
1.0,2007,142473.0,25.0,1247968.0,100.0,0.0,1.7144616,0.047120474,5.6588826,0.26664925,573757.4546,6020437.4214,1.0
1.0,2008,142473.0,25.0,1247968.0,100.0,0.0,1.786576,0.021797167,6.082045,0.13257135,573757.4546,6020437.4214,1.0
1.0,2009,142473.0,25.0,1247968.0,100.0,0.0,1.8176416,0.014868626,6.273952,0.093285054,573757.4546,6020437.4214,1.0
1.0,2010,142473.0,25.0,1247968.0,100.0,0.0,1.8247308,0.014978805,6.3185873,0.09464488,573757.4546,6020437.4214,1.0
1.0,2011,142473.0,25.0,1247968.0,100.0,0.0,1.8566524,0.009869969,6.5235405,0.06438715,573757.4546,6020437.4214,1.0
1.0,2012,142473.0,25.0,1247968.0,100.0,0.0,1.8687816,0.010765041,6.603148,0.07108316,573757.4546,6020437.4214,1.0
1.0,2013,142473.0,25.0,1247968.0,100.0,0.0,1.9030005,0.01299283,6.8330107,0.08878014,573757.4546,6020437.4214,1.0
1.0,2014,142473.0,25.0,1247968.0,100.0,0.0,1.9610345,0.010097008,7.241291,0.07311537,573757.4546,6020437.4214,1.0
1.0,2015,142473.0,25.0,1247968.0,100.0,0.0,1.9619125,0.007857712,7.247651,0.056949954,573757.4546,6020437.4214,1.0
1.0,2016,142473.0,25.0,1247968.0,100.0,0.0,1.9906183,0.012444197,7.458716,0.09281773,573757.4546,6020437.4214,1.0
1.0,2017,142473.0,25.0,1247968.0,100.0,0.0,2.0905213,0.012490658,8.242357,0.10295246,573757.4546,6020437.4214,1.0
1.0,2018,142473.0,25.0,1247968.0,100.0,0.0,2.1251028,0.011762088,8.532375,0.100358546,573757.4546,6020437.4214,1.0
1.0,2019,142473.0,25.0,1247968.0,100.0,0.0,2.142098,0.01794351,8.678622,0.15572496,573757.4546,6020437.4214,1.0
1.0,2020,142473.0,25.0,1247968.0,100.0,0.0,2.1669242,0.016682833,8.896777,0.14842345,573757.4546,6020437.4214,1.0
1.0,2021,142473.0,25.0,1247968.0,100.0,0.0,2.2049174,0.019070923,9.241299,0.1762401,573757.4546,6020437.4214,1.0
1.0,2022,142473.0,25.0,1247968.0,100.0,0.0,2.2763138,0.014810238,9.925217,0.14699481,573757.4546,6020437.4214,1.0
1.0,2023,142473.0,25.0,1247968.0,100.0,0.0,2.2988646,0.016458329,10.151581,0.16707806,573757.4546,6020437.4214,1.0
1.0,2024,142473.0,25.0,1247968.0,100.0,0.0,2.3545003,0.01338261,10.73238,0.14362726,573757.4546,6020437.4214,1.0
1.0,2025,142473.0,25.0,1247968.0,100.0,0.0,2.4076898,0.016465753,11.318684,0.18637066,573757.4546,6020437.4214,1.0
2.0,2007,97952.0,25.0,1434475.0,100.0,0.0,1.7679731,0.011112216,5.9817653,0.06647067,613566.8326,5970710.7374,2.0
2.0,2008,97952.0,25.0,1434475.0,100.0,0.0,1.7862536,0.012611445,6.09212,0.07683044,613566.8326,5970710.7374,2.0
2.0,2009,97952.0,25.0,1434475.0,100.0,0.0,1.8023329,0.00798885,6.1908693,0.049457923,613566.8326,5970710.7374,2.0
2.0,2010,97952.0,25.0,1434475.0,100.0,0.0,1.8346835,0.008305671,6.3944225,0.05310997,613566.8326,5970710.7374,2.0
2.0,2011,97952.0,25.0,1434475.0,100.0,0.0,1.850491,0.011100506,6.496306,0.072112285,613566.8326,5970710.7374,2.0
2.0,2012,97952.0,25.0,1434475.0,100.0,0.0,1.8640141,0.011352611,6.5847526,0.074754134,613566.8326,5970710.7374,2.0
2.0,2013,97952.0,25.0,1434475.0,100.0,0.0,1.894787,0.007929258,6.7905345,0.053843897,613566.8326,5970710.7374,2.0
2.0,2014,97952.0,25.0,1434475.0,100.0,0.0,1.9332707,0.0144756725,7.056953,0.10215414,613566.8326,5970710.7374,2.0
2.0,2015,97952.0,25.0,1434475.0,100.0,0.0,1.9514741,0.0028764005,7.1865892,0.02067151,613566.8326,5970710.7374,2.0
2.0,2016,97952.0,25.0,1434475.0,100.0,0.0,1.981001,0.0031156454,7.401952,0.023061857,613566.8326,5970710.7374,2.0
2.0,2017,97952.0,25.0,1434475.0,100.0,0.0,2.051405,0.004085632,7.9418616,0.032447524,613566.8326,5970710.7374,2.0
2.0,2018,97952.0,25.0,1434475.0,100.0,0.0,2.1097546,2.2714792e-05,8.419053,0.00019123702,613566.8326,5970710.7374,2.0
2.0,2019,97952.0,25.0,1434475.0,100.0,0.0,2.1267076,0.0026506055,8.562997,0.022697126,613566.8326,5970710.7374,2.0
2.0,2020,97952.0,25.0,1434475.0,100.0,0.0,2.1940577,0.0010894057,9.159581,0.009978499,613566.8326,5970710.7374,2.0
2.0,2021,97952.0,25.0,1434475.0,100.0,0.0,2.2368767,0.0027992476,9.560302,0.026761653,613566.8326,5970710.7374,2.0
2.0,2022,97952.0,25.0,1434475.0,100.0,0.0,2.2925906,0.008926546,10.108061,0.09023007,613566.8326,5970710.7374,2.0
2.0,2023,97952.0,25.0,1434475.0,100.0,0.0,2.3423207,0.02604389,10.6234455,0.27667585,613566.8326,5970710.7374,2.0
2.0,2024,97952.0,25.0,1434475.0,100.0,0.0,2.3781605,0.01475987,11.011093,0.1625223,613566.8326,5970710.7374,2.0
2.0,2025,97952.0,25.0,1434475.0,100.0,0.0,2.448964,0.015640289,11.818981,0.18485227,613566.8326,5970710.7374,2.0
3.0,2007,15875.0,25.0,1197808.0,100.0,0.0,1.6299092,0.02986218,5.18962,0.15497336,508610.2229,6004068.7489,3.0
3.0,2008,15875.0,25.0,1197808.0,100.0,0.0,1.6014485,0.0072223255,5.0440016,0.03642942,508610.2229,6004068.7489,3.0
3.0,2009,15875.0,25.0,1197808.0,100.0,0.0,1.582144,0.0110908,4.9475636,0.05487244,508610.2229,6004068.7489,3.0
3.0,2010,15875.0,25.0,1197808.0,100.0,0.0,1.5962459,0.010081543,5.017828,0.050587445,508610.2229,6004068.7489,3.0
3.0,2011,15875.0,25.0,1197808.0,100.0,0.0,1.5783906,0.004503414,4.929028,0.022197455,508610.2229,6004068.7489,3.0
3.0,2012,15875.0,25.0,1197808.0,100.0,0.0,1.6123799,0.012167676,5.099442,0.06204836,508610.2229,6004068.7489,3.0
3.0,2013,15875.0,25.0,1197808.0,100.0,0.0,1.6248333,0.017019888,5.163345,0.08787955,508610.2229,6004068.7489,3.0
3.0,2014,15875.0,25.0,1197808.0,100.0,0.0,1.6213628,0.010690407,5.1454563,0.055007022,508610.2229,6004068.7489,3.0
3.0,2015,15875.0,25.0,1197808.0,100.0,0.0,1.6541916,0.012480644,5.3171787,0.066361815,508610.2229,6004068.7489,3.0
3.0,2016,15875.0,25.0,1197808.0,100.0,0.0,1.6813339,0.009908295,5.463475,0.054133724,508610.2229,6004068.7489,3.0
3.0,2017,15875.0,25.0,1197808.0,100.0,0.0,1.7496748,0.016943218,5.849909,0.09911628,508610.2229,6004068.7489,3.0
3.0,2018,15875.0,25.0,1197808.0,100.0,0.0,1.7314655,0.012499377,5.7443495,0.07180078,508610.2229,6004068.7489,3.0
3.0,2019,15875.0,25.0,1197808.0,100.0,0.0,1.7756418,0.0117730675,6.003803,0.070683174,508610.2229,6004068.7489,3.0
3.0,2020,15875.0,25.0,1197808.0,100.0,0.0,1.7977111,0.001310759,6.1377754,0.008045144,508610.2229,6004068.7489,3.0
3.0,2021,15875.0,25.0,1197808.0,100.0,0.0,1.9449781,0.008630889,7.111615,0.06137956,508610.2229,6004068.7489,3.0
3.0,2022,15875.0,25.0,1197808.0,100.0,0.0,1.9908819,0.0076716044,7.445674,0.057120267,508610.2229,6004068.7489,3.0
3.0,2023,15875.0,25.0,1197808.0,100.0,0.0,2.0639677,0.0012397396,8.010226,0.009930595,508610.2229,6004068.7489,3.0
3.0,2024,15875.0,25.0,1197808.0,100.0,0.0,2.1369386,0.00027979183,8.616592,0.0024108521,508610.2229,6004068.7489,3.0
3.0,2025,15875.0,25.0,1197808.0,100.0,0.0,2.2155354,0.0051326635,9.3211565,0.04784236,508610.2229,6004068.7489,3.0
5.0,2007,694077.0,25.0,1591853.0,100.0,0.0,2.182542,0.024065182,9.161562,0.22047466,567833.5072,5933347.069,5.0
5.0,2008,694077.0,25.0,1591853.0,100.0,0.0,2.2463763,0.022458151,9.765453,0.21931402,567833.5072,5933347.069,5.0
5.0,2009,694077.0,25.0,1591853.0,100.0,0.0,2.313243,0.021806873,10.440762,0.22768039,567833.5072,5933347.069,5.0
5.0,2010,694077.0,25.0,1591853.0,100.0,0.0,2.3384724,0.011873001,10.707528,0.12713051,567833.5072,5933347.069,5.0
5.0,2011,694077.0,25.0,1591853.0,100.0,0.0,2.3768282,0.003551487,11.126201,0.039514557,567833.5072,5933347.069,5.0
5.0,2012,694077.0,25.0,1591853.0,100.0,0.0,2.4162204,0.00026361173,11.573234,0.0030508402,567833.5072,5933347.069,5.0
5.0,2013,694077.0,25.0,1591853.0,100.0,0.0,2.38949,0.013050685,11.267973,0.14705476,567833.5072,5933347.069,5.0
5.0,2014,694077.0,25.0,1591853.0,100.0,0.0,2.474806,0.0001822757,12.271516,0.002236799,567833.5072,5933347.069,5.0
5.0,2015,694077.0,25.0,1591853.0,100.0,0.0,2.459933,3.3281585e-06,12.09035,4.0238603e-05,567833.5072,5933347.069,5.0
5.0,2016,694077.0,25.0,1591853.0,100.0,0.0,2.4645014,0.0010977954,12.145711,0.013333506,567833.5072,5933347.069,5.0
5.0,2017,694077.0,25.0,1591853.0,100.0,0.0,2.5979435,0.01640364,13.879574,0.22767553,567833.5072,5933347.069,5.0
5.0,2018,694077.0,25.0,1591853.0,100.0,0.0,2.6426506,0.0252179,14.514167,0.36601683,567833.5072,5933347.069,5.0
5.0,2019,694077.0,25.0,1591853.0,100.0,0.0,2.6842768,0.029403204,15.131089,0.44490248,567833.5072,5933347.069,5.0
5.0,2020,694077.0,25.0,1591853.0,100.0,0.0,2.7424536,0.027442887,16.037476,0.44011465,567833.5072,5933347.069,5.0
5.0,2021,694077.0,25.0,1591853.0,100.0,0.0,2.7576413,0.028362738,16.282907,0.4618278,567833.5072,5933347.069,5.0
5.0,2022,694077.0,25.0,1591853.0,100.0,0.0,2.7898672,0.029355044,16.816187,0.4936399,567833.5072,5933347.069,5.0
5.0,2023,694077.0,25.0,1591853.0,100.0,0.0,2.7766106,0.025572779,16.594732,0.4243734,567833.5072,5933347.069,5.0
5.0,2024,694077.0,25.0,1591853.0,100.0,0.0,2.7879968,0.026299037,16.78476,0.441423,567833.5072,5933347.069,5.0
5.0,2025,694077.0,25.0,1591853.0,100.0,0.0,2.825717,0.018810669,17.42998,0.32786956,567833.5072,5933347.069,5.0
6.0,2007,204876.0,25.0,1455818.0,100.0,0.0,1.6773582,0.010079903,5.4412465,0.054847233,603982.4284,5792742.8905,6.0
6.0,2008,204876.0,25.0,1455818.0,100.0,0.0,1.7348369,0.0023068348,5.763166,0.013294673,603982.4284,5792742.8905,6.0
6.0,2009,204876.0,25.0,1455818.0,100.0,0.0,1.7497052,0.0058375876,5.8494945,0.034146935,603982.4284,5792742.8905,6.0
6.0,2010,204876.0,25.0,1455818.0,100.0,0.0,1.7698095,0.0043494073,5.9682846,0.025958499,603982.4284,5792742.8905,6.0
6.0,2011,204876.0,25.0,1455818.0,100.0,0.0,1.8046569,0.0058986736,6.1799297,0.03645339,603982.4284,5792742.8905,6.0
6.0,2012,204876.0,25.0,1455818.0,100.0,0.0,1.853092,0.00265944,6.486623,0.017250786,603982.4284,5792742.8905,6.0
6.0,2013,204876.0,25.0,1455818.0,100.0,0.0,1.9190261,0.0059957677,6.9287276,0.04154304,603982.4284,5792742.8905,6.0
6.0,2014,204876.0,25.0,1455818.0,100.0,0.0,1.9929692,0.009312793,7.4604764,0.06947786,603982.4284,5792742.8905,6.0
6.0,2015,204876.0,25.0,1455818.0,100.0,0.0,2.0128887,0.0029159633,7.610575,0.022192158,603982.4284,5792742.8905,6.0
6.0,2016,204876.0,25.0,1455818.0,100.0,0.0,2.0350718,0.004441885,7.781289,0.03456359,603982.4284,5792742.8905,6.0
6.0,2017,204876.0,25.0,1455818.0,100.0,0.0,2.122485,0.017039973,8.492088,0.14470495,603982.4284,5792742.8905,6.0
6.0,2018,204876.0,25.0,1455818.0,100.0,0.0,2.1344664,0.008981937,8.594449,0.0771948,603982.4284,5792742.8905,6.0
6.0,2019,204876.0,25.0,1455818.0,100.0,0.0,2.1534476,0.0070621464,8.759139,0.061858326,603982.4284,5792742.8905,6.0
6.0,2020,204876.0,25.0,1455818.0,100.0,0.0,2.164887,0.01234219,8.859914,0.10935073,603982.4284,5792742.8905,6.0
6.0,2021,204876.0,25.0,1455818.0,100.0,0.0,2.186344,0.007217377,9.052074,0.06533224,603982.4284,5792742.8905,6.0
6.0,2022,204876.0,25.0,1455818.0,100.0,0.0,2.2252452,0.00083361997,9.411151,0.007845323,603982.4284,5792742.8905,6.0
6.0,2023,204876.0,25.0,1455818.0,100.0,0.0,2.2529569,0.0047158455,9.675597,0.045628622,603982.4284,5792742.8905,6.0
6.0,2024,204876.0,25.0,1455818.0,100.0,0.0,2.2729015,0.0035836382,9.870511,0.035372343,603982.4284,5792742.8905,6.0
6.0,2025,204876.0,25.0,1455818.0,100.0,0.0,2.3271823,0.008580237,10.421097,0.08941548,603982.4284,5792742.8905,6.0
7.0,2007,139271.0,25.0,1368048.0,100.0,0.0,1.6784843,0.006384997,5.455812,0.034835342,621404.6586,5808221.5001,7.0
7.0,2008,139271.0,25.0,1368048.0,100.0,0.0,1.6336762,0.013335123,5.2167435,0.069565915,621404.6586,5808221.5001,7.0
7.0,2009,139271.0,25.0,1368048.0,100.0,0.0,1.6838316,0.004829238,5.485064,0.02648868,621404.6586,5808221.5001,7.0
7.0,2010,139271.0,25.0,1368048.0,100.0,0.0,1.7501053,0.0011356372,5.8608956,0.0066558504,621404.6586,5808221.5001,7.0
7.0,2011,139271.0,25.0,1368048.0,100.0,0.0,1.746173,0.0044296137,5.837895,0.02585962,621404.6586,5808221.5001,7.0
7.0,2012,139271.0,25.0,1368048.0,100.0,0.0,1.825771,0.027717516,6.3215733,0.17521831,621404.6586,5808221.5001,7.0
7.0,2013,139271.0,25.0,1368048.0,100.0,0.0,2.0158613,0.04383356,7.6450505,0.3351098,621404.6586,5808221.5001,7.0
7.0,2014,139271.0,25.0,1368048.0,100.0,0.0,2.0602453,0.03503628,7.99201,0.2800103,621404.6586,5808221.5001,7.0
7.0,2015,139271.0,25.0,1368048.0,100.0,0.0,2.0747397,0.0054517756,8.108695,0.044206783,621404.6586,5808221.5001,7.0
7.0,2016,139271.0,25.0,1368048.0,100.0,0.0,2.1475568,0.00080546254,8.721174,0.0070245788,621404.6586,5808221.5001,7.0
7.0,2017,139271.0,25.0,1368048.0,100.0,0.0,2.1968453,0.021113211,9.1617985,0.193435,621404.6586,5808221.5001,7.0
7.0,2018,139271.0,25.0,1368048.0,100.0,0.0,2.1756523,0.022500439,8.969676,0.20182163,621404.6586,5808221.5001,7.0
7.0,2019,139271.0,25.0,1368048.0,100.0,0.0,2.1986358,0.01742284,9.178218,0.15991063,621404.6586,5808221.5001,7.0
7.0,2020,139271.0,25.0,1368048.0,100.0,0.0,2.2375073,0.013216069,9.542013,0.12610792,621404.6586,5808221.5001,7.0
7.0,2021,139271.0,25.0,1368048.0,100.0,0.0,2.219995,0.0030085698,9.376365,0.028209448,621404.6586,5808221.5001,7.0
7.0,2022,139271.0,25.0,1368048.0,100.0,0.0,2.2250876,0.0022598912,9.424238,0.021297755,621404.6586,5808221.5001,7.0
7.0,2023,139271.0,25.0,1368048.0,100.0,0.0,2.1985168,0.011005734,9.177126,0.10100101,621404.6586,5808221.5001,7.0
7.0,2024,139271.0,25.0,1368048.0,100.0,0.0,2.2232733,0.0046528294,9.407155,0.043769885,621404.6586,5808221.5001,7.0
7.0,2025,139271.0,25.0,1368048.0,100.0,0.0,2.2246072,0.0053592813,9.41971,0.050482877,621404.6586,5808221.5001,7.0
9.0,2007,64032.0,25.0,1528487.0,100.0,0.0,1.6651255,0.03065738,5.366839,0.16453323,599633.3833,5744898.9516,9.0
9.0,2008,64032.0,25.0,1528487.0,100.0,0.0,1.6446453,0.0060761515,5.2580433,0.03194867,599633.3833,5744898.9516,9.0
9.0,2009,64032.0,25.0,1528487.0,100.0,0.0,1.5570033,0.013042999,4.8168344,0.06282597,599633.3833,5744898.9516,9.0
9.0,2010,64032.0,25.0,1528487.0,100.0,0.0,1.5618545,0.023876868,4.8402586,0.11557022,599633.3833,5744898.9516,9.0
9.0,2011,64032.0,25.0,1528487.0,100.0,0.0,1.5832291,0.024722524,4.944831,0.122248694,599633.3833,5744898.9516,9.0
9.0,2012,64032.0,25.0,1528487.0,100.0,0.0,1.5944152,0.03020707,5.000455,0.15104909,599633.3833,5744898.9516,9.0
9.0,2013,64032.0,25.0,1528487.0,100.0,0.0,1.6121657,0.044155315,5.090008,0.2247509,599633.3833,5744898.9516,9.0
9.0,2014,64032.0,25.0,1528487.0,100.0,0.0,1.6392342,0.0693981,5.2296686,0.36292905,599633.3833,5744898.9516,9.0
9.0,2015,64032.0,25.0,1528487.0,100.0,0.0,1.6431749,0.036579534,5.2503176,0.19205417,599633.3833,5744898.9516,9.0
9.0,2016,64032.0,25.0,1528487.0,100.0,0.0,1.7127709,0.026914531,5.628734,0.15149474,599633.3833,5744898.9516,9.0
9.0,2017,64032.0,25.0,1528487.0,100.0,0.0,1.7424984,0.03155297,5.798574,0.18296222,599633.3833,5744898.9516,9.0
9.0,2018,64032.0,25.0,1528487.0,100.0,0.0,1.774423,0.042509846,5.9866776,0.25449276,599633.3833,5744898.9516,9.0
9.0,2019,64032.0,25.0,1528487.0,100.0,0.0,1.7911336,0.041202746,6.08756,0.25082418,599633.3833,5744898.9516,9.0
9.0,2020,64032.0,25.0,1528487.0,100.0,0.0,1.8254914,0.04491677,6.3003497,0.28299135,599633.3833,5744898.9516,9.0
9.0,2021,64032.0,25.0,1528487.0,100.0,0.0,1.851824,0.034363903,6.4684577,0.22228144,599633.3833,5744898.9516,9.0
9.0,2022,64032.0,25.0,1528487.0,100.0,0.0,1.8522481,0.029169513,6.471201,0.18876177,599633.3833,5744898.9516,9.0
9.0,2023,64032.0,25.0,1528487.0,100.0,0.0,1.9586304,0.022436932,7.1975746,0.16149148,599633.3833,5744898.9516,9.0
9.0,2024,64032.0,25.0,1528487.0,100.0,0.0,2.0430658,0.008800003,7.8316994,0.06891897,599633.3833,5744898.9516,9.0
9.0,2025,64032.0,25.0,1528487.0,100.0,0.0,2.094355,0.023945557,8.24386,0.19740383,599633.3833,5744898.9516,9.0
8.0,2007,85497.0,25.0,1348835.0,100.0,0.0,1.4804424,0.028325772,4.494755,0.1273174,568805.2557,5729995.0242,8.0
8.0,2008,85497.0,25.0,1348835.0,100.0,0.0,1.4882771,0.034160458,4.530108,0.15475057,568805.2557,5729995.0242,8.0
8.0,2009,85497.0,25.0,1348835.0,100.0,0.0,1.549409,0.068244874,4.815683,0.32864568,568805.2557,5729995.0242,8.0
8.0,2010,85497.0,25.0,1348835.0,100.0,0.0,1.5624348,0.0632037,4.8788204,0.3083595,568805.2557,5729995.0242,8.0
8.0,2011,85497.0,25.0,1348835.0,100.0,0.0,1.5461096,0.06120336,4.7998195,0.2937651,568805.2557,5729995.0242,8.0
8.0,2012,85497.0,25.0,1348835.0,100.0,0.0,1.5292554,0.03887032,4.7196,0.18345237,568805.2557,5729995.0242,8.0
8.0,2013,85497.0,25.0,1348835.0,100.0,0.0,1.6383145,0.06644789,5.263432,0.34974396,568805.2557,5729995.0242,8.0
8.0,2014,85497.0,25.0,1348835.0,100.0,0.0,1.5910374,0.035305485,5.0203824,0.17724703,568805.2557,5729995.0242,8.0
8.0,2015,85497.0,25.0,1348835.0,100.0,0.0,1.6328614,0.047420785,5.234808,0.2482387,568805.2557,5729995.0242,8.0
8.0,2016,85497.0,25.0,1348835.0,100.0,0.0,1.6709706,0.07634853,5.438152,0.4151949,568805.2557,5729995.0242,8.0
8.0,2017,85497.0,25.0,1348835.0,100.0,0.0,1.7237494,0.07794543,5.732881,0.4468519,568805.2557,5729995.0242,8.0
8.0,2018,85497.0,25.0,1348835.0,100.0,0.0,1.7269926,0.06575529,5.751504,0.37819183,568805.2557,5729995.0242,8.0
8.0,2019,85497.0,25.0,1348835.0,100.0,0.0,1.7729682,0.094737634,6.022105,0.57052,568805.2557,5729995.0242,8.0
8.0,2020,85497.0,25.0,1348835.0,100.0,0.0,1.7416797,0.066020526,5.8366,0.38533542,568805.2557,5729995.0242,8.0
8.0,2021,85497.0,25.0,1348835.0,100.0,0.0,1.7824794,0.07535363,6.079656,0.4581242,568805.2557,5729995.0242,8.0
8.0,2022,85497.0,25.0,1348835.0,100.0,0.0,1.8681009,0.07585984,6.6231403,0.5024304,568805.2557,5729995.0242,8.0
8.0,2023,85497.0,25.0,1348835.0,100.0,0.0,1.9903231,0.09411335,7.4841824,0.7043615,568805.2557,5729995.0242,8.0
8.0,2024,85497.0,25.0,1348835.0,100.0,0.0,2.060964,0.11021343,8.031995,0.88523364,568805.2557,5729995.0242,8.0
8.0,2025,85497.0,25.0,1348835.0,100.0,0.0,2.0957766,0.12908168,8.316531,1.0735118,568805.2557,5729995.0242,8.0
10.0,2007,425609.0,25.0,1430782.0,100.0,0.0,1.7917242,0.010958587,6.101161,0.0668601,552388.0348,5803525.7763,10.0
10.0,2008,425609.0,25.0,1430782.0,100.0,0.0,1.8251908,0.011860842,6.3088017,0.0748277,552388.0348,5803525.7763,10.0
10.0,2009,425609.0,25.0,1430782.0,100.0,0.0,1.8715457,0.016730439,6.608129,0.1105569,552388.0348,5803525.7763,10.0
10.0,2010,425609.0,25.0,1430782.0,100.0,0.0,1.8905922,0.016713737,6.7351975,0.11257032,552388.0348,5803525.7763,10.0
10.0,2011,425609.0,25.0,1430782.0,100.0,0.0,1.9229146,0.01868347,6.956452,0.12997067,552388.0348,5803525.7763,10.0
10.0,2012,425609.0,25.0,1430782.0,100.0,0.0,1.9677566,0.018181624,7.275493,0.13228028,552388.0348,5803525.7763,10.0
10.0,2013,425609.0,25.0,1430782.0,100.0,0.0,2.0049722,0.015645873,7.5513563,0.11814757,552388.0348,5803525.7763,10.0
10.0,2014,425609.0,25.0,1430782.0,100.0,0.0,2.0521693,0.01886946,7.9163027,0.14937635,552388.0348,5803525.7763,10.0
10.0,2015,425609.0,25.0,1430782.0,100.0,0.0,2.0944846,0.0133398585,8.2584715,0.11016685,552388.0348,5803525.7763,10.0
10.0,2016,425609.0,25.0,1430782.0,100.0,0.0,2.1497433,0.018099071,8.72767,0.15796271,552388.0348,5803525.7763,10.0
10.0,2017,425609.0,25.0,1430782.0,100.0,0.0,2.2289777,0.018256819,9.447333,0.17247826,552388.0348,5803525.7763,10.0
10.0,2018,425609.0,25.0,1430782.0,100.0,0.0,2.265699,0.019536788,9.800699,0.19147418,552388.0348,5803525.7763,10.0
10.0,2019,425609.0,25.0,1430782.0,100.0,0.0,2.290963,0.02047316,10.05146,0.20578514,552388.0348,5803525.7763,10.0
10.0,2020,425609.0,25.0,1430782.0,100.0,0.0,2.3323777,0.021784544,10.47648,0.22822534,552388.0348,5803525.7763,10.0
10.0,2021,425609.0,25.0,1430782.0,100.0,0.0,2.3424819,0.021131743,10.582871,0.22363451,552388.0348,5803525.7763,10.0
10.0,2022,425609.0,25.0,1430782.0,100.0,0.0,2.3585274,0.016048335,10.754049,0.1725846,552388.0348,5803525.7763,10.0
10.0,2023,425609.0,25.0,1430782.0,100.0,0.0,2.3607354,0.01722179,10.777821,0.18561336,552388.0348,5803525.7763,10.0
10.0,2024,425609.0,25.0,1430782.0,100.0,0.0,2.4064837,0.020313842,11.28234,0.22918768,552388.0348,5803525.7763,10.0
10.0,2025,425609.0,25.0,1430782.0,100.0,0.0,2.449694,0.009369086,11.780538,0.110372856,552388.0348,5803525.7763,10.0
11.0,2007,59686.0,25.0,1526272.0,100.0,0.0,1.5815253,0.0024080132,4.9327264,0.0118780695,525165.8465,5773238.0564,11.0
11.0,2008,59686.0,25.0,1526272.0,100.0,0.0,1.623719,0.014675861,5.145309,0.07551184,525165.8465,5773238.0564,11.0
11.0,2009,59686.0,25.0,1526272.0,100.0,0.0,1.5644917,0.015666278,4.8494163,0.0759723,525165.8465,5773238.0564,11.0
11.0,2010,59686.0,25.0,1526272.0,100.0,0.0,1.5787739,0.0039639156,4.919173,0.019499186,525165.8465,5773238.0564,11.0
11.0,2011,59686.0,25.0,1526272.0,100.0,0.0,1.5644757,0.0005019124,4.849338,0.0024339429,525165.8465,5773238.0564,11.0
11.0,2012,59686.0,25.0,1526272.0,100.0,0.0,1.5762665,0.005641074,4.9068546,0.02767993,525165.8465,5773238.0564,11.0
11.0,2013,59686.0,25.0,1526272.0,100.0,0.0,1.607921,0.0023584997,5.064663,0.011945005,525165.8465,5773238.0564,11.0
11.0,2014,59686.0,25.0,1526272.0,100.0,0.0,1.6187888,0.00917162,5.1200047,0.04695874,525165.8465,5773238.0564,11.0
11.0,2015,59686.0,25.0,1526272.0,100.0,0.0,1.6328008,0.018261313,5.192251,0.09481733,525165.8465,5773238.0564,11.0
11.0,2016,59686.0,25.0,1526272.0,100.0,0.0,1.741373,0.025998414,5.7877264,0.1504717,525165.8465,5773238.0564,11.0
11.0,2017,59686.0,25.0,1526272.0,100.0,0.0,1.7687008,0.016162988,5.9480734,0.09613864,525165.8465,5773238.0564,11.0
11.0,2018,59686.0,25.0,1526272.0,100.0,0.0,1.7651312,0.016675191,5.926879,0.09883183,525165.8465,5773238.0564,11.0
11.0,2019,59686.0,25.0,1526272.0,100.0,0.0,1.7742018,0.021884773,5.980883,0.13089027,525165.8465,5773238.0564,11.0
11.0,2020,59686.0,25.0,1526272.0,100.0,0.0,1.8042836,0.006148632,6.1635327,0.037897296,525165.8465,5773238.0564,11.0
11.0,2021,59686.0,25.0,1526272.0,100.0,0.0,1.8565464,0.0025685197,6.494222,0.016680539,525165.8465,5773238.0564,11.0
11.0,2022,59686.0,25.0,1526272.0,100.0,0.0,1.9531246,0.00023799397,7.152709,0.0017023017,525165.8465,5773238.0564,11.0
11.0,2023,59686.0,25.0,1526272.0,100.0,0.0,2.0122714,0.015648656,7.588531,0.11875031,525165.8465,5773238.0564,11.0
11.0,2024,59686.0,25.0,1526272.0,100.0,0.0,2.0686355,0.011594445,8.028534,0.09308639,525165.8465,5773238.0564,11.0
11.0,2025,59686.0,25.0,1526272.0,100.0,0.0,2.0832074,0.0029051143,8.146382,0.023666171,525165.8465,5773238.0564,11.0
12.0,2007,47322.0,25.0,1355049.0,100.0,0.0,1.630076,0.00948998,5.178866,0.049147334,574050.4574,5833352.4487,12.0
12.0,2008,47322.0,25.0,1355049.0,100.0,0.0,1.6582447,0.008928286,5.326822,0.04755939,574050.4574,5833352.4487,12.0
12.0,2009,47322.0,25.0,1355049.0,100.0,0.0,1.6528592,0.010785411,5.2982116,0.057143386,574050.4574,5833352.4487,12.0
12.0,2010,47322.0,25.0,1355049.0,100.0,0.0,1.6687411,0.00761042,5.383029,0.04096711,574050.4574,5833352.4487,12.0
12.0,2011,47322.0,25.0,1355049.0,100.0,0.0,1.6931388,0.020602705,5.5159774,0.11364405,574050.4574,5833352.4487,12.0
12.0,2012,47322.0,25.0,1355049.0,100.0,0.0,1.7121412,0.020628506,5.621796,0.115969256,574050.4574,5833352.4487,12.0
12.0,2013,47322.0,25.0,1355049.0,100.0,0.0,1.7381911,0.017666245,5.770168,0.101937205,574050.4574,5833352.4487,12.0
12.0,2014,47322.0,25.0,1355049.0,100.0,0.0,1.7440438,0.020932294,5.804038,0.121491835,574050.4574,5833352.4487,12.0
12.0,2015,47322.0,25.0,1355049.0,100.0,0.0,1.7987498,0.016701322,6.130399,0.102385774,574050.4574,5833352.4487,12.0
12.0,2016,47322.0,25.0,1355049.0,100.0,0.0,1.8238856,0.02222819,6.2864437,0.13973626,574050.4574,5833352.4487,12.0
12.0,2017,47322.0,25.0,1355049.0,100.0,0.0,1.820601,0.01322391,6.26583,0.08285877,574050.4574,5833352.4487,12.0
12.0,2018,47322.0,25.0,1355049.0,100.0,0.0,1.8605143,0.017899605,6.5209775,0.11672293,574050.4574,5833352.4487,12.0
12.0,2019,47322.0,25.0,1355049.0,100.0,0.0,1.941857,0.016995583,7.0735826,0.120219655,574050.4574,5833352.4487,12.0
12.0,2020,47322.0,25.0,1355049.0,100.0,0.0,1.9663625,0.017885678,7.2490654,0.12965445,574050.4574,5833352.4487,12.0
12.0,2021,47322.0,25.0,1355049.0,100.0,0.0,1.9913695,0.016909366,7.4326277,0.12568103,574050.4574,5833352.4487,12.0
12.0,2022,47322.0,25.0,1355049.0,100.0,0.0,2.0562882,0.011212193,7.9311523,0.088925615,574050.4574,5833352.4487,12.0
12.0,2023,47322.0,25.0,1355049.0,100.0,0.0,2.132458,0.0099579105,8.558867,0.08522844,574050.4574,5833352.4487,12.0
12.0,2024,47322.0,25.0,1355049.0,100.0,0.0,2.1943698,0.016161958,9.10551,0.14716287,574050.4574,5833352.4487,12.0
12.0,2025,47322.0,25.0,1355049.0,100.0,0.0,2.2217076,0.010875717,9.357868,0.10177353,574050.4574,5833352.4487,12.0
14.0,2007,121561.0,25.0,1757375.0,100.0,0.0,1.7080594,0.020969354,5.6304502,0.11806691,530765.7514,5940415.9173,14.0
14.0,2008,121561.0,25.0,1757375.0,100.0,0.0,1.7187465,0.035761025,5.6909466,0.20351408,530765.7514,5940415.9173,14.0
14.0,2009,121561.0,25.0,1757375.0,100.0,0.0,1.7187431,0.027844006,5.690927,0.1584582,530765.7514,5940415.9173,14.0
14.0,2010,121561.0,25.0,1757375.0,100.0,0.0,1.732867,0.032228865,5.7718754,0.18602099,530765.7514,5940415.9173,14.0
14.0,2011,121561.0,25.0,1757375.0,100.0,0.0,1.7628832,0.048167948,5.9477515,0.28649098,530765.7514,5940415.9173,14.0
14.0,2012,121561.0,25.0,1757375.0,100.0,0.0,1.8055835,0.0373909,6.207222,0.23209362,530765.7514,5940415.9173,14.0
14.0,2013,121561.0,25.0,1757375.0,100.0,0.0,1.8001969,0.0671326,6.1738763,0.41446838,530765.7514,5940415.9173,14.0
14.0,2014,121561.0,25.0,1757375.0,100.0,0.0,1.8086796,0.029111862,6.2264705,0.18126415,530765.7514,5940415.9173,14.0
14.0,2015,121561.0,25.0,1757375.0,100.0,0.0,1.8670052,0.028351618,6.600433,0.18713295,530765.7514,5940415.9173,14.0
14.0,2016,121561.0,25.0,1757375.0,100.0,0.0,1.9173163,0.018485658,6.9410033,0.12830903,530765.7514,5940415.9173,14.0
14.0,2017,121561.0,25.0,1757375.0,100.0,0.0,1.9523283,0.036521457,7.1883264,0.26252815,530765.7514,5940415.9173,14.0
14.0,2018,121561.0,25.0,1757375.0,100.0,0.0,1.9744467,0.0031482768,7.3490915,0.023136975,530765.7514,5940415.9173,14.0
14.0,2019,121561.0,25.0,1757375.0,100.0,0.0,2.03678,0.013421792,7.821764,0.10498209,530765.7514,5940415.9173,14.0
14.0,2020,121561.0,25.0,1757375.0,100.0,0.0,2.0792885,0.015777392,8.161422,0.12876596,530765.7514,5940415.9173,14.0
14.0,2021,121561.0,25.0,1757375.0,100.0,0.0,2.1005523,0.0076474617,8.336824,0.06375554,530765.7514,5940415.9173,14.0
14.0,2022,121561.0,25.0,1757375.0,100.0,0.0,2.1637967,0.027157793,8.881112,0.24119139,530765.7514,5940415.9173,14.0
14.0,2023,121561.0,25.0,1757375.0,100.0,0.0,2.2571764,0.04721952,9.7503805,0.4604083,530765.7514,5940415.9173,14.0
14.0,2024,121561.0,25.0,1757375.0,100.0,0.0,2.3068142,0.0057153604,10.246583,0.058562916,530765.7514,5940415.9173,14.0
14.0,2025,121561.0,25.0,1757375.0,100.0,0.0,2.3366077,0.03270542,10.556457,0.34525332,530765.7514,5940415.9173,14.0
15.0,2007,11335.0,25.0,1714638.0,100.0,0.0,1.5444546,0.010574344,4.762398,0.050359227,605269.9714,5870117.7147,15.0
15.0,2008,11335.0,25.0,1714638.0,100.0,0.0,1.5397735,0.010438939,4.740156,0.049482197,605269.9714,5870117.7147,15.0
15.0,2009,11335.0,25.0,1714638.0,100.0,0.0,1.5559158,0.008182316,4.817294,0.039416622,605269.9714,5870117.7147,15.0
15.0,2010,11335.0,25.0,1714638.0,100.0,0.0,1.5597745,0.012633303,4.835919,0.06109363,605269.9714,5870117.7147,15.0
15.0,2011,11335.0,25.0,1714638.0,100.0,0.0,1.5831183,0.013712468,4.9501357,0.067878574,605269.9714,5870117.7147,15.0
15.0,2012,11335.0,25.0,1714638.0,100.0,0.0,1.6107637,0.007137275,5.0888925,0.036320824,605269.9714,5870117.7147,15.0
15.0,2013,11335.0,25.0,1714638.0,100.0,0.0,1.6243366,0.009346717,5.1584353,0.04821443,605269.9714,5870117.7147,15.0
15.0,2014,11335.0,25.0,1714638.0,100.0,0.0,1.6443558,0.0039862664,5.262743,0.020978695,605269.9714,5870117.7147,15.0
15.0,2015,11335.0,25.0,1714638.0,100.0,0.0,1.6701248,0.0055339443,5.400121,0.02988397,605269.9714,5870117.7147,15.0
15.0,2016,11335.0,25.0,1714638.0,100.0,0.0,1.6980243,0.0067069773,5.552903,0.037243195,605269.9714,5870117.7147,15.0
15.0,2017,11335.0,25.0,1714638.0,100.0,0.0,1.7413789,7.59413e-05,5.7989426,0.00044037923,605269.9714,5870117.7147,15.0
15.0,2018,11335.0,25.0,1714638.0,100.0,0.0,1.7740774,0.013506052,5.9916935,0.080924116,605269.9714,5870117.7147,15.0
15.0,2019,11335.0,25.0,1714638.0,100.0,0.0,1.8107558,0.010998998,6.2155395,0.0683647,605269.9714,5870117.7147,15.0
15.0,2020,11335.0,25.0,1714638.0,100.0,0.0,1.8566543,0.0049382388,6.507471,0.03213545,605269.9714,5870117.7147,15.0
15.0,2021,11335.0,25.0,1714638.0,100.0,0.0,1.8973297,0.01192758,6.777622,0.08084064,605269.9714,5870117.7147,15.0
15.0,2022,11335.0,25.0,1714638.0,100.0,0.0,1.9752547,0.021797992,7.3268905,0.1597115,605269.9714,5870117.7147,15.0
15.0,2023,11335.0,25.0,1714638.0,100.0,0.0,2.017824,0.014286901,7.645525,0.10923086,605269.9714,5870117.7147,15.0
15.0,2024,11335.0,25.0,1714638.0,100.0,0.0,2.1404855,0.0069774124,8.643281,0.060307734,605269.9714,5870117.7147,15.0
15.0,2025,11335.0,25.0,1714638.0,100.0,0.0,2.1711004,0.0018992468,8.911986,0.016926061,605269.9714,5870117.7147,15.0
16.0,2007,33806.0,25.0,384752.0,100.0,0.0,1.2993807,0.0093410285,3.7310357,0.03485171,378961.3055,5913964.8598,16.0
16.0,2008,33806.0,25.0,384752.0,100.0,0.0,1.2855432,0.007495274,3.6797633,0.027580833,378961.3055,5913964.8598,16.0
16.0,2009,33806.0,25.0,384752.0,100.0,0.0,1.4052091,0.00038400464,4.147535,0.0015926727,378961.3055,5913964.8598,16.0
16.0,2010,33806.0,25.0,384752.0,100.0,0.0,1.6307966,0.010986,5.1971054,0.057095397,378961.3055,5913964.8598,16.0
16.0,2011,33806.0,25.0,384752.0,100.0,0.0,1.6168184,0.020903658,5.1249647,0.107130505,378961.3055,5913964.8598,16.0
16.0,2012,33806.0,25.0,384752.0,100.0,0.0,1.6438508,0.014872255,5.2653937,0.07830828,378961.3055,5913964.8598,16.0
16.0,2013,33806.0,25.0,384752.0,100.0,0.0,1.6294388,0.014169441,5.1900535,0.07354015,378961.3055,5913964.8598,16.0
16.0,2014,33806.0,25.0,384752.0,100.0,0.0,1.6277752,0.026940567,5.1814265,0.13959058,378961.3055,5913964.8598,16.0
16.0,2015,33806.0,25.0,384752.0,100.0,0.0,1.6532477,0.010798507,5.315106,0.05739521,378961.3055,5913964.8598,16.0
16.0,2016,33806.0,25.0,384752.0,100.0,0.0,1.7747303,0.003479762,6.0016565,0.020884335,378961.3055,5913964.8598,16.0
16.0,2017,33806.0,25.0,384752.0,100.0,0.0,1.8550854,0.014604424,6.5038257,0.09498463,378961.3055,5913964.8598,16.0
16.0,2018,33806.0,25.0,384752.0,100.0,0.0,1.8687276,0.021976614,6.5931597,0.14489533,378961.3055,5913964.8598,16.0
16.0,2019,33806.0,25.0,384752.0,100.0,0.0,1.8615829,0.01611847,6.5462217,0.105515085,378961.3055,5913964.8598,16.0
16.0,2020,33806.0,25.0,384752.0,100.0,0.0,1.9092227,0.015552613,6.8656306,0.106778495,378961.3055,5913964.8598,16.0
16.0,2021,33806.0,25.0,384752.0,100.0,0.0,1.939412,0.01510987,7.0760593,0.10691834,378961.3055,5913964.8598,16.0
16.0,2022,33806.0,25.0,384752.0,100.0,0.0,1.9881947,0.014194518,7.429807,0.10546253,378961.3055,5913964.8598,16.0
16.0,2023,33806.0,25.0,384752.0,100.0,0.0,2.0477355,0.00020578085,7.885618,0.0016227092,378961.3055,5913964.8598,16.0
16.0,2024,33806.0,25.0,384752.0,100.0,0.0,2.1152923,0.0036429632,8.436753,0.03073478,378961.3055,5913964.8598,16.0
16.0,2025,33806.0,25.0,384752.0,100.0,0.0,2.0979578,0.0077474015,8.291766,0.064239636,378961.3055,5913964.8598,16.0
17.0,2007,111843.0,25.0,738703.0,100.0,0.0,1.7289504,0.013079818,5.723674,0.07486462,448120.4575,5888633.5757,17.0
17.0,2008,111843.0,25.0,738703.0,100.0,0.0,1.7511877,0.014370329,5.852379,0.08410061,448120.4575,5888633.5757,17.0
17.0,2009,111843.0,25.0,738703.0,100.0,0.0,1.7900444,0.019962851,6.084259,0.12145915,448120.4575,5888633.5757,17.0
17.0,2010,111843.0,25.0,738703.0,100.0,0.0,1.8431604,0.039146207,6.416167,0.2511686,448120.4575,5888633.5757,17.0
17.0,2011,111843.0,25.0,738703.0,100.0,0.0,1.8873507,0.05095478,6.706057,0.34170568,448120.4575,5888633.5757,17.0
17.0,2012,111843.0,25.0,738703.0,100.0,0.0,1.946891,0.019730782,7.1174636,0.14043312,448120.4575,5888633.5757,17.0
17.0,2013,111843.0,25.0,738703.0,100.0,0.0,1.9657328,0.02163248,7.252842,0.15689695,448120.4575,5888633.5757,17.0
17.0,2014,111843.0,25.0,738703.0,100.0,0.0,1.9908006,0.020848291,7.4369526,0.15504774,448120.4575,5888633.5757,17.0
17.0,2015,111843.0,25.0,738703.0,100.0,0.0,1.9718202,0.008086893,7.2971272,0.05901109,448120.4575,5888633.5757,17.0
17.0,2016,111843.0,25.0,738703.0,100.0,0.0,2.0041907,0.0045944615,7.5372043,0.034629393,448120.4575,5888633.5757,17.0
17.0,2017,111843.0,25.0,738703.0,100.0,0.0,2.0889194,0.007984753,8.203657,0.06550417,448120.4575,5888633.5757,17.0
17.0,2018,111843.0,25.0,738703.0,100.0,0.0,2.1212108,0.0077417037,8.472886,0.06559458,448120.4575,5888633.5757,17.0
17.0,2019,111843.0,25.0,738703.0,100.0,0.0,2.1537519,0.007847391,8.753139,0.0686893,448120.4575,5888633.5757,17.0
17.0,2020,111843.0,25.0,738703.0,100.0,0.0,2.1898544,0.00787056,9.0749235,0.07142473,448120.4575,5888633.5757,17.0
17.0,2021,111843.0,25.0,738703.0,100.0,0.0,2.2180154,0.009129045,9.334115,0.08521155,448120.4575,5888633.5757,17.0
17.0,2022,111843.0,25.0,738703.0,100.0,0.0,2.2565846,0.0050890693,9.701158,0.049369868,448120.4575,5888633.5757,17.0
17.0,2023,111843.0,25.0,738703.0,100.0,0.0,2.2723446,0.0061202627,9.855258,0.060316768,448120.4575,5888633.5757,17.0
17.0,2024,111843.0,25.0,738703.0,100.0,0.0,2.2939363,0.003414247,10.070364,0.03438271,448120.4575,5888633.5757,17.0
17.0,2025,111843.0,25.0,738703.0,100.0,0.0,2.356843,0.0034330795,10.724208,0.03681706,448120.4575,5888633.5757,17.0
18.0,2007,72761.0,25.0,1546222.0,100.0,0.0,1.6969137,0.011166348,5.5535054,0.062012378,434984.9936,5792351.3277,18.0
18.0,2008,72761.0,25.0,1546222.0,100.0,0.0,1.72367,0.0077850726,5.7041025,0.04440685,434984.9936,5792351.3277,18.0
18.0,2009,72761.0,25.0,1546222.0,100.0,0.0,1.7320789,0.0085276,5.7522697,0.049053058,434984.9936,5792351.3277,18.0
18.0,2010,72761.0,25.0,1546222.0,100.0,0.0,1.7428857,0.0073419153,5.8147707,0.042691555,434984.9936,5792351.3277,18.0
18.0,2011,72761.0,25.0,1546222.0,100.0,0.0,1.7756637,0.0126632,6.008526,0.07608716,434984.9936,5792351.3277,18.0
18.0,2012,72761.0,25.0,1546222.0,100.0,0.0,1.833085,0.012194687,6.3636403,0.0776026,434984.9936,5792351.3277,18.0
18.0,2013,72761.0,25.0,1546222.0,100.0,0.0,1.8508174,0.007816531,6.4774904,0.050631505,434984.9936,5792351.3277,18.0
18.0,2014,72761.0,25.0,1546222.0,100.0,0.0,1.9128627,0.013073929,6.892117,0.090107046,434984.9936,5792351.3277,18.0
18.0,2015,72761.0,25.0,1546222.0,100.0,0.0,1.9310579,0.009728323,7.018669,0.06827988,434984.9936,5792351.3277,18.0
18.0,2016,72761.0,25.0,1546222.0,100.0,0.0,1.9846531,0.006875288,7.405099,0.050912187,434984.9936,5792351.3277,18.0
18.0,2017,72761.0,25.0,1546222.0,100.0,0.0,2.0620155,0.016597325,8.000718,0.13279052,434984.9936,5792351.3277,18.0
18.0,2018,72761.0,25.0,1546222.0,100.0,0.0,2.1149633,0.018985817,8.435753,0.16015966,434984.9936,5792351.3277,18.0
18.0,2019,72761.0,25.0,1546222.0,100.0,0.0,2.1402888,0.01623204,8.652121,0.14044155,434984.9936,5792351.3277,18.0
18.0,2020,72761.0,25.0,1546222.0,100.0,0.0,2.1528718,0.012456954,8.76168,0.109143846,434984.9936,5792351.3277,18.0
18.0,2021,72761.0,25.0,1546222.0,100.0,0.0,2.1410587,0.016660862,8.658785,0.1442628,434984.9936,5792351.3277,18.0
18.0,2022,72761.0,25.0,1546222.0,100.0,0.0,2.1969507,0.013761808,9.156522,0.12601028,434984.9936,5792351.3277,18.0
18.0,2023,72761.0,25.0,1546222.0,100.0,0.0,2.2289567,0.010131926,9.454325,0.09579052,434984.9936,5792351.3277,18.0
18.0,2024,72761.0,25.0,1546222.0,100.0,0.0,2.2854261,0.007764575,10.003567,0.07767344,434984.9936,5792351.3277,18.0
18.0,2025,72761.0,25.0,1546222.0,100.0,0.0,2.3412774,0.008625242,10.578177,0.09123933,434984.9936,5792351.3277,18.0
20.0,2007,58570.0,25.0,653158.0,100.0,0.0,1.5628095,0.015931932,4.8367743,0.077059165,439602.655,5935697.3056,20.0
20.0,2008,58570.0,25.0,653158.0,100.0,0.0,1.5967759,0.020321405,5.003884,0.10168595,439602.655,5935697.3056,20.0
20.0,2009,58570.0,25.0,653158.0,100.0,0.0,1.5657645,0.009650333,4.851088,0.046814617,439602.655,5935697.3056,20.0
20.0,2010,58570.0,25.0,653158.0,100.0,0.0,1.5555799,0.010032342,4.8019323,0.048174627,439602.655,5935697.3056,20.0
20.0,2011,58570.0,25.0,653158.0,100.0,0.0,1.5744681,0.0013028826,4.8934946,0.006375649,439602.655,5935697.3056,20.0
20.0,2012,58570.0,25.0,653158.0,100.0,0.0,1.5917847,0.001619028,4.978971,0.008061093,439602.655,5935697.3056,20.0
20.0,2013,58570.0,25.0,653158.0,100.0,0.0,1.5726389,0.004923455,4.884551,0.024048869,439602.655,5935697.3056,20.0
20.0,2014,58570.0,25.0,653158.0,100.0,0.0,1.5943127,0.010465019,4.9915733,0.05223691,439602.655,5935697.3056,20.0
20.0,2015,58570.0,25.0,653158.0,100.0,0.0,1.6147318,0.0051063616,5.094545,0.026014589,439602.655,5935697.3056,20.0
20.0,2016,58570.0,25.0,653158.0,100.0,0.0,1.6477813,0.014584503,5.26573,0.07679806,439602.655,5935697.3056,20.0
20.0,2017,58570.0,25.0,653158.0,100.0,0.0,1.6802834,0.00017604668,5.4396896,0.0009576393,439602.655,5935697.3056,20.0
20.0,2018,58570.0,25.0,653158.0,100.0,0.0,1.7022649,0.00071178726,5.560586,0.0039579542,439602.655,5935697.3056,20.0
20.0,2019,58570.0,25.0,653158.0,100.0,0.0,1.7427596,0.007888512,5.790381,0.045677487,439602.655,5935697.3056,20.0
20.0,2020,58570.0,25.0,653158.0,100.0,0.0,1.8068879,0.008647398,6.173874,0.053387944,439602.655,5935697.3056,20.0
20.0,2021,58570.0,25.0,653158.0,100.0,0.0,1.8200246,0.010605413,6.255513,0.0663423,439602.655,5935697.3056,20.0
20.0,2022,58570.0,25.0,653158.0,100.0,0.0,1.8294681,0.00792603,6.314867,0.050051827,439602.655,5935697.3056,20.0
20.0,2023,58570.0,25.0,653158.0,100.0,0.0,1.8801762,0.004692921,6.643339,0.031176668,439602.655,5935697.3056,20.0
20.0,2024,58570.0,25.0,653158.0,100.0,0.0,1.916018,0.0008983296,6.885767,0.006185688,439602.655,5935697.3056,20.0
20.0,2025,58570.0,25.0,653158.0,100.0,0.0,1.9739712,0.006255106,7.29661,0.04564107,439602.655,5935697.3056,20.0
19.0,2007,14360.0,25.0,712408.0,100.0,0.0,1.4211731,0.0028684952,4.208472,0.012071981,387595.5805,5820204.4612,19.0
19.0,2008,14360.0,25.0,712408.0,100.0,0.0,1.4377613,0.0052257506,4.278865,0.02236028,387595.5805,5820204.4612,19.0
19.0,2009,14360.0,25.0,712408.0,100.0,0.0,1.6043049,0.010985561,5.05426,0.05552388,387595.5805,5820204.4612,19.0
19.0,2010,14360.0,25.0,712408.0,100.0,0.0,1.6230177,0.0067652627,5.1497293,0.03483927,387595.5805,5820204.4612,19.0
19.0,2011,14360.0,25.0,712408.0,100.0,0.0,1.6490281,0.011988043,5.2854333,0.063362,387595.5805,5820204.4612,19.0
19.0,2012,14360.0,25.0,712408.0,100.0,0.0,1.6867663,0.005205535,5.4887075,0.028571658,387595.5805,5820204.4612,19.0
19.0,2013,14360.0,25.0,712408.0,100.0,0.0,1.773649,0.01900529,5.98691,0.11378296,387595.5805,5820204.4612,19.0
19.0,2014,14360.0,25.0,712408.0,100.0,0.0,1.7429869,0.008267527,5.8061247,0.0480023,387595.5805,5820204.4612,19.0
19.0,2015,14360.0,25.0,712408.0,100.0,0.0,1.7434355,0.0025895769,5.8087306,0.015042153,387595.5805,5820204.4612,19.0
19.0,2016,14360.0,25.0,712408.0,100.0,0.0,1.7933886,0.0006273725,6.1062636,0.0038309016,387595.5805,5820204.4612,19.0
19.0,2017,14360.0,25.0,712408.0,100.0,0.0,1.7868649,0.005569642,6.0665574,0.033788554,387595.5805,5820204.4612,19.0
19.0,2018,14360.0,25.0,712408.0,100.0,0.0,1.8402826,0.012156964,6.399431,0.07779766,387595.5805,5820204.4612,19.0
19.0,2019,14360.0,25.0,712408.0,100.0,0.0,1.8638917,0.0022656394,6.552314,0.01484518,387595.5805,5820204.4612,19.0
19.0,2020,14360.0,25.0,712408.0,100.0,0.0,1.9319267,0.0020997096,7.013614,0.014726553,387595.5805,5820204.4612,19.0
19.0,2021,14360.0,25.0,712408.0,100.0,0.0,2.002322,0.0102389585,7.525132,0.077049516,387595.5805,5820204.4612,19.0
19.0,2022,14360.0,25.0,712408.0,100.0,0.0,2.0144782,0.004795286,7.617169,0.0365265,387595.5805,5820204.4612,19.0
19.0,2023,14360.0,25.0,712408.0,100.0,0.0,2.1470478,0.0019279593,8.696967,0.016767398,387595.5805,5820204.4612,19.0
19.0,2024,14360.0,25.0,712408.0,100.0,0.0,2.1775703,0.002239701,8.966514,0.02008231,387595.5805,5820204.4612,19.0
19.0,2025,14360.0,25.0,712408.0,100.0,0.0,2.2320514,0.008073097,9.46857,0.07644068,387595.5805,5820204.4612,19.0
21.0,2007,16352.0,25.0,1226901.0,100.0,0.0,1.6499766,0.07893167,5.2919955,0.417706,451775.3564,5843722.4482,21.0
21.0,2008,16352.0,25.0,1226901.0,100.0,0.0,1.6028986,0.025410177,5.0486326,0.12828664,451775.3564,5843722.4482,21.0
21.0,2009,16352.0,25.0,1226901.0,100.0,0.0,1.6340626,0.045838643,5.2084455,0.23874809,451775.3564,5843722.4482,21.0
21.0,2010,16352.0,25.0,1226901.0,100.0,0.0,1.6697652,0.030721927,5.39776,0.16582958,451775.3564,5843722.4482,21.0
21.0,2011,16352.0,25.0,1226901.0,100.0,0.0,1.6956267,0.053679064,5.5391746,0.2973377,451775.3564,5843722.4482,21.0
21.0,2012,16352.0,25.0,1226901.0,100.0,0.0,1.7390597,0.059335347,5.7850585,0.34325844,451775.3564,5843722.4482,21.0
21.0,2013,16352.0,25.0,1226901.0,100.0,0.0,1.7604439,0.07004458,5.9101,0.41397044,451775.3564,5843722.4482,21.0
21.0,2014,16352.0,25.0,1226901.0,100.0,0.0,1.8198818,0.06100443,6.272033,0.38262182,451775.3564,5843722.4482,21.0
21.0,2015,16352.0,25.0,1226901.0,100.0,0.0,1.8704919,0.09434136,6.5976315,0.6224295,451775.3564,5843722.4482,21.0
21.0,2016,16352.0,25.0,1226901.0,100.0,0.0,1.9216375,0.04084871,6.9438496,0.2836473,451775.3564,5843722.4482,21.0
21.0,2017,16352.0,25.0,1226901.0,100.0,0.0,1.9548384,0.057472687,7.1782613,0.41255397,451775.3564,5843722.4482,21.0
21.0,2018,16352.0,25.0,1226901.0,100.0,0.0,2.0447812,0.04881221,7.853819,0.38336226,451775.3564,5843722.4482,21.0
21.0,2019,16352.0,25.0,1226901.0,100.0,0.0,1.9948851,0.03964604,7.4715605,0.2962178,451775.3564,5843722.4482,21.0
21.0,2020,16352.0,25.0,1226901.0,100.0,0.0,2.024083,0.047780048,7.6929307,0.36756858,451775.3564,5843722.4482,21.0
21.0,2021,16352.0,25.0,1226901.0,100.0,0.0,2.0507498,0.035094295,7.900836,0.27727425,451775.3564,5843722.4482,21.0
21.0,2022,16352.0,25.0,1226901.0,100.0,0.0,2.0850542,0.0677858,8.176571,0.55425537,451775.3564,5843722.4482,21.0
21.0,2023,16352.0,25.0,1226901.0,100.0,0.0,2.19588,0.05437409,9.134867,0.49670008,451775.3564,5843722.4482,21.0
21.0,2024,16352.0,25.0,1226901.0,100.0,0.0,2.1183364,0.14377488,8.453285,1.2153702,451775.3564,5843722.4482,21.0
21.0,2025,16352.0,25.0,1226901.0,100.0,0.0,2.22533,0.14141065,9.407891,1.330376,451775.3564,5843722.4482,21.0
22.0,2007,241405.0,25.0,1361350.0,100.0,0.0,1.7622482,0.036035884,5.9461412,0.21427445,485681.9239,5884381.5164,22.0
22.0,2008,241405.0,25.0,1361350.0,100.0,0.0,1.7706825,0.030836457,5.996505,0.18491095,485681.9239,5884381.5164,22.0
22.0,2009,241405.0,25.0,1361350.0,100.0,0.0,1.8077226,0.021713134,6.2227807,0.13511607,485681.9239,5884381.5164,22.0
22.0,2010,241405.0,25.0,1361350.0,100.0,0.0,1.860035,0.02665077,6.556974,0.1747484,485681.9239,5884381.5164,22.0
22.0,2011,241405.0,25.0,1361350.0,100.0,0.0,1.9046104,0.024970194,6.8558664,0.17119232,485681.9239,5884381.5164,22.0
22.0,2012,241405.0,25.0,1361350.0,100.0,0.0,1.9606223,0.026138619,7.250835,0.18952681,485681.9239,5884381.5164,22.0
22.0,2013,241405.0,25.0,1361350.0,100.0,0.0,2.0361085,0.028842513,7.81936,0.22552998,485681.9239,5884381.5164,22.0
22.0,2014,241405.0,25.0,1361350.0,100.0,0.0,2.0755906,0.019974971,8.134261,0.16248164,485681.9239,5884381.5164,22.0
22.0,2015,241405.0,25.0,1361350.0,100.0,0.0,2.0562875,0.016562374,7.9787507,0.13214706,485681.9239,5884381.5164,22.0
22.0,2016,241405.0,25.0,1361350.0,100.0,0.0,2.0992732,0.01609503,8.329201,0.13405873,485681.9239,5884381.5164,22.0
22.0,2017,241405.0,25.0,1361350.0,100.0,0.0,2.2504175,0.025820347,9.6882305,0.25015348,485681.9239,5884381.5164,22.0
22.0,2018,241405.0,25.0,1361350.0,100.0,0.0,2.2516694,0.013830539,9.700367,0.1341613,485681.9239,5884381.5164,22.0
22.0,2019,241405.0,25.0,1361350.0,100.0,0.0,2.2237084,0.014959472,9.432893,0.1411111,485681.9239,5884381.5164,22.0
22.0,2020,241405.0,25.0,1361350.0,100.0,0.0,2.256354,0.025322856,9.745916,0.24679445,485681.9239,5884381.5164,22.0
22.0,2021,241405.0,25.0,1361350.0,100.0,0.0,2.2842402,0.025175452,10.021519,0.25229627,485681.9239,5884381.5164,22.0
22.0,2022,241405.0,25.0,1361350.0,100.0,0.0,2.3144505,0.018460287,10.328889,0.19067426,485681.9239,5884381.5164,22.0
22.0,2023,241405.0,25.0,1361350.0,100.0,0.0,2.366845,0.017246325,10.884493,0.1877175,485681.9239,5884381.5164,22.0
22.0,2024,241405.0,25.0,1361350.0,100.0,0.0,2.4083188,0.018170357,11.345407,0.2061501,485681.9239,5884381.5164,22.0
22.0,2025,241405.0,25.0,1361350.0,100.0,0.0,2.4632792,0.015749704,11.986411,0.18878242,485681.9239,5884381.5164,22.0
23.0,2007,105911.0,25.0,1338802.0,100.0,0.0,1.4444001,0.020488078,4.287795,0.087848686,474150.6425,5932781.5651,23.0
23.0,2008,105911.0,25.0,1338802.0,100.0,0.0,1.4726683,0.018439313,4.4107327,0.08133088,474150.6425,5932781.5651,23.0
23.0,2009,105911.0,25.0,1338802.0,100.0,0.0,1.4802662,0.015461515,4.4443727,0.068716735,474150.6425,5932781.5651,23.0
23.0,2010,105911.0,25.0,1338802.0,100.0,0.0,1.4774619,0.0187642,4.431927,0.08316156,474150.6425,5932781.5651,23.0
23.0,2011,105911.0,25.0,1338802.0,100.0,0.0,1.5005578,0.017183932,4.535477,0.07793733,474150.6425,5932781.5651,23.0
23.0,2012,105911.0,25.0,1338802.0,100.0,0.0,1.5167549,0.014369322,4.6095366,0.066235915,474150.6425,5932781.5651,23.0
23.0,2013,105911.0,25.0,1338802.0,100.0,0.0,1.5535057,0.017164644,4.7820926,0.08208291,474150.6425,5932781.5651,23.0
23.0,2014,105911.0,25.0,1338802.0,100.0,0.0,1.598649,0.022205975,5.0029187,0.11109468,474150.6425,5932781.5651,23.0
23.0,2015,105911.0,25.0,1338802.0,100.0,0.0,1.6103961,0.017114399,5.062035,0.08663369,474150.6425,5932781.5651,23.0
23.0,2016,105911.0,25.0,1338802.0,100.0,0.0,1.6468667,0.0123641435,5.2500587,0.064912476,474150.6425,5932781.5651,23.0
23.0,2017,105911.0,25.0,1338802.0,100.0,0.0,1.6677084,0.0075178184,5.360627,0.04030022,474150.6425,5932781.5651,23.0
23.0,2018,105911.0,25.0,1338802.0,100.0,0.0,1.7208868,0.0049222037,5.6534123,0.027827248,474150.6425,5932781.5651,23.0
23.0,2019,105911.0,25.0,1338802.0,100.0,0.0,1.830717,0.010847374,6.3097086,0.06844377,474150.6425,5932781.5651,23.0
23.0,2020,105911.0,25.0,1338802.0,100.0,0.0,1.8085452,0.00034761007,6.171351,0.0021452238,474150.6425,5932781.5651,23.0
23.0,2021,105911.0,25.0,1338802.0,100.0,0.0,1.8327334,0.0034496312,6.322444,0.021810101,474150.6425,5932781.5651,23.0
23.0,2022,105911.0,25.0,1338802.0,100.0,0.0,1.8694713,0.00238248,6.5590367,0.015626775,474150.6425,5932781.5651,23.0
23.0,2023,105911.0,25.0,1338802.0,100.0,0.0,1.9463402,0.00056589977,7.083107,0.004008329,474150.6425,5932781.5651,23.0
23.0,2024,105911.0,25.0,1338802.0,100.0,0.0,2.0218303,0.0053947843,7.6385117,0.041208126,474150.6425,5932781.5651,23.0
23.0,2025,105911.0,25.0,1338802.0,100.0,0.0,2.057879,0.00034813795,7.918894,0.0027568673,474150.6425,5932781.5651,23.0
24.0,2007,1456958.0,25.0,5457028.0,100.0,0.0,2.1371295,0.0031385624,8.659183,0.027177388,347133.7783,5678283.0101,24.0
24.0,2008,1456958.0,25.0,5457028.0,100.0,0.0,2.1315868,0.00903002,8.611321,0.077760406,347133.7783,5678283.0101,24.0
24.0,2009,1456958.0,25.0,5457028.0,100.0,0.0,2.1391976,0.011528212,8.67711,0.100031555,347133.7783,5678283.0101,24.0
24.0,2010,1456958.0,25.0,5457028.0,100.0,0.0,2.1480205,0.014988582,8.754006,0.13121015,347133.7783,5678283.0101,24.0
24.0,2011,1456958.0,25.0,5457028.0,100.0,0.0,2.1726875,0.019898906,8.972626,0.17854543,347133.7783,5678283.0101,24.0
24.0,2012,1456958.0,25.0,5457028.0,100.0,0.0,2.2142358,0.023524202,9.353275,0.22002834,347133.7783,5678283.0101,24.0
24.0,2013,1456958.0,25.0,5457028.0,100.0,0.0,2.2348304,0.019486174,9.547901,0.18605207,347133.7783,5678283.0101,24.0
24.0,2014,1456958.0,25.0,5457028.0,100.0,0.0,2.2540097,0.023400899,9.732791,0.22775605,347133.7783,5678283.0101,24.0
24.0,2015,1456958.0,25.0,5457028.0,100.0,0.0,2.264658,0.027010348,9.836982,0.26570028,347133.7783,5678283.0101,24.0
24.0,2016,1456958.0,25.0,5457028.0,100.0,0.0,2.2851124,0.03226432,10.040262,0.3239422,347133.7783,5678283.0101,24.0
24.0,2017,1456958.0,25.0,5457028.0,100.0,0.0,2.360652,0.036841184,10.828082,0.39891937,347133.7783,5678283.0101,24.0
24.0,2018,1456958.0,25.0,5457028.0,100.0,0.0,2.4136152,0.035377618,11.41703,0.4039073,347133.7783,5678283.0101,24.0
24.0,2019,1456958.0,25.0,5457028.0,100.0,0.0,2.4540694,0.033792824,11.888366,0.40174142,347133.7783,5678283.0101,24.0
24.0,2020,1456958.0,25.0,5457028.0,100.0,0.0,2.5046663,0.03320853,12.505357,0.4152845,347133.7783,5678283.0101,24.0
24.0,2021,1456958.0,25.0,5457028.0,100.0,0.0,2.510483,0.024728706,12.57831,0.31104535,347133.7783,5678283.0101,24.0
24.0,2022,1456958.0,25.0,5457028.0,100.0,0.0,2.5616436,0.027061706,13.238569,0.35825825,347133.7783,5678283.0101,24.0
24.0,2023,1456958.0,25.0,5457028.0,100.0,0.0,2.6038492,0.027194003,13.809268,0.37552926,347133.7783,5678283.0101,24.0
24.0,2024,1456958.0,25.0,5457028.0,100.0,0.0,2.6293411,0.023845008,14.165819,0.33778408,347133.7783,5678283.0101,24.0
24.0,2025,1456958.0,25.0,5457028.0,100.0,0.0,2.6917386,0.022623273,15.077892,0.34111127,347133.7783,5678283.0101,24.0
25.0,2007,1718655.0,25.0,5502852.0,100.0,0.0,1.7523781,0.027397422,5.881477,0.16113731,362171.0527,5699932.7987,25.0
25.0,2008,1718655.0,25.0,5502852.0,100.0,0.0,1.7629372,0.02075209,5.943909,0.12334853,362171.0527,5699932.7987,25.0
25.0,2009,1718655.0,25.0,5502852.0,100.0,0.0,1.7692082,0.016593253,5.9813004,0.09924924,362171.0527,5699932.7987,25.0
25.0,2010,1718655.0,25.0,5502852.0,100.0,0.0,1.76445,0.017154096,5.952907,0.102116734,362171.0527,5699932.7987,25.0
25.0,2011,1718655.0,25.0,5502852.0,100.0,0.0,1.7747512,0.021812316,6.0145464,0.13119118,362171.0527,5699932.7987,25.0
25.0,2012,1718655.0,25.0,5502852.0,100.0,0.0,1.8022373,0.019176917,6.182156,0.11855469,362171.0527,5699932.7987,25.0
25.0,2013,1718655.0,25.0,5502852.0,100.0,0.0,1.8143176,0.027198782,6.2572913,0.17019069,362171.0527,5699932.7987,25.0
25.0,2014,1718655.0,25.0,5502852.0,100.0,0.0,1.8242227,0.02463684,6.3195777,0.15569444,362171.0527,5699932.7987,25.0
25.0,2015,1718655.0,25.0,5502852.0,100.0,0.0,1.845998,0.021122875,6.4586987,0.13642628,362171.0527,5699932.7987,25.0
25.0,2016,1718655.0,25.0,5502852.0,100.0,0.0,1.9110279,0.017267622,6.892664,0.11901991,362171.0527,5699932.7987,25.0
25.0,2017,1718655.0,25.0,5502852.0,100.0,0.0,1.9425826,0.02616237,7.113628,0.18610936,362171.0527,5699932.7987,25.0
25.0,2018,1718655.0,25.0,5502852.0,100.0,0.0,1.9852526,0.019884817,7.423736,0.14761963,362171.0527,5699932.7987,25.0
25.0,2019,1718655.0,25.0,5502852.0,100.0,0.0,2.0244992,0.014220895,7.720884,0.10979788,362171.0527,5699932.7987,25.0
25.0,2020,1718655.0,25.0,5502852.0,100.0,0.0,2.0455942,0.018072018,7.885486,0.14250666,362171.0527,5699932.7987,25.0
25.0,2021,1718655.0,25.0,5502852.0,100.0,0.0,2.0634882,0.018249378,8.02786,0.14650345,362171.0527,5699932.7987,25.0
25.0,2022,1718655.0,25.0,5502852.0,100.0,0.0,2.094684,0.021966789,8.282242,0.18193425,362171.0527,5699932.7987,25.0
25.0,2023,1718655.0,25.0,5502852.0,100.0,0.0,2.1416626,0.023956444,8.680615,0.20795667,362171.0527,5699932.7987,25.0
25.0,2024,1718655.0,25.0,5502852.0,100.0,0.0,2.1986265,0.021821812,9.189451,0.20053048,362171.0527,5699932.7987,25.0
25.0,2025,1718655.0,25.0,5502852.0,100.0,0.0,2.2434607,0.031778857,9.610827,0.3054211,362171.0527,5699932.7987,25.0
26.0,2007,1070365.0,25.0,5570541.0,100.0,0.0,1.7243596,0.024991048,5.7049794,0.14257342,372211.7507,5679286.113,26.0
26.0,2008,1070365.0,25.0,5570541.0,100.0,0.0,1.7163565,0.009854747,5.6595035,0.055772975,372211.7507,5679286.113,26.0
26.0,2009,1070365.0,25.0,5570541.0,100.0,0.0,1.6717255,0.0036657504,5.4124684,0.019840758,372211.7507,5679286.113,26.0
26.0,2010,1070365.0,25.0,5570541.0,100.0,0.0,1.6860706,0.011946345,5.49067,0.06559344,372211.7507,5679286.113,26.0
26.0,2011,1070365.0,25.0,5570541.0,100.0,0.0,1.689769,0.008559121,5.5110145,0.04716944,372211.7507,5679286.113,26.0
26.0,2012,1070365.0,25.0,5570541.0,100.0,0.0,1.6763339,0.0045416136,5.437469,0.024694884,372211.7507,5679286.113,26.0
26.0,2013,1070365.0,25.0,5570541.0,100.0,0.0,1.7069491,0.0031887435,5.606512,0.01787773,372211.7507,5679286.113,26.0
26.0,2014,1070365.0,25.0,5570541.0,100.0,0.0,1.7221065,0.0067717186,5.6921396,0.038545568,372211.7507,5679286.113,26.0
26.0,2015,1070365.0,25.0,5570541.0,100.0,0.0,1.7262588,0.0061857724,5.715824,0.03535679,372211.7507,5679286.113,26.0
26.0,2016,1070365.0,25.0,5570541.0,100.0,0.0,1.7583781,0.014984131,5.902393,0.08844222,372211.7507,5679286.113,26.0
26.0,2017,1070365.0,25.0,5570541.0,100.0,0.0,1.780696,0.018543672,6.0356026,0.11192223,372211.7507,5679286.113,26.0
26.0,2018,1070365.0,25.0,5570541.0,100.0,0.0,1.8061924,0.012799496,6.1914673,0.07924766,372211.7507,5679286.113,26.0
26.0,2019,1070365.0,25.0,5570541.0,100.0,0.0,1.8452265,0.015540982,6.437925,0.10005167,372211.7507,5679286.113,26.0
26.0,2020,1070365.0,25.0,5570541.0,100.0,0.0,1.8686262,0.020597568,6.5903463,0.13574511,372211.7507,5679286.113,26.0
26.0,2021,1070365.0,25.0,5570541.0,100.0,0.0,1.9128712,0.018496204,6.8884835,0.1274108,372211.7507,5679286.113,26.0
26.0,2022,1070365.0,25.0,5570541.0,100.0,0.0,1.959511,0.015843416,7.2173705,0.11434781,372211.7507,5679286.113,26.0
26.0,2023,1070365.0,25.0,5570541.0,100.0,0.0,2.0148554,0.014896312,7.628071,0.11363012,372211.7507,5679286.113,26.0
26.0,2024,1070365.0,25.0,5570541.0,100.0,0.0,2.0686195,0.019901453,8.049414,0.16019504,372211.7507,5679286.113,26.0
26.0,2025,1070365.0,25.0,5570541.0,100.0,0.0,2.110444,0.015286053,8.393216,0.12829915,372211.7507,5679286.113,26.0
27.0,2007,32077.0,25.0,3430378.0,100.0,0.0,1.7074928,0.0042928634,5.6074495,0.024072014,302943.298,5743393.1269,27.0
27.0,2008,32077.0,25.0,3430378.0,100.0,0.0,1.7053646,0.005338692,5.595528,0.029872801,302943.298,5743393.1269,27.0
27.0,2009,32077.0,25.0,3430378.0,100.0,0.0,1.6793438,0.0006473158,5.451806,0.0035290404,302943.298,5743393.1269,27.0
27.0,2010,32077.0,25.0,3430378.0,100.0,0.0,1.7290715,0.0062299785,5.7297654,0.035696317,302943.298,5743393.1269,27.0
27.0,2011,32077.0,25.0,3430378.0,100.0,0.0,1.7467574,0.0018366555,5.8320026,0.01071138,302943.298,5743393.1269,27.0
27.0,2012,32077.0,25.0,3430378.0,100.0,0.0,1.8017116,0.0044917683,6.1614656,0.027675875,302943.298,5743393.1269,27.0
27.0,2013,32077.0,25.0,3430378.0,100.0,0.0,1.8159903,0.0014375042,6.250075,0.008984509,302943.298,5743393.1269,27.0
27.0,2014,32077.0,25.0,3430378.0,100.0,0.0,1.8375905,0.0021803246,6.386546,0.013924743,302943.298,5743393.1269,27.0
27.0,2015,32077.0,25.0,3430378.0,100.0,0.0,1.8475667,0.0038210056,6.4505787,0.024647698,302943.298,5743393.1269,27.0
27.0,2016,32077.0,25.0,3430378.0,100.0,0.0,1.846513,0.007159963,6.443785,0.046137266,302943.298,5743393.1269,27.0
27.0,2017,32077.0,25.0,3430378.0,100.0,0.0,1.8874296,0.008556479,6.712911,0.057438876,302943.298,5743393.1269,27.0
27.0,2018,32077.0,25.0,3430378.0,100.0,0.0,1.8816907,0.0068889265,6.6744967,0.04598012,302943.298,5743393.1269,27.0
27.0,2019,32077.0,25.0,3430378.0,100.0,0.0,1.9296526,0.00898465,7.0024195,0.06291428,302943.298,5743393.1269,27.0
27.0,2020,32077.0,25.0,3430378.0,100.0,0.0,1.9761713,0.0033726348,7.335858,0.024741169,302943.298,5743393.1269,27.0
27.0,2021,32077.0,25.0,3430378.0,100.0,0.0,1.977801,0.007193013,7.3478227,0.052852985,302943.298,5743393.1269,27.0
27.0,2022,32077.0,25.0,3430378.0,100.0,0.0,2.0332682,0.005019507,7.766902,0.03898602,302943.298,5743393.1269,27.0
27.0,2023,32077.0,25.0,3430378.0,100.0,0.0,2.0664537,0.0008579175,8.028975,0.0068881973,302943.298,5743393.1269,27.0
27.0,2024,32077.0,25.0,3430378.0,100.0,0.0,2.1043177,0.0049907407,8.338813,0.041616853,302943.298,5743393.1269,27.0
27.0,2025,32077.0,25.0,3430378.0,100.0,0.0,2.184605,0.0020497378,9.035921,0.01852127,302943.298,5743393.1269,27.0
28.0,2007,549796.0,25.0,5233416.0,100.0,0.0,2.0375235,0.03247555,7.8338666,0.25440913,366538.0344,5618810.6528,28.0
28.0,2008,549796.0,25.0,5233416.0,100.0,0.0,2.040776,0.03479989,7.8593893,0.27350587,366538.0344,5618810.6528,28.0
28.0,2009,549796.0,25.0,5233416.0,100.0,0.0,2.0186343,0.031384565,7.687282,0.24126199,366538.0344,5618810.6528,28.0
28.0,2010,549796.0,25.0,5233416.0,100.0,0.0,2.0340486,0.037404288,7.8066926,0.29200378,366538.0344,5618810.6528,28.0
28.0,2011,549796.0,25.0,5233416.0,100.0,0.0,2.0398917,0.033447225,7.8524427,0.2626424,366538.0344,5618810.6528,28.0
28.0,2012,549796.0,25.0,5233416.0,100.0,0.0,2.095409,0.03699681,8.300715,0.3071,366538.0344,5618810.6528,28.0
28.0,2013,549796.0,25.0,5233416.0,100.0,0.0,2.1046023,0.033317972,8.377379,0.27911732,366538.0344,5618810.6528,28.0
28.0,2014,549796.0,25.0,5233416.0,100.0,0.0,2.1175828,0.03648352,8.486831,0.30962944,366538.0344,5618810.6528,28.0
28.0,2015,549796.0,25.0,5233416.0,100.0,0.0,2.1276217,0.029585645,8.572457,0.2536217,366538.0344,5618810.6528,28.0
28.0,2016,549796.0,25.0,5233416.0,100.0,0.0,2.1481931,0.026218092,8.750632,0.2294249,366538.0344,5618810.6528,28.0
28.0,2017,549796.0,25.0,5233416.0,100.0,0.0,2.2400062,0.03370265,9.5920925,0.32327893,366538.0344,5618810.6528,28.0
28.0,2018,549796.0,25.0,5233416.0,100.0,0.0,2.2725065,0.03593064,9.90896,0.3560353,366538.0344,5618810.6528,28.0
28.0,2019,549796.0,25.0,5233416.0,100.0,0.0,2.3078995,0.030885955,10.265946,0.31707358,366538.0344,5618810.6528,28.0
28.0,2020,549796.0,25.0,5233416.0,100.0,0.0,2.3508098,0.035296325,10.716049,0.37823716,366538.0344,5618810.6528,28.0
28.0,2021,549796.0,25.0,5233416.0,100.0,0.0,2.3887434,0.030900117,11.130357,0.34392932,366538.0344,5618810.6528,28.0
28.0,2022,549796.0,25.0,5233416.0,100.0,0.0,2.4185548,0.03515123,11.467162,0.40308487,366538.0344,5618810.6528,28.0
28.0,2023,549796.0,25.0,5233416.0,100.0,0.0,2.4387853,0.022160599,11.701511,0.2593125,366538.0344,5618810.6528,28.0
28.0,2024,549796.0,25.0,5233416.0,100.0,0.0,2.4663188,0.019346308,12.0281725,0.23270075,366538.0344,5618810.6528,28.0
28.0,2025,549796.0,25.0,5233416.0,100.0,0.0,2.5332773,0.024079882,12.861136,0.30969465,366538.0344,5618810.6528,28.0
29.0,2007,1022207.0,25.0,5440609.0,100.0,0.0,2.1679718,0.045800492,8.943155,0.40960094,357631.6277,5645733.0514,29.0
29.0,2008,1022207.0,25.0,5440609.0,100.0,0.0,2.1718404,0.033043236,8.97782,0.29665622,357631.6277,5645733.0514,29.0
29.0,2009,1022207.0,25.0,5440609.0,100.0,0.0,2.1697254,0.03081411,8.958852,0.27605903,357631.6277,5645733.0514,29.0
29.0,2010,1022207.0,25.0,5440609.0,100.0,0.0,2.1700597,0.03293643,8.961847,0.2951713,357631.6277,5645733.0514,29.0
29.0,2011,1022207.0,25.0,5440609.0,100.0,0.0,2.1918504,0.03179578,9.159275,0.2912263,357631.6277,5645733.0514,29.0
29.0,2012,1022207.0,25.0,5440609.0,100.0,0.0,2.2147682,0.033797376,9.371609,0.31673577,357631.6277,5645733.0514,29.0
29.0,2013,1022207.0,25.0,5440609.0,100.0,0.0,2.2487245,0.025923429,9.695297,0.25133535,357631.6277,5645733.0514,29.0
29.0,2014,1022207.0,25.0,5440609.0,100.0,0.0,2.2961771,0.034753643,10.166457,0.3533214,357631.6277,5645733.0514,29.0
29.0,2015,1022207.0,25.0,5440609.0,100.0,0.0,2.2924244,0.029626232,10.128375,0.30006558,357631.6277,5645733.0514,29.0
29.0,2016,1022207.0,25.0,5440609.0,100.0,0.0,2.3377683,0.03766441,10.598208,0.39917526,357631.6277,5645733.0514,29.0
29.0,2017,1022207.0,25.0,5440609.0,100.0,0.0,2.424103,0.044671595,11.553861,0.5161294,357631.6277,5645733.0514,29.0
29.0,2018,1022207.0,25.0,5440609.0,100.0,0.0,2.4615517,0.050385144,11.994741,0.60435677,357631.6277,5645733.0514,29.0
29.0,2019,1022207.0,25.0,5440609.0,100.0,0.0,2.5144534,0.053391986,12.646368,0.6752147,357631.6277,5645733.0514,29.0
29.0,2020,1022207.0,25.0,5440609.0,100.0,0.0,2.5604455,0.054151583,13.241583,0.7170527,357631.6277,5645733.0514,29.0
29.0,2021,1022207.0,25.0,5440609.0,100.0,0.0,2.566246,0.04605101,13.318614,0.61333567,357631.6277,5645733.0514,29.0
29.0,2022,1022207.0,25.0,5440609.0,100.0,0.0,2.6194866,0.048615802,14.046919,0.6829023,357631.6277,5645733.0514,29.0
29.0,2023,1022207.0,25.0,5440609.0,100.0,0.0,2.6479797,0.037073594,14.452918,0.5358216,357631.6277,5645733.0514,29.0
29.0,2024,1022207.0,25.0,5440609.0,100.0,0.0,2.666471,0.025556564,14.722657,0.37626052,357631.6277,5645733.0514,29.0
29.0,2025,1022207.0,25.0,5440609.0,100.0,0.0,2.695545,0.019352773,15.156987,0.29332972,357631.6277,5645733.0514,29.0
30.0,2007,199852.0,25.0,3725382.0,100.0,0.0,1.868535,0.0076487674,6.6187453,0.050625242,296115.494,5627181.6065,30.0
30.0,2008,199852.0,25.0,3725382.0,100.0,0.0,1.868836,0.0035873794,6.620738,0.023751099,296115.494,5627181.6065,30.0
30.0,2009,199852.0,25.0,3725382.0,100.0,0.0,1.8871843,0.0049666865,6.7433376,0.033492044,296115.494,5627181.6065,30.0
30.0,2010,199852.0,25.0,3725382.0,100.0,0.0,1.903347,2.2961662e-05,6.8532143,0.00015736118,296115.494,5627181.6065,30.0
30.0,2011,199852.0,25.0,3725382.0,100.0,0.0,1.9291947,0.004425798,7.032663,0.031125147,296115.494,5627181.6065,30.0
30.0,2012,199852.0,25.0,3725382.0,100.0,0.0,1.9860568,0.0069447565,7.444143,0.05169776,296115.494,5627181.6065,30.0
30.0,2013,199852.0,25.0,3725382.0,100.0,0.0,2.0437825,0.0028527486,7.8865056,0.022498218,296115.494,5627181.6065,30.0
30.0,2014,199852.0,25.0,3725382.0,100.0,0.0,2.08983,0.0014313536,8.25815,0.011820332,296115.494,5627181.6065,30.0
30.0,2015,199852.0,25.0,3725382.0,100.0,0.0,2.062425,0.0029487992,8.034909,0.023693334,296115.494,5627181.6065,30.0
30.0,2016,199852.0,25.0,3725382.0,100.0,0.0,2.090935,0.007791084,8.267281,0.064411074,296115.494,5627181.6065,30.0
30.0,2017,199852.0,25.0,3725382.0,100.0,0.0,2.1402843,0.0020070674,8.6855,0.017432384,296115.494,5627181.6065,30.0
30.0,2018,199852.0,25.0,3725382.0,100.0,0.0,2.1718183,0.0019801694,8.963752,0.017749747,296115.494,5627181.6065,30.0
30.0,2019,199852.0,25.0,3725382.0,100.0,0.0,2.19714,0.0011385336,9.19363,0.010467256,296115.494,5627181.6065,30.0
30.0,2020,199852.0,25.0,3725382.0,100.0,0.0,2.2157931,0.0022367933,9.36673,0.020951437,296115.494,5627181.6065,30.0
30.0,2021,199852.0,25.0,3725382.0,100.0,0.0,2.227562,0.0022858677,9.477614,0.021664573,296115.494,5627181.6065,30.0
30.0,2022,199852.0,25.0,3725382.0,100.0,0.0,2.2607105,0.0069529605,9.7970495,0.0681185,296115.494,5627181.6065,30.0
30.0,2023,199852.0,25.0,3725382.0,100.0,0.0,2.2875547,0.006846756,10.063604,0.06890305,296115.494,5627181.6065,30.0
30.0,2024,199852.0,25.0,3725382.0,100.0,0.0,2.3605328,0.0006702846,10.82549,0.0072561596,296115.494,5627181.6065,30.0
30.0,2025,199852.0,25.0,3725382.0,100.0,0.0,2.407385,0.00025273542,11.344759,0.0028672225,296115.494,5627181.6065,30.0
31.0,2007,86182.0,25.0,5450658.0,100.0,0.0,1.6482894,0.0012209674,5.2853413,0.006453229,400164.4488,5653193.9286,31.0
31.0,2008,86182.0,25.0,5450658.0,100.0,0.0,1.6015872,0.008468297,5.0441794,0.04271561,400164.4488,5653193.9286,31.0
31.0,2009,86182.0,25.0,5450658.0,100.0,0.0,1.5991526,0.009897651,5.0319133,0.04980412,400164.4488,5653193.9286,31.0
31.0,2010,86182.0,25.0,5450658.0,100.0,0.0,1.6031686,0.0077067777,5.0521626,0.038935896,400164.4488,5653193.9286,31.0
31.0,2011,86182.0,25.0,5450658.0,100.0,0.0,1.615528,0.026864445,5.1149917,0.1374114,400164.4488,5653193.9286,31.0
31.0,2012,86182.0,25.0,5450658.0,100.0,0.0,1.6047139,0.013010918,5.0599756,0.06583493,400164.4488,5653193.9286,31.0
31.0,2013,86182.0,25.0,5450658.0,100.0,0.0,1.6091173,0.016343512,5.082306,0.08306272,400164.4488,5653193.9286,31.0
31.0,2014,86182.0,25.0,5450658.0,100.0,0.0,1.6580621,0.02589088,5.3372464,0.13818601,400164.4488,5653193.9286,31.0
31.0,2015,86182.0,25.0,5450658.0,100.0,0.0,1.6779342,0.011403717,5.4443693,0.062086053,400164.4488,5653193.9286,31.0
31.0,2016,86182.0,25.0,5450658.0,100.0,0.0,1.7028421,0.017801274,5.5816803,0.09936102,400164.4488,5653193.9286,31.0
31.0,2017,86182.0,25.0,5450658.0,100.0,0.0,1.7501708,0.032487184,5.8522053,0.19012167,400164.4488,5653193.9286,31.0
31.0,2018,86182.0,25.0,5450658.0,100.0,0.0,1.7892842,0.021634765,6.085641,0.1316614,400164.4488,5653193.9286,31.0
31.0,2019,86182.0,25.0,5450658.0,100.0,0.0,1.8078964,0.02124251,6.199968,0.13170289,400164.4488,5653193.9286,31.0
31.0,2020,86182.0,25.0,5450658.0,100.0,0.0,1.8643299,0.025690395,6.559915,0.16852681,400164.4488,5653193.9286,31.0
31.0,2021,86182.0,25.0,5450658.0,100.0,0.0,1.9321531,0.019147184,7.0202646,0.1344183,400164.4488,5653193.9286,31.0
31.0,2022,86182.0,25.0,5450658.0,100.0,0.0,1.9988744,0.02446446,7.5046453,0.1835971,400164.4488,5653193.9286,31.0
31.0,2023,86182.0,25.0,5450658.0,100.0,0.0,2.0681992,0.0023674986,8.04336,0.019042643,400164.4488,5653193.9286,31.0
31.0,2024,86182.0,25.0,5450658.0,100.0,0.0,2.1036391,0.00045392936,8.333528,0.0037828328,400164.4488,5653193.9286,31.0
31.0,2025,86182.0,25.0,5450658.0,100.0,0.0,2.1700501,0.021013055,8.905757,0.18713716,400164.4488,5653193.9286,31.0
32.0,2007,132521.0,25.0,3686736.0,100.0,0.0,2.0519853,0.025964657,7.9425054,0.20622443,405418.2853,5756847.8401,32.0
32.0,2008,132521.0,25.0,3686736.0,100.0,0.0,2.058814,0.020532375,7.9969287,0.16419594,405418.2853,5756847.8401,32.0
32.0,2009,132521.0,25.0,3686736.0,100.0,0.0,2.0701811,0.021161357,8.088349,0.17116044,405418.2853,5756847.8401,32.0
32.0,2010,132521.0,25.0,3686736.0,100.0,0.0,2.1099339,0.022469474,8.416361,0.1891112,405418.2853,5756847.8401,32.0
32.0,2011,132521.0,25.0,3686736.0,100.0,0.0,2.1439342,0.022012757,8.707439,0.19167475,405418.2853,5756847.8401,32.0
32.0,2012,132521.0,25.0,3686736.0,100.0,0.0,2.1744015,0.021776712,8.976814,0.19548549,405418.2853,5756847.8401,32.0
32.0,2013,132521.0,25.0,3686736.0,100.0,0.0,2.1775675,0.017002974,9.00528,0.15311654,405418.2853,5756847.8401,32.0
32.0,2014,132521.0,25.0,3686736.0,100.0,0.0,2.2294555,0.025500016,9.4848795,0.24186459,405418.2853,5756847.8401,32.0
32.0,2015,132521.0,25.0,3686736.0,100.0,0.0,2.1937072,0.014981666,9.151801,0.13710922,405418.2853,5756847.8401,32.0
32.0,2016,132521.0,25.0,3686736.0,100.0,0.0,2.2130284,0.017570613,9.330344,0.16393988,405418.2853,5756847.8401,32.0
32.0,2017,132521.0,25.0,3686736.0,100.0,0.0,2.3152084,0.023719994,10.334129,0.2451255,405418.2853,5756847.8401,32.0
32.0,2018,132521.0,25.0,3686736.0,100.0,0.0,2.3601432,0.021452682,10.809082,0.2318838,405418.2853,5756847.8401,32.0
32.0,2019,132521.0,25.0,3686736.0,100.0,0.0,2.4124396,0.021750094,11.389401,0.24772057,405418.2853,5756847.8401,32.0
32.0,2020,132521.0,25.0,3686736.0,100.0,0.0,2.412174,0.022546439,11.386376,0.25672224,405418.2853,5756847.8401,32.0
32.0,2021,132521.0,25.0,3686736.0,100.0,0.0,2.440124,0.022055773,11.709114,0.25825354,405418.2853,5756847.8401,32.0
32.0,2022,132521.0,25.0,3686736.0,100.0,0.0,2.5039163,0.01925033,12.480405,0.24025191,405418.2853,5756847.8401,32.0
32.0,2023,132521.0,25.0,3686736.0,100.0,0.0,2.5134392,0.0149020245,12.599823,0.18776287,405418.2853,5756847.8401,32.0
32.0,2024,132521.0,25.0,3686736.0,100.0,0.0,2.50631,0.014460883,12.510316,0.18091021,405418.2853,5756847.8401,32.0
32.0,2025,132521.0,25.0,3686736.0,100.0,0.0,2.5445971,0.012325871,12.998589,0.16021894,405418.2853,5756847.8401,32.0
33.0,2007,49429.0,25.0,4057739.0,100.0,0.0,1.6519872,0.020728303,5.3021464,0.1099045,334761.9042,5747464.8456,33.0
33.0,2008,49429.0,25.0,4057739.0,100.0,0.0,1.6606857,0.034753792,5.3484683,0.18587954,334761.9042,5747464.8456,33.0
33.0,2009,49429.0,25.0,4057739.0,100.0,0.0,1.7079946,0.018773753,5.6075788,0.1052753,334761.9042,5747464.8456,33.0
33.0,2010,49429.0,25.0,4057739.0,100.0,0.0,1.701691,0.007862526,5.5723424,0.04381269,334761.9042,5747464.8456,33.0
33.0,2011,49429.0,25.0,4057739.0,100.0,0.0,1.7502877,0.025148202,5.849828,0.14711265,334761.9042,5747464.8456,33.0
33.0,2012,49429.0,25.0,4057739.0,100.0,0.0,1.7951009,0.026975386,6.1179404,0.1650338,334761.9042,5747464.8456,33.0
33.0,2013,49429.0,25.0,4057739.0,100.0,0.0,1.8172995,0.01564865,6.255268,0.0978865,334761.9042,5747464.8456,33.0
33.0,2014,49429.0,25.0,4057739.0,100.0,0.0,1.8490617,0.028715508,6.4571385,0.18542002,334761.9042,5747464.8456,33.0
33.0,2015,49429.0,25.0,4057739.0,100.0,0.0,1.8656456,0.026212972,6.565116,0.17209119,334761.9042,5747464.8456,33.0
33.0,2016,49429.0,25.0,4057739.0,100.0,0.0,1.8647461,0.019324025,6.559213,0.1267504,334761.9042,5747464.8456,33.0
33.0,2017,49429.0,25.0,4057739.0,100.0,0.0,1.9021488,0.0076266318,6.809191,0.051931195,334761.9042,5747464.8456,33.0
33.0,2018,49429.0,25.0,4057739.0,100.0,0.0,1.9419764,0.009446167,7.085858,0.0669342,334761.9042,5747464.8456,33.0
33.0,2019,49429.0,25.0,4057739.0,100.0,0.0,1.9850549,0.013427984,7.3977757,0.09933721,334761.9042,5747464.8456,33.0
33.0,2020,49429.0,25.0,4057739.0,100.0,0.0,1.9945856,0.018984685,7.4686193,0.14178938,334761.9042,5747464.8456,33.0
33.0,2021,49429.0,25.0,4057739.0,100.0,0.0,2.0465088,0.016181286,7.866658,0.12729265,334761.9042,5747464.8456,33.0
33.0,2022,49429.0,25.0,4057739.0,100.0,0.0,2.0840702,0.0127764605,8.167761,0.104355074,334761.9042,5747464.8456,33.0
33.0,2023,49429.0,25.0,4057739.0,100.0,0.0,2.157593,0.009338623,8.790904,0.08209494,334761.9042,5747464.8456,33.0
33.0,2024,49429.0,25.0,4057739.0,100.0,0.0,2.2355597,0.0043032616,9.503729,0.04089703,334761.9042,5747464.8456,33.0
33.0,2025,49429.0,25.0,4057739.0,100.0,0.0,2.2699726,0.0010114777,9.8364725,0.009949372,334761.9042,5747464.8456,33.0
34.0,2007,239771.0,25.0,1811260.0,100.0,0.0,1.8300788,0.01318112,6.3540735,0.0837538,468479.7151,5762351.4427,34.0
34.0,2008,239771.0,25.0,1811260.0,100.0,0.0,1.8355606,0.017834596,6.389,0.11394524,468479.7151,5762351.4427,34.0
34.0,2009,239771.0,25.0,1811260.0,100.0,0.0,1.8480307,0.015839536,6.469171,0.10246866,468479.7151,5762351.4427,34.0
34.0,2010,239771.0,25.0,1811260.0,100.0,0.0,1.8021935,0.017107561,6.179336,0.10571337,468479.7151,5762351.4427,34.0
34.0,2011,239771.0,25.0,1811260.0,100.0,0.0,1.7692719,0.015729517,5.9792137,0.09405014,468479.7151,5762351.4427,34.0
34.0,2012,239771.0,25.0,1811260.0,100.0,0.0,1.8002238,0.015102971,6.1671767,0.09314269,468479.7151,5762351.4427,34.0
34.0,2013,239771.0,25.0,1811260.0,100.0,0.0,1.8622651,0.023620246,6.561914,0.15499403,468479.7151,5762351.4427,34.0
34.0,2014,239771.0,25.0,1811260.0,100.0,0.0,1.8734721,0.023641435,6.6358666,0.15688142,468479.7151,5762351.4427,34.0
34.0,2015,239771.0,25.0,1811260.0,100.0,0.0,1.8947136,0.02625005,6.778331,0.17793152,468479.7151,5762351.4427,34.0
34.0,2016,239771.0,25.0,1811260.0,100.0,0.0,1.9546735,0.02224559,7.1971903,0.16010574,468479.7151,5762351.4427,34.0
34.0,2017,239771.0,25.0,1811260.0,100.0,0.0,2.0183249,0.02380213,7.670196,0.182567,468479.7151,5762351.4427,34.0
34.0,2018,239771.0,25.0,1811260.0,100.0,0.0,2.0491312,0.019136908,7.9101634,0.15137607,468479.7151,5762351.4427,34.0
34.0,2019,239771.0,25.0,1811260.0,100.0,0.0,2.0931287,0.017510086,8.265961,0.14473768,468479.7151,5762351.4427,34.0
34.0,2020,239771.0,25.0,1811260.0,100.0,0.0,2.0936377,0.018939575,8.270168,0.15663348,468479.7151,5762351.4427,34.0
34.0,2021,239771.0,25.0,1811260.0,100.0,0.0,2.119498,0.01211863,8.486828,0.10284873,468479.7151,5762351.4427,34.0
34.0,2022,239771.0,25.0,1811260.0,100.0,0.0,2.1474388,0.011073933,8.727301,0.096645534,468479.7151,5762351.4427,34.0
34.0,2023,239771.0,25.0,1811260.0,100.0,0.0,2.1938791,0.0063103936,9.142158,0.057690613,468479.7151,5762351.4427,34.0
34.0,2024,239771.0,25.0,1811260.0,100.0,0.0,2.233622,0.010369002,9.512811,0.098638356,468479.7151,5762351.4427,34.0
34.0,2025,239771.0,25.0,1811260.0,100.0,0.0,2.2683294,0.014073617,9.848771,0.13860783,468479.7151,5762351.4427,34.0
35.0,2007,28343.0,25.0,1447613.0,100.0,0.0,1.5524286,0.0182977,4.7969866,0.08777382,523755.3569,5737345.041,35.0
35.0,2008,28343.0,25.0,1447613.0,100.0,0.0,1.4972897,0.0060313195,4.5396457,0.027380053,523755.3569,5737345.041,35.0
35.0,2009,28343.0,25.0,1447613.0,100.0,0.0,1.4896287,0.009605376,4.5050006,0.043272223,523755.3569,5737345.041,35.0
35.0,2010,28343.0,25.0,1447613.0,100.0,0.0,1.5363363,0.018437661,4.7204103,0.087033324,523755.3569,5737345.041,35.0
35.0,2011,28343.0,25.0,1447613.0,100.0,0.0,1.5278051,0.01798144,4.6803102,0.08415871,523755.3569,5737345.041,35.0
35.0,2012,28343.0,25.0,1447613.0,100.0,0.0,1.5150914,0.011773533,4.621183,0.054407652,523755.3569,5737345.041,35.0
35.0,2013,28343.0,25.0,1447613.0,100.0,0.0,1.5285355,0.037810057,4.68373,0.17709212,523755.3569,5737345.041,35.0
35.0,2014,28343.0,25.0,1447613.0,100.0,0.0,1.5226638,0.014292932,4.656309,0.06655231,523755.3569,5737345.041,35.0
35.0,2015,28343.0,25.0,1447613.0,100.0,0.0,1.5610456,0.0216633,4.838501,0.104817905,523755.3569,5737345.041,35.0
35.0,2016,28343.0,25.0,1447613.0,100.0,0.0,1.580454,0.026938315,4.9333253,0.13289547,523755.3569,5737345.041,35.0
35.0,2017,28343.0,25.0,1447613.0,100.0,0.0,1.6136914,0.02498217,5.1000524,0.12741037,523755.3569,5737345.041,35.0
35.0,2018,28343.0,25.0,1447613.0,100.0,0.0,1.6386276,0.037695963,5.2288275,0.19710568,523755.3569,5737345.041,35.0
35.0,2019,28343.0,25.0,1447613.0,100.0,0.0,1.637916,0.027595097,5.225107,0.14418735,523755.3569,5737345.041,35.0
35.0,2020,28343.0,25.0,1447613.0,100.0,0.0,1.7024978,0.0037272344,5.5736895,0.020774446,523755.3569,5737345.041,35.0
35.0,2021,28343.0,25.0,1447613.0,100.0,0.0,1.704862,0.010746905,5.5868816,0.060041685,523755.3569,5737345.041,35.0
35.0,2022,28343.0,25.0,1447613.0,100.0,0.0,1.7541536,0.029799357,5.8691683,0.17489743,523755.3569,5737345.041,35.0
35.0,2023,28343.0,25.0,1447613.0,100.0,0.0,1.8752404,0.02331268,6.6246643,0.15443869,523755.3569,5737345.041,35.0
35.0,2024,28343.0,25.0,1447613.0,100.0,0.0,1.9430606,0.032699592,7.0895367,0.23182498,523755.3569,5737345.041,35.0
35.0,2025,28343.0,25.0,1447613.0,100.0,0.0,1.9709967,0.0233439,7.290383,0.17018598,523755.3569,5737345.041,35.0
36.0,2007,104543.0,25.0,1547058.0,100.0,0.0,1.6023064,0.0040703197,5.0454283,0.020536507,493068.7638,5794487.9544,36.0
36.0,2008,104543.0,25.0,1547058.0,100.0,0.0,1.5595542,0.011127895,4.8342714,0.053795263,493068.7638,5794487.9544,36.0
36.0,2009,104543.0,25.0,1547058.0,100.0,0.0,1.5829314,0.0002892187,4.9486146,0.0014312319,493068.7638,5794487.9544,36.0
36.0,2010,104543.0,25.0,1547058.0,100.0,0.0,1.6143118,0.001204747,5.106366,0.006151879,493068.7638,5794487.9544,36.0
36.0,2011,104543.0,25.0,1547058.0,100.0,0.0,1.6255537,0.004017351,5.1640954,0.020745983,493068.7638,5794487.9544,36.0
36.0,2012,104543.0,25.0,1547058.0,100.0,0.0,1.6460816,0.0060542757,5.2711987,0.031913288,493068.7638,5794487.9544,36.0
36.0,2013,104543.0,25.0,1547058.0,100.0,0.0,1.6561644,0.0057212245,5.324616,0.030463323,493068.7638,5794487.9544,36.0
36.0,2014,104543.0,25.0,1547058.0,100.0,0.0,1.6872098,0.0012560078,5.4925137,0.0068986397,493068.7638,5794487.9544,36.0
36.0,2015,104543.0,25.0,1547058.0,100.0,0.0,1.6975423,0.003345016,5.549559,0.018563362,493068.7638,5794487.9544,36.0
36.0,2016,104543.0,25.0,1547058.0,100.0,0.0,1.7388744,0.0138592,5.7837405,0.08015802,493068.7638,5794487.9544,36.0
36.0,2017,104543.0,25.0,1547058.0,100.0,0.0,1.8165404,0.0060719275,6.250844,0.037954673,493068.7638,5794487.9544,36.0
36.0,2018,104543.0,25.0,1547058.0,100.0,0.0,1.8496854,0.0010456011,6.461501,0.0067561525,493068.7638,5794487.9544,36.0
36.0,2019,104543.0,25.0,1547058.0,100.0,0.0,1.9146624,0.0042300583,6.8952894,0.029167477,493068.7638,5794487.9544,36.0
36.0,2020,104543.0,25.0,1547058.0,100.0,0.0,1.959557,0.008989125,7.211906,0.06482872,493068.7638,5794487.9544,36.0
36.0,2021,104543.0,25.0,1547058.0,100.0,0.0,2.0160608,0.02205531,7.631139,0.16830713,493068.7638,5794487.9544,36.0
36.0,2022,104543.0,25.0,1547058.0,100.0,0.0,2.1196103,0.025953831,8.463701,0.21966548,493068.7638,5794487.9544,36.0
36.0,2023,104543.0,25.0,1547058.0,100.0,0.0,2.1614008,0.019939981,8.824898,0.17596829,493068.7638,5794487.9544,36.0
36.0,2024,104543.0,25.0,1547058.0,100.0,0.0,2.2212412,0.014105292,9.3691025,0.13215393,493068.7638,5794487.9544,36.0
36.0,2025,104543.0,25.0,1547058.0,100.0,0.0,2.2678409,0.011506454,9.816031,0.112947725,493068.7638,5794487.9544,36.0
41.0,2007,78528.0,25.0,1851835.0,100.0,0.0,1.7805674,0.002450548,6.03235,0.014782564,483034.8843,5731064.6509,41.0
41.0,2008,78528.0,25.0,1851835.0,100.0,0.0,1.7419877,0.014800066,5.804056,0.08590042,483034.8843,5731064.6509,41.0
41.0,2009,78528.0,25.0,1851835.0,100.0,0.0,1.7183543,0.010304656,5.668495,0.058411893,483034.8843,5731064.6509,41.0
41.0,2010,78528.0,25.0,1851835.0,100.0,0.0,1.7430012,0.011329205,5.809942,0.06582202,483034.8843,5731064.6509,41.0
41.0,2011,78528.0,25.0,1851835.0,100.0,0.0,1.7736962,0.015838992,5.9910426,0.09489207,483034.8843,5731064.6509,41.0
41.0,2012,78528.0,25.0,1851835.0,100.0,0.0,1.8019418,0.019132208,6.1626754,0.11790559,483034.8843,5731064.6509,41.0
41.0,2013,78528.0,25.0,1851835.0,100.0,0.0,1.8497889,0.017911585,6.4647107,0.115793206,483034.8843,5731064.6509,41.0
41.0,2014,78528.0,25.0,1851835.0,100.0,0.0,1.8821756,0.012831802,6.677508,0.08568446,483034.8843,5731064.6509,41.0
41.0,2015,78528.0,25.0,1851835.0,100.0,0.0,1.8938601,0.011039455,6.7559896,0.07458244,483034.8843,5731064.6509,41.0
41.0,2016,78528.0,25.0,1851835.0,100.0,0.0,1.9350747,0.01588526,7.040252,0.11183623,483034.8843,5731064.6509,41.0
41.0,2017,78528.0,25.0,1851835.0,100.0,0.0,1.9796026,0.02042706,7.3608236,0.15035999,483034.8843,5731064.6509,41.0
41.0,2018,78528.0,25.0,1851835.0,100.0,0.0,2.0243719,0.02395856,7.6978507,0.18442942,483034.8843,5731064.6509,41.0
41.0,2019,78528.0,25.0,1851835.0,100.0,0.0,2.0534286,0.01865293,7.9248066,0.14782088,483034.8843,5731064.6509,41.0
41.0,2020,78528.0,25.0,1851835.0,100.0,0.0,2.0744832,0.0153329475,8.093429,0.12409612,483034.8843,5731064.6509,41.0
41.0,2021,78528.0,25.0,1851835.0,100.0,0.0,2.106597,0.010621512,8.357558,0.088769905,483034.8843,5731064.6509,41.0
41.0,2022,78528.0,25.0,1851835.0,100.0,0.0,2.1532886,0.00834313,8.757039,0.073061116,483034.8843,5731064.6509,41.0
41.0,2023,78528.0,25.0,1851835.0,100.0,0.0,2.1960697,0.0016460803,9.139805,0.015044853,483034.8843,5731064.6509,41.0
41.0,2024,78528.0,25.0,1851835.0,100.0,0.0,2.245712,0.0022546698,9.604977,0.021656051,483034.8843,5731064.6509,41.0
41.0,2025,78528.0,25.0,1851835.0,100.0,0.0,2.3090417,0.0009175974,10.23293,0.009389711,483034.8843,5731064.6509,41.0
37.0,2007,1640364.0,25.0,5390735.0,100.0,0.0,1.7025497,0.030722424,5.592648,0.1718197,376710.3513,5703579.0175,37.0
37.0,2008,1640364.0,25.0,5390735.0,100.0,0.0,1.7113802,0.020029435,5.6422534,0.113011144,376710.3513,5703579.0175,37.0
37.0,2009,1640364.0,25.0,5390735.0,100.0,0.0,1.6989617,0.025339622,5.572618,0.14120802,376710.3513,5703579.0175,37.0
37.0,2010,1640364.0,25.0,5390735.0,100.0,0.0,1.6928213,0.009931957,5.538504,0.055008184,376710.3513,5703579.0175,37.0
37.0,2011,1640364.0,25.0,5390735.0,100.0,0.0,1.6961975,0.0055479063,5.5572352,0.03083102,376710.3513,5703579.0175,37.0
37.0,2012,1640364.0,25.0,5390735.0,100.0,0.0,1.7209424,0.015789751,5.696464,0.08994575,376710.3513,5703579.0175,37.0
37.0,2013,1640364.0,25.0,5390735.0,100.0,0.0,1.7480588,0.026368499,5.8530445,0.154336,376710.3513,5703579.0175,37.0
37.0,2014,1640364.0,25.0,5390735.0,100.0,0.0,1.7552235,0.03190339,5.895131,0.18807466,376710.3513,5703579.0175,37.0
37.0,2015,1640364.0,25.0,5390735.0,100.0,0.0,1.7702276,0.034883812,5.984248,0.20875338,376710.3513,5703579.0175,37.0
37.0,2016,1640364.0,25.0,5390735.0,100.0,0.0,1.8305919,0.038700715,6.3566093,0.24600533,376710.3513,5703579.0175,37.0
37.0,2017,1640364.0,25.0,5390735.0,100.0,0.0,1.840922,0.04837078,6.4226136,0.31066683,376710.3513,5703579.0175,37.0
37.0,2018,1640364.0,25.0,5390735.0,100.0,0.0,1.8896861,0.044325784,6.7435694,0.29891402,376710.3513,5703579.0175,37.0
37.0,2019,1640364.0,25.0,5390735.0,100.0,0.0,1.9284626,0.0417186,7.0101976,0.2924556,376710.3513,5703579.0175,37.0
37.0,2020,1640364.0,25.0,5390735.0,100.0,0.0,1.9634943,0.04033112,7.260128,0.29280913,376710.3513,5703579.0175,37.0
37.0,2021,1640364.0,25.0,5390735.0,100.0,0.0,1.9841794,0.04757173,7.411868,0.3525954,376710.3513,5703579.0175,37.0
37.0,2022,1640364.0,25.0,5390735.0,100.0,0.0,2.0110695,0.040335573,7.6138797,0.3071102,376710.3513,5703579.0175,37.0
37.0,2023,1640364.0,25.0,5390735.0,100.0,0.0,2.0472791,0.03178516,7.894627,0.250932,376710.3513,5703579.0175,37.0
37.0,2024,1640364.0,25.0,5390735.0,100.0,0.0,2.1041024,0.02775701,8.356215,0.23194352,376710.3513,5703579.0175,37.0
37.0,2025,1640364.0,25.0,5390735.0,100.0,0.0,2.1532042,0.030286882,8.77676,0.2658207,376710.3513,5703579.0175,37.0
38.0,2007,900853.0,25.0,5485099.0,100.0,0.0,1.678731,0.0016444207,5.4555554,0.008971228,394179.0635,5708318.3123,38.0
38.0,2008,900853.0,25.0,5485099.0,100.0,0.0,1.6803899,0.0012155501,5.4646125,0.0066425106,394179.0635,5708318.3123,38.0
38.0,2009,900853.0,25.0,5485099.0,100.0,0.0,1.6881043,0.007881655,5.506932,0.04340374,394179.0635,5708318.3123,38.0
38.0,2010,900853.0,25.0,5485099.0,100.0,0.0,1.6730914,0.0039641,5.424875,0.021504747,394179.0635,5708318.3123,38.0
38.0,2011,900853.0,25.0,5485099.0,100.0,0.0,1.684011,0.0024315547,5.484437,0.0133357085,394179.0635,5708318.3123,38.0
38.0,2012,900853.0,25.0,5485099.0,100.0,0.0,1.7256104,0.007839774,5.7173977,0.044823106,394179.0635,5708318.3123,38.0
38.0,2013,900853.0,25.0,5485099.0,100.0,0.0,1.7829239,0.012717507,6.054655,0.07700011,394179.0635,5708318.3123,38.0
38.0,2014,900853.0,25.0,5485099.0,100.0,0.0,1.8221563,0.024420055,6.2969146,0.153771,394179.0635,5708318.3123,38.0
38.0,2015,900853.0,25.0,5485099.0,100.0,0.0,1.8396072,0.02727292,6.407766,0.17475848,394179.0635,5708318.3123,38.0
38.0,2016,900853.0,25.0,5485099.0,100.0,0.0,1.9091673,0.03008242,6.8693585,0.20664693,394179.0635,5708318.3123,38.0
38.0,2017,900853.0,25.0,5485099.0,100.0,0.0,1.9686271,0.0342846,7.290197,0.24994148,394179.0635,5708318.3123,38.0
38.0,2018,900853.0,25.0,5485099.0,100.0,0.0,1.9996248,0.03603811,7.5197153,0.2709963,394179.0635,5708318.3123,38.0
38.0,2019,900853.0,25.0,5485099.0,100.0,0.0,2.0424278,0.034948837,7.848569,0.27429837,394179.0635,5708318.3123,38.0
38.0,2020,900853.0,25.0,5485099.0,100.0,0.0,2.082092,0.034016505,8.166133,0.2777833,394179.0635,5708318.3123,38.0
38.0,2021,900853.0,25.0,5485099.0,100.0,0.0,2.114588,0.028981294,8.435859,0.24448209,394179.0635,5708318.3123,38.0
38.0,2022,900853.0,25.0,5485099.0,100.0,0.0,2.1605687,0.028714892,8.8328,0.2536329,394179.0635,5708318.3123,38.0
38.0,2023,900853.0,25.0,5485099.0,100.0,0.0,2.1742325,0.0234898,8.954319,0.21033515,394179.0635,5708318.3123,38.0
38.0,2024,900853.0,25.0,5485099.0,100.0,0.0,2.2256508,0.028198367,9.426777,0.26581973,394179.0635,5708318.3123,38.0
38.0,2025,900853.0,25.0,5485099.0,100.0,0.0,2.24693,0.02479011,9.6295185,0.23871683,394179.0635,5708318.3123,38.0
39.0,2007,752816.0,25.0,5431476.0,100.0,0.0,1.6678519,0.060091324,5.401265,0.32456917,395367.9125,5689599.7044,39.0
39.0,2008,752816.0,25.0,5431476.0,100.0,0.0,1.6433502,0.045706116,5.270533,0.24089558,395367.9125,5689599.7044,39.0
39.0,2009,752816.0,25.0,5431476.0,100.0,0.0,1.6338867,0.044023577,5.2208905,0.22984226,395367.9125,5689599.7044,39.0
39.0,2010,752816.0,25.0,5431476.0,100.0,0.0,1.6443213,0.05598715,5.2756534,0.2953688,395367.9125,5689599.7044,39.0
39.0,2011,752816.0,25.0,5431476.0,100.0,0.0,1.6735415,0.07091496,5.432084,0.38521603,395367.9125,5689599.7044,39.0
39.0,2012,752816.0,25.0,5431476.0,100.0,0.0,1.6725975,0.05770194,5.426958,0.313146,395367.9125,5689599.7044,39.0
39.0,2013,752816.0,25.0,5431476.0,100.0,0.0,1.6654396,0.058046818,5.3882513,0.31277084,395367.9125,5689599.7044,39.0
39.0,2014,752816.0,25.0,5431476.0,100.0,0.0,1.6787249,0.08702187,5.4603133,0.47516665,395367.9125,5689599.7044,39.0
39.0,2015,752816.0,25.0,5431476.0,100.0,0.0,1.6951929,0.077951014,5.550978,0.43270436,395367.9125,5689599.7044,39.0
39.0,2016,752816.0,25.0,5431476.0,100.0,0.0,1.7408103,0.087433465,5.810064,0.507994,395367.9125,5689599.7044,39.0
39.0,2017,752816.0,25.0,5431476.0,100.0,0.0,1.7590492,0.09569547,5.917005,0.5662306,395367.9125,5689599.7044,39.0
39.0,2018,752816.0,25.0,5431476.0,100.0,0.0,1.7909124,0.10132072,6.108576,0.61892533,395367.9125,5689599.7044,39.0
39.0,2019,752816.0,25.0,5431476.0,100.0,0.0,1.8006142,0.09809256,6.1681285,0.6050475,395367.9125,5689599.7044,39.0
39.0,2020,752816.0,25.0,5431476.0,100.0,0.0,1.8030306,0.09291364,6.1830506,0.5744898,395367.9125,5689599.7044,39.0
39.0,2021,752816.0,25.0,5431476.0,100.0,0.0,1.8540496,0.110769615,6.50669,0.72074354,395367.9125,5689599.7044,39.0
39.0,2022,752816.0,25.0,5431476.0,100.0,0.0,1.899148,0.1065227,6.8068485,0.7250839,395367.9125,5689599.7044,39.0
39.0,2023,752816.0,25.0,5431476.0,100.0,0.0,1.9478561,0.08686396,7.146604,0.6207823,395367.9125,5689599.7044,39.0
39.0,2024,752816.0,25.0,5431476.0,100.0,0.0,1.9954077,0.088199876,7.494646,0.66102684,395367.9125,5689599.7044,39.0
39.0,2025,752816.0,25.0,5431476.0,100.0,0.0,2.0349965,0.07244972,7.797302,0.5649123,395367.9125,5689599.7044,39.0
40.0,2007,57985.0,25.0,5483259.0,100.0,0.0,1.7557445,0.014523137,5.9040003,0.085744604,430480.1264,5637059.1712,40.0
40.0,2008,57985.0,25.0,5483259.0,100.0,0.0,1.7562511,0.0224727,5.9069924,0.13274607,430480.1264,5637059.1712,40.0
40.0,2009,57985.0,25.0,5483259.0,100.0,0.0,1.7392199,0.01859087,5.8072405,0.107961655,430480.1264,5637059.1712,40.0
40.0,2010,57985.0,25.0,5483259.0,100.0,0.0,1.7464614,0.022564268,5.849447,0.1319885,430480.1264,5637059.1712,40.0
40.0,2011,57985.0,25.0,5483259.0,100.0,0.0,1.7714124,0.036291853,5.997232,0.21765067,430480.1264,5637059.1712,40.0
40.0,2012,57985.0,25.0,5483259.0,100.0,0.0,1.8073239,0.040106144,6.2165155,0.24932046,430480.1264,5637059.1712,40.0
40.0,2013,57985.0,25.0,5483259.0,100.0,0.0,1.8257627,0.027112264,6.3322043,0.1716804,430480.1264,5637059.1712,40.0
40.0,2014,57985.0,25.0,5483259.0,100.0,0.0,1.862316,0.03053251,6.5679493,0.20053597,430480.1264,5637059.1712,40.0
40.0,2015,57985.0,25.0,5483259.0,100.0,0.0,1.8742625,0.023901438,6.646884,0.15887009,430480.1264,5637059.1712,40.0
40.0,2016,57985.0,25.0,5483259.0,100.0,0.0,1.9004986,0.019876001,6.8235803,0.1356255,430480.1264,5637059.1712,40.0
40.0,2017,57985.0,25.0,5483259.0,100.0,0.0,1.9149549,0.027349437,6.9229403,0.18933852,430480.1264,5637059.1712,40.0
40.0,2018,57985.0,25.0,5483259.0,100.0,0.0,1.9401352,0.03442807,7.0994754,0.24442124,430480.1264,5637059.1712,40.0
40.0,2019,57985.0,25.0,5483259.0,100.0,0.0,1.9821886,0.026096568,7.4043984,0.19322939,430480.1264,5637059.1712,40.0
40.0,2020,57985.0,25.0,5483259.0,100.0,0.0,1.997945,0.022616409,7.5219893,0.17012039,430480.1264,5637059.1712,40.0
40.0,2021,57985.0,25.0,5483259.0,100.0,0.0,2.0318463,0.021190397,7.781367,0.16489024,430480.1264,5637059.1712,40.0
40.0,2022,57985.0,25.0,5483259.0,100.0,0.0,2.0630476,0.016723802,8.027983,0.1342584,430480.1264,5637059.1712,40.0
40.0,2023,57985.0,25.0,5483259.0,100.0,0.0,2.0787566,0.01832291,8.15509,0.14942497,430480.1264,5637059.1712,40.0
40.0,2024,57985.0,25.0,5483259.0,100.0,0.0,2.1227765,0.018791407,8.522095,0.16014215,430480.1264,5637059.1712,40.0
40.0,2025,57985.0,25.0,5483259.0,100.0,0.0,2.1143332,0.020156434,8.450443,0.17033081,430480.1264,5637059.1712,40.0
42.0,2007,552002.0,25.0,3416572.0,100.0,0.0,2.090896,0.03769899,8.302918,0.31301168,475907.6048,5525500.8178,42.0
42.0,2008,552002.0,25.0,3416572.0,100.0,0.0,2.0895648,0.05012193,8.291874,0.4156047,475907.6048,5525500.8178,42.0
42.0,2009,552002.0,25.0,3416572.0,100.0,0.0,2.0545921,0.06710941,8.006898,0.53733826,475907.6048,5525500.8178,42.0
42.0,2010,552002.0,25.0,3416572.0,100.0,0.0,2.0612345,0.074784175,8.060259,0.60277975,475907.6048,5525500.8178,42.0
42.0,2011,552002.0,25.0,3416572.0,100.0,0.0,2.0876539,0.060840294,8.276044,0.5035169,475907.6048,5525500.8178,42.0
42.0,2012,552002.0,25.0,3416572.0,100.0,0.0,2.0995293,0.07484326,8.37491,0.62680554,475907.6048,5525500.8178,42.0
42.0,2013,552002.0,25.0,3416572.0,100.0,0.0,2.1002345,0.062479325,8.380819,0.52362794,475907.6048,5525500.8178,42.0
42.0,2014,552002.0,25.0,3416572.0,100.0,0.0,2.1058757,0.09412148,8.428232,0.7932777,475907.6048,5525500.8178,42.0
42.0,2015,552002.0,25.0,3416572.0,100.0,0.0,2.088193,0.09055559,8.280507,0.7498462,475907.6048,5525500.8178,42.0
42.0,2016,552002.0,25.0,3416572.0,100.0,0.0,2.170774,0.060313985,8.993348,0.5424247,475907.6048,5525500.8178,42.0
42.0,2017,552002.0,25.0,3416572.0,100.0,0.0,2.2468226,0.08183869,9.7039585,0.79415923,475907.6048,5525500.8178,42.0
42.0,2018,552002.0,25.0,3416572.0,100.0,0.0,2.2785246,0.09939127,10.016521,0.99555475,475907.6048,5525500.8178,42.0
42.0,2019,552002.0,25.0,3416572.0,100.0,0.0,2.329875,0.12074689,10.544308,1.2731923,475907.6048,5525500.8178,42.0
42.0,2020,552002.0,25.0,3416572.0,100.0,0.0,2.3684597,0.09935571,10.959107,1.08885,475907.6048,5525500.8178,42.0
42.0,2021,552002.0,25.0,3416572.0,100.0,0.0,2.399846,0.073674574,11.308529,0.83315104,475907.6048,5525500.8178,42.0
42.0,2022,552002.0,25.0,3416572.0,100.0,0.0,2.4400258,0.05651552,11.772156,0.6653094,475907.6048,5525500.8178,42.0
42.0,2023,552002.0,25.0,3416572.0,100.0,0.0,2.4917426,0.05087264,12.396992,0.6306677,475907.6048,5525500.8178,42.0
42.0,2024,552002.0,25.0,3416572.0,100.0,0.0,2.5211468,0.056782283,12.766926,0.7249352,475907.6048,5525500.8178,42.0
42.0,2025,552002.0,25.0,3416572.0,100.0,0.0,2.5737975,0.05533219,13.457125,0.7446122,475907.6048,5525500.8178,42.0
43.0,2007,1256301.0,25.0,3219438.0,100.0,0.0,2.3691475,0.015622805,10.971987,0.17141321,474558.3118,5551805.4783,43.0
43.0,2008,1256301.0,25.0,3219438.0,100.0,0.0,2.3992488,0.017626364,11.307278,0.19930619,474558.3118,5551805.4783,43.0
43.0,2009,1256301.0,25.0,3219438.0,100.0,0.0,2.390516,0.016355215,11.208964,0.18332502,474558.3118,5551805.4783,43.0
43.0,2010,1256301.0,25.0,3219438.0,100.0,0.0,2.3995976,0.015995909,11.311223,0.18093328,474558.3118,5551805.4783,43.0
43.0,2011,1256301.0,25.0,3219438.0,100.0,0.0,2.4188032,0.011227535,11.530561,0.12945978,474558.3118,5551805.4783,43.0
43.0,2012,1256301.0,25.0,3219438.0,100.0,0.0,2.4500332,0.010324147,11.896342,0.12281959,474558.3118,5551805.4783,43.0
43.0,2013,1256301.0,25.0,3219438.0,100.0,0.0,2.4781144,0.0087014465,12.23514,0.10646342,474558.3118,5551805.4783,43.0
43.0,2014,1256301.0,25.0,3219438.0,100.0,0.0,2.5239332,0.01178097,12.808781,0.15089987,474558.3118,5551805.4783,43.0
43.0,2015,1256301.0,25.0,3219438.0,100.0,0.0,2.5471358,0.012444789,13.109454,0.16314438,474558.3118,5551805.4783,43.0
43.0,2016,1256301.0,25.0,3219438.0,100.0,0.0,2.519764,0.009555459,12.755488,0.12188455,474558.3118,5551805.4783,43.0
43.0,2017,1256301.0,25.0,3219438.0,100.0,0.0,2.637087,0.015233104,14.3433275,0.2184934,474558.3118,5551805.4783,43.0
43.0,2018,1256301.0,25.0,3219438.0,100.0,0.0,2.7197716,0.02159487,15.579708,0.3364418,474558.3118,5551805.4783,43.0
43.0,2019,1256301.0,25.0,3219438.0,100.0,0.0,2.7713478,0.023386769,16.404333,0.38364434,474558.3118,5551805.4783,43.0
43.0,2020,1256301.0,25.0,3219438.0,100.0,0.0,2.820509,0.027192704,17.23094,0.4685559,474558.3118,5551805.4783,43.0
43.0,2021,1256301.0,25.0,3219438.0,100.0,0.0,2.798033,0.02647041,16.847979,0.4459729,474558.3118,5551805.4783,43.0
43.0,2022,1256301.0,25.0,3219438.0,100.0,0.0,2.8221092,0.029110719,17.258537,0.5024084,474558.3118,5551805.4783,43.0
43.0,2023,1256301.0,25.0,3219438.0,100.0,0.0,2.9114819,0.039551537,18.872004,0.7464168,474558.3118,5551805.4783,43.0
43.0,2024,1256301.0,25.0,3219438.0,100.0,0.0,2.9266307,0.03411305,19.160072,0.6536085,474558.3118,5551805.4783,43.0
43.0,2025,1256301.0,25.0,3219438.0,100.0,0.0,2.9165611,0.021090085,18.968103,0.40003893,474558.3118,5551805.4783,43.0
58.0,2007,686806.0,25.0,3280513.0,100.0,0.0,2.1333852,0.0033843736,8.621524,0.029178457,447080.6514,5547692.845,58.0
58.0,2008,686806.0,25.0,3280513.0,100.0,0.0,2.138093,0.0023163143,8.662208,0.020064395,447080.6514,5547692.845,58.0
58.0,2009,686806.0,25.0,3280513.0,100.0,0.0,2.1375785,0.0006246571,8.657752,0.005408126,447080.6514,5547692.845,58.0
58.0,2010,686806.0,25.0,3280513.0,100.0,0.0,2.1432734,0.00080501183,8.707197,0.0070093963,447080.6514,5547692.845,58.0
58.0,2011,686806.0,25.0,3280513.0,100.0,0.0,2.1710305,0.0015597859,8.9522705,0.013963626,447080.6514,5547692.845,58.0
58.0,2012,686806.0,25.0,3280513.0,100.0,0.0,2.1967418,0.0019514855,9.185429,0.01792523,447080.6514,5547692.845,58.0
58.0,2013,686806.0,25.0,3280513.0,100.0,0.0,2.2203465,0.0026990215,9.404825,0.025383828,447080.6514,5547692.845,58.0
58.0,2014,686806.0,25.0,3280513.0,100.0,0.0,2.2698169,0.006566346,9.881788,0.06488724,447080.6514,5547692.845,58.0
58.0,2015,686806.0,25.0,3280513.0,100.0,0.0,2.2555137,0.0016874081,9.741452,0.016437806,447080.6514,5547692.845,58.0
58.0,2016,686806.0,25.0,3280513.0,100.0,0.0,2.2820232,0.00483584,10.003148,0.048373625,447080.6514,5547692.845,58.0
58.0,2017,686806.0,25.0,3280513.0,100.0,0.0,2.3863385,0.0004476225,11.102997,0.004969951,447080.6514,5547692.845,58.0
58.0,2018,686806.0,25.0,3280513.0,100.0,0.0,2.4041026,0.00043284125,11.301993,0.004891969,447080.6514,5547692.845,58.0
58.0,2019,686806.0,25.0,3280513.0,100.0,0.0,2.4473422,0.0009057206,11.801408,0.010688778,447080.6514,5547692.845,58.0
58.0,2020,686806.0,25.0,3280513.0,100.0,0.0,2.4852061,0.0027015815,12.256824,0.03311281,447080.6514,5547692.845,58.0
58.0,2021,686806.0,25.0,3280513.0,100.0,0.0,2.4892657,0.0038706867,12.306682,0.04763531,447080.6514,5547692.845,58.0
58.0,2022,686806.0,25.0,3280513.0,100.0,0.0,2.5062966,0.008839653,12.518071,0.110655405,447080.6514,5547692.845,58.0
58.0,2023,686806.0,25.0,3280513.0,100.0,0.0,2.5443146,0.008627756,13.003146,0.11218797,447080.6514,5547692.845,58.0
58.0,2024,686806.0,25.0,3280513.0,100.0,0.0,2.5809972,0.0067842994,13.488989,0.09151334,447080.6514,5547692.845,58.0
58.0,2025,686806.0,25.0,3280513.0,100.0,0.0,2.656838,0.006695148,14.551798,0.097426444,447080.6514,5547692.845,58.0
44.0,2007,98617.0,25.0,2603720.0,100.0,0.0,1.8751773,0.049608823,6.6658525,0.3306851,477525.4267,5603051.2272,44.0
44.0,2008,98617.0,25.0,2603720.0,100.0,0.0,1.868803,0.046970922,6.623498,0.3111118,477525.4267,5603051.2272,44.0
44.0,2009,98617.0,25.0,2603720.0,100.0,0.0,1.8674718,0.049730636,6.6146865,0.32895258,477525.4267,5603051.2272,44.0
44.0,2010,98617.0,25.0,2603720.0,100.0,0.0,1.894714,0.04406861,6.797362,0.2995503,477525.4267,5603051.2272,44.0
44.0,2011,98617.0,25.0,2603720.0,100.0,0.0,1.9236356,0.05177422,6.996823,0.36225504,477525.4267,5603051.2272,44.0
44.0,2012,98617.0,25.0,2603720.0,100.0,0.0,1.9017715,0.06549068,6.845504,0.44831672,477525.4267,5603051.2272,44.0
44.0,2013,98617.0,25.0,2603720.0,100.0,0.0,1.9298728,0.06600465,7.0405993,0.46471226,477525.4267,5603051.2272,44.0
44.0,2014,98617.0,25.0,2603720.0,100.0,0.0,1.9568828,0.068136446,7.2333584,0.4928553,477525.4267,5603051.2272,44.0
44.0,2015,98617.0,25.0,2603720.0,100.0,0.0,2.0113938,0.050876707,7.6386003,0.38862684,477525.4267,5603051.2272,44.0
44.0,2016,98617.0,25.0,2603720.0,100.0,0.0,2.0453932,0.04581887,7.902774,0.36209616,477525.4267,5603051.2272,44.0
44.0,2017,98617.0,25.0,2603720.0,100.0,0.0,2.1243691,0.04853153,8.55221,0.4150518,477525.4267,5603051.2272,44.0
44.0,2018,98617.0,25.0,2603720.0,100.0,0.0,2.1507962,0.03818707,8.781233,0.33532956,477525.4267,5603051.2272,44.0
44.0,2019,98617.0,25.0,2603720.0,100.0,0.0,2.1983514,0.030424062,9.208915,0.2801726,477525.4267,5603051.2272,44.0
44.0,2020,98617.0,25.0,2603720.0,100.0,0.0,2.2275395,0.036603317,9.4816675,0.34706047,477525.4267,5603051.2272,44.0
44.0,2021,98617.0,25.0,2603720.0,100.0,0.0,2.2238448,0.037303466,9.446699,0.3523946,477525.4267,5603051.2272,44.0
44.0,2022,98617.0,25.0,2603720.0,100.0,0.0,2.293759,0.03342791,10.130794,0.33865124,477525.4267,5603051.2272,44.0
44.0,2023,98617.0,25.0,2603720.0,100.0,0.0,2.3202386,0.024979537,10.402635,0.259853,477525.4267,5603051.2272,44.0
44.0,2024,98617.0,25.0,2603720.0,100.0,0.0,2.3636909,0.02527314,10.864617,0.274583,477525.4267,5603051.2272,44.0
44.0,2025,98617.0,25.0,2603720.0,100.0,0.0,2.367274,0.028301708,10.903618,0.308591,477525.4267,5603051.2272,44.0
45.0,2007,73433.0,25.0,3434504.0,100.0,0.0,1.6865445,0.032245666,5.505604,0.17753185,434765.5311,5582961.1289,45.0
45.0,2008,73433.0,25.0,3434504.0,100.0,0.0,1.6732758,0.034135558,5.433034,0.18545966,434765.5311,5582961.1289,45.0
45.0,2009,73433.0,25.0,3434504.0,100.0,0.0,1.666038,0.031833194,5.3938527,0.17170356,434765.5311,5582961.1289,45.0
45.0,2010,73433.0,25.0,3434504.0,100.0,0.0,1.6787496,0.03205681,5.462855,0.1751217,434765.5311,5582961.1289,45.0
45.0,2011,73433.0,25.0,3434504.0,100.0,0.0,1.6854942,0.028425673,5.499824,0.1563362,434765.5311,5582961.1289,45.0
45.0,2012,73433.0,25.0,3434504.0,100.0,0.0,1.6944687,0.033488914,5.5494046,0.18584354,434765.5311,5582961.1289,45.0
45.0,2013,73433.0,25.0,3434504.0,100.0,0.0,1.7193248,0.028575387,5.6890697,0.16256736,434765.5311,5582961.1289,45.0
45.0,2014,73433.0,25.0,3434504.0,100.0,0.0,1.7497184,0.035116658,5.864636,0.2059464,434765.5311,5582961.1289,45.0
45.0,2015,73433.0,25.0,3434504.0,100.0,0.0,1.7829703,0.036225855,6.0629244,0.21963462,434765.5311,5582961.1289,45.0
45.0,2016,73433.0,25.0,3434504.0,100.0,0.0,1.8184413,0.03832518,6.2818418,0.24075271,434765.5311,5582961.1289,45.0
45.0,2017,73433.0,25.0,3434504.0,100.0,0.0,1.8475336,0.046374407,6.467279,0.2999162,434765.5311,5582961.1289,45.0
45.0,2018,73433.0,25.0,3434504.0,100.0,0.0,1.8961953,0.030953234,6.789771,0.21016537,434765.5311,5582961.1289,45.0
45.0,2019,73433.0,25.0,3434504.0,100.0,0.0,1.9495571,0.021417832,7.1619263,0.15339294,434765.5311,5582961.1289,45.0
45.0,2020,73433.0,25.0,3434504.0,100.0,0.0,1.9820359,0.043772537,7.3983555,0.3238448,434765.5311,5582961.1289,45.0
45.0,2021,73433.0,25.0,3434504.0,100.0,0.0,2.0049608,0.04936981,7.5699215,0.3737256,434765.5311,5582961.1289,45.0
45.0,2022,73433.0,25.0,3434504.0,100.0,0.0,2.07598,0.01749735,8.127082,0.14220239,434765.5311,5582961.1289,45.0
45.0,2023,73433.0,25.0,3434504.0,100.0,0.0,2.1576924,0.0062388266,8.819053,0.05502054,434765.5311,5582961.1289,45.0
45.0,2024,73433.0,25.0,3434504.0,100.0,0.0,2.2289016,0.022105353,9.46995,0.2093366,434765.5311,5582961.1289,45.0
45.0,2025,73433.0,25.0,3434504.0,100.0,0.0,2.2568576,0.026491713,9.738426,0.2579876,434765.5311,5582961.1289,45.0
46.0,2007,93303.0,25.0,731678.0,100.0,0.0,1.6075468,0.0014253391,5.0847044,0.0072474275,532039.6808,5684522.9021,46.0
46.0,2008,93303.0,25.0,731678.0,100.0,0.0,1.6316636,0.001953545,5.208822,0.010175668,532039.6808,5684522.9021,46.0
46.0,2009,93303.0,25.0,731678.0,100.0,0.0,1.6455603,0.002251068,5.2817125,0.011889493,532039.6808,5684522.9021,46.0
46.0,2010,93303.0,25.0,731678.0,100.0,0.0,1.6653472,0.0039638993,5.387262,0.021354564,532039.6808,5684522.9021,46.0
46.0,2011,93303.0,25.0,731678.0,100.0,0.0,1.7132176,0.0071666786,5.651425,0.040501945,532039.6808,5684522.9021,46.0
46.0,2012,93303.0,25.0,731678.0,100.0,0.0,1.7984232,0.0054314877,6.1540675,0.03342574,532039.6808,5684522.9021,46.0
46.0,2013,93303.0,25.0,731678.0,100.0,0.0,1.8772979,0.01073338,6.6591244,0.07147491,532039.6808,5684522.9021,46.0
46.0,2014,93303.0,25.0,731678.0,100.0,0.0,1.941516,0.010763191,7.1007905,0.07642716,532039.6808,5684522.9021,46.0
46.0,2015,93303.0,25.0,731678.0,100.0,0.0,1.9536837,0.010236492,7.1877184,0.073577024,532039.6808,5684522.9021,46.0
46.0,2016,93303.0,25.0,731678.0,100.0,0.0,1.9786592,0.009350765,7.3694954,0.06891041,532039.6808,5684522.9021,46.0
46.0,2017,93303.0,25.0,731678.0,100.0,0.0,2.0144134,0.008073854,7.6377525,0.061666097,532039.6808,5684522.9021,46.0
46.0,2018,93303.0,25.0,731678.0,100.0,0.0,2.0461924,0.015020572,7.8843718,0.11842777,532039.6808,5684522.9021,46.0
46.0,2019,93303.0,25.0,731678.0,100.0,0.0,2.0902674,0.017342152,8.239646,0.1428932,532039.6808,5684522.9021,46.0
46.0,2020,93303.0,25.0,731678.0,100.0,0.0,2.1154487,0.018114358,8.449765,0.15306208,532039.6808,5684522.9021,46.0
46.0,2021,93303.0,25.0,731678.0,100.0,0.0,2.1009095,0.018188365,8.327802,0.1514691,532039.6808,5684522.9021,46.0
46.0,2022,93303.0,25.0,731678.0,100.0,0.0,2.12216,0.017398676,8.506666,0.14800473,532039.6808,5684522.9021,46.0
46.0,2023,93303.0,25.0,731678.0,100.0,0.0,2.1687787,0.014967059,8.912623,0.13339576,532039.6808,5684522.9021,46.0
46.0,2024,93303.0,25.0,731678.0,100.0,0.0,2.217537,0.015901446,9.357957,0.14880505,532039.6808,5684522.9021,46.0
46.0,2025,93303.0,25.0,731678.0,100.0,0.0,2.279281,0.011491209,9.953965,0.114383094,532039.6808,5684522.9021,46.0
47.0,2007,31325.0,25.0,1793898.0,100.0,0.0,1.5290102,0.010381968,4.6996756,0.048791878,546200.3879,5601444.3575,47.0
47.0,2008,31325.0,25.0,1793898.0,100.0,0.0,1.5967098,0.016377537,5.0288587,0.08236033,546200.3879,5601444.3575,47.0
47.0,2009,31325.0,25.0,1793898.0,100.0,0.0,1.6937275,0.008855827,5.5411983,0.049071897,546200.3879,5601444.3575,47.0
47.0,2010,31325.0,25.0,1793898.0,100.0,0.0,1.6804432,0.004063044,5.4680743,0.022217026,546200.3879,5601444.3575,47.0
47.0,2011,31325.0,25.0,1793898.0,100.0,0.0,1.7054645,0.002229383,5.6066184,0.012499301,546200.3879,5601444.3575,47.0
47.0,2012,31325.0,25.0,1793898.0,100.0,0.0,1.7747656,0.0077326763,6.008943,0.046465214,546200.3879,5601444.3575,47.0
47.0,2013,31325.0,25.0,1793898.0,100.0,0.0,1.8035792,0.0004948715,6.184601,0.0030605828,546200.3879,5601444.3575,47.0
47.0,2014,31325.0,25.0,1793898.0,100.0,0.0,1.8663967,0.010575471,6.585564,0.06964544,546200.3879,5601444.3575,47.0
47.0,2015,31325.0,25.0,1793898.0,100.0,0.0,1.8985023,0.0067643435,6.800429,0.046000436,546200.3879,5601444.3575,47.0
47.0,2016,31325.0,25.0,1793898.0,100.0,0.0,1.9486227,0.008639487,7.1499543,0.061771944,546200.3879,5601444.3575,47.0
47.0,2017,31325.0,25.0,1793898.0,100.0,0.0,2.0679116,0.012287038,8.055821,0.09898218,546200.3879,5601444.3575,47.0
47.0,2018,31325.0,25.0,1793898.0,100.0,0.0,2.1294584,0.00829475,8.567207,0.07106284,546200.3879,5601444.3575,47.0
47.0,2019,31325.0,25.0,1793898.0,100.0,0.0,2.1329296,0.00080173626,8.596995,0.0068925233,546200.3879,5601444.3575,47.0
47.0,2020,31325.0,25.0,1793898.0,100.0,0.0,2.1586547,0.009696691,8.821024,0.08553475,546200.3879,5601444.3575,47.0
47.0,2021,31325.0,25.0,1793898.0,100.0,0.0,2.1645195,0.000802657,8.87291,0.007121903,546200.3879,5601444.3575,47.0
47.0,2022,31325.0,25.0,1793898.0,100.0,0.0,2.1954505,0.00324038,9.151648,0.029654816,546200.3879,5601444.3575,47.0
47.0,2023,31325.0,25.0,1793898.0,100.0,0.0,2.233554,0.0005180038,9.507084,0.0049247057,546200.3879,5601444.3575,47.0
47.0,2024,31325.0,25.0,1793898.0,100.0,0.0,2.248339,0.0024961377,9.648691,0.024084462,546200.3879,5601444.3575,47.0
47.0,2025,31325.0,25.0,1793898.0,100.0,0.0,2.2836103,0.0016361425,9.995086,0.016353386,546200.3879,5601444.3575,47.0
48.0,2007,141373.0,50.0,1297894.0,100.0,0.0,1.4401671,0.04105084,4.3236547,0.17748965,489024.4156,5679450.0277,48.0
48.0,2008,141373.0,50.0,1297894.0,100.0,0.0,1.3874892,0.056645397,4.1017885,0.23234744,489024.4156,5679450.0277,48.0
48.0,2009,141373.0,50.0,1297894.0,100.0,0.0,1.330679,0.0824138,3.8752608,0.31937498,489024.4156,5679450.0277,48.0
48.0,2010,141373.0,50.0,1297894.0,100.0,0.0,1.3210136,0.072934836,3.837985,0.2799228,489024.4156,5679450.0277,48.0
48.0,2011,141373.0,50.0,1297894.0,100.0,0.0,1.3365203,0.098599166,3.8979638,0.38433596,489024.4156,5679450.0277,48.0
48.0,2012,141373.0,50.0,1297894.0,100.0,0.0,1.2960234,0.13550387,3.7432616,0.5072264,489024.4156,5679450.0277,48.0
48.0,2013,141373.0,50.0,1297894.0,100.0,0.0,1.3269409,0.08472629,3.8608017,0.3271114,489024.4156,5679450.0277,48.0
48.0,2014,141373.0,50.0,1297894.0,100.0,0.0,1.2993265,0.14412431,3.7556467,0.54128,489024.4156,5679450.0277,48.0
48.0,2015,141373.0,50.0,1297894.0,100.0,0.0,1.3584734,0.11570003,3.9844823,0.4610047,489024.4156,5679450.0277,48.0
48.0,2016,141373.0,50.0,1297894.0,100.0,0.0,1.3715327,0.15229432,4.036858,0.61479056,489024.4156,5679450.0277,48.0
48.0,2017,141373.0,50.0,1297894.0,100.0,0.0,1.4091761,0.14493366,4.1917157,0.60752064,489024.4156,5679450.0277,48.0
48.0,2018,141373.0,50.0,1297894.0,100.0,0.0,1.4073875,0.13997367,4.1842246,0.58568126,489024.4156,5679450.0277,48.0
48.0,2019,141373.0,50.0,1297894.0,100.0,0.0,1.4803543,0.19183163,4.500949,0.8634244,489024.4156,5679450.0277,48.0
48.0,2020,141373.0,50.0,1297894.0,100.0,0.0,1.5420523,0.13783465,4.787394,0.6598688,489024.4156,5679450.0277,48.0
48.0,2021,141373.0,50.0,1297894.0,100.0,0.0,1.5401616,0.1339178,4.7783513,0.6399063,489024.4156,5679450.0277,48.0
48.0,2022,141373.0,50.0,1297894.0,100.0,0.0,1.7664211,0.12823963,5.9915795,0.7683579,489024.4156,5679450.0277,48.0
48.0,2023,141373.0,50.0,1297894.0,100.0,0.0,1.8108821,0.081724636,6.263982,0.51192164,489024.4156,5679450.0277,48.0
48.0,2024,141373.0,50.0,1297894.0,100.0,0.0,1.8910336,0.12931852,6.7867193,0.8776485,489024.4156,5679450.0277,48.0
48.0,2025,141373.0,50.0,1297894.0,100.0,0.0,1.8684639,0.12143504,6.6352596,0.805753,489024.4156,5679450.0277,48.0
49.0,2007,133557.0,25.0,3837147.0,100.0,0.0,1.7631079,0.014250662,5.941303,0.0846675,398939.708,5578345.4057,49.0
49.0,2008,133557.0,25.0,3837147.0,100.0,0.0,1.7679156,0.0133963255,5.969935,0.079975195,398939.708,5578345.4057,49.0
49.0,2009,133557.0,25.0,3837147.0,100.0,0.0,1.7754773,0.009717054,6.0152493,0.0584505,398939.708,5578345.4057,49.0
49.0,2010,133557.0,25.0,3837147.0,100.0,0.0,1.7768004,0.014462204,6.023213,0.08710893,398939.708,5578345.4057,49.0
49.0,2011,133557.0,25.0,3837147.0,100.0,0.0,1.7952539,0.019172879,6.135394,0.117633164,398939.708,5578345.4057,49.0
49.0,2012,133557.0,25.0,3837147.0,100.0,0.0,1.8149059,0.019504769,6.2571597,0.12204445,398939.708,5578345.4057,49.0
49.0,2013,133557.0,25.0,3837147.0,100.0,0.0,1.8438452,0.005969777,6.440883,0.038450636,398939.708,5578345.4057,49.0
49.0,2014,133557.0,25.0,3837147.0,100.0,0.0,1.870179,0.018789688,6.612749,0.1242515,398939.708,5578345.4057,49.0
49.0,2015,133557.0,25.0,3837147.0,100.0,0.0,1.915,0.013105825,6.9158816,0.09063833,398939.708,5578345.4057,49.0
49.0,2016,133557.0,25.0,3837147.0,100.0,0.0,1.9611564,0.017941782,7.2425747,0.1299447,398939.708,5578345.4057,49.0
49.0,2017,133557.0,25.0,3837147.0,100.0,0.0,2.0249484,0.02466785,7.7196493,0.19042715,398939.708,5578345.4057,49.0
49.0,2018,133557.0,25.0,3837147.0,100.0,0.0,2.0695937,0.023184992,8.072104,0.18715167,398939.708,5578345.4057,49.0
49.0,2019,133557.0,25.0,3837147.0,100.0,0.0,2.103971,0.02295893,8.354426,0.19180869,398939.708,5578345.4057,49.0
49.0,2020,133557.0,25.0,3837147.0,100.0,0.0,2.156225,0.02303869,8.802585,0.20280002,398939.708,5578345.4057,49.0
49.0,2021,133557.0,25.0,3837147.0,100.0,0.0,2.1628118,0.016053624,8.860757,0.14224726,398939.708,5578345.4057,49.0
49.0,2022,133557.0,25.0,3837147.0,100.0,0.0,2.2129622,0.014312976,9.31646,0.13334626,398939.708,5578345.4057,49.0
49.0,2023,133557.0,25.0,3837147.0,100.0,0.0,2.2530446,0.019568201,9.697471,0.18976206,398939.708,5578345.4057,49.0
49.0,2024,133557.0,25.0,3837147.0,100.0,0.0,2.3153522,0.008370306,10.320919,0.08638925,398939.708,5578345.4057,49.0
49.0,2025,133557.0,25.0,3837147.0,100.0,0.0,2.3811333,0.014802618,11.022666,0.16316432,398939.708,5578345.4057,49.0
50.0,2007,58578.0,25.0,5690023.0,100.0,0.0,1.4797277,0.043181345,4.4637847,0.19275223,401462.0813,5617277.1238,50.0
50.0,2008,58578.0,25.0,5690023.0,100.0,0.0,1.4429443,0.022580335,4.302574,0.09715357,401462.0813,5617277.1238,50.0
50.0,2009,58578.0,25.0,5690023.0,100.0,0.0,1.3966013,0.06226837,4.10773,0.25578165,401462.0813,5617277.1238,50.0
50.0,2010,58578.0,25.0,5690023.0,100.0,0.0,1.4483923,0.054434314,4.3260784,0.23548712,401462.0813,5617277.1238,50.0
50.0,2011,58578.0,25.0,5690023.0,100.0,0.0,1.476384,0.020429708,4.4488835,0.090889394,401462.0813,5617277.1238,50.0
50.0,2012,58578.0,25.0,5690023.0,100.0,0.0,1.4959801,0.050270624,4.536925,0.22807403,401462.0813,5617277.1238,50.0
50.0,2013,58578.0,25.0,5690023.0,100.0,0.0,1.5139569,0.03307013,4.619221,0.15275824,401462.0813,5617277.1238,50.0
50.0,2014,58578.0,25.0,5690023.0,100.0,0.0,1.4846531,0.041623674,4.4858246,0.18671651,401462.0813,5617277.1238,50.0
50.0,2015,58578.0,25.0,5690023.0,100.0,0.0,1.5133808,0.018506682,4.6165605,0.085437216,401462.0813,5617277.1238,50.0
50.0,2016,58578.0,25.0,5690023.0,100.0,0.0,1.5580192,0.039515372,4.8273053,0.19075277,401462.0813,5617277.1238,50.0
50.0,2017,58578.0,25.0,5690023.0,100.0,0.0,1.6022583,0.0042240107,5.0456553,0.021312902,401462.0813,5617277.1238,50.0
50.0,2018,58578.0,25.0,5690023.0,100.0,0.0,1.6352433,0.002127865,5.2148614,0.011096521,401462.0813,5617277.1238,50.0
50.0,2019,58578.0,25.0,5690023.0,100.0,0.0,1.6923338,0.0077984617,5.521243,0.043057203,401462.0813,5617277.1238,50.0
50.0,2020,58578.0,25.0,5690023.0,100.0,0.0,1.7046231,0.006978288,5.5895143,0.03900524,401462.0813,5617277.1238,50.0
50.0,2021,58578.0,25.0,5690023.0,100.0,0.0,1.784805,0.01055269,6.05615,0.063908674,401462.0813,5617277.1238,50.0
50.0,2022,58578.0,25.0,5690023.0,100.0,0.0,1.8904281,0.025968399,6.7308226,0.17478868,401462.0813,5617277.1238,50.0
50.0,2023,58578.0,25.0,5690023.0,100.0,0.0,2.1189299,0.06404767,8.458731,0.541762,401462.0813,5617277.1238,50.0
50.0,2024,58578.0,25.0,5690023.0,100.0,0.0,2.0711706,0.032703258,8.064243,0.26372704,401462.0813,5617277.1238,50.0
50.0,2025,58578.0,25.0,5690023.0,100.0,0.0,2.0687776,0.047122426,8.044967,0.37909836,401462.0813,5617277.1238,50.0
51.0,2007,97063.0,25.0,3340726.0,100.0,0.0,1.6954376,0.011567532,5.5388103,0.06407037,418624.471,5521164.7674,51.0
51.0,2008,97063.0,25.0,3340726.0,100.0,0.0,1.6863304,0.004447395,5.4885964,0.024409957,418624.471,5521164.7674,51.0
51.0,2009,97063.0,25.0,3340726.0,100.0,0.0,1.6791438,0.030991076,5.449293,0.16887945,418624.471,5521164.7674,51.0
51.0,2010,97063.0,25.0,3340726.0,100.0,0.0,1.6980352,0.040800087,5.553217,0.22657174,418624.471,5521164.7674,51.0
51.0,2011,97063.0,25.0,3340726.0,100.0,0.0,1.7304442,0.03351948,5.736139,0.19227238,418624.471,5521164.7674,51.0
51.0,2012,97063.0,25.0,3340726.0,100.0,0.0,1.7647712,0.022730567,5.9364624,0.13493915,418624.471,5521164.7674,51.0
51.0,2013,97063.0,25.0,3340726.0,100.0,0.0,1.7959337,0.013563857,6.1243696,0.08307008,418624.471,5521164.7674,51.0
51.0,2014,97063.0,25.0,3340726.0,100.0,0.0,1.8064877,0.011245001,6.1893487,0.06959923,418624.471,5521164.7674,51.0
51.0,2015,97063.0,25.0,3340726.0,100.0,0.0,1.8542848,0.02123608,6.492365,0.13787238,418624.471,5521164.7674,51.0
51.0,2016,97063.0,25.0,3340726.0,100.0,0.0,1.8780718,0.011479013,6.6486506,0.07631995,418624.471,5521164.7674,51.0
51.0,2017,97063.0,25.0,3340726.0,100.0,0.0,1.928854,0.01306991,6.9950037,0.09142407,418624.471,5521164.7674,51.0
51.0,2018,97063.0,25.0,3340726.0,100.0,0.0,1.9925877,0.017217387,7.4553347,0.12836137,418624.471,5521164.7674,51.0
51.0,2019,97063.0,25.0,3340726.0,100.0,0.0,2.0337918,0.01020803,7.768942,0.0793056,418624.471,5521164.7674,51.0
51.0,2020,97063.0,25.0,3340726.0,100.0,0.0,2.0654125,0.019649463,8.018526,0.15755974,418624.471,5521164.7674,51.0
51.0,2021,97063.0,25.0,3340726.0,100.0,0.0,2.0939496,0.0149636455,8.250647,0.12345975,418624.471,5521164.7674,51.0
51.0,2022,97063.0,25.0,3340726.0,100.0,0.0,2.146088,0.018594684,8.692234,0.16162935,418624.471,5521164.7674,51.0
51.0,2023,97063.0,25.0,3340726.0,100.0,0.0,2.189793,0.01048236,9.080554,0.09518564,418624.471,5521164.7674,51.0
51.0,2024,97063.0,25.0,3340726.0,100.0,0.0,2.2300675,0.013523591,9.453733,0.12784842,418624.471,5521164.7674,51.0
51.0,2025,97063.0,25.0,3340726.0,100.0,0.0,2.2999923,0.008488995,10.138443,0.08606519,418624.471,5521164.7674,51.0
54.0,2007,61329.0,25.0,496846.0,100.0,0.0,1.9107143,0.029564777,6.889134,0.2036757,331124.8875,5514910.1192,54.0
54.0,2008,61329.0,25.0,496846.0,100.0,0.0,1.9166993,0.022860734,6.9304895,0.15843607,331124.8875,5514910.1192,54.0
54.0,2009,61329.0,25.0,496846.0,100.0,0.0,1.9772966,0.02345617,7.3634434,0.17271818,331124.8875,5514910.1192,54.0
54.0,2010,61329.0,25.0,496846.0,100.0,0.0,2.0158608,0.025473986,7.6529555,0.19495128,331124.8875,5514910.1192,54.0
54.0,2011,61329.0,25.0,496846.0,100.0,0.0,2.0639942,0.022595445,8.030327,0.1814488,331124.8875,5514910.1192,54.0
54.0,2012,61329.0,25.0,496846.0,100.0,0.0,2.0534325,0.020004196,7.9459605,0.15895256,331124.8875,5514910.1192,54.0
54.0,2013,61329.0,25.0,496846.0,100.0,0.0,2.090229,0.022636576,8.243791,0.18661119,331124.8875,5514910.1192,54.0
54.0,2014,61329.0,25.0,496846.0,100.0,0.0,2.071148,0.022480056,8.087981,0.18181826,331124.8875,5514910.1192,54.0
54.0,2015,61329.0,25.0,496846.0,100.0,0.0,2.078678,0.0139837945,8.149113,0.11395553,331124.8875,5514910.1192,54.0
54.0,2016,61329.0,25.0,496846.0,100.0,0.0,2.049027,0.003391953,7.9110312,0.026833845,331124.8875,5514910.1192,54.0
54.0,2017,61329.0,25.0,496846.0,100.0,0.0,2.153337,0.019189196,8.780807,0.16849661,331124.8875,5514910.1192,54.0
54.0,2018,61329.0,25.0,496846.0,100.0,0.0,2.1839807,0.014585307,9.054047,0.13205606,331124.8875,5514910.1192,54.0
54.0,2019,61329.0,25.0,496846.0,100.0,0.0,2.2431302,0.014502178,9.605745,0.13930424,331124.8875,5514910.1192,54.0
54.0,2020,61329.0,25.0,496846.0,100.0,0.0,2.2777655,0.009564157,9.944272,0.095108576,331124.8875,5514910.1192,54.0
54.0,2021,61329.0,25.0,496846.0,100.0,0.0,2.2594843,0.0070446143,9.76413,0.06878453,331124.8875,5514910.1192,54.0
54.0,2022,61329.0,25.0,496846.0,100.0,0.0,2.3283749,0.016332684,10.460498,0.170848,331124.8875,5514910.1192,54.0
54.0,2023,61329.0,25.0,496846.0,100.0,0.0,2.3939788,0.010665661,11.169757,0.11913284,331124.8875,5514910.1192,54.0
54.0,2024,61329.0,25.0,496846.0,100.0,0.0,2.445148,0.01613161,11.756181,0.18964612,331124.8875,5514910.1192,54.0
54.0,2025,61329.0,25.0,496846.0,100.0,0.0,2.4662752,0.014099341,12.007199,0.16929358,331124.8875,5514910.1192,54.0
52.0,2007,21981.0,25.0,935151.0,100.0,0.0,1.6595833,0.048475184,5.3613095,0.25989047,323156.8357,5538666.9003,52.0
52.0,2008,21981.0,25.0,935151.0,100.0,0.0,1.8199453,0.008517732,6.2938337,0.053609185,323156.8357,5538666.9003,52.0
52.0,2009,21981.0,25.0,935151.0,100.0,0.0,1.7244163,0.08859973,5.7204146,0.5068272,323156.8357,5538666.9003,52.0
52.0,2010,21981.0,25.0,935151.0,100.0,0.0,1.7437621,0.13656645,5.832158,0.796477,323156.8357,5538666.9003,52.0
52.0,2011,21981.0,25.0,935151.0,100.0,0.0,1.6471925,0.123941004,5.2952886,0.65630335,323156.8357,5538666.9003,52.0
52.0,2012,21981.0,25.0,935151.0,100.0,0.0,1.6958051,0.11340613,5.5590653,0.63043207,323156.8357,5538666.9003,52.0
52.0,2013,21981.0,25.0,935151.0,100.0,0.0,1.7937424,0.15301807,6.131058,0.9381627,323156.8357,5538666.9003,52.0
52.0,2014,21981.0,25.0,935151.0,100.0,0.0,1.7730564,0.1265689,6.0055337,0.76011384,323156.8357,5538666.9003,52.0
52.0,2015,21981.0,25.0,935151.0,100.0,0.0,1.8007131,0.09686864,6.173945,0.5980617,323156.8357,5538666.9003,52.0
52.0,2016,21981.0,25.0,935151.0,100.0,0.0,1.8767092,0.059063256,6.6614304,0.39344576,323156.8357,5538666.9003,52.0
52.0,2017,21981.0,25.0,935151.0,100.0,0.0,1.8717635,0.08313851,6.6285653,0.55108905,323156.8357,5538666.9003,52.0
52.0,2018,21981.0,25.0,935151.0,100.0,0.0,1.8985072,0.11809978,6.8082304,0.8040505,323156.8357,5538666.9003,52.0
52.0,2019,21981.0,25.0,935151.0,100.0,0.0,1.939921,0.052013334,7.096105,0.36909208,323156.8357,5538666.9003,52.0
52.0,2020,21981.0,25.0,935151.0,100.0,0.0,1.9847407,0.077015005,7.4213853,0.571558,323156.8357,5538666.9003,52.0
52.0,2021,21981.0,25.0,935151.0,100.0,0.0,2.0521927,0.13715798,7.939241,1.0889302,323156.8357,5538666.9003,52.0
52.0,2022,21981.0,25.0,935151.0,100.0,0.0,2.0466266,0.1542188,7.8951726,1.217584,323156.8357,5538666.9003,52.0
52.0,2023,21981.0,25.0,935151.0,100.0,0.0,2.1580327,0.08738642,8.82561,0.77123845,323156.8357,5538666.9003,52.0
52.0,2024,21981.0,25.0,935151.0,100.0,0.0,2.1419027,0.112165585,8.684394,0.9740901,323156.8357,5538666.9003,52.0
52.0,2025,21981.0,25.0,935151.0,100.0,0.0,2.2368321,0.07784483,9.549197,0.74335563,323156.8357,5538666.9003,52.0
53.0,2007,11613.0,25.0,1961322.0,100.0,0.0,1.4956505,0.037947565,4.561588,0.17310114,345441.4157,5560361.9854,53.0
53.0,2008,11613.0,25.0,1961322.0,100.0,0.0,1.516477,0.044328205,4.6575856,0.20646241,345441.4157,5560361.9854,53.0
53.0,2009,11613.0,25.0,1961322.0,100.0,0.0,1.5411434,0.071978875,4.7739,0.34361994,345441.4157,5560361.9854,53.0
53.0,2010,11613.0,25.0,1961322.0,100.0,0.0,1.5296947,0.055000775,4.7195563,0.25957927,345441.4157,5560361.9854,53.0
53.0,2011,11613.0,25.0,1961322.0,100.0,0.0,1.5083487,0.019108988,4.6198807,0.08828125,345441.4157,5560361.9854,53.0
53.0,2012,11613.0,25.0,1961322.0,100.0,0.0,1.4740028,0.07968976,4.463901,0.3557272,345441.4157,5560361.9854,53.0
53.0,2013,11613.0,25.0,1961322.0,100.0,0.0,1.5131935,0.065771155,4.6423173,0.30533057,345441.4157,5560361.9854,53.0
53.0,2014,11613.0,25.0,1961322.0,100.0,0.0,1.5953017,0.042891305,5.0395756,0.21615396,345441.4157,5560361.9854,53.0
53.0,2015,11613.0,25.0,1961322.0,100.0,0.0,1.6432892,0.05986395,5.2873087,0.31651917,345441.4157,5560361.9854,53.0
53.0,2016,11613.0,25.0,1961322.0,100.0,0.0,1.626312,0.03854317,5.1983027,0.20035906,345441.4157,5560361.9854,53.0
53.0,2017,11613.0,25.0,1961322.0,100.0,0.0,1.6380653,0.06807256,5.2597604,0.35804534,345441.4157,5560361.9854,53.0
53.0,2018,11613.0,25.0,1961322.0,100.0,0.0,1.6877935,0.060899068,5.5279307,0.33664584,345441.4157,5560361.9854,53.0
53.0,2019,11613.0,25.0,1961322.0,100.0,0.0,1.7115095,0.046776827,5.6605983,0.2647848,345441.4157,5560361.9854,53.0
53.0,2020,11613.0,25.0,1961322.0,100.0,0.0,1.7943686,0.074733905,6.1496105,0.45958441,345441.4157,5560361.9854,53.0
53.0,2021,11613.0,25.0,1961322.0,100.0,0.0,1.8111453,0.076394916,6.253651,0.47774714,345441.4157,5560361.9854,53.0
53.0,2022,11613.0,25.0,1961322.0,100.0,0.0,1.947838,0.017841142,7.1696587,0.12791489,345441.4157,5560361.9854,53.0
53.0,2023,11613.0,25.0,1961322.0,100.0,0.0,2.1198027,0.04367706,8.514946,0.37190783,345441.4157,5560361.9854,53.0
53.0,2024,11613.0,25.0,1961322.0,100.0,0.0,2.0998297,0.012085171,8.346564,0.100869656,345441.4157,5560361.9854,53.0
53.0,2025,11613.0,25.0,1961322.0,100.0,0.0,2.0002036,0.0705517,7.555107,0.5330256,345441.4157,5560361.9854,53.0
55.0,2007,69294.0,25.0,2556689.0,100.0,0.0,1.7175158,0.012321279,5.6756916,0.06993178,410142.7377,5476313.8371,55.0
55.0,2008,69294.0,25.0,2556689.0,100.0,0.0,1.7157862,0.012499898,5.665883,0.070822954,410142.7377,5476313.8371,55.0
55.0,2009,69294.0,25.0,2556689.0,100.0,0.0,1.6931453,0.0039469306,5.5390434,0.02186222,410142.7377,5476313.8371,55.0
55.0,2010,69294.0,25.0,2556689.0,100.0,0.0,1.7168348,0.0024428973,5.6718273,0.013855692,410142.7377,5476313.8371,55.0
55.0,2011,69294.0,25.0,2556689.0,100.0,0.0,1.7338638,0.005099531,5.7692404,0.029420417,410142.7377,5476313.8371,55.0
55.0,2012,69294.0,25.0,2556689.0,100.0,0.0,1.7572111,0.0034052369,5.9055204,0.020109696,410142.7377,5476313.8371,55.0
55.0,2013,69294.0,25.0,2556689.0,100.0,0.0,1.8084611,0.0067249723,6.2160683,0.041802887,410142.7377,5476313.8371,55.0
55.0,2014,69294.0,25.0,2556689.0,100.0,0.0,1.8180087,0.003216145,6.275701,0.020183565,410142.7377,5476313.8371,55.0
55.0,2015,69294.0,25.0,2556689.0,100.0,0.0,1.8313388,0.0028321426,6.3599167,0.01801219,410142.7377,5476313.8371,55.0
55.0,2016,69294.0,25.0,2556689.0,100.0,0.0,1.8584278,0.0002963682,6.534556,0.0019366345,410142.7377,5476313.8371,55.0
55.0,2017,69294.0,25.0,2556689.0,100.0,0.0,1.9232771,0.006685074,6.972359,0.046610735,410142.7377,5476313.8371,55.0
55.0,2018,69294.0,25.0,2556689.0,100.0,0.0,1.9587038,0.002946762,7.2237945,0.021286802,410142.7377,5476313.8371,55.0
55.0,2019,69294.0,25.0,2556689.0,100.0,0.0,2.014997,0.0038538494,7.642109,0.029451536,410142.7377,5476313.8371,55.0
55.0,2020,69294.0,25.0,2556689.0,100.0,0.0,2.0667565,0.005639609,8.048076,0.045388002,410142.7377,5476313.8371,55.0
55.0,2021,69294.0,25.0,2556689.0,100.0,0.0,2.1132894,0.004072323,8.431427,0.034335494,410142.7377,5476313.8371,55.0
55.0,2022,69294.0,25.0,2556689.0,100.0,0.0,2.1706238,0.002610683,8.928965,0.023310695,410142.7377,5476313.8371,55.0
55.0,2023,69294.0,25.0,2556689.0,100.0,0.0,2.2283065,0.0003760583,9.459156,0.0035571945,410142.7377,5476313.8371,55.0
55.0,2024,69294.0,25.0,2556689.0,100.0,0.0,2.3255937,0.00055341306,10.425661,0.005769697,410142.7377,5476313.8371,55.0
55.0,2025,69294.0,25.0,2556689.0,100.0,0.0,2.381196,0.00072658586,11.021772,0.008008264,410142.7377,5476313.8371,55.0
56.0,2007,89017.0,25.0,2801068.0,100.0,0.0,1.72781,0.049062073,5.719441,0.28060764,435159.2201,5449650.4659,56.0
56.0,2008,89017.0,25.0,2801068.0,100.0,0.0,1.7590599,0.04237119,5.9009943,0.25003216,435159.2201,5449650.4659,56.0
56.0,2009,89017.0,25.0,2801068.0,100.0,0.0,1.7485236,0.054442834,5.839146,0.31789967,435159.2201,5449650.4659,56.0
56.0,2010,89017.0,25.0,2801068.0,100.0,0.0,1.7733688,0.05158537,5.986038,0.308792,435159.2201,5449650.4659,56.0
56.0,2011,89017.0,25.0,2801068.0,100.0,0.0,1.8219002,0.05493966,6.283715,0.34522516,435159.2201,5449650.4659,56.0
56.0,2012,89017.0,25.0,2801068.0,100.0,0.0,1.8481547,0.042069737,6.4508743,0.2713866,435159.2201,5449650.4659,56.0
56.0,2013,89017.0,25.0,2801068.0,100.0,0.0,1.8394588,0.044535708,6.395022,0.28480685,435159.2201,5449650.4659,56.0
56.0,2014,89017.0,25.0,2801068.0,100.0,0.0,1.892884,0.04308542,6.7459683,0.29065287,435159.2201,5449650.4659,56.0
56.0,2015,89017.0,25.0,2801068.0,100.0,0.0,1.9129778,0.055337004,6.882891,0.3808786,435159.2201,5449650.4659,56.0
56.0,2016,89017.0,25.0,2801068.0,100.0,0.0,1.9763594,0.04176446,7.333262,0.30626974,435159.2201,5449650.4659,56.0
56.0,2017,89017.0,25.0,2801068.0,100.0,0.0,2.0402424,0.047909476,7.8170195,0.37450927,435159.2201,5449650.4659,56.0
56.0,2018,89017.0,25.0,2801068.0,100.0,0.0,2.0695953,0.045246243,8.049873,0.36422652,435159.2201,5449650.4659,56.0
56.0,2019,89017.0,25.0,2801068.0,100.0,0.0,2.1248765,0.024502471,8.507409,0.20845254,435159.2201,5449650.4659,56.0
56.0,2020,89017.0,25.0,2801068.0,100.0,0.0,2.157313,0.03162009,8.787886,0.27787372,435159.2201,5449650.4659,56.0
56.0,2021,89017.0,25.0,2801068.0,100.0,0.0,2.1935446,0.031487066,9.112123,0.28691402,435159.2201,5449650.4659,56.0
56.0,2022,89017.0,25.0,2801068.0,100.0,0.0,2.231604,0.024799831,9.465608,0.23474547,435159.2201,5449650.4659,56.0
56.0,2023,89017.0,25.0,2801068.0,100.0,0.0,2.2689488,0.026112657,9.825784,0.2565773,435159.2201,5449650.4659,56.0
56.0,2024,89017.0,25.0,2801068.0,100.0,0.0,2.316071,0.029742418,10.299877,0.30634323,435159.2201,5449650.4659,56.0
56.0,2025,89017.0,25.0,2801068.0,100.0,0.0,2.3563623,0.03950278,10.723347,0.423602,435159.2201,5449650.4659,56.0
59.0,2007,765501.0,25.0,2400388.0,100.0,0.0,2.1937284,0.006468296,9.242195,0.059781253,512641.7723,5402409.2955,59.0
59.0,2008,765501.0,25.0,2400388.0,100.0,0.0,2.2116284,0.011489352,9.409118,0.108104676,512641.7723,5402409.2955,59.0
59.0,2009,765501.0,25.0,2400388.0,100.0,0.0,2.2206132,0.013560937,9.494039,0.12874806,512641.7723,5402409.2955,59.0
59.0,2010,765501.0,25.0,2400388.0,100.0,0.0,2.234795,0.016743513,9.629641,0.161234,512641.7723,5402409.2955,59.0
59.0,2011,765501.0,25.0,2400388.0,100.0,0.0,2.2498896,0.015979173,9.776099,0.15621398,512641.7723,5402409.2955,59.0
59.0,2012,765501.0,25.0,2400388.0,100.0,0.0,2.2999208,0.012635435,10.277651,0.12986258,512641.7723,5402409.2955,59.0
59.0,2013,765501.0,25.0,2400388.0,100.0,0.0,2.3244426,0.004806217,10.532792,0.05062288,512641.7723,5402409.2955,59.0
59.0,2014,765501.0,25.0,2400388.0,100.0,0.0,2.3904667,0.013135634,11.251681,0.14779797,512641.7723,5402409.2955,59.0
59.0,2015,765501.0,25.0,2400388.0,100.0,0.0,2.4254563,0.0047341217,11.652344,0.05516361,512641.7723,5402409.2955,59.0
59.0,2016,765501.0,25.0,2400388.0,100.0,0.0,2.4088778,0.0039135218,11.460756,0.044851918,512641.7723,5402409.2955,59.0
59.0,2017,765501.0,25.0,2400388.0,100.0,0.0,2.7924435,0.021148778,16.818752,0.35569608,512641.7723,5402409.2955,59.0
59.0,2018,765501.0,25.0,2400388.0,100.0,0.0,2.8968072,0.02127953,18.668882,0.39726505,512641.7723,5402409.2955,59.0
59.0,2019,765501.0,25.0,2400388.0,100.0,0.0,2.9390805,0.02265085,19.474993,0.44112515,512641.7723,5402409.2955,59.0
59.0,2020,765501.0,25.0,2400388.0,100.0,0.0,2.9188876,0.016487869,19.085686,0.31468228,512641.7723,5402409.2955,59.0
59.0,2021,765501.0,25.0,2400388.0,100.0,0.0,2.8507805,0.015212027,17.829092,0.27121663,512641.7723,5402409.2955,59.0
59.0,2022,765501.0,25.0,2400388.0,100.0,0.0,2.8426692,0.0149160465,17.685059,0.26379114,512641.7723,5402409.2955,59.0
59.0,2023,765501.0,25.0,2400388.0,100.0,0.0,2.8712187,0.009235744,18.197233,0.168065,512641.7723,5402409.2955,59.0
59.0,2024,765501.0,25.0,2400388.0,100.0,0.0,2.915017,0.013078777,19.01195,0.24865305,512641.7723,5402409.2955,59.0
59.0,2025,765501.0,25.0,2400388.0,100.0,0.0,2.9421227,0.012682522,19.534334,0.24774462,512641.7723,5402409.2955,59.0
60.0,2007,689379.0,25.0,2402840.0,100.0,0.0,2.1605074,0.055978175,8.997192,0.5036464,500299.8749,5395472.9688,60.0
60.0,2008,689379.0,25.0,2402840.0,100.0,0.0,2.1714308,0.053268187,9.096009,0.48452792,500299.8749,5395472.9688,60.0
60.0,2009,689379.0,25.0,2402840.0,100.0,0.0,2.1821146,0.06947139,9.193709,0.63869977,500299.8749,5395472.9688,60.0
60.0,2010,689379.0,25.0,2402840.0,100.0,0.0,2.2077506,0.085206464,9.432448,0.8037056,500299.8749,5395472.9688,60.0
60.0,2011,689379.0,25.0,2402840.0,100.0,0.0,2.226528,0.07792697,9.611236,0.7489745,500299.8749,5395472.9688,60.0
60.0,2012,689379.0,25.0,2402840.0,100.0,0.0,2.261335,0.07641577,9.951666,0.7604642,500299.8749,5395472.9688,60.0
60.0,2013,689379.0,25.0,2402840.0,100.0,0.0,2.2880802,0.07447094,10.221417,0.7611986,500299.8749,5395472.9688,60.0
60.0,2014,689379.0,25.0,2402840.0,100.0,0.0,2.3041563,0.07765701,10.387066,0.80662847,500299.8749,5395472.9688,60.0
60.0,2015,689379.0,25.0,2402840.0,100.0,0.0,2.371691,0.11461664,11.112783,1.2737099,500299.8749,5395472.9688,60.0
60.0,2016,689379.0,25.0,2402840.0,100.0,0.0,2.4086573,0.07916425,11.531267,0.91286415,500299.8749,5395472.9688,60.0
60.0,2017,689379.0,25.0,2402840.0,100.0,0.0,2.6997695,0.25673026,15.427853,3.9607968,500299.8749,5395472.9688,60.0
60.0,2018,689379.0,25.0,2402840.0,100.0,0.0,2.8078718,0.27315688,17.189123,4.6953273,500299.8749,5395472.9688,60.0
60.0,2019,689379.0,25.0,2402840.0,100.0,0.0,2.8819492,0.24278231,18.510798,4.494094,500299.8749,5395472.9688,60.0
60.0,2020,689379.0,25.0,2402840.0,100.0,0.0,2.8576305,0.22373232,18.066067,4.041963,500299.8749,5395472.9688,60.0
60.0,2021,689379.0,25.0,2402840.0,100.0,0.0,2.8200586,0.17446917,17.399883,3.0357432,500299.8749,5395472.9688,60.0
60.0,2022,689379.0,25.0,2402840.0,100.0,0.0,2.7851412,0.16586527,16.802813,2.787003,500299.8749,5395472.9688,60.0
60.0,2023,689379.0,25.0,2402840.0,100.0,0.0,2.8248768,0.13937649,17.483923,2.436848,500299.8749,5395472.9688,60.0
60.0,2024,689379.0,25.0,2402840.0,100.0,0.0,2.882623,0.14148769,18.523275,2.6208155,500299.8749,5395472.9688,60.0
60.0,2025,689379.0,25.0,2402840.0,100.0,0.0,2.8932745,0.152675,18.721628,2.8583248,500299.8749,5395472.9688,60.0
61.0,2007,133722.0,25.0,1896540.0,100.0,0.0,1.8458555,0.03771912,6.4284716,0.2424763,549069.569,5395845.2913,61.0
61.0,2008,133722.0,25.0,1896540.0,100.0,0.0,1.8738849,0.029482417,6.611207,0.19491436,549069.569,5395845.2913,61.0
61.0,2009,133722.0,25.0,1896540.0,100.0,0.0,1.8820873,0.036230043,6.6656585,0.24149708,549069.569,5395845.2913,61.0
61.0,2010,133722.0,25.0,1896540.0,100.0,0.0,1.8841994,0.03233055,6.6797514,0.21596003,549069.569,5395845.2913,61.0
61.0,2011,133722.0,25.0,1896540.0,100.0,0.0,1.8826643,0.029670242,6.6695046,0.19788583,549069.569,5395845.2913,61.0
61.0,2012,133722.0,25.0,1896540.0,100.0,0.0,1.8990918,0.025749972,6.779973,0.17458412,549069.569,5395845.2913,61.0
61.0,2013,133722.0,25.0,1896540.0,100.0,0.0,1.9415324,0.0389979,7.073912,0.27586773,549069.569,5395845.2913,61.0
61.0,2014,133722.0,25.0,1896540.0,100.0,0.0,1.9964803,0.05053178,7.473487,0.3776486,549069.569,5395845.2913,61.0
61.0,2015,133722.0,25.0,1896540.0,100.0,0.0,2.0153348,0.021101058,7.615732,0.1607,549069.569,5395845.2913,61.0
61.0,2016,133722.0,25.0,1896540.0,100.0,0.0,2.0236688,0.028015656,7.6794677,0.21514532,549069.569,5395845.2913,61.0
61.0,2017,133722.0,25.0,1896540.0,100.0,0.0,2.1135294,0.009986819,8.401504,0.08390429,549069.569,5395845.2913,61.0
61.0,2018,133722.0,25.0,1896540.0,100.0,0.0,2.1612463,0.014030442,8.812116,0.12363788,549069.569,5395845.2913,61.0
61.0,2019,133722.0,25.0,1896540.0,100.0,0.0,2.2188537,0.04307132,9.334666,0.40205637,549069.569,5395845.2913,61.0
61.0,2020,133722.0,25.0,1896540.0,100.0,0.0,2.2533965,0.022991162,9.662745,0.22215775,549069.569,5395845.2913,61.0
61.0,2021,133722.0,25.0,1896540.0,100.0,0.0,2.2685087,0.011336794,9.809878,0.111212574,549069.569,5395845.2913,61.0
61.0,2022,133722.0,25.0,1896540.0,100.0,0.0,2.3363,0.022168629,10.497964,0.23272546,549069.569,5395845.2913,61.0
61.0,2023,133722.0,25.0,1896540.0,100.0,0.0,2.3518505,0.0040992615,10.662489,0.04370833,549069.569,5395845.2913,61.0
61.0,2024,133722.0,25.0,1896540.0,100.0,0.0,2.3955872,0.0011938856,11.139179,0.013298906,549069.569,5395845.2913,61.0
61.0,2025,133722.0,25.0,1896540.0,100.0,0.0,2.4450135,0.012427656,11.703581,0.14544807,549069.569,5395845.2913,61.0
62.0,2007,165903.0,25.0,2710083.0,100.0,0.0,1.858045,0.008991317,6.5129194,0.058559723,513298.7786,5444447.8138,62.0
62.0,2008,165903.0,25.0,2710083.0,100.0,0.0,1.8688565,0.009012405,6.5837164,0.059335116,513298.7786,5444447.8138,62.0
62.0,2009,165903.0,25.0,2710083.0,100.0,0.0,1.8544606,0.014055371,6.4896164,0.091213964,513298.7786,5444447.8138,62.0
62.0,2010,165903.0,25.0,2710083.0,100.0,0.0,1.8711774,0.02152256,6.599014,0.14202766,513298.7786,5444447.8138,62.0
62.0,2011,165903.0,25.0,2710083.0,100.0,0.0,1.8946455,0.019104594,6.755711,0.12906513,513298.7786,5444447.8138,62.0
62.0,2012,165903.0,25.0,2710083.0,100.0,0.0,1.9485884,0.015333429,7.130142,0.10932953,513298.7786,5444447.8138,62.0
62.0,2013,165903.0,25.0,2710083.0,100.0,0.0,1.9892094,0.025261665,7.425739,0.18758653,513298.7786,5444447.8138,62.0
62.0,2014,165903.0,25.0,2710083.0,100.0,0.0,2.0335028,0.021191893,7.762044,0.16449241,513298.7786,5444447.8138,62.0
62.0,2015,165903.0,25.0,2710083.0,100.0,0.0,2.0779204,0.027821783,8.114587,0.22576228,513298.7786,5444447.8138,62.0
62.0,2016,165903.0,25.0,2710083.0,100.0,0.0,2.1318364,0.022354186,8.5641,0.19144349,513298.7786,5444447.8138,62.0
62.0,2017,165903.0,25.0,2710083.0,100.0,0.0,2.2247915,0.024458906,9.398353,0.2298734,513298.7786,5444447.8138,62.0
62.0,2018,165903.0,25.0,2710083.0,100.0,0.0,2.2928386,0.03158019,10.060142,0.31770122,513298.7786,5444447.8138,62.0
62.0,2019,165903.0,25.0,2710083.0,100.0,0.0,2.379581,0.029371332,10.971751,0.32225496,513298.7786,5444447.8138,62.0
62.0,2020,165903.0,25.0,2710083.0,100.0,0.0,2.4024673,0.018374654,11.225748,0.20626923,513298.7786,5444447.8138,62.0
62.0,2021,165903.0,25.0,2710083.0,100.0,0.0,2.399145,0.011758469,11.188514,0.13155979,513298.7786,5444447.8138,62.0
62.0,2022,165903.0,25.0,2710083.0,100.0,0.0,2.4293935,0.012881599,11.532122,0.14855216,513298.7786,5444447.8138,62.0
62.0,2023,165903.0,25.0,2710083.0,100.0,0.0,2.4450352,0.009769861,11.713922,0.11444338,513298.7786,5444447.8138,62.0
62.0,2024,165903.0,25.0,2710083.0,100.0,0.0,2.4862642,0.009267304,12.206968,0.1131257,513298.7786,5444447.8138,62.0
62.0,2025,165903.0,25.0,2710083.0,100.0,0.0,2.5401375,0.010164039,12.882634,0.1309396,513298.7786,5444447.8138,62.0
63.0,2007,41926.0,25.0,2144956.0,100.0,0.0,1.7298778,0.024421932,5.7281976,0.13989365,553073.9529,5437424.8917,63.0
63.0,2008,41926.0,25.0,2144956.0,100.0,0.0,1.7569703,0.05567924,5.88551,0.32770073,553073.9529,5437424.8917,63.0
63.0,2009,41926.0,25.0,2144956.0,100.0,0.0,1.8320799,0.06560002,6.344593,0.41620544,553073.9529,5437424.8917,63.0
63.0,2010,41926.0,25.0,2144956.0,100.0,0.0,1.8677537,0.061930116,6.575014,0.4071914,553073.9529,5437424.8917,63.0
63.0,2011,41926.0,25.0,2144956.0,100.0,0.0,1.8825189,0.055228002,6.672816,0.36852628,553073.9529,5437424.8917,63.0
63.0,2012,41926.0,25.0,2144956.0,100.0,0.0,1.8875308,0.047331564,6.7063437,0.31742173,553073.9529,5437424.8917,63.0
63.0,2013,41926.0,25.0,2144956.0,100.0,0.0,1.9297307,0.06124846,6.9954066,0.4284579,553073.9529,5437424.8917,63.0
63.0,2014,41926.0,25.0,2144956.0,100.0,0.0,1.9433241,0.05716786,7.0911474,0.40538573,553073.9529,5437424.8917,63.0
63.0,2015,41926.0,25.0,2144956.0,100.0,0.0,2.02254,0.042471066,7.6757283,0.32599637,553073.9529,5437424.8917,63.0
63.0,2016,41926.0,25.0,2144956.0,100.0,0.0,2.0533853,0.039327122,7.9161763,0.31132045,553073.9529,5437424.8917,63.0
63.0,2017,41926.0,25.0,2144956.0,100.0,0.0,2.097896,0.037450094,8.276492,0.30995542,553073.9529,5437424.8917,63.0
63.0,2018,41926.0,25.0,2144956.0,100.0,0.0,2.1449773,0.032006677,8.675478,0.27767324,553073.9529,5437424.8917,63.0
63.0,2019,41926.0,25.0,2144956.0,100.0,0.0,2.1534746,0.03614372,8.74951,0.3162398,553073.9529,5437424.8917,63.0
63.0,2020,41926.0,25.0,2144956.0,100.0,0.0,2.227977,0.025601035,9.426268,0.2413222,553073.9529,5437424.8917,63.0
63.0,2021,41926.0,25.0,2144956.0,100.0,0.0,2.2292056,0.022403175,9.437854,0.2114379,553073.9529,5437424.8917,63.0
63.0,2022,41926.0,25.0,2144956.0,100.0,0.0,2.2718675,0.026750159,9.849204,0.26346776,553073.9529,5437424.8917,63.0
63.0,2023,41926.0,25.0,2144956.0,100.0,0.0,2.3252494,0.029330762,10.389258,0.30472487,553073.9529,5437424.8917,63.0
63.0,2024,41926.0,25.0,2144956.0,100.0,0.0,2.352504,0.027231907,10.676309,0.29073623,553073.9529,5437424.8917,63.0
63.0,2025,41926.0,25.0,2144956.0,100.0,0.0,2.3807178,0.02157762,10.981816,0.23696148,553073.9529,5437424.8917,63.0
64.0,2007,50446.0,25.0,1932121.0,100.0,0.0,1.6960878,0.006862475,5.5360975,0.037991334,582220.1737,5411102.888,64.0
64.0,2008,50446.0,25.0,1932121.0,100.0,0.0,1.7831228,0.013937244,6.039522,0.08417429,582220.1737,5411102.888,64.0
64.0,2009,50446.0,25.0,1932121.0,100.0,0.0,1.7786523,0.016384048,6.0125823,0.09851044,582220.1737,5411102.888,64.0
64.0,2010,50446.0,25.0,1932121.0,100.0,0.0,1.7994289,0.016200475,6.13881,0.099451646,582220.1737,5411102.888,64.0
64.0,2011,50446.0,25.0,1932121.0,100.0,0.0,1.7997243,0.01609499,6.140624,0.098833285,582220.1737,5411102.888,64.0
64.0,2012,50446.0,25.0,1932121.0,100.0,0.0,1.8473649,0.038827095,6.440247,0.2500561,582220.1737,5411102.888,64.0
64.0,2013,50446.0,25.0,1932121.0,100.0,0.0,1.8512731,0.04926764,6.4654665,0.31853828,582220.1737,5411102.888,64.0
64.0,2014,50446.0,25.0,1932121.0,100.0,0.0,1.916629,0.048877094,6.9021363,0.33735636,582220.1737,5411102.888,64.0
64.0,2015,50446.0,25.0,1932121.0,100.0,0.0,1.9813343,0.04213999,7.3635073,0.31029812,582220.1737,5411102.888,64.0
64.0,2016,50446.0,25.0,1932121.0,100.0,0.0,2.0306215,0.031699914,7.7355266,0.24521554,582220.1737,5411102.888,64.0
64.0,2017,50446.0,25.0,1932121.0,100.0,0.0,2.076859,0.010637481,8.101595,0.08618057,582220.1737,5411102.888,64.0
64.0,2018,50446.0,25.0,1932121.0,100.0,0.0,2.1112175,0.018802157,8.384792,0.15765218,582220.1737,5411102.888,64.0
64.0,2019,50446.0,25.0,1932121.0,100.0,0.0,2.1646354,0.029345801,8.84487,0.25955978,582220.1737,5411102.888,64.0
64.0,2020,50446.0,25.0,1932121.0,100.0,0.0,2.232019,0.031253286,9.461405,0.2957,582220.1737,5411102.888,64.0
64.0,2021,50446.0,25.0,1932121.0,100.0,0.0,2.2706542,0.022915654,9.834103,0.22535488,582220.1737,5411102.888,64.0
64.0,2022,50446.0,25.0,1932121.0,100.0,0.0,2.3051171,0.029881563,10.178922,0.30416209,582220.1737,5411102.888,64.0
64.0,2023,50446.0,25.0,1932121.0,100.0,0.0,2.3296125,0.011719444,10.431338,0.122249484,582220.1737,5411102.888,64.0
64.0,2024,50446.0,25.0,1932121.0,100.0,0.0,2.397751,0.005122856,11.166891,0.05720637,582220.1737,5411102.888,64.0
64.0,2025,50446.0,25.0,1932121.0,100.0,0.0,2.4274795,0.013072944,11.503847,0.15038915,582220.1737,5411102.888,64.0
65.0,2007,248447.0,25.0,2556277.0,100.0,0.0,2.0416076,0.012366954,7.8370204,0.09692007,457052.9596,5428881.2451,65.0
65.0,2008,248447.0,25.0,2556277.0,100.0,0.0,2.0640478,0.012662686,8.014872,0.10148981,457052.9596,5428881.2451,65.0
65.0,2009,248447.0,25.0,2556277.0,100.0,0.0,2.069213,0.020686598,8.056376,0.16665903,457052.9596,5428881.2451,65.0
65.0,2010,248447.0,25.0,2556277.0,100.0,0.0,2.0860178,0.01957216,8.192907,0.1603529,457052.9596,5428881.2451,65.0
65.0,2011,248447.0,25.0,2556277.0,100.0,0.0,2.1165159,0.026535174,8.446625,0.22413266,457052.9596,5428881.2451,65.0
65.0,2012,248447.0,25.0,2556277.0,100.0,0.0,2.1333416,0.017123505,8.589947,0.14709,457052.9596,5428881.2451,65.0
65.0,2013,248447.0,25.0,2556277.0,100.0,0.0,2.1183848,0.010512191,8.462426,0.08895864,457052.9596,5428881.2451,65.0
65.0,2014,248447.0,25.0,2556277.0,100.0,0.0,2.1906598,0.021162562,9.09669,0.19250926,457052.9596,5428881.2451,65.0
65.0,2015,248447.0,25.0,2556277.0,100.0,0.0,2.1844666,0.009292206,9.040527,0.084006436,457052.9596,5428881.2451,65.0
65.0,2016,248447.0,25.0,2556277.0,100.0,0.0,2.2068698,0.0024491735,9.245352,0.022643471,457052.9596,5428881.2451,65.0
65.0,2017,248447.0,25.0,2556277.0,100.0,0.0,2.3035831,0.020831818,10.184166,0.2121547,457052.9596,5428881.2451,65.0
65.0,2018,248447.0,25.0,2556277.0,100.0,0.0,2.339273,0.019068304,10.554201,0.20125072,457052.9596,5428881.2451,65.0
65.0,2019,248447.0,25.0,2556277.0,100.0,0.0,2.383499,0.019598505,11.0314455,0.21619983,457052.9596,5428881.2451,65.0
65.0,2020,248447.0,25.0,2556277.0,100.0,0.0,2.4280574,0.024038937,11.534105,0.27726763,457052.9596,5428881.2451,65.0
65.0,2021,248447.0,25.0,2556277.0,100.0,0.0,2.4233737,0.011835823,11.48021,0.13587773,457052.9596,5428881.2451,65.0
65.0,2022,248447.0,25.0,2556277.0,100.0,0.0,2.4719815,0.014348194,12.052022,0.17292474,457052.9596,5428881.2451,65.0
65.0,2023,248447.0,25.0,2556277.0,100.0,0.0,2.4897392,0.013917939,12.26795,0.17074457,457052.9596,5428881.2451,65.0
65.0,2024,248447.0,25.0,2556277.0,100.0,0.0,2.5258873,0.010931179,12.719526,0.13903943,457052.9596,5428881.2451,65.0
65.0,2025,248447.0,25.0,2556277.0,100.0,0.0,2.588156,0.014966082,13.536732,0.20259184,457052.9596,5428881.2451,65.0
66.0,2007,514436.0,25.0,4190599.0,100.0,0.0,2.209447,0.015250053,9.302946,0.14187042,477812.3945,5472580.6843,66.0
66.0,2008,514436.0,25.0,4190599.0,100.0,0.0,2.1858308,0.017935006,9.08582,0.16295423,477812.3945,5472580.6843,66.0
66.0,2009,514436.0,25.0,4190599.0,100.0,0.0,2.1646233,0.0251589,8.895162,0.22379248,477812.3945,5472580.6843,66.0
66.0,2010,514436.0,25.0,4190599.0,100.0,0.0,2.1465623,0.021470675,8.735947,0.18756668,477812.3945,5472580.6843,66.0
66.0,2011,514436.0,25.0,4190599.0,100.0,0.0,2.1802719,0.028297966,9.035452,0.2556849,477812.3945,5472580.6843,66.0
66.0,2012,514436.0,25.0,4190599.0,100.0,0.0,2.201814,0.025775317,9.232205,0.23796302,477812.3945,5472580.6843,66.0
66.0,2013,514436.0,25.0,4190599.0,100.0,0.0,2.189047,0.010659906,9.115088,0.09716599,477812.3945,5472580.6843,66.0
66.0,2014,514436.0,25.0,4190599.0,100.0,0.0,2.20851,0.015258453,9.294232,0.14181562,477812.3945,5472580.6843,66.0
66.0,2015,514436.0,25.0,4190599.0,100.0,0.0,2.2217736,0.0062154573,9.418329,0.058539223,477812.3945,5472580.6843,66.0
66.0,2016,514436.0,25.0,4190599.0,100.0,0.0,2.2342725,0.00032731364,9.536787,0.0031215204,477812.3945,5472580.6843,66.0
66.0,2017,514436.0,25.0,4190599.0,100.0,0.0,2.3406668,0.011302088,10.607389,0.11988565,477812.3945,5472580.6843,66.0
66.0,2018,514436.0,25.0,4190599.0,100.0,0.0,2.3947845,0.017121658,11.197253,0.19171554,477812.3945,5472580.6843,66.0
66.0,2019,514436.0,25.0,4190599.0,100.0,0.0,2.443463,0.021633197,11.755805,0.25431564,477812.3945,5472580.6843,66.0
66.0,2020,514436.0,25.0,4190599.0,100.0,0.0,2.4710984,0.017148288,12.085213,0.20724072,477812.3945,5472580.6843,66.0
66.0,2021,514436.0,25.0,4190599.0,100.0,0.0,2.483549,0.023049146,12.236622,0.2820437,477812.3945,5472580.6843,66.0
66.0,2022,514436.0,25.0,4190599.0,100.0,0.0,2.5329123,0.02551096,12.855817,0.32796422,477812.3945,5472580.6843,66.0
66.0,2023,514436.0,25.0,4190599.0,100.0,0.0,2.570714,0.020368325,13.351092,0.2719394,477812.3945,5472580.6843,66.0
66.0,2024,514436.0,25.0,4190599.0,100.0,0.0,2.6000326,0.019115288,13.74832,0.26280308,477812.3945,5472580.6843,66.0
66.0,2025,514436.0,25.0,4190599.0,100.0,0.0,2.6511421,0.012693605,14.469258,0.18366705,477812.3945,5472580.6843,66.0
57.0,2007,566481.0,25.0,3997466.0,100.0,0.0,1.9042639,0.010400914,6.8616805,0.07136775,463822.7527,5483092.3405,57.0
57.0,2008,566481.0,25.0,3997466.0,100.0,0.0,1.9273864,0.010048354,7.0221887,0.07056143,463822.7527,5483092.3405,57.0
57.0,2009,566481.0,25.0,3997466.0,100.0,0.0,1.9337167,0.013085477,7.066782,0.09247222,463822.7527,5483092.3405,57.0
57.0,2010,566481.0,25.0,3997466.0,100.0,0.0,1.9453411,0.016356157,7.1494093,0.11693687,463822.7527,5483092.3405,57.0
57.0,2011,566481.0,25.0,3997466.0,100.0,0.0,1.980096,0.010562061,7.4022546,0.07818306,463822.7527,5483092.3405,57.0
57.0,2012,566481.0,25.0,3997466.0,100.0,0.0,1.9958289,0.012657557,7.519634,0.0951802,463822.7527,5483092.3405,57.0
57.0,2013,566481.0,25.0,3997466.0,100.0,0.0,2.033458,0.013771952,7.807982,0.10753115,463822.7527,5483092.3405,57.0
57.0,2014,566481.0,25.0,3997466.0,100.0,0.0,2.062143,0.007927068,8.035199,0.063695565,463822.7527,5483092.3405,57.0
57.0,2015,566481.0,25.0,3997466.0,100.0,0.0,2.0801718,0.0106504075,8.181376,0.087134995,463822.7527,5483092.3405,57.0
57.0,2016,566481.0,25.0,3997466.0,100.0,0.0,2.1296225,0.003854549,8.596122,0.033134174,463822.7527,5483092.3405,57.0
57.0,2017,566481.0,25.0,3997466.0,100.0,0.0,2.2077699,0.0021984733,9.294831,0.02043444,463822.7527,5483092.3405,57.0
57.0,2018,566481.0,25.0,3997466.0,100.0,0.0,2.2386098,0.0066834735,9.585949,0.06406744,463822.7527,5483092.3405,57.0
57.0,2019,566481.0,25.0,3997466.0,100.0,0.0,2.2874358,0.004221236,10.065608,0.042489305,463822.7527,5483092.3405,57.0
57.0,2020,566481.0,25.0,3997466.0,100.0,0.0,2.3336143,0.0030856861,10.541322,0.032527212,463822.7527,5483092.3405,57.0
57.0,2021,566481.0,25.0,3997466.0,100.0,0.0,2.329089,0.0019890056,10.493726,0.020872079,463822.7527,5483092.3405,57.0
57.0,2022,566481.0,25.0,3997466.0,100.0,0.0,2.3709974,0.0057728887,10.942846,0.063171834,463822.7527,5483092.3405,57.0
57.0,2023,566481.0,25.0,3997466.0,100.0,0.0,2.3935518,0.006176484,11.19246,0.06913005,463822.7527,5483092.3405,57.0
57.0,2024,566481.0,25.0,3997466.0,100.0,0.0,2.4389958,0.0040966277,11.712827,0.04798309,463822.7527,5483092.3405,57.0
57.0,2025,566481.0,25.0,3997466.0,100.0,0.0,2.4851837,0.0069233812,12.266503,0.08492568,463822.7527,5483092.3405,57.0
67.0,2007,205967.0,25.0,2449095.0,100.0,0.0,1.7452294,0.023482261,5.8482113,0.13732924,478939.5512,5413761.935,67.0
67.0,2008,205967.0,25.0,2449095.0,100.0,0.0,1.7411222,0.018837404,5.8242416,0.109713584,478939.5512,5413761.935,67.0
67.0,2009,205967.0,25.0,2449095.0,100.0,0.0,1.764525,0.01976988,5.9621525,0.11787105,478939.5512,5413761.935,67.0
67.0,2010,205967.0,25.0,2449095.0,100.0,0.0,1.7675008,0.020637607,5.9799204,0.12341125,478939.5512,5413761.935,67.0
67.0,2011,205967.0,25.0,2449095.0,100.0,0.0,1.7714247,0.027885294,6.003432,0.16740745,478939.5512,5413761.935,67.0
67.0,2012,205967.0,25.0,2449095.0,100.0,0.0,1.7875496,0.029622743,6.1010213,0.18072899,478939.5512,5413761.935,67.0
67.0,2013,205967.0,25.0,2449095.0,100.0,0.0,1.8203241,0.028122127,6.3042917,0.1772901,478939.5512,5413761.935,67.0
67.0,2014,205967.0,25.0,2449095.0,100.0,0.0,1.8632882,0.0305238,6.5810523,0.20087872,478939.5512,5413761.935,67.0
67.0,2015,205967.0,25.0,2449095.0,100.0,0.0,1.8797165,0.022133002,6.6900616,0.14807114,478939.5512,5413761.935,67.0
67.0,2016,205967.0,25.0,2449095.0,100.0,0.0,1.9062418,0.0349334,6.8698916,0.23998867,478939.5512,5413761.935,67.0
67.0,2017,205967.0,25.0,2449095.0,100.0,0.0,1.9495482,0.075740345,7.1739383,0.54335654,478939.5512,5413761.935,67.0
67.0,2018,205967.0,25.0,2449095.0,100.0,0.0,1.9843845,0.07678846,7.428256,0.57040435,478939.5512,5413761.935,67.0
67.0,2019,205967.0,25.0,2449095.0,100.0,0.0,2.0814106,0.029382868,8.185114,0.24050212,478939.5512,5413761.935,67.0
67.0,2020,205967.0,25.0,2449095.0,100.0,0.0,2.1252353,0.035250675,8.5518,0.3014567,478939.5512,5413761.935,67.0
67.0,2021,205967.0,25.0,2449095.0,100.0,0.0,2.1642041,0.027819568,8.891633,0.24736139,478939.5512,5413761.935,67.0
67.0,2022,205967.0,25.0,2449095.0,100.0,0.0,2.211084,0.016853629,9.318396,0.15704878,478939.5512,5413761.935,67.0
67.0,2023,205967.0,25.0,2449095.0,100.0,0.0,2.2441332,0.023838045,9.631507,0.22959629,478939.5512,5413761.935,67.0
67.0,2024,205967.0,25.0,2449095.0,100.0,0.0,2.2891476,0.030834397,10.07497,0.31065565,478939.5512,5413761.935,67.0
67.0,2025,205967.0,25.0,2449095.0,100.0,0.0,2.321015,0.012516698,10.401201,0.13018869,478939.5512,5413761.935,67.0
68.0,2007,89256.0,25.0,393577.0,100.0,0.0,2.2057512,0.01835778,9.275084,0.17026992,411821.6773,5316146.6048,68.0
68.0,2008,89256.0,25.0,393577.0,100.0,0.0,2.171737,0.00531101,8.964903,0.04761269,411821.6773,5316146.6048,68.0
68.0,2009,89256.0,25.0,393577.0,100.0,0.0,2.1864007,0.011508999,9.097331,0.10470118,411821.6773,5316146.6048,68.0
68.0,2010,89256.0,25.0,393577.0,100.0,0.0,2.1821449,0.020577261,9.058696,0.18640316,411821.6773,5316146.6048,68.0
68.0,2011,89256.0,25.0,393577.0,100.0,0.0,2.2186985,0.015518764,9.395951,0.14581355,411821.6773,5316146.6048,68.0
68.0,2012,89256.0,25.0,393577.0,100.0,0.0,2.2562912,0.008431154,9.755894,0.08225344,411821.6773,5316146.6048,68.0
68.0,2013,89256.0,25.0,393577.0,100.0,0.0,2.1736362,0.014028525,8.981947,0.12600346,411821.6773,5316146.6048,68.0
68.0,2014,89256.0,25.0,393577.0,100.0,0.0,2.3037298,0.008928766,10.229854,0.09133997,411821.6773,5316146.6048,68.0
68.0,2015,89256.0,25.0,393577.0,100.0,0.0,2.2840083,0.0029294104,10.03008,0.029382221,411821.6773,5316146.6048,68.0
68.0,2016,89256.0,25.0,393577.0,100.0,0.0,2.237169,0.010151623,9.571113,0.09716233,411821.6773,5316146.6048,68.0
68.0,2017,89256.0,25.0,393577.0,100.0,0.0,2.44892,0.009247018,11.828366,0.10937711,411821.6773,5316146.6048,68.0
68.0,2018,89256.0,25.0,393577.0,100.0,0.0,2.4896863,0.0074495343,12.320525,0.091782175,411821.6773,5316146.6048,68.0
68.0,2019,89256.0,25.0,393577.0,100.0,0.0,2.5850806,0.009133996,13.55372,0.12379963,411821.6773,5316146.6048,68.0
68.0,2020,89256.0,25.0,393577.0,100.0,0.0,2.5867503,0.010166727,13.576369,0.13802724,411821.6773,5316146.6048,68.0
68.0,2021,89256.0,25.0,393577.0,100.0,0.0,2.572215,0.008288311,13.38046,0.110901415,411821.6773,5316146.6048,68.0
68.0,2022,89256.0,25.0,393577.0,100.0,0.0,2.6414416,0.0057307994,14.33956,0.08217714,411821.6773,5316146.6048,68.0
68.0,2023,89256.0,25.0,393577.0,100.0,0.0,2.5991135,0.0023104958,13.745259,0.031758364,411821.6773,5316146.6048,68.0
68.0,2024,89256.0,25.0,393577.0,100.0,0.0,2.6087368,0.009560458,13.87817,0.13268167,411821.6773,5316146.6048,68.0
68.0,2025,89256.0,25.0,393577.0,100.0,0.0,2.6249065,0.009576591,14.104403,0.13507208,411821.6773,5316146.6048,68.0
69.0,2007,44386.0,25.0,1285601.0,100.0,0.0,1.7372704,0.03934822,5.771142,0.22708416,421849.4008,5368512.6429,69.0
69.0,2008,44386.0,25.0,1285601.0,100.0,0.0,1.7574711,0.052981865,5.888909,0.31200534,421849.4008,5368512.6429,69.0
69.0,2009,44386.0,25.0,1285601.0,100.0,0.0,1.7911681,0.045183793,6.0907288,0.2752022,421849.4008,5368512.6429,69.0
69.0,2010,44386.0,25.0,1285601.0,100.0,0.0,1.824176,0.028687797,6.295125,0.18059327,421849.4008,5368512.6429,69.0
69.0,2011,44386.0,25.0,1285601.0,100.0,0.0,1.834072,0.0137127,6.3577313,0.087181665,421849.4008,5368512.6429,69.0
69.0,2012,44386.0,25.0,1285601.0,100.0,0.0,1.8859246,0.02833184,6.696092,0.18971261,421849.4008,5368512.6429,69.0
69.0,2013,44386.0,25.0,1285601.0,100.0,0.0,1.8870591,0.015453384,6.703694,0.10359476,421849.4008,5368512.6429,69.0
69.0,2014,44386.0,25.0,1285601.0,100.0,0.0,1.9168754,0.01488349,6.9065824,0.10279405,421849.4008,5368512.6429,69.0
69.0,2015,44386.0,25.0,1285601.0,100.0,0.0,1.8975248,0.011185929,6.774221,0.07577595,421849.4008,5368512.6429,69.0
69.0,2016,44386.0,25.0,1285601.0,100.0,0.0,2.019638,8.6839216e-05,7.6540704,0.00066467345,421849.4008,5368512.6429,69.0
69.0,2017,44386.0,25.0,1285601.0,100.0,0.0,2.120922,0.008680824,8.469926,0.073525935,421849.4008,5368512.6429,69.0
69.0,2018,44386.0,25.0,1285601.0,100.0,0.0,2.1321087,0.008053737,8.5652075,0.06898192,421849.4008,5368512.6429,69.0
69.0,2019,44386.0,25.0,1285601.0,100.0,0.0,2.1938834,0.0028812676,9.111004,0.02625124,421849.4008,5368512.6429,69.0
69.0,2020,44386.0,25.0,1285601.0,100.0,0.0,2.2116184,0.0022406508,9.274029,0.02077986,421849.4008,5368512.6429,69.0
69.0,2021,44386.0,25.0,1285601.0,100.0,0.0,2.2332392,0.020346612,9.476724,0.19281924,421849.4008,5368512.6429,69.0
69.0,2022,44386.0,25.0,1285601.0,100.0,0.0,2.2904801,0.01597048,10.035007,0.1602639,421849.4008,5368512.6429,69.0
69.0,2023,44386.0,25.0,1285601.0,100.0,0.0,2.2798579,0.009510816,9.928978,0.09443269,421849.4008,5368512.6429,69.0
69.0,2024,44386.0,25.0,1285601.0,100.0,0.0,2.3552897,0.0035978255,10.706908,0.038521588,421849.4008,5368512.6429,69.0
69.0,2025,44386.0,25.0,1285601.0,100.0,0.0,2.4109282,0.010786274,11.31951,0.12209535,421849.4008,5368512.6429,69.0
70.0,2007,43249.0,25.0,1280694.0,100.0,0.0,1.7254294,0.016103279,5.701589,0.09181428,460292.3157,5323631.7955,70.0
70.0,2008,43249.0,25.0,1280694.0,100.0,0.0,1.7560687,0.002525835,5.878986,0.014849349,460292.3157,5323631.7955,70.0
70.0,2009,43249.0,25.0,1280694.0,100.0,0.0,1.7715344,0.01530241,5.970615,0.0913648,460292.3157,5323631.7955,70.0
70.0,2010,43249.0,25.0,1280694.0,100.0,0.0,1.7666351,0.01663503,5.9414344,0.098835945,460292.3157,5323631.7955,70.0
70.0,2011,43249.0,25.0,1280694.0,100.0,0.0,1.8017964,0.01038966,6.1540594,0.06393858,460292.3157,5323631.7955,70.0
70.0,2012,43249.0,25.0,1280694.0,100.0,0.0,1.8107891,0.012778412,6.209651,0.07934947,460292.3157,5323631.7955,70.0
70.0,2013,43249.0,25.0,1280694.0,100.0,0.0,1.8393688,0.004517821,6.3896813,0.028867438,460292.3157,5323631.7955,70.0
70.0,2014,43249.0,25.0,1280694.0,100.0,0.0,1.8898542,0.0003297907,6.720548,0.0022163743,460292.3157,5323631.7955,70.0
70.0,2015,43249.0,25.0,1280694.0,100.0,0.0,1.9095877,0.0066275336,6.854486,0.04542834,460292.3157,5323631.7955,70.0
70.0,2016,43249.0,25.0,1280694.0,100.0,0.0,1.9545386,0.0025279978,7.1696305,0.01812481,460292.3157,5323631.7955,70.0
70.0,2017,43249.0,25.0,1280694.0,100.0,0.0,2.020022,0.004477736,7.6548343,0.034276325,460292.3157,5323631.7955,70.0
70.0,2018,43249.0,25.0,1280694.0,100.0,0.0,2.0645766,0.0077631776,8.003606,0.06213341,460292.3157,5323631.7955,70.0
70.0,2019,43249.0,25.0,1280694.0,100.0,0.0,2.1102579,0.0018824906,8.3777,0.01577094,460292.3157,5323631.7955,70.0
70.0,2020,43249.0,25.0,1280694.0,100.0,0.0,2.1326337,0.005312273,8.567272,0.045511685,460292.3157,5323631.7955,70.0
70.0,2021,43249.0,25.0,1280694.0,100.0,0.0,2.1430283,0.0031217197,8.656788,0.027024066,460292.3157,5323631.7955,70.0
70.0,2022,43249.0,25.0,1280694.0,100.0,0.0,2.1818643,0.007985949,8.999598,0.07187033,460292.3157,5323631.7955,70.0
70.0,2023,43249.0,25.0,1280694.0,100.0,0.0,2.2202654,0.008753103,9.351914,0.08185827,460292.3157,5323631.7955,70.0
70.0,2024,43249.0,25.0,1280694.0,100.0,0.0,2.286188,0.015047679,9.989189,0.15031411,460292.3157,5323631.7955,70.0
70.0,2025,43249.0,25.0,1280694.0,100.0,0.0,2.3226824,0.011181028,10.360475,0.115840755,460292.3157,5323631.7955,70.0
71.0,2007,48712.0,25.0,510791.0,100.0,0.0,2.1959643,0.00938275,9.188211,0.08621069,508957.2334,5284632.4164,71.0
71.0,2008,48712.0,25.0,510791.0,100.0,0.0,2.2004232,0.0008041776,9.229271,0.007421973,508957.2334,5284632.4164,71.0
71.0,2009,48712.0,25.0,510791.0,100.0,0.0,2.2008932,0.01035502,9.233609,0.09561421,508957.2334,5284632.4164,71.0
71.0,2010,48712.0,25.0,510791.0,100.0,0.0,2.2791739,0.017880632,9.985466,0.17854644,508957.2334,5284632.4164,71.0
71.0,2011,48712.0,25.0,510791.0,100.0,0.0,2.3569882,0.038227856,10.793511,0.41261283,508957.2334,5284632.4164,71.0
71.0,2012,48712.0,25.0,510791.0,100.0,0.0,2.368141,0.034687847,10.914561,0.3786026,508957.2334,5284632.4164,71.0
71.0,2013,48712.0,25.0,510791.0,100.0,0.0,2.356889,0.025517227,10.792441,0.27539316,508957.2334,5284632.4164,71.0
71.0,2014,48712.0,25.0,510791.0,100.0,0.0,2.3845954,0.025145046,11.095641,0.2790004,508957.2334,5284632.4164,71.0
71.0,2015,48712.0,25.0,510791.0,100.0,0.0,2.2866468,0.014138863,10.060369,0.14224218,508957.2334,5284632.4164,71.0
71.0,2016,48712.0,25.0,510791.0,100.0,0.0,2.262632,0.00041903503,9.821647,0.004115614,508957.2334,5284632.4164,71.0
71.0,2017,48712.0,25.0,510791.0,100.0,0.0,2.386766,0.0051275464,11.119751,0.057017043,508957.2334,5284632.4164,71.0
71.0,2018,48712.0,25.0,510791.0,100.0,0.0,2.4891427,0.01890113,12.318467,0.23283297,508957.2334,5284632.4164,71.0
71.0,2019,48712.0,25.0,510791.0,100.0,0.0,2.5387151,0.017980153,12.944514,0.23274434,508957.2334,5284632.4164,71.0
71.0,2020,48712.0,25.0,510791.0,100.0,0.0,2.563615,0.01806144,13.270878,0.23969117,508957.2334,5284632.4164,71.0
71.0,2021,48712.0,25.0,510791.0,100.0,0.0,2.5646894,0.03858726,13.285142,0.51263726,508957.2334,5284632.4164,71.0
71.0,2022,48712.0,25.0,510791.0,100.0,0.0,2.6049547,0.010775146,13.830989,0.14903094,508957.2334,5284632.4164,71.0
71.0,2023,48712.0,25.0,510791.0,100.0,0.0,2.6309366,0.029993424,14.195052,0.4257582,508957.2334,5284632.4164,71.0
71.0,2024,48712.0,25.0,510791.0,100.0,0.0,2.623502,0.030963536,14.089909,0.43627343,508957.2334,5284632.4164,71.0
71.0,2025,48712.0,25.0,510791.0,100.0,0.0,2.7151504,0.030738167,15.442248,0.47466642,508957.2334,5284632.4164,71.0
72.0,2007,50208.0,25.0,246109.0,100.0,0.0,1.9103953,0.035665367,6.8999605,0.24608961,401345.5775,5274952.7156,72.0
72.0,2008,50208.0,25.0,246109.0,100.0,0.0,1.9360998,0.03563236,7.07962,0.25226355,401345.5775,5274952.7156,72.0
72.0,2009,50208.0,25.0,246109.0,100.0,0.0,1.960588,0.039635736,7.255127,0.28756228,401345.5775,5274952.7156,72.0
72.0,2010,50208.0,25.0,246109.0,100.0,0.0,1.953159,0.03833766,7.2014284,0.2760859,401345.5775,5274952.7156,72.0
72.0,2011,50208.0,25.0,246109.0,100.0,0.0,1.967149,0.027508657,7.3028846,0.20089255,401345.5775,5274952.7156,72.0
72.0,2012,50208.0,25.0,246109.0,100.0,0.0,2.0620484,0.026377888,8.029874,0.21181111,401345.5775,5274952.7156,72.0
72.0,2013,50208.0,25.0,246109.0,100.0,0.0,2.1060553,0.026524628,8.391134,0.2225717,401345.5775,5274952.7156,72.0
72.0,2014,50208.0,25.0,246109.0,100.0,0.0,2.2351224,0.03271697,9.547152,0.3123539,401345.5775,5274952.7156,72.0
72.0,2015,50208.0,25.0,246109.0,100.0,0.0,2.3918927,0.032271184,11.167558,0.3603903,401345.5775,5274952.7156,72.0
72.0,2016,50208.0,25.0,246109.0,100.0,0.0,2.3743308,0.022299668,10.973147,0.24469754,401345.5775,5274952.7156,72.0
72.0,2017,50208.0,25.0,246109.0,100.0,0.0,2.4739141,0.02481598,12.122152,0.3008231,401345.5775,5274952.7156,72.0
72.0,2018,50208.0,25.0,246109.0,100.0,0.0,2.4493022,0.022023892,11.827443,0.26048633,401345.5775,5274952.7156,72.0
72.0,2019,50208.0,25.0,246109.0,100.0,0.0,2.489684,0.020542989,12.314835,0.2529835,401345.5775,5274952.7156,72.0
72.0,2020,50208.0,25.0,246109.0,100.0,0.0,2.4800286,0.021207998,12.196499,0.2586633,401345.5775,5274952.7156,72.0
72.0,2021,50208.0,25.0,246109.0,100.0,0.0,2.4476988,0.020278519,11.808495,0.23945878,401345.5775,5274952.7156,72.0
72.0,2022,50208.0,25.0,246109.0,100.0,0.0,2.488987,0.027902586,12.306251,0.34337622,401345.5775,5274952.7156,72.0
72.0,2023,50208.0,25.0,246109.0,100.0,0.0,2.5339868,0.02220103,12.872681,0.28578678,401345.5775,5274952.7156,72.0
72.0,2024,50208.0,25.0,246109.0,100.0,0.0,2.5540614,0.017429724,13.133704,0.22891684,401345.5775,5274952.7156,72.0
72.0,2025,50208.0,25.0,246109.0,100.0,0.0,2.609003,0.021385763,13.875483,0.2967378,401345.5775,5274952.7156,72.0
73.0,2007,15653.0,25.0,354511.0,100.0,0.0,1.650304,0.02017603,5.301245,0.10695809,442517.0899,5278141.0258,73.0
73.0,2008,15653.0,25.0,354511.0,100.0,0.0,1.6523356,0.055610266,5.312027,0.29540324,442517.0899,5278141.0258,73.0
73.0,2009,15653.0,25.0,354511.0,100.0,0.0,1.712176,0.036412273,5.6396036,0.20535079,442517.0899,5278141.0258,73.0
73.0,2010,15653.0,25.0,354511.0,100.0,0.0,1.6973892,0.057505324,5.556826,0.3195471,442517.0899,5278141.0258,73.0
73.0,2011,15653.0,25.0,354511.0,100.0,0.0,1.7114509,0.038438614,5.6355166,0.21662144,442517.0899,5278141.0258,73.0
73.0,2012,15653.0,25.0,354511.0,100.0,0.0,1.7801217,0.031808738,6.0361085,0.19200099,442517.0899,5278141.0258,73.0
73.0,2013,15653.0,25.0,354511.0,100.0,0.0,1.8725201,0.04877849,6.6204143,0.3229338,442517.0899,5278141.0258,73.0
73.0,2014,15653.0,25.0,354511.0,100.0,0.0,1.9017735,0.034366272,6.816944,0.23427296,442517.0899,5278141.0258,73.0
73.0,2015,15653.0,25.0,354511.0,100.0,0.0,1.9628735,0.06620571,7.2464466,0.47975615,442517.0899,5278141.0258,73.0
73.0,2016,15653.0,25.0,354511.0,100.0,0.0,1.960277,0.036011197,7.2276564,0.26027656,442517.0899,5278141.0258,73.0
73.0,2017,15653.0,25.0,354511.0,100.0,0.0,2.0630836,0.016117811,8.010246,0.12910764,442517.0899,5278141.0258,73.0
73.0,2018,15653.0,25.0,354511.0,100.0,0.0,2.072204,0.032990012,8.083636,0.26667926,442517.0899,5278141.0258,73.0
73.0,2019,15653.0,25.0,354511.0,100.0,0.0,2.1568887,0.024039526,8.7980175,0.21150018,442517.0899,5278141.0258,73.0
73.0,2020,15653.0,25.0,354511.0,100.0,0.0,2.1920009,0.026181363,9.112424,0.23857565,442517.0899,5278141.0258,73.0
73.0,2021,15653.0,25.0,354511.0,100.0,0.0,2.2021427,0.024474917,9.205311,0.22529922,442517.0899,5278141.0258,73.0
73.0,2022,15653.0,25.0,354511.0,100.0,0.0,2.1919076,0.03387397,9.111573,0.3086452,442517.0899,5278141.0258,73.0
73.0,2023,15653.0,25.0,354511.0,100.0,0.0,2.2545729,0.03326793,9.700823,0.32272628,442517.0899,5278141.0258,73.0
73.0,2024,15653.0,25.0,354511.0,100.0,0.0,2.3078053,0.016151104,10.231213,0.1652454,442517.0899,5278141.0258,73.0
73.0,2025,15653.0,25.0,354511.0,100.0,0.0,2.356029,0.014331974,10.736691,0.15387797,442517.0899,5278141.0258,73.0
74.0,2007,208417.0,25.0,1983763.0,100.0,0.0,2.0436463,0.0001678439,7.9082246,0.0013273472,513922.3369,5371162.7437,74.0
74.0,2008,208417.0,25.0,1983763.0,100.0,0.0,2.0670109,0.0068999,8.095173,0.055855878,513922.3369,5371162.7437,74.0
74.0,2009,208417.0,25.0,1983763.0,100.0,0.0,2.0551941,0.00091556966,8.000076,0.0073246267,513922.3369,5371162.7437,74.0
74.0,2010,208417.0,25.0,1983763.0,100.0,0.0,2.055972,0.002482113,8.006302,0.019872544,513922.3369,5371162.7437,74.0
74.0,2011,208417.0,25.0,1983763.0,100.0,0.0,2.0594926,0.0087970225,8.034537,0.07068,513922.3369,5371162.7437,74.0
74.0,2012,208417.0,25.0,1983763.0,100.0,0.0,2.0897417,0.010172831,8.281288,0.08424415,513922.3369,5371162.7437,74.0
74.0,2013,208417.0,25.0,1983763.0,100.0,0.0,2.0850859,0.007743886,8.242822,0.06383147,513922.3369,5371162.7437,74.0
74.0,2014,208417.0,25.0,1983763.0,100.0,0.0,2.1636248,0.0052884044,8.916305,0.047153026,513922.3369,5371162.7437,74.0
74.0,2015,208417.0,25.0,1983763.0,100.0,0.0,2.1440058,0.0020352027,8.743081,0.017793942,513922.3369,5371162.7437,74.0
74.0,2016,208417.0,25.0,1983763.0,100.0,0.0,2.1243775,0.0031163492,8.573142,0.026716903,513922.3369,5371162.7437,74.0
74.0,2017,208417.0,25.0,1983763.0,100.0,0.0,2.2313962,0.046740167,9.541522,0.44597235,513922.3369,5371162.7437,74.0
74.0,2018,208417.0,25.0,1983763.0,100.0,0.0,2.3131237,0.022807404,10.354079,0.23614968,513922.3369,5371162.7437,74.0
74.0,2019,208417.0,25.0,1983763.0,100.0,0.0,2.337934,0.018216731,10.61418,0.19335565,513922.3369,5371162.7437,74.0
74.0,2020,208417.0,25.0,1983763.0,100.0,0.0,2.3785007,0.015879164,11.053615,0.17552215,513922.3369,5371162.7437,74.0
74.0,2021,208417.0,25.0,1983763.0,100.0,0.0,2.3809361,0.016689204,11.08057,0.1849259,513922.3369,5371162.7437,74.0
74.0,2022,208417.0,25.0,1983763.0,100.0,0.0,2.4753766,0.0002484174,12.17803,0.0030252347,513922.3369,5371162.7437,74.0
74.0,2023,208417.0,25.0,1983763.0,100.0,0.0,2.550789,0.018701412,13.131921,0.24558547,513922.3369,5371162.7437,74.0
74.0,2024,208417.0,25.0,1983763.0,100.0,0.0,2.613765,0.0031111392,13.985512,0.043510873,513922.3369,5371162.7437,74.0
74.0,2025,208417.0,25.0,1983763.0,100.0,0.0,2.6056302,0.020677991,13.872204,0.2868493,513922.3369,5371162.7437,74.0
75.0,2007,39810.0,25.0,1827029.0,100.0,0.0,1.5550172,0.022598783,4.825159,0.10904273,500316.4294,5342514.6533,75.0
75.0,2008,39810.0,25.0,1827029.0,100.0,0.0,1.6240473,0.011021185,5.170006,0.05697959,500316.4294,5342514.6533,75.0
75.0,2009,39810.0,25.0,1827029.0,100.0,0.0,1.344911,0.023997325,3.9107826,0.093848325,500316.4294,5342514.6533,75.0
75.0,2010,39810.0,25.0,1827029.0,100.0,0.0,1.4900085,0.000344312,4.5214605,0.0015567931,500316.4294,5342514.6533,75.0
75.0,2011,39810.0,25.0,1827029.0,100.0,0.0,1.3427988,0.029398086,3.9025311,0.114726946,500316.4294,5342514.6533,75.0
75.0,2012,39810.0,25.0,1827029.0,100.0,0.0,1.4877568,0.011757031,4.511291,0.053039387,500316.4294,5342514.6533,75.0
75.0,2013,39810.0,25.0,1827029.0,100.0,0.0,1.6371853,0.0045622718,5.238378,0.023898905,500316.4294,5342514.6533,75.0
75.0,2014,39810.0,25.0,1827029.0,100.0,0.0,1.7153431,0.0031799169,5.6642222,0.018011756,500316.4294,5342514.6533,75.0
75.0,2015,39810.0,25.0,1827029.0,100.0,0.0,1.8035414,0.0016874411,6.1864905,0.010439338,500316.4294,5342514.6533,75.0
75.0,2016,39810.0,25.0,1827029.0,100.0,0.0,1.8833245,0.0016710208,6.700292,0.011196327,500316.4294,5342514.6533,75.0
75.0,2017,39810.0,25.0,1827029.0,100.0,0.0,1.8913889,0.00244658,6.7545443,0.016525533,500316.4294,5342514.6533,75.0
75.0,2018,39810.0,25.0,1827029.0,100.0,0.0,1.939928,0.014215104,7.0904913,0.10079207,500316.4294,5342514.6533,75.0
75.0,2019,39810.0,25.0,1827029.0,100.0,0.0,1.9979037,0.0022507831,7.5137167,0.016911747,500316.4294,5342514.6533,75.0
75.0,2020,39810.0,25.0,1827029.0,100.0,0.0,2.0664234,0.0035722817,8.046603,0.028744731,500316.4294,5342514.6533,75.0
75.0,2021,39810.0,25.0,1827029.0,100.0,0.0,2.0650852,0.004719322,8.035842,0.037923727,500316.4294,5342514.6533,75.0
75.0,2022,39810.0,25.0,1827029.0,100.0,0.0,2.1089933,0.014569166,8.396542,0.122330606,500316.4294,5342514.6533,75.0
75.0,2023,39810.0,25.0,1827029.0,100.0,0.0,2.1968038,0.013808634,9.167185,0.1265863,500316.4294,5342514.6533,75.0
75.0,2024,39810.0,25.0,1827029.0,100.0,0.0,2.2343276,0.026475545,9.517707,0.25198647,500316.4294,5342514.6533,75.0
75.0,2025,39810.0,25.0,1827029.0,100.0,0.0,2.2506762,0.0068357247,9.674589,0.06613282,500316.4294,5342514.6533,75.0
76.0,2007,100740.0,25.0,1759198.0,100.0,0.0,2.009047,0.010381535,7.609135,0.0789945,570328.0412,5360174.5539,76.0
76.0,2008,100740.0,25.0,1759198.0,100.0,0.0,2.0534582,0.0081529915,7.9546824,0.06485446,570328.0412,5360174.5539,76.0
76.0,2009,100740.0,25.0,1759198.0,100.0,0.0,2.046265,0.0066852323,7.8976665,0.05279774,570328.0412,5360174.5539,76.0
76.0,2010,100740.0,25.0,1759198.0,100.0,0.0,2.0465505,0.00613107,7.8999233,0.048434984,570328.0412,5360174.5539,76.0
76.0,2011,100740.0,25.0,1759198.0,100.0,0.0,2.0780814,0.006694418,8.152984,0.05457948,570328.0412,5360174.5539,76.0
76.0,2012,100740.0,25.0,1759198.0,100.0,0.0,2.1130602,0.009049406,8.443212,0.07640605,570328.0412,5360174.5539,76.0
76.0,2013,100740.0,25.0,1759198.0,100.0,0.0,2.1529243,0.0069277436,8.786591,0.06087125,570328.0412,5360174.5539,76.0
76.0,2014,100740.0,25.0,1759198.0,100.0,0.0,2.1744065,0.0027485746,8.977388,0.02467502,570328.0412,5360174.5539,76.0
76.0,2015,100740.0,25.0,1759198.0,100.0,0.0,2.1661391,0.005279515,8.903475,0.04700603,570328.0412,5360174.5539,76.0
76.0,2016,100740.0,25.0,1759198.0,100.0,0.0,2.1972642,0.0042358777,9.184955,0.038906343,570328.0412,5360174.5539,76.0
76.0,2017,100740.0,25.0,1759198.0,100.0,0.0,2.2511702,0.0021998258,9.6936655,0.021324376,570328.0412,5360174.5539,76.0
76.0,2018,100740.0,25.0,1759198.0,100.0,0.0,2.3049953,0.0011539416,10.229727,0.011804507,570328.0412,5360174.5539,76.0
76.0,2019,100740.0,25.0,1759198.0,100.0,0.0,2.3698723,0.0015890066,10.915401,0.017344646,570328.0412,5360174.5539,76.0
76.0,2020,100740.0,25.0,1759198.0,100.0,0.0,2.3855526,0.0016618086,11.087908,0.01842598,570328.0412,5360174.5539,76.0
76.0,2021,100740.0,25.0,1759198.0,100.0,0.0,2.3993847,0.00059711066,11.242344,0.0067129233,570328.0412,5360174.5539,76.0
76.0,2022,100740.0,25.0,1759198.0,100.0,0.0,2.435722,0.003536869,11.658373,0.04123414,570328.0412,5360174.5539,76.0
76.0,2023,100740.0,25.0,1759198.0,100.0,0.0,2.446499,0.00012794169,11.784696,0.0015077539,570328.0412,5360174.5539,76.0
76.0,2024,100740.0,25.0,1759198.0,100.0,0.0,2.481248,0.0013080301,12.201397,0.015959796,570328.0412,5360174.5539,76.0
76.0,2025,100740.0,25.0,1759198.0,100.0,0.0,2.5869293,0.0027955705,13.561458,0.03791201,570328.0412,5360174.5539,76.0
77.0,2007,56905.0,25.0,599543.0,100.0,0.0,1.9564108,0.032810263,7.1900735,0.2359082,544996.9583,5293763.63,77.0
77.0,2008,56905.0,25.0,599543.0,100.0,0.0,1.9899231,0.029318586,7.4351125,0.21798699,544996.9583,5293763.63,77.0
77.0,2009,56905.0,25.0,599543.0,100.0,0.0,1.9816023,0.024395129,7.3735037,0.17987756,544996.9583,5293763.63,77.0
77.0,2010,56905.0,25.0,599543.0,100.0,0.0,2.0088012,0.016297689,7.5768075,0.12348445,544996.9583,5293763.63,77.0
77.0,2011,56905.0,25.0,599543.0,100.0,0.0,2.0133243,0.015271082,7.611154,0.11623056,544996.9583,5293763.63,77.0
77.0,2012,56905.0,25.0,599543.0,100.0,0.0,2.0345924,0.01601104,7.7747636,0.12448206,544996.9583,5293763.63,77.0
77.0,2013,56905.0,25.0,599543.0,100.0,0.0,2.0978892,0.014976095,8.28279,0.12404385,544996.9583,5293763.63,77.0
77.0,2014,56905.0,25.0,599543.0,100.0,0.0,2.1354792,0.012914241,8.600064,0.11106331,544996.9583,5293763.63,77.0
77.0,2015,56905.0,25.0,599543.0,100.0,0.0,2.127496,0.016340002,8.531684,0.13940774,544996.9583,5293763.63,77.0
77.0,2016,56905.0,25.0,599543.0,100.0,0.0,2.092279,0.014843499,8.23645,0.122257754,544996.9583,5293763.63,77.0
77.0,2017,56905.0,25.0,599543.0,100.0,0.0,2.186902,0.03633825,9.053872,0.32900187,544996.9583,5293763.63,77.0
77.0,2018,56905.0,25.0,599543.0,100.0,0.0,2.2493832,0.026009645,9.637617,0.250671,544996.9583,5293763.63,77.0
77.0,2019,56905.0,25.0,599543.0,100.0,0.0,2.2995837,0.023853501,10.13378,0.24172612,544996.9583,5293763.63,77.0
77.0,2020,56905.0,25.0,599543.0,100.0,0.0,2.3262057,0.01941626,10.407185,0.2020686,544996.9583,5293763.63,77.0
77.0,2021,56905.0,25.0,599543.0,100.0,0.0,2.3519387,0.009264885,10.678469,0.09893479,544996.9583,5293763.63,77.0
77.0,2022,56905.0,25.0,599543.0,100.0,0.0,2.399637,0.013654122,11.200155,0.15292828,544996.9583,5293763.63,77.0
77.0,2023,56905.0,25.0,599543.0,100.0,0.0,2.4194422,0.017944548,11.424188,0.20500189,544996.9583,5293763.63,77.0
77.0,2024,56905.0,25.0,599543.0,100.0,0.0,2.4615145,0.011870157,11.915085,0.14143392,544996.9583,5293763.63,77.0
77.0,2025,56905.0,25.0,599543.0,100.0,0.0,2.526178,0.0150708435,12.711008,0.19156562,544996.9583,5293763.63,77.0
78.0,2007,26132.0,25.0,1532976.0,100.0,0.0,1.665026,0.020358449,5.396125,0.109856725,513770.7751,5324474.9274,78.0
78.0,2008,26132.0,25.0,1532976.0,100.0,0.0,1.6410782,0.012233668,5.2684355,0.06445229,513770.7751,5324474.9274,78.0
78.0,2009,26132.0,25.0,1532976.0,100.0,0.0,1.6469345,0.05145001,5.299379,0.2726531,513770.7751,5324474.9274,78.0
78.0,2010,26132.0,25.0,1532976.0,100.0,0.0,1.6819687,0.014989156,5.4883285,0.08226542,513770.7751,5324474.9274,78.0
78.0,2011,26132.0,25.0,1532976.0,100.0,0.0,1.7129076,0.014814533,5.6607857,0.0838619,513770.7751,5324474.9274,78.0
78.0,2012,26132.0,25.0,1532976.0,100.0,0.0,1.6812909,0.021894641,5.48461,0.12008356,513770.7751,5324474.9274,78.0
78.0,2013,26132.0,25.0,1532976.0,100.0,0.0,1.6725227,0.017704623,5.4367304,0.09625526,513770.7751,5324474.9274,78.0
78.0,2014,26132.0,25.0,1532976.0,100.0,0.0,1.6331834,0.009957438,5.227005,0.052047584,513770.7751,5324474.9274,78.0
78.0,2015,26132.0,25.0,1532976.0,100.0,0.0,1.6833149,0.00549934,5.4957223,0.030222848,513770.7751,5324474.9274,78.0
78.0,2016,26132.0,25.0,1532976.0,100.0,0.0,1.7441057,0.0035607684,5.840175,0.020795513,513770.7751,5324474.9274,78.0
78.0,2017,26132.0,25.0,1532976.0,100.0,0.0,1.8275399,0.0074626184,6.3483505,0.047375318,513770.7751,5324474.9274,78.0
78.0,2018,26132.0,25.0,1532976.0,100.0,0.0,1.8672612,0.0019750572,6.6055903,0.013046419,513770.7751,5324474.9274,78.0
78.0,2019,26132.0,25.0,1532976.0,100.0,0.0,1.8500146,0.0039351294,6.492643,0.025549391,513770.7751,5324474.9274,78.0
78.0,2020,26132.0,25.0,1532976.0,100.0,0.0,1.9123077,0.006387057,6.909953,0.044134263,513770.7751,5324474.9274,78.0
78.0,2021,26132.0,25.0,1532976.0,100.0,0.0,1.9960389,0.0055072997,7.5134444,0.04137879,513770.7751,5324474.9274,78.0
78.0,2022,26132.0,25.0,1532976.0,100.0,0.0,2.0283458,0.0147322025,7.7601447,0.114324026,513770.7751,5324474.9274,78.0
78.0,2023,26132.0,25.0,1532976.0,100.0,0.0,2.1592405,0.047345534,8.845384,0.41878942,513770.7751,5324474.9274,78.0
78.0,2024,26132.0,25.0,1532976.0,100.0,0.0,2.2004275,0.021460941,9.217305,0.19781204,513770.7751,5324474.9274,78.0
78.0,2025,26132.0,25.0,1532976.0,100.0,0.0,2.2203548,0.0023149126,9.402822,0.021766711,513770.7751,5324474.9274,78.0
79.0,2007,73689.0,25.0,2138198.0,100.0,0.0,1.9717935,0.000735355,7.2926283,0.005362671,679407.7421,5403549.1846,79.0
79.0,2008,73689.0,25.0,2138198.0,100.0,0.0,2.0186336,0.009495704,7.6423416,0.07256942,679407.7421,5403549.1846,79.0
79.0,2009,73689.0,25.0,2138198.0,100.0,0.0,2.0428698,0.011314907,7.8298254,0.088593744,679407.7421,5403549.1846,79.0
79.0,2010,73689.0,25.0,2138198.0,100.0,0.0,2.0898416,0.005725933,8.206381,0.046989184,679407.7421,5403549.1846,79.0
79.0,2011,73689.0,25.0,2138198.0,100.0,0.0,2.119934,0.008878154,8.457085,0.0750833,679407.7421,5403549.1846,79.0
79.0,2012,73689.0,25.0,2138198.0,100.0,0.0,2.1757047,0.008385535,8.942142,0.07498465,679407.7421,5403549.1846,79.0
79.0,2013,73689.0,25.0,2138198.0,100.0,0.0,2.219091,0.0047342177,9.338647,0.044211186,679407.7421,5403549.1846,79.0
79.0,2014,73689.0,25.0,2138198.0,100.0,0.0,2.258259,0.0026961078,9.711682,0.026183743,679407.7421,5403549.1846,79.0
79.0,2015,73689.0,25.0,2138198.0,100.0,0.0,2.2037191,0.0062737553,9.196194,0.05769467,679407.7421,5403549.1846,79.0
79.0,2016,73689.0,25.0,2138198.0,100.0,0.0,2.2593713,0.004827551,9.722489,0.04693581,679407.7421,5403549.1846,79.0
79.0,2017,73689.0,25.0,2138198.0,100.0,0.0,2.3956053,0.006611726,11.141488,0.073664464,679407.7421,5403549.1846,79.0
79.0,2018,73689.0,25.0,2138198.0,100.0,0.0,2.4095569,0.008963805,11.298018,0.10127323,679407.7421,5403549.1846,79.0
79.0,2019,73689.0,25.0,2138198.0,100.0,0.0,2.4370174,0.012195959,11.612568,0.1416264,679407.7421,5403549.1846,79.0
79.0,2020,73689.0,25.0,2138198.0,100.0,0.0,2.4364235,0.009537659,11.605671,0.11069093,679407.7421,5403549.1846,79.0
79.0,2021,73689.0,25.0,2138198.0,100.0,0.0,2.4281163,0.006045243,11.509661,0.06957869,679407.7421,5403549.1846,79.0
79.0,2022,73689.0,25.0,2138198.0,100.0,0.0,2.4615278,0.0044531496,11.900712,0.052995652,679407.7421,5403549.1846,79.0
79.0,2023,73689.0,25.0,2138198.0,100.0,0.0,2.4940577,0.0044900053,12.294205,0.05520105,679407.7421,5403549.1846,79.0
79.0,2024,73689.0,25.0,2138198.0,100.0,0.0,2.5149877,0.005331706,12.5542345,0.06693549,679407.7421,5403549.1846,79.0
79.0,2025,73689.0,25.0,2138198.0,100.0,0.0,2.5685124,0.003738653,13.244506,0.04951661,679407.7421,5403549.1846,79.0
80.0,2007,1030214.0,25.0,1787913.0,100.0,0.0,2.4833777,0.011888261,12.29361,0.14614964,689445.2479,5336468.2704,80.0
80.0,2008,1030214.0,25.0,1787913.0,100.0,0.0,2.513445,0.013128947,12.668858,0.16632874,689445.2479,5336468.2704,80.0
80.0,2009,1030214.0,25.0,1787913.0,100.0,0.0,2.5282323,0.015583513,12.85759,0.20036642,689445.2479,5336468.2704,80.0
80.0,2010,1030214.0,25.0,1787913.0,100.0,0.0,2.5193875,0.015054087,12.744367,0.1918548,689445.2479,5336468.2704,80.0
80.0,2011,1030214.0,25.0,1787913.0,100.0,0.0,2.5448751,0.011044999,13.073365,0.1443953,689445.2479,5336468.2704,80.0
80.0,2012,1030214.0,25.0,1787913.0,100.0,0.0,2.5822964,0.0032842392,13.571855,0.044573218,689445.2479,5336468.2704,80.0
80.0,2013,1030214.0,25.0,1787913.0,100.0,0.0,2.5723615,0.012027883,13.437688,0.16162694,689445.2479,5336468.2704,80.0
80.0,2014,1030214.0,25.0,1787913.0,100.0,0.0,2.701858,0.0073626996,15.295517,0.11261629,689445.2479,5336468.2704,80.0
80.0,2015,1030214.0,25.0,1787913.0,100.0,0.0,2.7051713,0.003968356,15.34628,0.060899504,689445.2479,5336468.2704,80.0
80.0,2016,1030214.0,25.0,1787913.0,100.0,0.0,2.7600403,0.004613177,16.211843,0.0747881,689445.2479,5336468.2704,80.0
80.0,2017,1030214.0,25.0,1787913.0,100.0,0.0,3.0078816,0.028797396,20.771532,0.59816605,689445.2479,5336468.2704,80.0
80.0,2018,1030214.0,25.0,1787913.0,100.0,0.0,3.0519872,0.031347714,21.708178,0.68050176,689445.2479,5336468.2704,80.0
80.0,2019,1030214.0,25.0,1787913.0,100.0,0.0,3.1219995,0.031119308,23.282482,0.72453475,689445.2479,5336468.2704,80.0
80.0,2020,1030214.0,25.0,1787913.0,100.0,0.0,3.1290038,0.026993359,23.446135,0.6328899,689445.2479,5336468.2704,80.0
80.0,2021,1030214.0,25.0,1787913.0,100.0,0.0,3.0709393,0.019667136,22.123516,0.43510616,689445.2479,5336468.2704,80.0
80.0,2022,1030214.0,25.0,1787913.0,100.0,0.0,3.1039994,0.021373138,22.867146,0.48874265,689445.2479,5336468.2704,80.0
80.0,2023,1030214.0,25.0,1787913.0,100.0,0.0,3.1231265,0.012409813,23.30874,0.2892571,689445.2479,5336468.2704,80.0
80.0,2024,1030214.0,25.0,1787913.0,100.0,0.0,3.1407099,0.012198732,23.722212,0.2893809,689445.2479,5336468.2704,80.0
80.0,2025,1030214.0,25.0,1787913.0,100.0,0.0,3.1335368,0.008198991,23.552658,0.19310805,689445.2479,5336468.2704,80.0
82.0,2007,73232.0,25.0,1496229.0,100.0,0.0,1.9629961,0.017447557,7.223347,0.12602977,732582.0105,5303682.8226,82.0
82.0,2008,73232.0,25.0,1496229.0,100.0,0.0,1.9719425,0.024299486,7.2882605,0.17710099,732582.0105,5303682.8226,82.0
82.0,2009,73232.0,25.0,1496229.0,100.0,0.0,1.9864453,0.02060552,7.3947306,0.15237227,732582.0105,5303682.8226,82.0
82.0,2010,73232.0,25.0,1496229.0,100.0,0.0,2.009416,0.017276127,7.566559,0.13072084,732582.0105,5303682.8226,82.0
82.0,2011,73232.0,25.0,1496229.0,100.0,0.0,2.0017095,0.020243611,7.5084696,0.15199853,732582.0105,5303682.8226,82.0
82.0,2012,73232.0,25.0,1496229.0,100.0,0.0,2.025065,0.025649387,7.6858983,0.19713858,732582.0105,5303682.8226,82.0
82.0,2013,73232.0,25.0,1496229.0,100.0,0.0,2.0625048,0.01703203,7.979111,0.13590045,732582.0105,5303682.8226,82.0
82.0,2014,73232.0,25.0,1496229.0,100.0,0.0,2.0961397,0.016303333,8.252053,0.13453597,732582.0105,5303682.8226,82.0
82.0,2015,73232.0,25.0,1496229.0,100.0,0.0,2.1358669,0.011356354,8.586483,0.097511135,732582.0105,5303682.8226,82.0
82.0,2016,73232.0,25.0,1496229.0,100.0,0.0,2.2012374,0.015330684,9.16654,0.14052933,732582.0105,5303682.8226,82.0
82.0,2017,73232.0,25.0,1496229.0,100.0,0.0,2.277896,0.016219223,9.896868,0.16051951,732582.0105,5303682.8226,82.0
82.0,2018,73232.0,25.0,1496229.0,100.0,0.0,2.3128238,0.016763085,10.2486515,0.17179902,732582.0105,5303682.8226,82.0
82.0,2019,73232.0,25.0,1496229.0,100.0,0.0,2.3414571,0.004537365,10.546347,0.047852624,732582.0105,5303682.8226,82.0
82.0,2020,73232.0,25.0,1496229.0,100.0,0.0,2.3880954,0.013996062,11.04986,0.15465453,732582.0105,5303682.8226,82.0
82.0,2021,73232.0,25.0,1496229.0,100.0,0.0,2.4429495,0.010728116,11.672922,0.12522846,732582.0105,5303682.8226,82.0
82.0,2022,73232.0,25.0,1496229.0,100.0,0.0,2.4875896,0.0066052554,12.205809,0.08062248,732582.0105,5303682.8226,82.0
82.0,2023,73232.0,25.0,1496229.0,100.0,0.0,2.5111425,0.0070893257,12.496702,0.08859319,732582.0105,5303682.8226,82.0
82.0,2024,73232.0,25.0,1496229.0,100.0,0.0,2.575084,0.0015289041,13.321859,0.020367846,732582.0105,5303682.8226,82.0
82.0,2025,73232.0,25.0,1496229.0,100.0,0.0,2.5999057,0.006311855,13.656672,0.08619893,732582.0105,5303682.8226,82.0
81.0,2007,20905.0,25.0,1252925.0,100.0,0.0,1.7120472,0.058842905,5.6224384,0.33084062,783115.7612,5340732.3704,81.0
81.0,2008,20905.0,25.0,1252925.0,100.0,0.0,1.6786424,0.048634,5.4377236,0.26445827,783115.7612,5340732.3704,81.0
81.0,2009,20905.0,25.0,1252925.0,100.0,0.0,1.6493719,0.034186393,5.280866,0.18053377,783115.7612,5340732.3704,81.0
81.0,2010,20905.0,25.0,1252925.0,100.0,0.0,1.6974686,0.054904386,5.541066,0.30422884,783115.7612,5340732.3704,81.0
81.0,2011,20905.0,25.0,1252925.0,100.0,0.0,1.7254113,0.027207507,5.6980815,0.1550306,783115.7612,5340732.3704,81.0
81.0,2012,20905.0,25.0,1252925.0,100.0,0.0,1.7497681,0.042961717,5.838573,0.25083512,783115.7612,5340732.3704,81.0
81.0,2013,20905.0,25.0,1252925.0,100.0,0.0,1.7291237,0.040485337,5.7192745,0.23154674,783115.7612,5340732.3704,81.0
81.0,2014,20905.0,25.0,1252925.0,100.0,0.0,1.8113978,0.061853807,6.209721,0.38409492,783115.7612,5340732.3704,81.0
81.0,2015,20905.0,25.0,1252925.0,100.0,0.0,1.799289,0.064413264,6.1349826,0.39517426,783115.7612,5340732.3704,81.0
81.0,2016,20905.0,25.0,1252925.0,100.0,0.0,1.8271209,0.04859209,6.3081293,0.30652517,783115.7612,5340732.3704,81.0
81.0,2017,20905.0,25.0,1252925.0,100.0,0.0,1.8831925,0.055624757,6.671941,0.37112507,783115.7612,5340732.3704,81.0
81.0,2018,20905.0,25.0,1252925.0,100.0,0.0,1.9155504,0.06018892,6.8913608,0.41478357,783115.7612,5340732.3704,81.0
81.0,2019,20905.0,25.0,1252925.0,100.0,0.0,1.9505674,0.09428536,7.1369505,0.6729099,783115.7612,5340732.3704,81.0
81.0,2020,20905.0,25.0,1252925.0,100.0,0.0,2.0277119,0.052278493,7.70932,0.40303165,783115.7612,5340732.3704,81.0
81.0,2021,20905.0,25.0,1252925.0,100.0,0.0,2.0690231,0.040116858,8.034472,0.3223178,783115.7612,5340732.3704,81.0
81.0,2022,20905.0,25.0,1252925.0,100.0,0.0,2.1719615,0.059218522,8.905597,0.5273763,783115.7612,5340732.3704,81.0
81.0,2023,20905.0,25.0,1252925.0,100.0,0.0,2.2045474,0.036231842,9.200571,0.3333536,783115.7612,5340732.3704,81.0
81.0,2024,20905.0,25.0,1252925.0,100.0,0.0,2.264018,0.04911372,9.764333,0.47956273,783115.7612,5340732.3704,81.0
81.0,2025,20905.0,25.0,1252925.0,100.0,0.0,2.3494663,0.042522784,10.635364,0.45224527,783115.7612,5340732.3704,81.0
83.0,2007,18542.0,25.0,1365492.0,100.0,0.0,2.1724956,0.056822438,8.925022,0.50714153,660740.7466,5258796.2762,83.0
83.0,2008,18542.0,25.0,1365492.0,100.0,0.0,2.1751966,0.037771855,8.949161,0.3380264,660740.7466,5258796.2762,83.0
83.0,2009,18542.0,25.0,1365492.0,100.0,0.0,2.1613302,0.04025702,8.825926,0.35530546,660740.7466,5258796.2762,83.0
83.0,2010,18542.0,25.0,1365492.0,100.0,0.0,2.143074,0.03124963,8.666259,0.27081737,660740.7466,5258796.2762,83.0
83.0,2011,18542.0,25.0,1365492.0,100.0,0.0,2.1725864,0.02153813,8.925834,0.19224575,660740.7466,5258796.2762,83.0
83.0,2012,18542.0,25.0,1365492.0,100.0,0.0,2.208998,0.026524253,9.256826,0.2455304,660740.7466,5258796.2762,83.0
83.0,2013,18542.0,25.0,1365492.0,100.0,0.0,2.2060082,0.019366965,9.229192,0.17874143,660740.7466,5258796.2762,83.0
83.0,2014,18542.0,25.0,1365492.0,100.0,0.0,2.2522726,0.020837532,9.666205,0.20141986,660740.7466,5258796.2762,83.0
83.0,2015,18542.0,25.0,1365492.0,100.0,0.0,2.2485366,0.03577756,9.630159,0.3445436,660740.7466,5258796.2762,83.0
83.0,2016,18542.0,25.0,1365492.0,100.0,0.0,2.2272913,0.034669325,9.427723,0.3268528,660740.7466,5258796.2762,83.0
83.0,2017,18542.0,25.0,1365492.0,100.0,0.0,2.2573948,0.03124945,9.715845,0.30361483,660740.7466,5258796.2762,83.0
83.0,2018,18542.0,25.0,1365492.0,100.0,0.0,2.3365836,0.021806039,10.516514,0.22932352,660740.7466,5258796.2762,83.0
83.0,2019,18542.0,25.0,1365492.0,100.0,0.0,2.4053597,0.025161222,11.265251,0.28344747,660740.7466,5258796.2762,83.0
83.0,2020,18542.0,25.0,1365492.0,100.0,0.0,2.463423,0.035787046,11.938712,0.42725125,660740.7466,5258796.2762,83.0
83.0,2021,18542.0,25.0,1365492.0,100.0,0.0,2.507597,0.029091163,12.477914,0.36299703,660740.7466,5258796.2762,83.0
83.0,2022,18542.0,25.0,1365492.0,100.0,0.0,2.5372474,0.030109664,12.853428,0.38701242,660740.7466,5258796.2762,83.0
83.0,2023,18542.0,25.0,1365492.0,100.0,0.0,2.6312943,0.02841108,14.12092,0.40119058,660740.7466,5258796.2762,83.0
83.0,2024,18542.0,25.0,1365492.0,100.0,0.0,2.6783628,0.038671795,14.801461,0.57239914,660740.7466,5258796.2762,83.0
83.0,2025,18542.0,25.0,1365492.0,100.0,0.0,2.7371156,0.028483635,15.6971445,0.44711173,660740.7466,5258796.2762,83.0
87.0,2007,57483.0,25.0,1845250.0,100.0,0.0,1.8848765,0.013997712,6.686294,0.09359282,732596.2532,5380788.6824,87.0
87.0,2008,57483.0,25.0,1845250.0,100.0,0.0,1.8573326,0.0058929347,6.50464,0.03833142,732596.2532,5380788.6824,87.0
87.0,2009,57483.0,25.0,1845250.0,100.0,0.0,1.8622893,0.0046950397,6.5369625,0.0306913,732596.2532,5380788.6824,87.0
87.0,2010,57483.0,25.0,1845250.0,100.0,0.0,1.8921068,0.0067340904,6.734813,0.04535284,732596.2532,5380788.6824,87.0
87.0,2011,57483.0,25.0,1845250.0,100.0,0.0,1.9038118,0.0032995888,6.8141074,0.022483751,732596.2532,5380788.6824,87.0
87.0,2012,57483.0,25.0,1845250.0,100.0,0.0,1.9582261,0.003114583,7.195165,0.022409938,732596.2532,5380788.6824,87.0
87.0,2013,57483.0,25.0,1845250.0,100.0,0.0,2.008583,0.008310667,7.566771,0.06288491,732596.2532,5380788.6824,87.0
87.0,2014,57483.0,25.0,1845250.0,100.0,0.0,2.0687902,0.0039902125,8.036339,0.0320667,732596.2532,5380788.6824,87.0
87.0,2015,57483.0,25.0,1845250.0,100.0,0.0,2.1549885,0.0045435326,8.759789,0.039800387,732596.2532,5380788.6824,87.0
87.0,2016,57483.0,25.0,1845250.0,100.0,0.0,2.1672335,0.0072418614,8.867711,0.06421874,732596.2532,5380788.6824,87.0
87.0,2017,57483.0,25.0,1845250.0,100.0,0.0,2.23029,0.0011216026,9.444884,0.010593408,732596.2532,5380788.6824,87.0
87.0,2018,57483.0,25.0,1845250.0,100.0,0.0,2.2690818,0.0015639297,9.818469,0.015355396,732596.2532,5380788.6824,87.0
87.0,2019,57483.0,25.0,1845250.0,100.0,0.0,2.3115041,0.00011027422,10.243951,0.0011296436,732596.2532,5380788.6824,87.0
87.0,2020,57483.0,25.0,1845250.0,100.0,0.0,2.3281438,0.0005476863,10.4158325,0.0057046087,732596.2532,5380788.6824,87.0
87.0,2021,57483.0,25.0,1845250.0,100.0,0.0,2.3464353,0.0059629465,10.6081085,0.063255586,732596.2532,5380788.6824,87.0
87.0,2022,57483.0,25.0,1845250.0,100.0,0.0,2.3893569,0.0011416151,11.0733385,0.01264149,732596.2532,5380788.6824,87.0
87.0,2023,57483.0,25.0,1845250.0,100.0,0.0,2.4383636,0.0040231105,11.629522,0.046786852,732596.2532,5380788.6824,87.0
87.0,2024,57483.0,25.0,1845250.0,100.0,0.0,2.4638436,0.0016818567,11.929648,0.020063959,732596.2532,5380788.6824,87.0
87.0,2025,57483.0,25.0,1845250.0,100.0,0.0,2.5159883,0.0021658558,12.568223,0.02722096,732596.2532,5380788.6824,87.0
86.0,2007,35662.0,25.0,187857.0,100.0,0.0,1.7552745,0.0055881566,5.900555,0.032973226,825581.0723,5390416.6288,86.0
86.0,2008,35662.0,25.0,187857.0,100.0,0.0,1.7328889,0.006720753,5.7699356,0.038778313,825581.0723,5390416.6288,86.0
86.0,2009,35662.0,25.0,187857.0,100.0,0.0,1.7295926,0.0052695735,5.750947,0.030305035,825581.0723,5390416.6288,86.0
86.0,2010,35662.0,25.0,187857.0,100.0,0.0,1.7454834,0.0030164248,5.843064,0.017625164,825581.0723,5390416.6288,86.0
86.0,2011,35662.0,25.0,187857.0,100.0,0.0,1.8304514,0.006821132,6.36124,0.043390855,825581.0723,5390416.6288,86.0
86.0,2012,35662.0,25.0,187857.0,100.0,0.0,1.8816528,0.0026795992,6.695427,0.017941061,825581.0723,5390416.6288,86.0
86.0,2013,35662.0,25.0,187857.0,100.0,0.0,1.8977882,0.005789587,6.8043365,0.039394297,825581.0723,5390416.6288,86.0
86.0,2014,35662.0,25.0,187857.0,100.0,0.0,1.9348736,0.008425687,7.0614157,0.059497282,825581.0723,5390416.6288,86.0
86.0,2015,35662.0,25.0,187857.0,100.0,0.0,1.9832262,0.0058327736,7.411243,0.043228105,825581.0723,5390416.6288,86.0
86.0,2016,35662.0,25.0,187857.0,100.0,0.0,2.0612676,0.0030563183,8.0127945,0.02448965,825581.0723,5390416.6288,86.0
86.0,2017,35662.0,25.0,187857.0,100.0,0.0,2.1295116,0.0012221353,8.578711,0.010484345,825581.0723,5390416.6288,86.0
86.0,2018,35662.0,25.0,187857.0,100.0,0.0,2.1918516,0.001076998,9.130528,0.00983356,825581.0723,5390416.6288,86.0
86.0,2019,35662.0,25.0,187857.0,100.0,0.0,2.209457,0.004455156,9.292697,0.041400418,825581.0723,5390416.6288,86.0
86.0,2020,35662.0,25.0,187857.0,100.0,0.0,2.2084465,0.007489655,9.283313,0.06952881,825581.0723,5390416.6288,86.0
86.0,2021,35662.0,25.0,187857.0,100.0,0.0,2.2131145,0.0015721341,9.326748,0.014662899,825581.0723,5390416.6288,86.0
86.0,2022,35662.0,25.0,187857.0,100.0,0.0,2.2433038,0.0001627058,9.61261,0.0015640273,825581.0723,5390416.6288,86.0
86.0,2023,35662.0,25.0,187857.0,100.0,0.0,2.2882733,0.0007080456,10.05475,0.0071192216,825581.0723,5390416.6288,86.0
86.0,2024,35662.0,25.0,187857.0,100.0,0.0,2.326383,0.0023633132,10.445332,0.024685591,825581.0723,5390416.6288,86.0
86.0,2025,35662.0,25.0,187857.0,100.0,0.0,2.3502004,0.0050120954,10.697096,0.053614862,825581.0723,5390416.6288,86.0
84.0,2007,21840.0,25.0,338824.0,100.0,0.0,1.6399747,0.009484189,5.234316,0.04964324,791699.2599,5416996.4561,84.0
84.0,2008,21840.0,25.0,338824.0,100.0,0.0,1.7083043,0.010480889,5.604477,0.058739904,791699.2599,5416996.4561,84.0
84.0,2009,21840.0,25.0,338824.0,100.0,0.0,1.6795895,0.020180527,5.4458346,0.10989981,791699.2599,5416996.4561,84.0
84.0,2010,21840.0,25.0,338824.0,100.0,0.0,1.7191302,0.028408127,5.66548,0.16094568,791699.2599,5416996.4561,84.0
84.0,2011,21840.0,25.0,338824.0,100.0,0.0,1.7543244,0.020955019,5.868423,0.12297291,791699.2599,5416996.4561,84.0
84.0,2012,21840.0,25.0,338824.0,100.0,0.0,1.8077161,0.026511665,6.1902633,0.16411418,791699.2599,5416996.4561,84.0
84.0,2013,21840.0,25.0,338824.0,100.0,0.0,1.8056982,0.025853964,6.1777844,0.15972021,791699.2599,5416996.4561,84.0
84.0,2014,21840.0,25.0,338824.0,100.0,0.0,1.8449492,0.01517644,6.425091,0.09751,791699.2599,5416996.4561,84.0
84.0,2015,21840.0,25.0,338824.0,100.0,0.0,1.8752091,0.018213999,6.6224847,0.12062192,791699.2599,5416996.4561,84.0
84.0,2016,21840.0,25.0,338824.0,100.0,0.0,1.9070561,0.0053184335,6.8367844,0.036360983,791699.2599,5416996.4561,84.0
84.0,2017,21840.0,25.0,338824.0,100.0,0.0,1.9840945,0.012228873,7.384299,0.09030165,791699.2599,5416996.4561,84.0
84.0,2018,21840.0,25.0,338824.0,100.0,0.0,2.0290124,0.02069339,7.723549,0.15982641,791699.2599,5416996.4561,84.0
84.0,2019,21840.0,25.0,338824.0,100.0,0.0,2.028327,0.0036686736,7.718256,0.028315762,791699.2599,5416996.4561,84.0
84.0,2020,21840.0,25.0,338824.0,100.0,0.0,2.1239088,0.006936701,8.492388,0.058909155,791699.2599,5416996.4561,84.0
84.0,2021,21840.0,25.0,338824.0,100.0,0.0,2.1508098,0.007007083,8.723944,0.061129395,791699.2599,5416996.4561,84.0
84.0,2022,21840.0,25.0,338824.0,100.0,0.0,2.1737685,0.008950863,8.926551,0.07990033,791699.2599,5416996.4561,84.0
84.0,2023,21840.0,25.0,338824.0,100.0,0.0,2.2154398,0.0037477438,9.306391,0.034877967,791699.2599,5416996.4561,84.0
84.0,2024,21840.0,25.0,338824.0,100.0,0.0,2.2896266,0.013605721,10.023058,0.13637093,791699.2599,5416996.4561,84.0
84.0,2025,21840.0,25.0,338824.0,100.0,0.0,2.31705,0.009611503,10.301726,0.09901508,791699.2599,5416996.4561,84.0
85.0,2007,56533.0,50.0,121183.0,100.0,0.0,1.4522451,0.14399461,4.3789244,0.63054156,833466.115,5417216.8717,85.0
85.0,2008,56533.0,50.0,121183.0,100.0,0.0,1.4859258,0.15488483,4.5289216,0.7014612,833466.115,5417216.8717,85.0
85.0,2009,56533.0,50.0,121183.0,100.0,0.0,1.4688121,0.13336916,4.4520745,0.59376943,833466.115,5417216.8717,85.0
85.0,2010,56533.0,50.0,121183.0,100.0,0.0,1.5125903,0.15474474,4.651307,0.71976537,833466.115,5417216.8717,85.0
85.0,2011,56533.0,50.0,121183.0,100.0,0.0,1.4993376,0.24109183,4.5900717,1.1066288,833466.115,5417216.8717,85.0
85.0,2012,56533.0,50.0,121183.0,100.0,0.0,1.5975922,0.19865023,5.063967,1.0059583,833466.115,5417216.8717,85.0
85.0,2013,56533.0,50.0,121183.0,100.0,0.0,1.6321809,0.21277252,5.242188,1.1153935,833466.115,5417216.8717,85.0
85.0,2014,56533.0,50.0,121183.0,100.0,0.0,1.6207258,0.21155074,5.1824803,1.0963576,833466.115,5417216.8717,85.0
85.0,2015,56533.0,50.0,121183.0,100.0,0.0,1.7606245,0.25698408,5.960668,1.5317969,833466.115,5417216.8717,85.0
85.0,2016,56533.0,50.0,121183.0,100.0,0.0,1.8086414,0.31475964,6.253864,1.968464,833466.115,5417216.8717,85.0
85.0,2017,56533.0,50.0,121183.0,100.0,0.0,1.8782431,0.34183168,6.704649,2.2918615,833466.115,5417216.8717,85.0
85.0,2018,56533.0,50.0,121183.0,100.0,0.0,1.9548354,0.36043057,7.238351,2.608923,833466.115,5417216.8717,85.0
85.0,2019,56533.0,50.0,121183.0,100.0,0.0,1.9883903,0.3384441,7.485355,2.5333743,833466.115,5417216.8717,85.0
85.0,2020,56533.0,50.0,121183.0,100.0,0.0,1.8900764,0.28502274,6.784458,1.9337248,833466.115,5417216.8717,85.0
85.0,2021,56533.0,50.0,121183.0,100.0,0.0,1.917762,0.22504103,6.974915,1.5696421,833466.115,5417216.8717,85.0
85.0,2022,56533.0,50.0,121183.0,100.0,0.0,2.0111651,0.19381548,7.657788,1.4841979,833466.115,5417216.8717,85.0
85.0,2023,56533.0,50.0,121183.0,100.0,0.0,2.1035926,0.15715133,8.39932,1.3199643,833466.115,5417216.8717,85.0
85.0,2024,56533.0,50.0,121183.0,100.0,0.0,2.0981772,0.18226424,8.353956,1.5226275,833466.115,5417216.8717,85.0
85.0,2025,56533.0,50.0,121183.0,100.0,0.0,2.1345146,0.15354794,8.663099,1.330201,833466.115,5417216.8717,85.0
90.0,2007,103538.0,25.0,908960.0,100.0,0.0,2.0891376,0.011217244,8.220545,0.09221186,727684.4513,5433577.3293,90.0
90.0,2008,103538.0,25.0,908960.0,100.0,0.0,2.0989122,0.013947618,8.301294,0.115783274,727684.4513,5433577.3293,90.0
90.0,2009,103538.0,25.0,908960.0,100.0,0.0,2.084845,0.015808506,8.185334,0.1293979,727684.4513,5433577.3293,90.0
90.0,2010,103538.0,25.0,908960.0,100.0,0.0,2.1060286,0.01625834,8.3605795,0.13592914,727684.4513,5433577.3293,90.0
90.0,2011,103538.0,25.0,908960.0,100.0,0.0,2.146131,0.00821427,8.702671,0.07148609,727684.4513,5433577.3293,90.0
90.0,2012,103538.0,25.0,908960.0,100.0,0.0,2.1506696,0.007704362,8.742259,0.06735353,727684.4513,5433577.3293,90.0
90.0,2013,103538.0,25.0,908960.0,100.0,0.0,2.137522,0.000788289,8.628073,0.006801415,727684.4513,5433577.3293,90.0
90.0,2014,103538.0,25.0,908960.0,100.0,0.0,2.221868,0.014747234,9.387387,0.138438,727684.4513,5433577.3293,90.0
90.0,2015,103538.0,25.0,908960.0,100.0,0.0,2.181628,0.0007876288,9.017138,0.007102157,727684.4513,5433577.3293,90.0
90.0,2016,103538.0,25.0,908960.0,100.0,0.0,2.1834848,0.0050073047,9.033896,0.045235477,727684.4513,5433577.3293,90.0
90.0,2017,103538.0,25.0,908960.0,100.0,0.0,2.3103936,0.006573619,10.256305,0.06742104,727684.4513,5433577.3293,90.0
90.0,2018,103538.0,25.0,908960.0,100.0,0.0,2.3561494,0.012914844,10.736493,0.13866013,727684.4513,5433577.3293,90.0
90.0,2019,103538.0,25.0,908960.0,100.0,0.0,2.4022639,0.012517581,11.243194,0.1407376,727684.4513,5433577.3293,90.0
90.0,2020,103538.0,25.0,908960.0,100.0,0.0,2.4169912,0.011563517,11.410002,0.13193975,727684.4513,5433577.3293,90.0
90.0,2021,103538.0,25.0,908960.0,100.0,0.0,2.4353294,0.012405592,11.62117,0.1441675,727684.4513,5433577.3293,90.0
90.0,2022,103538.0,25.0,908960.0,100.0,0.0,2.4584007,0.011705657,11.892402,0.13920836,727684.4513,5433577.3293,90.0
90.0,2023,103538.0,25.0,908960.0,100.0,0.0,2.4869134,0.0075419843,12.236368,0.0922865,727684.4513,5433577.3293,90.0
90.0,2024,103538.0,25.0,908960.0,100.0,0.0,2.5160542,0.0091796005,12.598192,0.11564637,727684.4513,5433577.3293,90.0
90.0,2025,103538.0,25.0,908960.0,100.0,0.0,2.5851412,0.008922754,13.499333,0.12045122,727684.4513,5433577.3293,90.0
89.0,2007,14386.0,25.0,714369.0,100.0,0.0,1.6027647,0.00922345,5.0927634,0.046972852,728389.255,5507981.5182,89.0
89.0,2008,14386.0,25.0,714369.0,100.0,0.0,1.6348594,0.0015776741,5.2588654,0.008296776,728389.255,5507981.5182,89.0
89.0,2009,14386.0,25.0,714369.0,100.0,0.0,1.694805,0.003006968,5.583752,0.016790163,728389.255,5507981.5182,89.0
89.0,2010,14386.0,25.0,714369.0,100.0,0.0,1.716185,0.012807579,5.7044177,0.07305978,728389.255,5507981.5182,89.0
89.0,2011,14386.0,25.0,714369.0,100.0,0.0,1.7887734,0.0041004713,6.133891,0.025151843,728389.255,5507981.5182,89.0
89.0,2012,14386.0,25.0,714369.0,100.0,0.0,1.7596853,0.01024157,5.958038,0.061019655,728389.255,5507981.5182,89.0
89.0,2013,14386.0,25.0,714369.0,100.0,0.0,1.7929653,0.0010595188,6.159658,0.006526273,728389.255,5507981.5182,89.0
89.0,2014,14386.0,25.0,714369.0,100.0,0.0,1.7807149,0.022695139,6.0846596,0.1380922,728389.255,5507981.5182,89.0
89.0,2015,14386.0,25.0,714369.0,100.0,0.0,1.7839053,0.01579597,6.1041036,0.09642024,728389.255,5507981.5182,89.0
89.0,2016,14386.0,25.0,714369.0,100.0,0.0,1.8455807,0.0005965331,6.492428,0.0038729482,728389.255,5507981.5182,89.0
89.0,2017,14386.0,25.0,714369.0,100.0,0.0,1.8985268,0.0017714675,6.8454394,0.012126474,728389.255,5507981.5182,89.0
89.0,2018,14386.0,25.0,714369.0,100.0,0.0,1.9140977,0.0095348675,6.952863,0.06629463,728389.255,5507981.5182,89.0
89.0,2019,14386.0,25.0,714369.0,100.0,0.0,1.9497037,0.009894906,7.204888,0.071291685,728389.255,5507981.5182,89.0
89.0,2020,14386.0,25.0,714369.0,100.0,0.0,1.9952013,0.029818594,7.540264,0.22484007,728389.255,5507981.5182,89.0
89.0,2021,14386.0,25.0,714369.0,100.0,0.0,1.983162,0.0137075065,7.45003,0.10212133,728389.255,5507981.5182,89.0
89.0,2022,14386.0,25.0,714369.0,100.0,0.0,2.0573864,0.014751321,8.024043,0.11836523,728389.255,5507981.5182,89.0
89.0,2023,14386.0,25.0,714369.0,100.0,0.0,2.1442196,0.00044699013,8.751941,0.0039120317,728389.255,5507981.5182,89.0
89.0,2024,14386.0,25.0,714369.0,100.0,0.0,2.227753,0.007957676,9.514423,0.0757127,728389.255,5507981.5182,89.0
89.0,2025,14386.0,25.0,714369.0,100.0,0.0,2.2713258,0.0061407685,9.93816,0.061027937,728389.255,5507981.5182,89.0
88.0,2007,131112.0,50.0,322789.0,100.0,0.0,1.2475059,0.30654362,3.5559936,1.0900671,766974.8831,5457263.3205,88.0
88.0,2008,131112.0,50.0,322789.0,100.0,0.0,1.2466054,0.27716625,3.5527928,0.98471427,766974.8831,5457263.3205,88.0
88.0,2009,131112.0,50.0,322789.0,100.0,0.0,1.2589681,0.25281543,3.5969875,0.9093739,766974.8831,5457263.3205,88.0
88.0,2010,131112.0,50.0,322789.0,100.0,0.0,1.2735213,0.21536262,3.649718,0.7860128,766974.8831,5457263.3205,88.0
88.0,2011,131112.0,50.0,322789.0,100.0,0.0,1.2450961,0.2349331,3.5474343,0.8334097,766974.8831,5457263.3205,88.0
88.0,2012,131112.0,50.0,322789.0,100.0,0.0,1.3798324,0.15060185,4.0590987,0.6113078,766974.8831,5457263.3205,88.0
88.0,2013,131112.0,50.0,322789.0,100.0,0.0,1.4403694,0.1800154,4.3124146,0.77630097,766974.8831,5457263.3205,88.0
88.0,2014,131112.0,50.0,322789.0,100.0,0.0,1.5034397,0.19689488,4.5931597,0.90436965,766974.8831,5457263.3205,88.0
88.0,2015,131112.0,50.0,322789.0,100.0,0.0,1.6551237,0.029030511,5.3454847,0.15518215,766974.8831,5457263.3205,88.0
88.0,2016,131112.0,50.0,322789.0,100.0,0.0,1.7028719,0.060348492,5.606914,0.3383688,766974.8831,5457263.3205,88.0
88.0,2017,131112.0,50.0,322789.0,100.0,0.0,1.6910224,0.16284102,5.5408664,0.9022804,766974.8831,5457263.3205,88.0
88.0,2018,131112.0,50.0,322789.0,100.0,0.0,1.724965,0.15440094,5.7321663,0.8850519,766974.8831,5457263.3205,88.0
88.0,2019,131112.0,50.0,322789.0,100.0,0.0,1.7880895,0.16103198,6.1056714,0.98320836,766974.8831,5457263.3205,88.0
88.0,2020,131112.0,50.0,322789.0,100.0,0.0,1.7251015,0.16977403,5.7329493,0.9733058,766974.8831,5457263.3205,88.0
88.0,2021,131112.0,50.0,322789.0,100.0,0.0,1.7404665,0.15217423,5.8217154,0.8859151,766974.8831,5457263.3205,88.0
88.0,2022,131112.0,50.0,322789.0,100.0,0.0,1.8982682,0.1644217,6.816845,1.1208373,766974.8831,5457263.3205,88.0
88.0,2023,131112.0,50.0,322789.0,100.0,0.0,1.9380025,0.14788714,7.093161,1.0489873,766974.8831,5457263.3205,88.0
88.0,2024,131112.0,50.0,322789.0,100.0,0.0,2.0250459,0.1270144,7.738241,0.9828681,766974.8831,5457263.3205,88.0
88.0,2025,131112.0,50.0,322789.0,100.0,0.0,2.029449,0.12037796,7.772389,0.9356243,766974.8831,5457263.3205,88.0
91.0,2007,46769.0,25.0,714643.0,100.0,0.0,1.7730656,0.032492753,6.0075026,0.1952003,636405.4537,5527820.3132,91.0
91.0,2008,46769.0,25.0,714643.0,100.0,0.0,1.7902341,0.035007298,6.1115336,0.21394828,636405.4537,5527820.3132,91.0
91.0,2009,46769.0,25.0,714643.0,100.0,0.0,1.853038,0.017202439,6.5076704,0.111947805,636405.4537,5527820.3132,91.0
91.0,2010,46769.0,25.0,714643.0,100.0,0.0,1.8588749,0.021889279,6.545767,0.14328212,636405.4537,5527820.3132,91.0
91.0,2011,46769.0,25.0,714643.0,100.0,0.0,1.938891,0.027580675,7.091059,0.19557619,636405.4537,5527820.3132,91.0
91.0,2012,46769.0,25.0,714643.0,100.0,0.0,2.0030568,0.026870273,7.5609756,0.20316549,636405.4537,5527820.3132,91.0
91.0,2013,46769.0,25.0,714643.0,100.0,0.0,1.977086,0.026114907,7.36714,0.19239217,636405.4537,5527820.3132,91.0
91.0,2014,46769.0,25.0,714643.0,100.0,0.0,2.0030317,0.021929048,7.560788,0.16580088,636405.4537,5527820.3132,91.0
91.0,2015,46769.0,25.0,714643.0,100.0,0.0,2.0414073,0.022976588,7.8565764,0.18051732,636405.4537,5527820.3132,91.0
91.0,2016,46769.0,25.0,714643.0,100.0,0.0,2.0739725,0.020943593,8.116639,0.16999158,636405.4537,5527820.3132,91.0
91.0,2017,46769.0,25.0,714643.0,100.0,0.0,2.1439674,0.023649596,8.705116,0.20587248,636405.4537,5527820.3132,91.0
91.0,2018,46769.0,25.0,714643.0,100.0,0.0,2.2087426,0.019145763,9.287657,0.17781927,636405.4537,5527820.3132,91.0
91.0,2019,46769.0,25.0,714643.0,100.0,0.0,2.223424,0.024523126,9.425017,0.23113088,636405.4537,5527820.3132,91.0
91.0,2020,46769.0,25.0,714643.0,100.0,0.0,2.2824595,0.01391387,9.99818,0.13911338,636405.4537,5527820.3132,91.0
91.0,2021,46769.0,25.0,714643.0,100.0,0.0,2.3017957,0.0041814167,10.193389,0.042622805,636405.4537,5527820.3132,91.0
91.0,2022,46769.0,25.0,714643.0,100.0,0.0,2.3459053,0.005212139,10.653077,0.05552532,636405.4537,5527820.3132,91.0
91.0,2023,46769.0,25.0,714643.0,100.0,0.0,2.358619,0.00896904,10.789384,0.096770406,636405.4537,5527820.3132,91.0
91.0,2024,46769.0,25.0,714643.0,100.0,0.0,2.4247,0.010340522,11.526441,0.11918941,636405.4537,5527820.3132,91.0
91.0,2025,46769.0,25.0,714643.0,100.0,0.0,2.4642887,0.004327477,11.991909,0.051894713,636405.4537,5527820.3132,91.0
92.0,2007,37803.0,25.0,691235.0,100.0,0.0,1.7556539,0.007589617,5.9020476,0.04479428,685517.9544,5534897.7302,92.0
92.0,2008,37803.0,25.0,691235.0,100.0,0.0,1.7652327,0.009185054,5.9588537,0.054732397,685517.9544,5534897.7302,92.0
92.0,2009,37803.0,25.0,691235.0,100.0,0.0,1.801877,0.015776543,6.181262,0.09751894,685517.9544,5534897.7302,92.0
92.0,2010,37803.0,25.0,691235.0,100.0,0.0,1.8184621,0.017526772,6.2846336,0.11014934,685517.9544,5534897.7302,92.0
92.0,2011,37803.0,25.0,691235.0,100.0,0.0,1.8691602,0.024679765,6.6114674,0.16316946,685517.9544,5534897.7302,92.0
92.0,2012,37803.0,25.0,691235.0,100.0,0.0,1.9158614,0.01858437,6.927554,0.12874423,685517.9544,5534897.7302,92.0
92.0,2013,37803.0,25.0,691235.0,100.0,0.0,1.9397485,0.023630053,7.0950255,0.16765583,685517.9544,5534897.7302,92.0
92.0,2014,37803.0,25.0,691235.0,100.0,0.0,1.9800723,0.032292306,7.3869705,0.23854232,685517.9544,5534897.7302,92.0
92.0,2015,37803.0,25.0,691235.0,100.0,0.0,2.0055091,0.011205046,7.577283,0.08490381,685517.9544,5534897.7302,92.0
92.0,2016,37803.0,25.0,691235.0,100.0,0.0,2.0148752,0.01408621,7.6485844,0.10773957,685517.9544,5534897.7302,92.0
92.0,2017,37803.0,25.0,691235.0,100.0,0.0,2.0816908,0.00894663,8.177089,0.07315739,685517.9544,5534897.7302,92.0
92.0,2018,37803.0,25.0,691235.0,100.0,0.0,2.1303406,0.01291828,8.584738,0.110900044,685517.9544,5534897.7302,92.0
92.0,2019,37803.0,25.0,691235.0,100.0,0.0,2.1858864,0.008152874,9.075076,0.073987946,685517.9544,5534897.7302,92.0
92.0,2020,37803.0,25.0,691235.0,100.0,0.0,2.22188,0.012889661,9.40767,0.12126167,685517.9544,5534897.7302,92.0
92.0,2021,37803.0,25.0,691235.0,100.0,0.0,2.2347496,0.018466322,9.529528,0.17597531,685517.9544,5534897.7302,92.0
92.0,2022,37803.0,25.0,691235.0,100.0,0.0,2.2691665,0.010460817,9.863213,0.10317726,685517.9544,5534897.7302,92.0
92.0,2023,37803.0,25.0,691235.0,100.0,0.0,2.2980611,0.0068688747,10.152363,0.0697353,685517.9544,5534897.7302,92.0
92.0,2024,37803.0,25.0,691235.0,100.0,0.0,2.3537061,0.0065447045,10.733306,0.07024632,685517.9544,5534897.7302,92.0
92.0,2025,37803.0,25.0,691235.0,100.0,0.0,2.4027352,0.0037361283,11.272664,0.04211612,685517.9544,5534897.7302,92.0
93.0,2007,26103.0,25.0,885440.0,100.0,0.0,1.6480733,0.030904476,5.284779,0.16332333,640008.7097,5569824.8357,93.0
93.0,2008,26103.0,25.0,885440.0,100.0,0.0,1.6353208,0.029797914,5.2178125,0.15547992,640008.7097,5569824.8357,93.0
93.0,2009,26103.0,25.0,885440.0,100.0,0.0,1.6624211,0.016680013,5.3611503,0.089424066,640008.7097,5569824.8357,93.0
93.0,2010,26103.0,25.0,885440.0,100.0,0.0,1.7055764,0.01636573,5.5975776,0.09160844,640008.7097,5569824.8357,93.0
93.0,2011,26103.0,25.0,885440.0,100.0,0.0,1.7558298,0.018824821,5.8860626,0.11080408,640008.7097,5569824.8357,93.0
93.0,2012,26103.0,25.0,885440.0,100.0,0.0,1.7563661,0.035186697,5.88922,0.20722221,640008.7097,5569824.8357,93.0
93.0,2013,26103.0,25.0,885440.0,100.0,0.0,1.8292285,0.01852721,6.334343,0.11735769,640008.7097,5569824.8357,93.0
93.0,2014,26103.0,25.0,885440.0,100.0,0.0,1.8395573,0.016395262,6.400108,0.10493144,640008.7097,5569824.8357,93.0
93.0,2015,26103.0,25.0,885440.0,100.0,0.0,1.8709564,0.016515227,6.604254,0.10907075,640008.7097,5569824.8357,93.0
93.0,2016,26103.0,25.0,885440.0,100.0,0.0,1.9126863,0.004933423,6.8856797,0.03396997,640008.7097,5569824.8357,93.0
93.0,2017,26103.0,25.0,885440.0,100.0,0.0,1.9426022,0.007649028,7.094783,0.054268196,640008.7097,5569824.8357,93.0
93.0,2018,26103.0,25.0,885440.0,100.0,0.0,1.9732957,0.013354566,7.315923,0.09770098,640008.7097,5569824.8357,93.0
93.0,2019,26103.0,25.0,885440.0,100.0,0.0,1.9977692,0.011125575,7.4971786,0.08341043,640008.7097,5569824.8357,93.0
93.0,2020,26103.0,25.0,885440.0,100.0,0.0,2.0200927,0.013138709,7.666423,0.100726895,640008.7097,5569824.8357,93.0
93.0,2021,26103.0,25.0,885440.0,100.0,0.0,2.0395246,0.016670935,7.816852,0.13031423,640008.7097,5569824.8357,93.0
93.0,2022,26103.0,25.0,885440.0,100.0,0.0,2.090958,0.011866273,8.229421,0.097652555,640008.7097,5569824.8357,93.0
93.0,2023,26103.0,25.0,885440.0,100.0,0.0,2.1468198,0.009142262,8.702212,0.0795579,640008.7097,5569824.8357,93.0
93.0,2024,26103.0,25.0,885440.0,100.0,0.0,2.1641934,0.008470916,8.854722,0.07500761,640008.7097,5569824.8357,93.0
93.0,2025,26103.0,25.0,885440.0,100.0,0.0,2.2049534,0.004787323,9.223098,0.044153947,640008.7097,5569824.8357,93.0
94.0,2007,26317.0,25.0,1373939.0,100.0,0.0,1.3653718,0.0034225958,4.000186,0.01369102,706280.1671,5577201.98,94.0
94.0,2008,26317.0,25.0,1373939.0,100.0,0.0,1.3445864,0.0077301525,3.9178987,0.030285953,706280.1671,5577201.98,94.0
94.0,2009,26317.0,25.0,1373939.0,100.0,0.0,1.3961354,0.009803581,4.125159,0.04044133,706280.1671,5577201.98,94.0
94.0,2010,26317.0,25.0,1373939.0,100.0,0.0,1.4201499,0.0005682064,4.225421,0.0024009112,706280.1671,5577201.98,94.0
94.0,2011,26317.0,25.0,1373939.0,100.0,0.0,1.4346901,0.01364791,4.2873087,0.058512803,706280.1671,5577201.98,94.0
94.0,2012,26317.0,25.0,1373939.0,100.0,0.0,1.4387925,0.01479808,4.3049326,0.063704744,706280.1671,5577201.98,94.0
94.0,2013,26317.0,25.0,1373939.0,100.0,0.0,1.4803255,0.003535446,4.4874945,0.015865294,706280.1671,5577201.98,94.0
94.0,2014,26317.0,25.0,1373939.0,100.0,0.0,1.4800767,0.00048231595,4.4863777,0.0021638516,706280.1671,5577201.98,94.0
94.0,2015,26317.0,25.0,1373939.0,100.0,0.0,1.5409838,0.008306438,4.768123,0.03960612,706280.1671,5577201.98,94.0
94.0,2016,26317.0,25.0,1373939.0,100.0,0.0,1.6031158,0.003964448,5.0737734,0.02011471,706280.1671,5577201.98,94.0
94.0,2017,26317.0,25.0,1373939.0,100.0,0.0,1.6596445,0.016257148,5.368849,0.08728217,706280.1671,5577201.98,94.0
94.0,2018,26317.0,25.0,1373939.0,100.0,0.0,1.7087749,0.01741864,5.63921,0.09822737,706280.1671,5577201.98,94.0
94.0,2019,26317.0,25.0,1373939.0,100.0,0.0,1.7429823,0.012797417,5.835449,0.07467868,706280.1671,5577201.98,94.0
94.0,2020,26317.0,25.0,1373939.0,100.0,0.0,1.7760583,0.01418357,6.031691,0.08555091,706280.1671,5577201.98,94.0
94.0,2021,26317.0,25.0,1373939.0,100.0,0.0,1.7788664,0.020971654,6.048652,0.12685025,706280.1671,5577201.98,94.0
94.0,2022,26317.0,25.0,1373939.0,100.0,0.0,1.8833176,0.010301783,6.7146163,0.069172524,706280.1671,5577201.98,94.0
94.0,2023,26317.0,25.0,1373939.0,100.0,0.0,1.9772605,0.02146357,7.375985,0.15831497,706280.1671,5577201.98,94.0
94.0,2024,26317.0,25.0,1373939.0,100.0,0.0,2.0394094,0.0007583448,7.848939,0.005952202,706280.1671,5577201.98,94.0
94.0,2025,26317.0,25.0,1373939.0,100.0,0.0,2.0447607,0.007779148,7.891054,0.061385676,706280.1671,5577201.98,94.0
95.0,2007,26872.0,25.0,1014962.0,100.0,0.0,1.4957103,0.08794382,4.5495577,0.4001055,664233.1452,5568847.7707,95.0
95.0,2008,26872.0,25.0,1014962.0,100.0,0.0,1.4605198,0.05754327,4.392241,0.2527439,664233.1452,5568847.7707,95.0
95.0,2009,26872.0,25.0,1014962.0,100.0,0.0,1.4846079,0.089908905,4.499326,0.4045295,664233.1452,5568847.7707,95.0
95.0,2010,26872.0,25.0,1014962.0,100.0,0.0,1.448052,0.062053353,4.3378196,0.26917624,664233.1452,5568847.7707,95.0
95.0,2011,26872.0,25.0,1014962.0,100.0,0.0,1.4492016,0.070899695,4.342809,0.30790383,664233.1452,5568847.7707,95.0
95.0,2012,26872.0,25.0,1014962.0,100.0,0.0,1.5898943,0.13642387,4.998881,0.68196666,664233.1452,5568847.7707,95.0
95.0,2013,26872.0,25.0,1014962.0,100.0,0.0,1.6375121,0.118759945,5.2426753,0.6226198,664233.1452,5568847.7707,95.0
95.0,2014,26872.0,25.0,1014962.0,100.0,0.0,1.6351196,0.13696805,5.230147,0.716363,664233.1452,5568847.7707,95.0
95.0,2015,26872.0,25.0,1014962.0,100.0,0.0,1.6532238,0.13444532,5.3256965,0.716015,664233.1452,5568847.7707,95.0
95.0,2016,26872.0,25.0,1014962.0,100.0,0.0,1.6887316,0.11895214,5.518198,0.65640146,664233.1452,5568847.7707,95.0
95.0,2017,26872.0,25.0,1014962.0,100.0,0.0,1.7379577,0.10629808,5.7966347,0.6161712,664233.1452,5568847.7707,95.0
95.0,2018,26872.0,25.0,1014962.0,100.0,0.0,1.6741868,0.15622286,5.438518,0.8496208,664233.1452,5568847.7707,95.0
95.0,2019,26872.0,25.0,1014962.0,100.0,0.0,1.6764587,0.11054087,5.450888,0.6025459,664233.1452,5568847.7707,95.0
95.0,2020,26872.0,25.0,1014962.0,100.0,0.0,1.7541174,0.21728817,5.891067,1.2800592,664233.1452,5568847.7707,95.0
95.0,2021,26872.0,25.0,1014962.0,100.0,0.0,1.7863762,0.22544481,6.084205,1.3716524,664233.1452,5568847.7707,95.0
95.0,2022,26872.0,25.0,1014962.0,100.0,0.0,1.9249829,0.14764196,6.9887567,1.0318338,664233.1452,5568847.7707,95.0
95.0,2023,26872.0,25.0,1014962.0,100.0,0.0,1.9482601,0.13753173,7.1533437,0.9838116,664233.1452,5568847.7707,95.0
95.0,2024,26872.0,25.0,1014962.0,100.0,0.0,2.0541868,0.11715947,7.9526606,0.9317295,664233.1452,5568847.7707,95.0
95.0,2025,26872.0,25.0,1014962.0,100.0,0.0,2.0806818,0.055446953,8.166183,0.45279,664233.1452,5568847.7707,95.0
98.0,2007,23407.0,25.0,939475.0,100.0,0.0,1.6373265,0.0014918311,5.226318,0.007796784,613700.2653,5461113.9111,98.0
98.0,2008,23407.0,25.0,939475.0,100.0,0.0,1.5868695,0.0058989995,4.969156,0.029313048,613700.2653,5461113.9111,98.0
98.0,2009,23407.0,25.0,939475.0,100.0,0.0,1.6537111,0.008835231,5.312654,0.046938524,613700.2653,5461113.9111,98.0
98.0,2010,23407.0,25.0,939475.0,100.0,0.0,1.6843027,0.011889845,5.4776883,0.06512886,613700.2653,5461113.9111,98.0
98.0,2011,23407.0,25.0,939475.0,100.0,0.0,1.7171378,0.0041704783,5.660535,0.023607137,613700.2653,5461113.9111,98.0
98.0,2012,23407.0,25.0,939475.0,100.0,0.0,1.7348908,0.016481187,5.7619233,0.094963335,613700.2653,5461113.9111,98.0
98.0,2013,23407.0,25.0,939475.0,100.0,0.0,1.8224674,0.012830102,6.2892885,0.08069222,613700.2653,5461113.9111,98.0
98.0,2014,23407.0,25.0,939475.0,100.0,0.0,1.8390951,0.011866881,6.394739,0.07588561,613700.2653,5461113.9111,98.0
98.0,2015,23407.0,25.0,939475.0,100.0,0.0,1.8440624,0.025683133,6.426583,0.1650548,613700.2653,5461113.9111,98.0
98.0,2016,23407.0,25.0,939475.0,100.0,0.0,1.9014182,0.012468238,6.8059597,0.08485833,613700.2653,5461113.9111,98.0
98.0,2017,23407.0,25.0,939475.0,100.0,0.0,1.9318494,0.022004664,7.016257,0.15439036,613700.2653,5461113.9111,98.0
98.0,2018,23407.0,25.0,939475.0,100.0,0.0,1.9962616,0.018100822,7.4830627,0.13544957,613700.2653,5461113.9111,98.0
98.0,2019,23407.0,25.0,939475.0,100.0,0.0,2.066184,0.02495838,8.025023,0.20029157,613700.2653,5461113.9111,98.0
98.0,2020,23407.0,25.0,939475.0,100.0,0.0,2.1046112,0.0076731974,8.339403,0.06398989,613700.2653,5461113.9111,98.0
98.0,2021,23407.0,25.0,939475.0,100.0,0.0,2.1525064,0.018946497,8.748541,0.1657542,613700.2653,5461113.9111,98.0
98.0,2022,23407.0,25.0,939475.0,100.0,0.0,2.178207,0.0031829502,8.976296,0.028571105,613700.2653,5461113.9111,98.0
98.0,2023,23407.0,25.0,939475.0,100.0,0.0,2.1952786,0.017112276,9.130853,0.15624966,613700.2653,5461113.9111,98.0
98.0,2024,23407.0,25.0,939475.0,100.0,0.0,2.2533886,0.01936808,9.677167,0.18742815,613700.2653,5461113.9111,98.0
98.0,2025,23407.0,25.0,939475.0,100.0,0.0,2.2923548,0.010679427,10.061692,0.1074531,613700.2653,5461113.9111,98.0
96.0,2007,327239.0,25.0,770663.0,100.0,0.0,2.0184507,0.038386986,7.700396,0.295595,642988.2724,5494072.4635,96.0
96.0,2008,327239.0,25.0,770663.0,100.0,0.0,2.026498,0.037448995,7.7626133,0.29070204,642988.2724,5494072.4635,96.0
96.0,2009,327239.0,25.0,770663.0,100.0,0.0,2.0203667,0.031969443,7.7151628,0.24664947,642988.2724,5494072.4635,96.0
96.0,2010,327239.0,25.0,770663.0,100.0,0.0,2.0420673,0.016592158,7.884417,0.13081948,642988.2724,5494072.4635,96.0
96.0,2011,327239.0,25.0,770663.0,100.0,0.0,2.094887,0.019905968,8.312065,0.1654597,642988.2724,5494072.4635,96.0
96.0,2012,327239.0,25.0,770663.0,100.0,0.0,2.1343968,0.02067806,8.647046,0.17880413,642988.2724,5494072.4635,96.0
96.0,2013,327239.0,25.0,770663.0,100.0,0.0,2.1518512,0.016828626,8.799301,0.14808014,642988.2724,5494072.4635,96.0
96.0,2014,327239.0,25.0,770663.0,100.0,0.0,2.19856,0.0052049463,9.220056,0.047989894,642988.2724,5494072.4635,96.0
96.0,2015,327239.0,25.0,770663.0,100.0,0.0,2.205554,0.004927197,9.284766,0.045747872,642988.2724,5494072.4635,96.0
96.0,2016,327239.0,25.0,770663.0,100.0,0.0,2.2416012,0.010475356,9.625562,0.10083119,642988.2724,5494072.4635,96.0
96.0,2017,327239.0,25.0,770663.0,100.0,0.0,2.2980106,0.036008112,10.18414,0.36671168,642988.2724,5494072.4635,96.0
96.0,2018,327239.0,25.0,770663.0,100.0,0.0,2.3693724,0.023667952,10.937457,0.2588672,642988.2724,5494072.4635,96.0
96.0,2019,327239.0,25.0,770663.0,100.0,0.0,2.4003892,0.031524725,11.28202,0.35566258,642988.2724,5494072.4635,96.0
96.0,2020,327239.0,25.0,770663.0,100.0,0.0,2.4109159,0.027258208,11.401409,0.310782,642988.2724,5494072.4635,96.0
96.0,2021,327239.0,25.0,770663.0,100.0,0.0,2.4063387,0.027051503,11.349341,0.30701676,642988.2724,5494072.4635,96.0
96.0,2022,327239.0,25.0,770663.0,100.0,0.0,2.4654384,0.023270842,12.0403,0.2801879,642988.2724,5494072.4635,96.0
96.0,2023,327239.0,25.0,770663.0,100.0,0.0,2.483456,0.026650958,12.259201,0.32671946,642988.2724,5494072.4635,96.0
96.0,2024,327239.0,25.0,770663.0,100.0,0.0,2.523228,0.02872679,12.756602,0.36645624,642988.2724,5494072.4635,96.0
96.0,2025,327239.0,25.0,770663.0,100.0,0.0,2.608461,0.034654506,13.891567,0.48140538,642988.2724,5494072.4635,96.0
97.0,2007,332460.0,25.0,857146.0,100.0,0.0,1.8691348,0.007970746,6.6326494,0.052867163,653724.6442,5477275.6114,97.0
97.0,2008,332460.0,25.0,857146.0,100.0,0.0,1.883223,0.008436459,6.726753,0.05674998,653724.6442,5477275.6114,97.0
97.0,2009,332460.0,25.0,857146.0,100.0,0.0,1.9141456,0.014020245,6.938011,0.09727261,653724.6442,5477275.6114,97.0
97.0,2010,332460.0,25.0,857146.0,100.0,0.0,1.9249332,0.009721285,7.0132604,0.0681779,653724.6442,5477275.6114,97.0
97.0,2011,332460.0,25.0,857146.0,100.0,0.0,1.9537661,0.0085569285,7.2184167,0.061767474,653724.6442,5477275.6114,97.0
97.0,2012,332460.0,25.0,857146.0,100.0,0.0,1.9958355,0.0029996887,7.52857,0.022583367,653724.6442,5477275.6114,97.0
97.0,2013,332460.0,25.0,857146.0,100.0,0.0,2.0133188,0.001795968,7.6613507,0.01375954,653724.6442,5477275.6114,97.0
97.0,2014,332460.0,25.0,857146.0,100.0,0.0,2.0993073,0.0066306894,8.349292,0.055361565,653724.6442,5477275.6114,97.0
97.0,2015,332460.0,25.0,857146.0,100.0,0.0,2.144592,0.006164802,8.73608,0.053856205,653724.6442,5477275.6114,97.0
97.0,2016,332460.0,25.0,857146.0,100.0,0.0,2.1782525,0.009860397,9.035147,0.08909014,653724.6442,5477275.6114,97.0
97.0,2017,332460.0,25.0,857146.0,100.0,0.0,2.272863,0.009502596,9.931707,0.09437701,653724.6442,5477275.6114,97.0
97.0,2018,332460.0,25.0,857146.0,100.0,0.0,2.3170452,0.012949612,10.380351,0.13442151,653724.6442,5477275.6114,97.0
97.0,2019,332460.0,25.0,857146.0,100.0,0.0,2.3632789,0.012519693,10.871541,0.13610835,653724.6442,5477275.6114,97.0
97.0,2020,332460.0,25.0,857146.0,100.0,0.0,2.4034886,0.011813095,11.31759,0.13369577,653724.6442,5477275.6114,97.0
97.0,2021,332460.0,25.0,857146.0,100.0,0.0,2.3752017,0.011471728,11.001935,0.12621121,653724.6442,5477275.6114,97.0
97.0,2022,332460.0,25.0,857146.0,100.0,0.0,2.4026773,0.013887749,11.308413,0.1570484,653724.6442,5477275.6114,97.0
97.0,2023,332460.0,25.0,857146.0,100.0,0.0,2.4342809,0.009197507,11.671506,0.107348755,653724.6442,5477275.6114,97.0
97.0,2024,332460.0,25.0,857146.0,100.0,0.0,2.488082,0.017290944,12.316644,0.21296641,653724.6442,5477275.6114,97.0
97.0,2025,332460.0,25.0,857146.0,100.0,0.0,2.5397243,0.004933198,12.969415,0.06398069,653724.6442,5477275.6114,97.0
99.0,2007,16554.0,25.0,1227423.0,100.0,0.0,1.4899536,0.005133132,4.5097537,0.02314916,645296.701,5431069.8029,99.0
99.0,2008,16554.0,25.0,1227423.0,100.0,0.0,1.4838738,0.01195891,4.4824185,0.053604845,645296.701,5431069.8029,99.0
99.0,2009,16554.0,25.0,1227423.0,100.0,0.0,1.4673337,0.019172475,4.4088883,0.0845293,645296.701,5431069.8029,99.0
99.0,2010,16554.0,25.0,1227423.0,100.0,0.0,1.5352505,0.011256051,4.7187285,0.053114254,645296.701,5431069.8029,99.0
99.0,2011,16554.0,25.0,1227423.0,100.0,0.0,1.5925363,0.015233172,4.9969373,0.07611921,645296.701,5431069.8029,99.0
99.0,2012,16554.0,25.0,1227423.0,100.0,0.0,1.5631548,0.013891844,4.852256,0.06740678,645296.701,5431069.8029,99.0
99.0,2013,16554.0,25.0,1227423.0,100.0,0.0,1.6187432,0.018142477,5.129623,0.09306407,645296.701,5431069.8029,99.0
99.0,2014,16554.0,25.0,1227423.0,100.0,0.0,1.6900162,0.015637148,5.5085697,0.08613832,645296.701,5431069.8029,99.0
99.0,2015,16554.0,25.0,1227423.0,100.0,0.0,1.6854033,0.0059484662,5.4832187,0.032616742,645296.701,5431069.8029,99.0
99.0,2016,16554.0,25.0,1227423.0,100.0,0.0,1.7572061,0.001309905,5.891408,0.0077171847,645296.701,5431069.8029,99.0
99.0,2017,16554.0,25.0,1227423.0,100.0,0.0,1.8864202,0.013223645,6.704032,0.08865175,645296.701,5431069.8029,99.0
99.0,2018,16554.0,25.0,1227423.0,100.0,0.0,1.8385457,0.009759344,6.390641,0.062368467,645296.701,5431069.8029,99.0
99.0,2019,16554.0,25.0,1227423.0,100.0,0.0,1.9084859,0.011981916,6.8536053,0.08211932,645296.701,5431069.8029,99.0
99.0,2020,16554.0,25.0,1227423.0,100.0,0.0,1.8669034,0.007292664,6.5744596,0.047945328,645296.701,5431069.8029,99.0
99.0,2021,16554.0,25.0,1227423.0,100.0,0.0,1.974313,0.009763994,7.3199387,0.07147184,645296.701,5431069.8029,99.0
99.0,2022,16554.0,25.0,1227423.0,100.0,0.0,1.9681145,0.0053933957,7.2747064,0.03923537,645296.701,5431069.8029,99.0
99.0,2023,16554.0,25.0,1227423.0,100.0,0.0,2.0407825,0.026664361,7.823026,0.20859599,645296.701,5431069.8029,99.0
99.0,2024,16554.0,25.0,1227423.0,100.0,0.0,2.1186218,0.021331966,8.456291,0.18038931,645296.701,5431069.8029,99.0
99.0,2025,16554.0,25.0,1227423.0,100.0,0.0,2.206978,0.0053067105,9.237459,0.049020525,645296.701,5431069.8029,99.0
100.0,2007,175877.0,25.0,3163287.0,100.0,0.0,1.8671991,0.010257011,6.5615945,0.067302346,510458.7906,5534621.6104,100.0
100.0,2008,175877.0,25.0,3163287.0,100.0,0.0,1.8740896,0.0031178133,6.6069636,0.02059928,510458.7906,5534621.6104,100.0
100.0,2009,175877.0,25.0,3163287.0,100.0,0.0,1.8800411,0.0071153664,6.646402,0.047291584,510458.7906,5534621.6104,100.0
100.0,2010,175877.0,25.0,3163287.0,100.0,0.0,1.8872026,0.017898003,6.694171,0.11981229,510458.7906,5534621.6104,100.0
100.0,2011,175877.0,25.0,3163287.0,100.0,0.0,1.9020662,0.021243451,6.794414,0.14433679,510458.7906,5534621.6104,100.0
100.0,2012,175877.0,25.0,3163287.0,100.0,0.0,1.9324454,0.025216602,7.0039897,0.17661682,510458.7906,5534621.6104,100.0
100.0,2013,175877.0,25.0,3163287.0,100.0,0.0,1.9601126,0.02198298,7.200476,0.15828793,510458.7906,5534621.6104,100.0
100.0,2014,175877.0,25.0,3163287.0,100.0,0.0,1.9864874,0.011966195,7.392914,0.08846505,510458.7906,5534621.6104,100.0
100.0,2015,175877.0,25.0,3163287.0,100.0,0.0,2.0425036,0.02367656,7.818855,0.18512358,510458.7906,5534621.6104,100.0
100.0,2016,175877.0,25.0,3163287.0,100.0,0.0,2.0755036,0.019977752,8.081182,0.16144384,510458.7906,5534621.6104,100.0
100.0,2017,175877.0,25.0,3163287.0,100.0,0.0,2.1197932,0.01960625,8.447139,0.16561672,510458.7906,5534621.6104,100.0
100.0,2018,175877.0,25.0,3163287.0,100.0,0.0,2.1520011,0.01650399,8.723632,0.14397474,510458.7906,5534621.6104,100.0
100.0,2019,175877.0,25.0,3163287.0,100.0,0.0,2.2137504,0.019978346,9.279289,0.18538487,510458.7906,5534621.6104,100.0
100.0,2020,175877.0,25.0,3163287.0,100.0,0.0,2.2617152,0.016749062,9.735215,0.16305572,510458.7906,5534621.6104,100.0
100.0,2021,175877.0,25.0,3163287.0,100.0,0.0,2.31445,0.0071848906,10.262377,0.07373405,510458.7906,5534621.6104,100.0
100.0,2022,175877.0,25.0,3163287.0,100.0,0.0,2.3478496,0.006583829,10.610925,0.06986051,510458.7906,5534621.6104,100.0
100.0,2023,175877.0,25.0,3163287.0,100.0,0.0,2.404204,0.011267676,11.226067,0.12649168,510458.7906,5534621.6104,100.0
100.0,2024,175877.0,25.0,3163287.0,100.0,0.0,2.428219,0.010795867,11.498927,0.12414089,510458.7906,5534621.6104,100.0
100.0,2025,175877.0,25.0,3163287.0,100.0,0.0,2.460474,0.007894791,11.875869,0.0937575,510458.7906,5534621.6104,100.0
101.0,2007,27104.0,25.0,927832.0,100.0,0.0,1.591974,0.016319165,5.028988,0.08206888,587410.6865,5544570.5856,101.0
101.0,2008,27104.0,25.0,927832.0,100.0,0.0,1.5964702,0.013905769,5.0516505,0.070247084,587410.6865,5544570.5856,101.0
101.0,2009,27104.0,25.0,927832.0,100.0,0.0,1.6155251,0.011971879,5.1488323,0.061641198,587410.6865,5544570.5856,101.0
101.0,2010,27104.0,25.0,927832.0,100.0,0.0,1.6667334,0.018479047,5.419362,0.10014465,587410.6865,5544570.5856,101.0
101.0,2011,27104.0,25.0,927832.0,100.0,0.0,1.6969792,0.023627192,5.585779,0.13197628,587410.6865,5544570.5856,101.0
101.0,2012,27104.0,25.0,927832.0,100.0,0.0,1.7142551,0.0644686,5.683117,0.3663826,587410.6865,5544570.5856,101.0
101.0,2013,27104.0,25.0,927832.0,100.0,0.0,1.7529585,0.047170024,5.907386,0.27865154,587410.6865,5544570.5856,101.0
101.0,2014,27104.0,25.0,927832.0,100.0,0.0,1.7399727,0.024852412,5.8311687,0.1449186,587410.6865,5544570.5856,101.0
101.0,2015,27104.0,25.0,927832.0,100.0,0.0,1.7980744,0.013724215,6.1800056,0.084815726,587410.6865,5544570.5856,101.0
101.0,2016,27104.0,25.0,927832.0,100.0,0.0,1.8329521,0.005642293,6.399353,0.036107022,587410.6865,5544570.5856,101.0
101.0,2017,27104.0,25.0,927832.0,100.0,0.0,1.8635877,0.0043151355,6.598435,0.02847314,587410.6865,5544570.5856,101.0
101.0,2018,27104.0,25.0,927832.0,100.0,0.0,1.9260278,0.011369331,7.0235767,0.07985337,587410.6865,5544570.5856,101.0
101.0,2019,27104.0,25.0,927832.0,100.0,0.0,2.0120323,0.018686762,7.654373,0.14303544,587410.6865,5544570.5856,101.0
101.0,2020,27104.0,25.0,927832.0,100.0,0.0,2.0903811,0.008332542,8.278203,0.06897847,587410.6865,5544570.5856,101.0
101.0,2021,27104.0,25.0,927832.0,100.0,0.0,2.072462,0.012454976,8.1311865,0.10127373,587410.6865,5544570.5856,101.0
101.0,2022,27104.0,25.0,927832.0,100.0,0.0,2.1632376,0.004605756,8.903838,0.04100891,587410.6865,5544570.5856,101.0
101.0,2023,27104.0,25.0,927832.0,100.0,0.0,2.1493182,0.0022374557,8.780761,0.019646564,587410.6865,5544570.5856,101.0
101.0,2024,27104.0,25.0,927832.0,100.0,0.0,2.2012353,0.012969157,9.248674,0.11994751,587410.6865,5544570.5856,101.0
101.0,2025,27104.0,25.0,927832.0,100.0,0.0,2.2334037,0.013580576,9.551024,0.12970841,587410.6865,5544570.5856,101.0
102.0,2007,71867.0,25.0,1904719.0,100.0,0.0,1.9141642,0.013545804,6.930328,0.09387685,567731.709,5515110.8664,102.0
102.0,2008,71867.0,25.0,1904719.0,100.0,0.0,1.9258807,0.0122508295,7.012004,0.08590287,567731.709,5515110.8664,102.0
102.0,2009,71867.0,25.0,1904719.0,100.0,0.0,1.9427627,0.01648597,7.1313863,0.11756783,567731.709,5515110.8664,102.0
102.0,2010,71867.0,25.0,1904719.0,100.0,0.0,1.9652001,0.021427497,7.2932043,0.15627511,567731.709,5515110.8664,102.0
102.0,2011,71867.0,25.0,1904719.0,100.0,0.0,2.0104997,0.019769492,7.6311817,0.15086459,567731.709,5515110.8664,102.0
102.0,2012,71867.0,25.0,1904719.0,100.0,0.0,2.0322552,0.019073227,7.799019,0.14875247,567731.709,5515110.8664,102.0
102.0,2013,71867.0,25.0,1904719.0,100.0,0.0,2.0782044,0.018690545,8.165739,0.15262212,567731.709,5515110.8664,102.0
102.0,2014,71867.0,25.0,1904719.0,100.0,0.0,2.1658523,0.025653305,8.913751,0.22866717,567731.709,5515110.8664,102.0
102.0,2015,71867.0,25.0,1904719.0,100.0,0.0,2.2867367,0.0170973,10.059118,0.17198376,567731.709,5515110.8664,102.0
102.0,2016,71867.0,25.0,1904719.0,100.0,0.0,2.2409577,0.006935154,9.609003,0.06663992,567731.709,5515110.8664,102.0
102.0,2017,71867.0,25.0,1904719.0,100.0,0.0,2.286724,0.0196271,10.058993,0.19742885,567731.709,5515110.8664,102.0
102.0,2018,71867.0,25.0,1904719.0,100.0,0.0,2.3427734,0.013628665,10.638891,0.14499389,567731.709,5515110.8664,102.0
102.0,2019,71867.0,25.0,1904719.0,100.0,0.0,2.3627224,0.012074689,10.853258,0.13104972,567731.709,5515110.8664,102.0
102.0,2020,71867.0,25.0,1904719.0,100.0,0.0,2.3966074,0.012227268,11.227322,0.13727948,567731.709,5515110.8664,102.0
102.0,2021,71867.0,25.0,1904719.0,100.0,0.0,2.421419,0.0060249995,11.509375,0.06934398,567731.709,5515110.8664,102.0
102.0,2022,71867.0,25.0,1904719.0,100.0,0.0,2.4597232,0.008731501,11.958785,0.10441815,567731.709,5515110.8664,102.0
102.0,2023,71867.0,25.0,1904719.0,100.0,0.0,2.5013762,0.008340383,12.4674225,0.103983074,567731.709,5515110.8664,102.0
102.0,2024,71867.0,25.0,1904719.0,100.0,0.0,2.4951882,0.008797638,12.390512,0.10900724,567731.709,5515110.8664,102.0
102.0,2025,71867.0,25.0,1904719.0,100.0,0.0,2.5687778,0.008479701,13.336714,0.11309135,567731.709,5515110.8664,102.0
103.0,2007,176548.0,25.0,1927453.0,100.0,0.0,1.8739623,0.0087257065,6.617145,0.057739265,639703.8572,5356426.6551,103.0
103.0,2008,176548.0,25.0,1927453.0,100.0,0.0,1.8718971,0.004643884,6.6034937,0.030665858,639703.8572,5356426.6551,103.0
103.0,2009,176548.0,25.0,1927453.0,100.0,0.0,1.8882807,0.0050474294,6.7125735,0.033881243,639703.8572,5356426.6551,103.0
103.0,2010,176548.0,25.0,1927453.0,100.0,0.0,1.8925925,0.004405467,6.7415795,0.029699806,639703.8572,5356426.6551,103.0
103.0,2011,176548.0,25.0,1927453.0,100.0,0.0,1.9307069,0.0045548477,7.00349,0.031899832,639703.8572,5356426.6551,103.0
103.0,2012,176548.0,25.0,1927453.0,100.0,0.0,1.9606143,0.00606581,7.2161098,0.04377155,639703.8572,5356426.6551,103.0
103.0,2013,176548.0,25.0,1927453.0,100.0,0.0,2.0196369,0.0044477344,7.654843,0.03404671,639703.8572,5356426.6551,103.0
103.0,2014,176548.0,25.0,1927453.0,100.0,0.0,2.094962,0.007063419,8.253716,0.058299463,639703.8572,5356426.6551,103.0
103.0,2015,176548.0,25.0,1927453.0,100.0,0.0,2.131118,0.0016163266,8.557599,0.013831875,639703.8572,5356426.6551,103.0
103.0,2016,176548.0,25.0,1927453.0,100.0,0.0,2.163857,0.0027320064,8.842403,0.024157502,639703.8572,5356426.6551,103.0
103.0,2017,176548.0,25.0,1927453.0,100.0,0.0,2.2857566,0.004426286,9.988739,0.04421301,639703.8572,5356426.6551,103.0
103.0,2018,176548.0,25.0,1927453.0,100.0,0.0,2.3357973,0.0059581473,10.501301,0.06256829,639703.8572,5356426.6551,103.0
103.0,2019,176548.0,25.0,1927453.0,100.0,0.0,2.372189,0.008388249,10.8905,0.091352224,639703.8572,5356426.6551,103.0
103.0,2020,176548.0,25.0,1927453.0,100.0,0.0,2.4071853,0.0031096027,11.278373,0.035071258,639703.8572,5356426.6551,103.0
103.0,2021,176548.0,25.0,1927453.0,100.0,0.0,2.4171772,0.00071900454,11.39163,0.008190634,639703.8572,5356426.6551,103.0
103.0,2022,176548.0,25.0,1927453.0,100.0,0.0,2.4742239,0.0025220125,12.06038,0.030416427,639703.8572,5356426.6551,103.0
103.0,2023,176548.0,25.0,1927453.0,100.0,0.0,2.504442,0.0027461138,12.430384,0.03413525,639703.8572,5356426.6551,103.0
103.0,2024,176548.0,25.0,1927453.0,100.0,0.0,2.5609221,0.007628174,13.152657,0.10033075,639703.8572,5356426.6551,103.0
103.0,2025,176548.0,25.0,1927453.0,100.0,0.0,2.6171966,0.003865584,13.914039,0.053785883,639703.8572,5356426.6551,103.0
106.0,2007,36073.0,25.0,893093.0,100.0,0.0,1.718435,0.00051181356,5.6769876,0.002905559,598072.5838,5288029.1619,106.0
106.0,2008,36073.0,25.0,893093.0,100.0,0.0,1.7679058,0.0115181245,5.9648952,0.068704404,598072.5838,5288029.1619,106.0
106.0,2009,36073.0,25.0,893093.0,100.0,0.0,1.792801,0.010887784,6.1152563,0.06658159,598072.5838,5288029.1619,106.0
106.0,2010,36073.0,25.0,893093.0,100.0,0.0,1.8084741,0.01275439,6.2118564,0.07922844,598072.5838,5288029.1619,106.0
106.0,2011,36073.0,25.0,893093.0,100.0,0.0,1.7984617,0.019153578,6.149971,0.117793955,598072.5838,5288029.1619,106.0
106.0,2012,36073.0,25.0,893093.0,100.0,0.0,1.8197186,0.010388306,6.2820997,0.06526037,598072.5838,5288029.1619,106.0
106.0,2013,36073.0,25.0,893093.0,100.0,0.0,1.880434,0.0070642075,6.675337,0.047155965,598072.5838,5288029.1619,106.0
106.0,2014,36073.0,25.0,893093.0,100.0,0.0,1.908963,0.0044883424,6.8685203,0.030828271,598072.5838,5288029.1619,106.0
106.0,2015,36073.0,25.0,893093.0,100.0,0.0,1.9530264,0.011824893,7.1779375,0.08487834,598072.5838,5288029.1619,106.0
106.0,2016,36073.0,25.0,893093.0,100.0,0.0,2.0457077,0.01410873,7.8750005,0.111106254,598072.5838,5288029.1619,106.0
106.0,2017,36073.0,25.0,893093.0,100.0,0.0,2.1046448,0.008774738,8.353081,0.0732961,598072.5838,5288029.1619,106.0
106.0,2018,36073.0,25.0,893093.0,100.0,0.0,2.1708934,0.013195329,8.925203,0.11777101,598072.5838,5288029.1619,106.0
106.0,2019,36073.0,25.0,893093.0,100.0,0.0,2.2389545,0.012769425,9.553811,0.12199667,598072.5838,5288029.1619,106.0
106.0,2020,36073.0,25.0,893093.0,100.0,0.0,2.32871,0.007407861,10.450979,0.0774194,598072.5838,5288029.1619,106.0
106.0,2021,36073.0,25.0,893093.0,100.0,0.0,2.3046696,0.005828903,10.202729,0.05947072,598072.5838,5288029.1619,106.0
106.0,2022,36073.0,25.0,893093.0,100.0,0.0,2.371088,0.012535436,10.90339,0.13667874,598072.5838,5288029.1619,106.0
106.0,2023,36073.0,25.0,893093.0,100.0,0.0,2.429576,0.011254865,11.560124,0.13010764,598072.5838,5288029.1619,106.0
106.0,2024,36073.0,25.0,893093.0,100.0,0.0,2.4795704,0.006346976,12.152758,0.07713326,598072.5838,5288029.1619,106.0
106.0,2025,36073.0,25.0,893093.0,100.0,0.0,2.5167918,0.0043192846,12.613624,0.054481834,598072.5838,5288029.1619,106.0
104.0,2007,21885.0,25.0,1043020.0,100.0,0.0,1.782259,0.02490297,6.047541,0.15060173,586789.7304,5314595.5119,104.0
104.0,2008,21885.0,25.0,1043020.0,100.0,0.0,1.8473436,0.025907075,6.454234,0.16721033,586789.7304,5314595.5119,104.0
104.0,2009,21885.0,25.0,1043020.0,100.0,0.0,1.8063368,0.035523586,6.19492,0.22006579,586789.7304,5314595.5119,104.0
104.0,2010,21885.0,25.0,1043020.0,100.0,0.0,1.785567,0.016443418,6.0675797,0.09977175,586789.7304,5314595.5119,104.0
104.0,2011,21885.0,25.0,1043020.0,100.0,0.0,1.8041018,0.014702603,6.18109,0.090878114,586789.7304,5314595.5119,104.0
104.0,2012,21885.0,25.0,1043020.0,100.0,0.0,1.7962186,0.0072403834,6.1325545,0.044402044,586789.7304,5314595.5119,104.0
104.0,2013,21885.0,25.0,1043020.0,100.0,0.0,1.8438654,0.017576037,6.431824,0.11304598,586789.7304,5314595.5119,104.0
104.0,2014,21885.0,25.0,1043020.0,100.0,0.0,1.9499311,0.022359379,7.151513,0.15990339,586789.7304,5314595.5119,104.0
104.0,2015,21885.0,25.0,1043020.0,100.0,0.0,1.9922847,0.01872265,7.4609103,0.13968801,586789.7304,5314595.5119,104.0
104.0,2016,21885.0,25.0,1043020.0,100.0,0.0,2.0424414,0.011776227,7.84467,0.092380606,586789.7304,5314595.5119,104.0
104.0,2017,21885.0,25.0,1043020.0,100.0,0.0,2.0800352,0.012266979,8.145194,0.09991692,586789.7304,5314595.5119,104.0
104.0,2018,21885.0,25.0,1043020.0,100.0,0.0,2.1309726,0.018615795,8.570838,0.15955296,586789.7304,5314595.5119,104.0
104.0,2019,21885.0,25.0,1043020.0,100.0,0.0,2.1801026,0.016753957,9.002438,0.15082645,586789.7304,5314595.5119,104.0
104.0,2020,21885.0,25.0,1043020.0,100.0,0.0,2.1974056,0.010086149,9.159563,0.09238472,586789.7304,5314595.5119,104.0
104.0,2021,21885.0,25.0,1043020.0,100.0,0.0,2.284455,0.015453466,9.992631,0.15442078,586789.7304,5314595.5119,104.0
104.0,2022,21885.0,25.0,1043020.0,100.0,0.0,2.3084445,0.023859026,10.235246,0.244203,586789.7304,5314595.5119,104.0
104.0,2023,21885.0,25.0,1043020.0,100.0,0.0,2.325106,0.011782563,10.407208,0.12262359,586789.7304,5314595.5119,104.0
104.0,2024,21885.0,25.0,1043020.0,100.0,0.0,2.3690722,0.015076936,10.874982,0.16396141,586789.7304,5314595.5119,104.0
104.0,2025,21885.0,25.0,1043020.0,100.0,0.0,2.4594324,0.0057394067,11.903412,0.06831852,586789.7304,5314595.5119,104.0
105.0,2007,12932.0,25.0,2164740.0,100.0,0.0,1.7288705,0.008709485,5.7190404,0.049809895,630329.3309,5398276.5053,105.0
105.0,2008,12932.0,25.0,2164740.0,100.0,0.0,1.693295,0.019733524,5.5191584,0.10891245,630329.3309,5398276.5053,105.0
105.0,2009,12932.0,25.0,2164740.0,100.0,0.0,1.6783348,0.02034991,5.437206,0.11064665,630329.3309,5398276.5053,105.0
105.0,2010,12932.0,25.0,2164740.0,100.0,0.0,1.7220069,0.031092072,5.6799216,0.17660053,630329.3309,5398276.5053,105.0
105.0,2011,12932.0,25.0,2164740.0,100.0,0.0,1.7040539,0.0010141731,5.5788593,0.0056579295,630329.3309,5398276.5053,105.0
105.0,2012,12932.0,25.0,2164740.0,100.0,0.0,1.771642,0.03575882,5.9689584,0.21344292,630329.3309,5398276.5053,105.0
105.0,2013,12932.0,25.0,2164740.0,100.0,0.0,1.8888869,0.0147734275,6.711466,0.09915135,630329.3309,5398276.5053,105.0
105.0,2014,12932.0,25.0,2164740.0,100.0,0.0,1.9065675,0.00013396471,6.831183,0.00091513747,630329.3309,5398276.5053,105.0
105.0,2015,12932.0,25.0,2164740.0,100.0,0.0,1.9411495,0.025922023,7.071552,0.18330893,630329.3309,5398276.5053,105.0
105.0,2016,12932.0,25.0,2164740.0,100.0,0.0,1.9661306,0.018705659,7.250432,0.1356241,630329.3309,5398276.5053,105.0
105.0,2017,12932.0,25.0,2164740.0,100.0,0.0,2.0023434,0.03476369,7.5178022,0.26134652,630329.3309,5398276.5053,105.0
105.0,2018,12932.0,25.0,2164740.0,100.0,0.0,2.052477,0.027705189,7.9043036,0.21899022,630329.3309,5398276.5053,105.0
105.0,2019,12932.0,25.0,2164740.0,100.0,0.0,2.121048,0.0025317986,8.465324,0.021432495,630329.3309,5398276.5053,105.0
105.0,2020,12932.0,25.0,2164740.0,100.0,0.0,2.0812144,0.012594937,8.134749,0.10245666,630329.3309,5398276.5053,105.0
105.0,2021,12932.0,25.0,2164740.0,100.0,0.0,2.1669528,0.048444457,8.862982,0.4293623,630329.3309,5398276.5053,105.0
105.0,2022,12932.0,25.0,2164740.0,100.0,0.0,2.2081516,0.0073897713,9.235753,0.068250105,630329.3309,5398276.5053,105.0
105.0,2023,12932.0,25.0,2164740.0,100.0,0.0,2.237225,0.03264658,9.508208,0.3104105,630329.3309,5398276.5053,105.0
105.0,2024,12932.0,25.0,2164740.0,100.0,0.0,2.26949,0.009398918,9.819993,0.09229731,630329.3309,5398276.5053,105.0
105.0,2025,12932.0,25.0,2164740.0,100.0,0.0,2.3368971,0.022133272,10.50475,0.2325045,630329.3309,5398276.5053,105.0
107.0,2007,59195.0,25.0,429324.0,100.0,0.0,1.7890189,0.0051105926,6.095991,0.031154126,354918.2629,5456026.3268,107.0
107.0,2008,59195.0,25.0,429324.0,100.0,0.0,1.8077192,0.013256791,6.2110605,0.08233873,354918.2629,5456026.3268,107.0
107.0,2009,59195.0,25.0,429324.0,100.0,0.0,1.7819262,0.013811399,6.052907,0.08359911,354918.2629,5456026.3268,107.0
107.0,2010,59195.0,25.0,429324.0,100.0,0.0,1.7838744,0.017162438,6.064711,0.10408523,354918.2629,5456026.3268,107.0
107.0,2011,59195.0,25.0,429324.0,100.0,0.0,1.8300502,0.010862687,6.3513203,0.068992406,354918.2629,5456026.3268,107.0
107.0,2012,59195.0,25.0,429324.0,100.0,0.0,1.850012,0.015054005,6.4793773,0.09754059,354918.2629,5456026.3268,107.0
107.0,2013,59195.0,25.0,429324.0,100.0,0.0,1.8969601,0.02028848,6.7908263,0.13777556,354918.2629,5456026.3268,107.0
107.0,2014,59195.0,25.0,429324.0,100.0,0.0,1.9156618,0.024592977,6.9190207,0.17015933,354918.2629,5456026.3268,107.0
107.0,2015,59195.0,25.0,429324.0,100.0,0.0,1.9190091,0.020601742,6.9422197,0.14302182,354918.2629,5456026.3268,107.0
107.0,2016,59195.0,25.0,429324.0,100.0,0.0,1.944249,0.013962605,7.119671,0.099409156,354918.2629,5456026.3268,107.0
107.0,2017,59195.0,25.0,429324.0,100.0,0.0,1.9862801,0.023083916,7.4252963,0.17140493,354918.2629,5456026.3268,107.0
107.0,2018,59195.0,25.0,429324.0,100.0,0.0,1.9849473,0.022726815,7.4154067,0.16852857,354918.2629,5456026.3268,107.0
107.0,2019,59195.0,25.0,429324.0,100.0,0.0,2.0084884,0.020866608,7.592044,0.15842019,354918.2629,5456026.3268,107.0
107.0,2020,59195.0,25.0,429324.0,100.0,0.0,2.0481677,0.025255134,7.8993473,0.19949909,354918.2629,5456026.3268,107.0
107.0,2021,59195.0,25.0,429324.0,100.0,0.0,2.0746849,0.024596697,8.111617,0.199519,354918.2629,5456026.3268,107.0
107.0,2022,59195.0,25.0,429324.0,100.0,0.0,2.136865,0.025689684,8.63201,0.22175361,354918.2629,5456026.3268,107.0
107.0,2023,59195.0,25.0,429324.0,100.0,0.0,2.1739523,0.019362334,8.95816,0.17345089,354918.2629,5456026.3268,107.0
107.0,2024,59195.0,25.0,429324.0,100.0,0.0,2.2109618,0.021518556,9.295908,0.20003451,354918.2629,5456026.3268,107.0
107.0,2025,59195.0,25.0,429324.0,100.0,0.0,2.264718,0.028632935,9.809297,0.28086895,354918.2629,5456026.3268,107.0
108.0,2007,53297.0,25.0,1328312.0,100.0,0.0,1.6640832,0.029138621,5.3946695,0.15719323,379273.7951,5465048.5464,108.0
108.0,2008,53297.0,25.0,1328312.0,100.0,0.0,1.7010349,0.022704476,5.5977407,0.12709378,379273.7951,5465048.5464,108.0
108.0,2009,53297.0,25.0,1328312.0,100.0,0.0,1.6807858,0.01180853,5.4855313,0.06477606,379273.7951,5465048.5464,108.0
108.0,2010,53297.0,25.0,1328312.0,100.0,0.0,1.6679568,0.035557274,5.4156065,0.19256422,379273.7951,5465048.5464,108.0
108.0,2011,53297.0,25.0,1328312.0,100.0,0.0,1.6891888,0.0020842466,5.5318203,0.011529678,379273.7951,5465048.5464,108.0
108.0,2012,53297.0,25.0,1328312.0,100.0,0.0,1.752925,0.009742845,5.8958764,0.05744261,379273.7951,5465048.5464,108.0
108.0,2013,53297.0,25.0,1328312.0,100.0,0.0,1.7526306,0.024313081,5.8941402,0.1433047,379273.7951,5465048.5464,108.0
108.0,2014,53297.0,25.0,1328312.0,100.0,0.0,1.7503985,0.012063265,5.880999,0.07094405,379273.7951,5465048.5464,108.0
108.0,2015,53297.0,25.0,1328312.0,100.0,0.0,1.787503,0.009129649,6.1033096,0.05572107,379273.7951,5465048.5464,108.0
108.0,2016,53297.0,25.0,1328312.0,100.0,0.0,1.8060491,0.011690394,6.217558,0.0726857,379273.7951,5465048.5464,108.0
108.0,2017,53297.0,25.0,1328312.0,100.0,0.0,1.8482703,0.04074553,6.4856915,0.26426294,379273.7951,5465048.5464,108.0
108.0,2018,53297.0,25.0,1328312.0,100.0,0.0,1.8978969,0.022163358,6.8156743,0.15105823,379273.7951,5465048.5464,108.0
108.0,2019,53297.0,25.0,1328312.0,100.0,0.0,1.913194,0.018697232,6.920736,0.1293986,379273.7951,5465048.5464,108.0
108.0,2020,53297.0,25.0,1328312.0,100.0,0.0,1.934895,0.033033095,7.072565,0.23362872,379273.7951,5465048.5464,108.0
108.0,2021,53297.0,25.0,1328312.0,100.0,0.0,1.9677333,0.02932458,7.3086705,0.2143237,379273.7951,5465048.5464,108.0
108.0,2022,53297.0,25.0,1328312.0,100.0,0.0,2.041731,0.031030487,7.870009,0.24421021,379273.7951,5465048.5464,108.0
108.0,2023,53297.0,25.0,1328312.0,100.0,0.0,2.1577556,0.01931118,8.838204,0.17067616,379273.7951,5465048.5464,108.0
108.0,2024,53297.0,25.0,1328312.0,100.0,0.0,2.2160997,0.024131028,9.3692,0.22608843,379273.7951,5465048.5464,108.0
108.0,2025,53297.0,25.0,1328312.0,100.0,0.0,2.2864761,0.015600584,10.052328,0.15682219,379273.7951,5465048.5464,108.0
109.0,2007,2357766.0,25.0,2665704.0,100.0,0.0,1.8217902,0.033609305,6.4241366,0.21591075,798734.6477,5825933.2294,109.0
109.0,2008,2357766.0,25.0,2665704.0,100.0,0.0,1.8658533,0.033195462,6.713533,0.22285882,798734.6477,5825933.2294,109.0
109.0,2009,2357766.0,25.0,2665704.0,100.0,0.0,1.9077106,0.039088033,7.000507,0.27363604,798734.6477,5825933.2294,109.0
109.0,2010,2357766.0,25.0,2665704.0,100.0,0.0,1.9816602,0.039378792,7.537814,0.29683,798734.6477,5825933.2294,109.0
109.0,2011,2357766.0,25.0,2665704.0,100.0,0.0,2.0712197,0.044183478,8.24405,0.3642508,798734.6477,5825933.2294,109.0
109.0,2012,2357766.0,25.0,2665704.0,100.0,0.0,2.1515028,0.039456606,8.933203,0.35247386,798734.6477,5825933.2294,109.0
109.0,2013,2357766.0,25.0,2665704.0,100.0,0.0,2.2188241,0.0357373,9.555301,0.34148064,798734.6477,5825933.2294,109.0
109.0,2014,2357766.0,25.0,2665704.0,100.0,0.0,2.2899334,0.040748764,10.259515,0.41806257,798734.6477,5825933.2294,109.0
109.0,2015,2357766.0,25.0,2665704.0,100.0,0.0,2.322203,0.031529114,10.595982,0.3340819,798734.6477,5825933.2294,109.0
109.0,2016,2357766.0,25.0,2665704.0,100.0,0.0,2.3968017,0.038763832,11.416659,0.44255346,798734.6477,5825933.2294,109.0
109.0,2017,2357766.0,25.0,2665704.0,100.0,0.0,2.5293765,0.04392763,13.035137,0.5726026,798734.6477,5825933.2294,109.0
109.0,2018,2357766.0,25.0,2665704.0,100.0,0.0,2.6052704,0.048207615,14.062932,0.6779404,798734.6477,5825933.2294,109.0
109.0,2019,2357766.0,25.0,2665704.0,100.0,0.0,2.6843178,0.063834175,15.219688,0.9715362,798734.6477,5825933.2294,109.0
109.0,2020,2357766.0,25.0,2665704.0,100.0,0.0,2.6573749,0.069444895,14.8151,1.028833,798734.6477,5825933.2294,109.0
109.0,2021,2357766.0,25.0,2665704.0,100.0,0.0,2.7153676,0.06091992,15.699669,0.9564226,798734.6477,5825933.2294,109.0
109.0,2022,2357766.0,25.0,2665704.0,100.0,0.0,2.857331,0.06941568,18.09441,1.2560358,798734.6477,5825933.2294,109.0
109.0,2023,2357766.0,25.0,2665704.0,100.0,0.0,2.8155637,0.030865788,17.354221,0.53565174,798734.6477,5825933.2294,109.0
109.0,2024,2357766.0,25.0,2665704.0,100.0,0.0,2.872403,0.035184223,18.369192,0.6463057,798734.6477,5825933.2294,109.0
109.0,2025,2357766.0,25.0,2665704.0,100.0,0.0,2.839495,0.010529389,17.774538,0.18715502,798734.6477,5825933.2294,109.0
116.0,2007,36820.0,25.0,3069576.0,100.0,0.0,1.5370839,0.009399671,4.726355,0.04442618,739326.7733,5811585.2624,116.0
116.0,2008,36820.0,25.0,3069576.0,100.0,0.0,1.5286839,0.014998402,4.6868205,0.07029482,739326.7733,5811585.2624,116.0
116.0,2009,36820.0,25.0,3069576.0,100.0,0.0,1.4842671,0.016965594,4.483202,0.07606018,739326.7733,5811585.2624,116.0
116.0,2010,36820.0,25.0,3069576.0,100.0,0.0,1.5146649,0.0176944,4.621574,0.08177598,739326.7733,5811585.2624,116.0
116.0,2011,36820.0,25.0,3069576.0,100.0,0.0,1.5485301,0.01575118,4.7807646,0.07530268,739326.7733,5811585.2624,116.0
116.0,2012,36820.0,25.0,3069576.0,100.0,0.0,1.5872885,0.014976506,4.9696975,0.07442871,739326.7733,5811585.2624,116.0
116.0,2013,36820.0,25.0,3069576.0,100.0,0.0,1.6003557,0.013804845,5.035064,0.06950828,739326.7733,5811585.2624,116.0
116.0,2014,36820.0,25.0,3069576.0,100.0,0.0,1.5765368,0.01654533,4.916551,0.08134595,739326.7733,5811585.2624,116.0
116.0,2015,36820.0,25.0,3069576.0,100.0,0.0,1.6163982,0.010074336,5.11649,0.05154524,739326.7733,5811585.2624,116.0
116.0,2016,36820.0,25.0,3069576.0,100.0,0.0,1.7098345,0.007131238,5.617602,0.040060457,739326.7733,5811585.2624,116.0
116.0,2017,36820.0,25.0,3069576.0,100.0,0.0,1.7200578,0.008142519,5.6753273,0.046211462,739326.7733,5811585.2624,116.0
116.0,2018,36820.0,25.0,3069576.0,100.0,0.0,1.7780143,0.004007434,6.0139675,0.02410058,739326.7733,5811585.2624,116.0
116.0,2019,36820.0,25.0,3069576.0,100.0,0.0,1.7948202,0.0023337072,6.1158924,0.014272703,739326.7733,5811585.2624,116.0
116.0,2020,36820.0,25.0,3069576.0,100.0,0.0,1.8760144,0.00044718102,6.633183,0.0029662338,739326.7733,5811585.2624,116.0
116.0,2021,36820.0,25.0,3069576.0,100.0,0.0,1.9171588,0.008346821,6.9117947,0.057691514,739326.7733,5811585.2624,116.0
116.0,2022,36820.0,25.0,3069576.0,100.0,0.0,1.9453995,0.011843546,7.109771,0.084204905,739326.7733,5811585.2624,116.0
116.0,2023,36820.0,25.0,3069576.0,100.0,0.0,1.9868815,0.0052899667,7.4109,0.039203413,739326.7733,5811585.2624,116.0
116.0,2024,36820.0,25.0,3069576.0,100.0,0.0,2.1297133,0.019018633,8.5487385,0.16258532,739326.7733,5811585.2624,116.0
116.0,2025,36820.0,25.0,3069576.0,100.0,0.0,2.163234,0.004029876,8.840156,0.035624735,739326.7733,5811585.2624,116.0
118.0,2007,63931.0,25.0,1647866.0,100.0,0.0,1.6174469,0.017838715,5.1190147,0.09131664,870130.6658,5749388.1011,118.0
118.0,2008,63931.0,25.0,1647866.0,100.0,0.0,1.6407574,0.009659766,5.2397428,0.050614692,870130.6658,5749388.1011,118.0
118.0,2009,63931.0,25.0,1647866.0,100.0,0.0,1.6217351,0.0077255773,5.1410127,0.03971729,870130.6658,5749388.1011,118.0
118.0,2010,63931.0,25.0,1647866.0,100.0,0.0,1.5770355,0.0019667016,4.916272,0.00966884,870130.6658,5749388.1011,118.0
118.0,2011,63931.0,25.0,1647866.0,100.0,0.0,1.5959224,0.0026950375,5.0100074,0.013502157,870130.6658,5749388.1011,118.0
118.0,2012,63931.0,25.0,1647866.0,100.0,0.0,1.5102003,0.011970582,4.5984316,0.055045903,870130.6658,5749388.1011,118.0
118.0,2013,63931.0,25.0,1647866.0,100.0,0.0,1.6308872,0.0025322444,5.188279,0.013137992,870130.6658,5749388.1011,118.0
118.0,2014,63931.0,25.0,1647866.0,100.0,0.0,1.7429655,0.0029114587,5.8036118,0.016896976,870130.6658,5749388.1011,118.0
118.0,2015,63931.0,25.0,1647866.0,100.0,0.0,1.7240267,0.00074303185,5.6947327,0.0042313677,870130.6658,5749388.1011,118.0
118.0,2016,63931.0,25.0,1647866.0,100.0,0.0,1.7100004,0.0058211437,5.615414,0.032688133,870130.6658,5749388.1011,118.0
118.0,2017,63931.0,25.0,1647866.0,100.0,0.0,1.7317736,4.6943976e-05,5.739021,0.00026941244,870130.6658,5749388.1011,118.0
118.0,2018,63931.0,25.0,1647866.0,100.0,0.0,1.7804612,0.0033503368,6.025354,0.020186964,870130.6658,5749388.1011,118.0
118.0,2019,63931.0,25.0,1647866.0,100.0,0.0,1.786363,0.01010556,6.061019,0.06124999,870130.6658,5749388.1011,118.0
118.0,2020,63931.0,25.0,1647866.0,100.0,0.0,1.7720534,0.0103935,5.9749055,0.062100183,870130.6658,5749388.1011,118.0
118.0,2021,63931.0,25.0,1647866.0,100.0,0.0,1.7952826,0.0024967003,6.1153226,0.015268128,870130.6658,5749388.1011,118.0
118.0,2022,63931.0,25.0,1647866.0,100.0,0.0,1.8415139,0.0021068372,6.404679,0.013493615,870130.6658,5749388.1011,118.0
118.0,2023,63931.0,25.0,1647866.0,100.0,0.0,1.9113292,0.002422077,6.8678026,0.016634347,870130.6658,5749388.1011,118.0
118.0,2024,63931.0,25.0,1647866.0,100.0,0.0,2.0064557,0.0022414175,7.553195,0.016929863,870130.6658,5749388.1011,118.0
118.0,2025,63931.0,25.0,1647866.0,100.0,0.0,2.0789537,0.000195024,8.121126,0.0015838144,870130.6658,5749388.1011,118.0
110.0,2007,17068.0,25.0,2609708.0,100.0,0.0,1.7565606,0.0025846844,5.877148,0.015190573,874036.5858,5811359.6439,110.0
110.0,2008,17068.0,25.0,2609708.0,100.0,0.0,1.7099061,0.0021695676,5.6092515,0.01216965,874036.5858,5811359.6439,110.0
110.0,2009,17068.0,25.0,2609708.0,100.0,0.0,1.6825632,0.0012597253,5.457956,0.006875525,874036.5858,5811359.6439,110.0
110.0,2010,17068.0,25.0,2609708.0,100.0,0.0,1.7208266,0.0011459774,5.6708426,0.0064986576,874036.5858,5811359.6439,110.0
110.0,2011,17068.0,25.0,2609708.0,100.0,0.0,1.742008,0.0015053533,5.7922397,0.008719366,874036.5858,5811359.6439,110.0
110.0,2012,17068.0,25.0,2609708.0,100.0,0.0,1.7301892,0.0050647706,5.7241855,0.028991686,874036.5858,5811359.6439,110.0
110.0,2013,17068.0,25.0,2609708.0,100.0,0.0,1.6755883,0.0018851031,5.420019,0.010217295,874036.5858,5811359.6439,110.0
110.0,2014,17068.0,25.0,2609708.0,100.0,0.0,1.726978,0.0007165427,5.705833,0.004088473,874036.5858,5811359.6439,110.0
110.0,2015,17068.0,25.0,2609708.0,100.0,0.0,1.7281269,0.001313271,5.712393,0.0075019198,874036.5858,5811359.6439,110.0
110.0,2016,17068.0,25.0,2609708.0,100.0,0.0,1.7349026,0.0001239787,5.75123,0.00071302993,874036.5858,5811359.6439,110.0
110.0,2017,17068.0,25.0,2609708.0,100.0,0.0,1.7358608,0.004898389,5.7567434,0.028198767,874036.5858,5811359.6439,110.0
110.0,2018,17068.0,25.0,2609708.0,100.0,0.0,1.7356347,0.0017429772,5.7554417,0.010031603,874036.5858,5811359.6439,110.0
110.0,2019,17068.0,25.0,2609708.0,100.0,0.0,1.727732,0.005831962,5.7101374,0.033301305,874036.5858,5811359.6439,110.0
110.0,2020,17068.0,25.0,2609708.0,100.0,0.0,1.77658,0.0015436702,5.995991,0.009255833,874036.5858,5811359.6439,110.0
110.0,2021,17068.0,25.0,2609708.0,100.0,0.0,1.8062042,0.0061864424,6.176275,0.03820917,874036.5858,5811359.6439,110.0
110.0,2022,17068.0,25.0,2609708.0,100.0,0.0,1.8594313,0.005378453,6.513926,0.035034843,874036.5858,5811359.6439,110.0
110.0,2023,17068.0,25.0,2609708.0,100.0,0.0,1.9484336,0.0035428125,7.120263,0.025225757,874036.5858,5811359.6439,110.0
110.0,2024,17068.0,25.0,2609708.0,100.0,0.0,1.9921744,0.00399242,7.438621,0.029698102,874036.5858,5811359.6439,110.0
110.0,2025,17068.0,25.0,2609708.0,100.0,0.0,2.101476,0.00068219384,8.297771,0.0056606885,874036.5858,5811359.6439,110.0
112.0,2007,12760.0,25.0,3029938.0,100.0,0.0,1.5767117,0.002123641,4.904225,0.010414813,724856.1461,5834980.5107,112.0
112.0,2008,12760.0,25.0,3029938.0,100.0,0.0,1.6094314,0.009565299,5.0673437,0.048470657,724856.1461,5834980.5107,112.0
112.0,2009,12760.0,25.0,3029938.0,100.0,0.0,1.6082684,0.012266878,5.061454,0.06208824,724856.1461,5834980.5107,112.0
112.0,2010,12760.0,25.0,3029938.0,100.0,0.0,1.6215371,0.003297006,5.1290607,0.016910544,724856.1461,5834980.5107,112.0
112.0,2011,12760.0,25.0,3029938.0,100.0,0.0,1.6217988,0.00043253493,5.130402,0.0022190781,724856.1461,5834980.5107,112.0
112.0,2012,12760.0,25.0,3029938.0,100.0,0.0,1.6057501,0.00611866,5.0487237,0.030891422,724856.1461,5834980.5107,112.0
112.0,2013,12760.0,25.0,3029938.0,100.0,0.0,1.6514136,0.014726028,5.2846103,0.07782132,724856.1461,5834980.5107,112.0
112.0,2014,12760.0,25.0,3029938.0,100.0,0.0,1.6435275,0.022211224,5.2430997,0.11645566,724856.1461,5834980.5107,112.0
112.0,2015,12760.0,25.0,3029938.0,100.0,0.0,1.6501025,0.01953091,5.2776866,0.103078015,724856.1461,5834980.5107,112.0
112.0,2016,12760.0,25.0,3029938.0,100.0,0.0,1.6271142,0.0138214305,5.1577454,0.071287416,724856.1461,5834980.5107,112.0
112.0,2017,12760.0,25.0,3029938.0,100.0,0.0,1.6642357,0.0062039904,5.3528066,0.03320876,724856.1461,5834980.5107,112.0
112.0,2018,12760.0,25.0,3029938.0,100.0,0.0,1.6932331,0.00016547127,5.510297,0.00091179577,724856.1461,5834980.5107,112.0
112.0,2019,12760.0,25.0,3029938.0,100.0,0.0,1.6996071,0.0007259145,5.5455317,0.0040255818,724856.1461,5834980.5107,112.0
112.0,2020,12760.0,25.0,3029938.0,100.0,0.0,1.724046,0.014841456,5.682728,0.084339954,724856.1461,5834980.5107,112.0
112.0,2021,12760.0,25.0,3029938.0,100.0,0.0,1.7893059,0.011239744,6.0659504,0.068179734,724856.1461,5834980.5107,112.0
112.0,2022,12760.0,25.0,3029938.0,100.0,0.0,1.8302684,0.0023784002,6.3195863,0.015030505,724856.1461,5834980.5107,112.0
112.0,2023,12760.0,25.0,3029938.0,100.0,0.0,1.9444132,0.009165129,7.083715,0.06492316,724856.1461,5834980.5107,112.0
112.0,2024,12760.0,25.0,3029938.0,100.0,0.0,1.949002,0.033756863,7.116296,0.24022382,724856.1461,5834980.5107,112.0
112.0,2025,12760.0,25.0,3029938.0,100.0,0.0,1.9721391,0.041797653,7.282866,0.3044067,724856.1461,5834980.5107,112.0
113.0,2007,225160.0,25.0,2685176.0,100.0,0.0,1.7443444,0.07138554,5.863596,0.41857597,832040.2846,5835345.6254,113.0
113.0,2008,225160.0,25.0,2685176.0,100.0,0.0,1.715112,0.0123841055,5.6946697,0.07052339,832040.2846,5835345.6254,113.0
113.0,2009,225160.0,25.0,2685176.0,100.0,0.0,1.7024751,0.011288814,5.6231594,0.063478805,832040.2846,5835345.6254,113.0
113.0,2010,225160.0,25.0,2685176.0,100.0,0.0,1.69127,0.014712347,5.5605035,0.08180805,832040.2846,5835345.6254,113.0
113.0,2011,225160.0,25.0,2685176.0,100.0,0.0,1.6501143,0.06664735,5.3363023,0.3556504,832040.2846,5835345.6254,113.0
113.0,2012,225160.0,25.0,2685176.0,100.0,0.0,1.7281293,0.02383742,5.769284,0.13752484,832040.2846,5835345.6254,113.0
113.0,2013,225160.0,25.0,2685176.0,100.0,0.0,1.7953806,0.0013184563,6.17062,0.008135692,832040.2846,5835345.6254,113.0
113.0,2014,225160.0,25.0,2685176.0,100.0,0.0,1.8047037,0.015470959,6.228418,0.096359596,832040.2846,5835345.6254,113.0
113.0,2015,225160.0,25.0,2685176.0,100.0,0.0,1.8061137,0.01903223,6.237206,0.11870795,832040.2846,5835345.6254,113.0
113.0,2016,225160.0,25.0,2685176.0,100.0,0.0,1.8550785,0.03153725,6.5502095,0.20657562,832040.2846,5835345.6254,113.0
113.0,2017,225160.0,25.0,2685176.0,100.0,0.0,1.8767734,0.0007316183,6.6938686,0.0048973565,832040.2846,5835345.6254,113.0
113.0,2018,225160.0,25.0,2685176.0,100.0,0.0,2.0138278,0.05921344,7.6771355,0.4545896,832040.2846,5835345.6254,113.0
113.0,2019,225160.0,25.0,2685176.0,100.0,0.0,2.0899103,0.04568579,8.284025,0.37846223,832040.2846,5835345.6254,113.0
113.0,2020,225160.0,25.0,2685176.0,100.0,0.0,2.170412,0.063672215,8.978481,0.5716798,832040.2846,5835345.6254,113.0
113.0,2021,225160.0,25.0,2685176.0,100.0,0.0,2.2292712,0.07032397,9.522808,0.6696816,832040.2846,5835345.6254,113.0
113.0,2022,225160.0,25.0,2685176.0,100.0,0.0,2.3666008,0.07477372,10.924624,0.81687486,832040.2846,5835345.6254,113.0
113.0,2023,225160.0,25.0,2685176.0,100.0,0.0,2.3684185,0.025012704,10.9445,0.27375153,832040.2846,5835345.6254,113.0
113.0,2024,225160.0,25.0,2685176.0,100.0,0.0,2.4016876,0.0030930424,11.31474,0.03499697,832040.2846,5835345.6254,113.0
113.0,2025,225160.0,25.0,2685176.0,100.0,0.0,2.4023044,0.048407465,11.321719,0.54805577,832040.2846,5835345.6254,113.0
114.0,2007,330056.0,25.0,2694530.0,100.0,0.0,1.9148843,0.11113559,6.975817,0.7752615,789122.6593,5855497.4554,114.0
114.0,2008,330056.0,25.0,2694530.0,100.0,0.0,1.9184895,0.1411872,7.0010114,0.9884532,789122.6593,5855497.4554,114.0
114.0,2009,330056.0,25.0,2694530.0,100.0,0.0,1.8899875,0.0559853,6.8042855,0.38094,789122.6593,5855497.4554,114.0
114.0,2010,330056.0,25.0,2694530.0,100.0,0.0,1.9185982,0.07968049,7.001773,0.55790466,789122.6593,5855497.4554,114.0
114.0,2011,330056.0,25.0,2694530.0,100.0,0.0,1.8920759,0.06617089,6.818511,0.45118698,789122.6593,5855497.4554,114.0
114.0,2012,330056.0,25.0,2694530.0,100.0,0.0,1.8929051,0.023643881,6.824167,0.16134979,789122.6593,5855497.4554,114.0
114.0,2013,330056.0,25.0,2694530.0,100.0,0.0,1.886955,0.014377078,6.783683,0.09752954,789122.6593,5855497.4554,114.0
114.0,2014,330056.0,25.0,2694530.0,100.0,0.0,1.9027673,0.03800989,6.891801,0.2619566,789122.6593,5855497.4554,114.0
114.0,2015,330056.0,25.0,2694530.0,100.0,0.0,1.9353471,0.033818524,7.1200323,0.24078897,789122.6593,5855497.4554,114.0
114.0,2016,330056.0,25.0,2694530.0,100.0,0.0,1.9787499,0.042033516,7.435866,0.31255558,789122.6593,5855497.4554,114.0
114.0,2017,330056.0,25.0,2694530.0,100.0,0.0,1.9826938,0.09428502,7.4652505,0.7038613,789122.6593,5855497.4554,114.0
114.0,2018,330056.0,25.0,2694530.0,100.0,0.0,2.0495296,0.085949615,7.9812484,0.6859852,789122.6593,5855497.4554,114.0
114.0,2019,330056.0,25.0,2694530.0,100.0,0.0,2.114332,0.068648465,8.515577,0.5845813,789122.6593,5855497.4554,114.0
114.0,2020,330056.0,25.0,2694530.0,100.0,0.0,2.2004774,0.044662397,9.281679,0.41454202,789122.6593,5855497.4554,114.0
114.0,2021,330056.0,25.0,2694530.0,100.0,0.0,2.224955,0.049543202,9.511677,0.4712389,789122.6593,5855497.4554,114.0
114.0,2022,330056.0,25.0,2694530.0,100.0,0.0,2.304885,0.05300401,10.303155,0.54610854,789122.6593,5855497.4554,114.0
114.0,2023,330056.0,25.0,2694530.0,100.0,0.0,2.3064568,0.104134835,10.319362,1.0746051,789122.6593,5855497.4554,114.0
114.0,2024,330056.0,25.0,2694530.0,100.0,0.0,2.3036935,0.24399,10.290886,2.5108733,789122.6593,5855497.4554,114.0
114.0,2025,330056.0,25.0,2694530.0,100.0,0.0,2.376902,0.1885843,11.07253,2.0881052,789122.6593,5855497.4554,114.0
111.0,2007,27674.0,25.0,1366013.0,100.0,0.0,1.5724083,0.035648778,4.8716874,0.17366971,848879.8107,5718503.9114,111.0
111.0,2008,27674.0,25.0,1366013.0,100.0,0.0,1.5390085,0.024463478,4.7116613,0.115263626,848879.8107,5718503.9114,111.0
111.0,2009,27674.0,25.0,1366013.0,100.0,0.0,1.5604798,0.013523879,4.8139205,0.065102875,848879.8107,5718503.9114,111.0
111.0,2010,27674.0,25.0,1366013.0,100.0,0.0,1.5637788,0.045409195,4.8298283,0.21931861,848879.8107,5718503.9114,111.0
111.0,2011,27674.0,25.0,1366013.0,100.0,0.0,1.610012,0.030858845,5.058369,0.15609543,848879.8107,5718503.9114,111.0
111.0,2012,27674.0,25.0,1366013.0,100.0,0.0,1.6649153,0.031769034,5.343856,0.16976912,848879.8107,5718503.9114,111.0
111.0,2013,27674.0,25.0,1366013.0,100.0,0.0,1.6806875,0.013479145,5.428808,0.07317569,848879.8107,5718503.9114,111.0
111.0,2014,27674.0,25.0,1366013.0,100.0,0.0,1.6482494,0.020585982,5.2555337,0.10819032,848879.8107,5718503.9114,111.0
111.0,2015,27674.0,25.0,1366013.0,100.0,0.0,1.6666876,0.031737722,5.3533354,0.16990267,848879.8107,5718503.9114,111.0
111.0,2016,27674.0,25.0,1366013.0,100.0,0.0,1.6495435,0.05560896,5.262339,0.2926332,848879.8107,5718503.9114,111.0
111.0,2017,27674.0,25.0,1366013.0,100.0,0.0,1.6517138,0.019145682,5.2737727,0.10096998,848879.8107,5718503.9114,111.0
111.0,2018,27674.0,25.0,1366013.0,100.0,0.0,1.611182,0.12021125,5.0642905,0.6087847,848879.8107,5718503.9114,111.0
111.0,2019,27674.0,25.0,1366013.0,100.0,0.0,1.6617694,0.08416182,5.32707,0.44833595,848879.8107,5718503.9114,111.0
111.0,2020,27674.0,25.0,1366013.0,100.0,0.0,1.7574489,0.040176783,5.861943,0.235514,848879.8107,5718503.9114,111.0
111.0,2021,27674.0,25.0,1366013.0,100.0,0.0,1.7427846,0.06548012,5.776608,0.37825295,848879.8107,5718503.9114,111.0
111.0,2022,27674.0,25.0,1366013.0,100.0,0.0,1.8785064,0.0054370435,6.6163144,0.035973188,848879.8107,5718503.9114,111.0
111.0,2023,27674.0,25.0,1366013.0,100.0,0.0,1.9124031,0.0101302685,6.84443,0.06933591,848879.8107,5718503.9114,111.0
111.0,2024,27674.0,25.0,1366013.0,100.0,0.0,1.9842,0.0027927926,7.3539095,0.020537945,848879.8107,5718503.9114,111.0
111.0,2025,27674.0,25.0,1366013.0,100.0,0.0,1.9755906,0.028449252,7.2908688,0.20741975,848879.8107,5718503.9114,111.0
115.0,2007,118772.0,50.0,2678671.0,100.0,0.0,1.5208298,0.044996522,4.677448,0.21046889,757704.7526,5873748.8675,115.0
115.0,2008,118772.0,50.0,2678671.0,100.0,0.0,1.5947341,0.048152637,5.036226,0.24250756,757704.7526,5873748.8675,115.0
115.0,2009,118772.0,50.0,2678671.0,100.0,0.0,1.5989069,0.03002808,5.0572844,0.15186055,757704.7526,5873748.8675,115.0
115.0,2010,118772.0,50.0,2678671.0,100.0,0.0,1.5937239,0.026442919,5.031141,0.13303806,757704.7526,5873748.8675,115.0
115.0,2011,118772.0,50.0,2678671.0,100.0,0.0,1.5865004,0.007098125,4.9949293,0.03545463,757704.7526,5873748.8675,115.0
115.0,2012,118772.0,50.0,2678671.0,100.0,0.0,1.5074564,0.014242421,4.615311,0.06573321,757704.7526,5873748.8675,115.0
115.0,2013,118772.0,50.0,2678671.0,100.0,0.0,1.5057467,0.026266634,4.6074266,0.12102159,757704.7526,5873748.8675,115.0
115.0,2014,118772.0,50.0,2678671.0,100.0,0.0,1.5208646,0.028806759,4.6776104,0.1347468,757704.7526,5873748.8675,115.0
115.0,2015,118772.0,50.0,2678671.0,100.0,0.0,1.6296649,0.06174659,5.215254,0.32202414,757704.7526,5873748.8675,115.0
115.0,2016,118772.0,50.0,2678671.0,100.0,0.0,1.7226486,0.0656838,5.7234483,0.3759378,757704.7526,5873748.8675,115.0
115.0,2017,118772.0,50.0,2678671.0,100.0,0.0,1.7720633,0.08413308,6.013375,0.50592375,757704.7526,5873748.8675,115.0
115.0,2018,118772.0,50.0,2678671.0,100.0,0.0,1.8606777,0.057722114,6.57057,0.3792672,757704.7526,5873748.8675,115.0
115.0,2019,118772.0,50.0,2678671.0,100.0,0.0,1.8627878,0.014087992,6.5844493,0.092761666,757704.7526,5873748.8675,115.0
115.0,2020,118772.0,50.0,2678671.0,100.0,0.0,1.9403301,0.0011213633,7.1153398,0.007978881,757704.7526,5873748.8675,115.0
115.0,2021,118772.0,50.0,2678671.0,100.0,0.0,1.9608415,0.01897678,7.2627926,0.13782442,757704.7526,5873748.8675,115.0
115.0,2022,118772.0,50.0,2678671.0,100.0,0.0,2.0165346,0.0059181824,7.6787553,0.045444272,757704.7526,5873748.8675,115.0
115.0,2023,118772.0,50.0,2678671.0,100.0,0.0,2.066593,0.03465756,8.072925,0.27978787,757704.7526,5873748.8675,115.0
115.0,2024,118772.0,50.0,2678671.0,100.0,0.0,2.2126267,0.05838338,9.342274,0.5454335,757704.7526,5873748.8675,115.0
115.0,2025,118772.0,50.0,2678671.0,100.0,0.0,2.2422817,0.029424192,9.6234665,0.28316274,757704.7526,5873748.8675,115.0
117.0,2007,19773.0,50.0,305102.0,100.0,0.0,1.4394305,0.0074985214,4.2864027,0.03214168,690611.1565,5885061.8245,117.0
117.0,2008,19773.0,50.0,305102.0,100.0,0.0,1.4597276,0.0025272535,4.374294,0.011054949,690611.1565,5885061.8245,117.0
117.0,2009,19773.0,50.0,305102.0,100.0,0.0,1.4540906,0.0029103276,4.3497047,0.012659066,690611.1565,5885061.8245,117.0
117.0,2010,19773.0,50.0,305102.0,100.0,0.0,1.4895554,0.02686316,4.506734,0.12106511,690611.1565,5885061.8245,117.0
117.0,2011,19773.0,50.0,305102.0,100.0,0.0,1.5084538,0.010410493,4.5927143,0.04781242,690611.1565,5885061.8245,117.0
117.0,2012,19773.0,50.0,305102.0,100.0,0.0,1.5337282,0.0033271578,4.710272,0.015671818,690611.1565,5885061.8245,117.0
117.0,2013,19773.0,50.0,305102.0,100.0,0.0,1.5523673,0.0004749009,4.79889,0.0022789973,690611.1565,5885061.8245,117.0
117.0,2014,19773.0,50.0,305102.0,100.0,0.0,1.6007746,0.0025910083,5.0369062,0.013050666,690611.1565,5885061.8245,117.0
117.0,2015,19773.0,50.0,305102.0,100.0,0.0,1.5681376,0.023214914,4.87517,0.11317665,690611.1565,5885061.8245,117.0
117.0,2016,19773.0,50.0,305102.0,100.0,0.0,1.573238,0.028613893,4.900099,0.1402109,690611.1565,5885061.8245,117.0
117.0,2017,19773.0,50.0,305102.0,100.0,0.0,1.6301672,0.02276721,5.187151,0.11809695,690611.1565,5885061.8245,117.0
117.0,2018,19773.0,50.0,305102.0,100.0,0.0,1.5968219,0.010665454,5.0170355,0.053508963,690611.1565,5885061.8245,117.0
117.0,2019,19773.0,50.0,305102.0,100.0,0.0,1.6587038,0.024715751,5.3373065,0.13191554,690611.1565,5885061.8245,117.0
117.0,2020,19773.0,50.0,305102.0,100.0,0.0,1.6692818,0.008410151,5.3940644,0.0453649,690611.1565,5885061.8245,117.0
117.0,2021,19773.0,50.0,305102.0,100.0,0.0,1.7442678,0.028043527,5.814095,0.16304773,690611.1565,5885061.8245,117.0
117.0,2022,19773.0,50.0,305102.0,100.0,0.0,1.7621994,0.014241493,5.919292,0.08429956,690611.1565,5885061.8245,117.0
117.0,2023,19773.0,50.0,305102.0,100.0,0.0,1.9131504,0.03427292,6.8837795,0.23592722,690611.1565,5885061.8245,117.0
117.0,2024,19773.0,50.0,305102.0,100.0,0.0,1.9552423,0.03037743,7.179714,0.21810128,690611.1565,5885061.8245,117.0
117.0,2025,19773.0,50.0,305102.0,100.0,0.0,1.9587222,0.0123872245,7.2047434,0.08924677,690611.1565,5885061.8245,117.0
119.0,2007,898627.0,25.0,2782282.0,100.0,0.0,1.919636,0.14441733,7.046077,1.0175756,790722.8314,5802029.3798,119.0
119.0,2008,898627.0,25.0,2782282.0,100.0,0.0,1.8769244,0.10553643,6.751464,0.7125254,790722.8314,5802029.3798,119.0
119.0,2009,898627.0,25.0,2782282.0,100.0,0.0,1.8269693,0.06160678,6.422479,0.39566827,790722.8314,5802029.3798,119.0
119.0,2010,898627.0,25.0,2782282.0,100.0,0.0,1.7953095,0.02458269,6.22233,0.15296163,790722.8314,5802029.3798,119.0
119.0,2011,898627.0,25.0,2782282.0,100.0,0.0,1.7810752,0.044961404,6.1343875,0.2758107,790722.8314,5802029.3798,119.0
119.0,2012,898627.0,25.0,2782282.0,100.0,0.0,1.799991,0.04921209,6.2515283,0.30765077,790722.8314,5802029.3798,119.0
119.0,2013,898627.0,25.0,2782282.0,100.0,0.0,1.7966007,0.029374972,6.2303696,0.18301694,790722.8314,5802029.3798,119.0
119.0,2014,898627.0,25.0,2782282.0,100.0,0.0,1.7557368,0.005105319,5.980904,0.030534424,790722.8314,5802029.3798,119.0
119.0,2015,898627.0,25.0,2782282.0,100.0,0.0,1.7629311,0.014386939,6.024088,0.086668186,790722.8314,5802029.3798,119.0
119.0,2016,898627.0,25.0,2782282.0,100.0,0.0,1.7913356,0.015711373,6.1976523,0.09737363,790722.8314,5802029.3798,119.0
119.0,2017,898627.0,25.0,2782282.0,100.0,0.0,1.7898637,0.026468186,6.188536,0.16379933,790722.8314,5802029.3798,119.0
119.0,2018,898627.0,25.0,2782282.0,100.0,0.0,1.8284867,0.03858771,6.432232,0.24820511,790722.8314,5802029.3798,119.0
119.0,2019,898627.0,25.0,2782282.0,100.0,0.0,1.8587182,0.019944845,6.629657,0.13222748,790722.8314,5802029.3798,119.0
119.0,2020,898627.0,25.0,2782282.0,100.0,0.0,1.9835515,0.072711885,7.5111337,0.5461487,790722.8314,5802029.3798,119.0
119.0,2021,898627.0,25.0,2782282.0,100.0,0.0,2.0324576,0.058948204,7.887604,0.4649601,790722.8314,5802029.3798,119.0
119.0,2022,898627.0,25.0,2782282.0,100.0,0.0,2.0900202,0.0675958,8.354959,0.56476015,790722.8314,5802029.3798,119.0
119.0,2023,898627.0,25.0,2782282.0,100.0,0.0,2.5524535,0.18810414,13.267115,2.495599,790722.8314,5802029.3798,119.0
119.0,2024,898627.0,25.0,2782282.0,100.0,0.0,2.2886314,0.063147664,10.190608,0.6435131,790722.8314,5802029.3798,119.0
119.0,2025,898627.0,25.0,2782282.0,100.0,0.0,2.218144,0.12527332,9.497026,1.1897241,790722.8314,5802029.3798,119.0
120.0,2007,43476.0,50.0,2428459.0,100.0,0.0,1.590188,0.04219308,4.9808955,0.21015932,852052.8235,5895590.1906,120.0
120.0,2008,43476.0,50.0,2428459.0,100.0,0.0,1.567602,0.069447584,4.869658,0.338186,852052.8235,5895590.1906,120.0
120.0,2009,43476.0,50.0,2428459.0,100.0,0.0,1.5980048,0.05322314,5.019983,0.26717925,852052.8235,5895590.1906,120.0
120.0,2010,43476.0,50.0,2428459.0,100.0,0.0,1.6478658,0.0585974,5.276629,0.30919674,852052.8235,5895590.1906,120.0
120.0,2011,43476.0,50.0,2428459.0,100.0,0.0,1.673388,0.035891663,5.4130335,0.19428276,852052.8235,5895590.1906,120.0
120.0,2012,43476.0,50.0,2428459.0,100.0,0.0,1.6568865,0.0727037,5.324443,0.3871067,852052.8235,5895590.1906,120.0
120.0,2013,43476.0,50.0,2428459.0,100.0,0.0,1.6443772,0.059671894,5.258253,0.31376994,852052.8235,5895590.1906,120.0
120.0,2014,43476.0,50.0,2428459.0,100.0,0.0,1.6124194,0.035744827,5.0928674,0.18204366,852052.8235,5895590.1906,120.0
120.0,2015,43476.0,50.0,2428459.0,100.0,0.0,1.5966669,0.012463789,5.013271,0.06248435,852052.8235,5895590.1906,120.0
120.0,2016,43476.0,50.0,2428459.0,100.0,0.0,1.7557824,0.0057230294,5.8779263,0.033639543,852052.8235,5895590.1906,120.0
120.0,2017,43476.0,50.0,2428459.0,100.0,0.0,1.7831635,0.01139651,6.0410943,0.06884739,852052.8235,5895590.1906,120.0
120.0,2018,43476.0,50.0,2428459.0,100.0,0.0,1.7551532,0.0214563,5.8742294,0.12603922,852052.8235,5895590.1906,120.0
120.0,2019,43476.0,50.0,2428459.0,100.0,0.0,1.6569095,0.0137662105,5.3245654,0.07329909,852052.8235,5895590.1906,120.0
120.0,2020,43476.0,50.0,2428459.0,100.0,0.0,1.6886132,0.017337,5.4960785,0.09528551,852052.8235,5895590.1906,120.0
120.0,2021,43476.0,50.0,2428459.0,100.0,0.0,1.737314,0.02008531,5.770367,0.115899615,852052.8235,5895590.1906,120.0
120.0,2022,43476.0,50.0,2428459.0,100.0,0.0,1.7967703,0.028647529,6.1238565,0.17543335,852052.8235,5895590.1906,120.0
120.0,2023,43476.0,50.0,2428459.0,100.0,0.0,1.824679,0.014027693,6.2971716,0.0883348,852052.8235,5895590.1906,120.0
120.0,2024,43476.0,50.0,2428459.0,100.0,0.0,1.8188876,0.11970642,6.260808,0.7494589,852052.8235,5895590.1906,120.0
120.0,2025,43476.0,50.0,2428459.0,100.0,0.0,1.8767375,0.023676304,6.6336765,0.15706094,852052.8235,5895590.1906,120.0
123.0,2007,113664.0,25.0,334096.0,100.0,0.0,1.569862,0.112878494,4.9120755,0.55446774,705113.4276,6004449.1436,123.0
123.0,2008,113664.0,25.0,334096.0,100.0,0.0,1.6557287,0.12518029,5.352498,0.67002726,705113.4276,6004449.1436,123.0
123.0,2009,113664.0,25.0,334096.0,100.0,0.0,1.6751659,0.12846094,5.4575534,0.70108247,705113.4276,6004449.1436,123.0
123.0,2010,113664.0,25.0,334096.0,100.0,0.0,1.7104446,0.099490166,5.6535244,0.5624701,705113.4276,6004449.1436,123.0
123.0,2011,113664.0,25.0,334096.0,100.0,0.0,1.6953342,0.10472289,5.5687394,0.58317447,705113.4276,6004449.1436,123.0
123.0,2012,113664.0,25.0,334096.0,100.0,0.0,1.7182335,0.12251085,5.6977315,0.6980339,705113.4276,6004449.1436,123.0
123.0,2013,113664.0,25.0,334096.0,100.0,0.0,1.7414353,0.10669249,5.8314743,0.6221745,705113.4276,6004449.1436,123.0
123.0,2014,113664.0,25.0,334096.0,100.0,0.0,1.7625892,0.118091114,5.9561467,0.703368,705113.4276,6004449.1436,123.0
123.0,2015,113664.0,25.0,334096.0,100.0,0.0,1.7747464,0.13397643,6.028999,0.8077437,705113.4276,6004449.1436,123.0
123.0,2016,113664.0,25.0,334096.0,100.0,0.0,1.7816976,0.11291669,6.0710545,0.6855234,705113.4276,6004449.1436,123.0
123.0,2017,113664.0,25.0,334096.0,100.0,0.0,1.8653822,0.12220647,6.6009717,0.8066814,705113.4276,6004449.1436,123.0
123.0,2018,113664.0,25.0,334096.0,100.0,0.0,1.8960414,0.12646914,6.8064866,0.8608104,705113.4276,6004449.1436,123.0
123.0,2019,113664.0,25.0,334096.0,100.0,0.0,1.8963091,0.120785356,6.8083086,0.82234395,705113.4276,6004449.1436,123.0
123.0,2020,113664.0,25.0,334096.0,100.0,0.0,1.8866389,0.10921495,6.742788,0.73641324,705113.4276,6004449.1436,123.0
123.0,2021,113664.0,25.0,334096.0,100.0,0.0,1.9057095,0.11910936,6.872611,0.8185923,705113.4276,6004449.1436,123.0
123.0,2022,113664.0,25.0,334096.0,100.0,0.0,2.110232,0.11848503,8.432275,0.99909836,705113.4276,6004449.1436,123.0
123.0,2023,113664.0,25.0,334096.0,100.0,0.0,2.1174505,0.09974444,8.493362,0.8471657,705113.4276,6004449.1436,123.0
123.0,2024,113664.0,25.0,334096.0,100.0,0.0,2.153409,0.1070163,8.80433,0.9422068,705113.4276,6004449.1436,123.0
123.0,2025,113664.0,25.0,334096.0,100.0,0.0,2.2373898,0.09713106,9.575659,0.9300938,705113.4276,6004449.1436,123.0
121.0,2007,51019.0,25.0,1039582.0,100.0,0.0,1.7536101,0.0059383432,5.8858366,0.03495212,659824.3903,5944117.4513,121.0
121.0,2008,51019.0,25.0,1039582.0,100.0,0.0,1.7399458,0.0025475267,5.8059573,0.014790832,659824.3903,5944117.4513,121.0
121.0,2009,51019.0,25.0,1039582.0,100.0,0.0,1.7513874,0.00032910946,5.872769,0.0019327839,659824.3903,5944117.4513,121.0
121.0,2010,51019.0,25.0,1039582.0,100.0,0.0,1.7301873,0.02291021,5.749576,0.13172399,659824.3903,5944117.4513,121.0
121.0,2011,51019.0,25.0,1039582.0,100.0,0.0,1.7166989,0.046116382,5.672544,0.2615972,659824.3903,5944117.4513,121.0
121.0,2012,51019.0,25.0,1039582.0,100.0,0.0,1.7562004,0.04044449,5.9011025,0.23866707,659824.3903,5944117.4513,121.0
121.0,2013,51019.0,25.0,1039582.0,100.0,0.0,1.8427565,0.010931309,6.4346366,0.070339,659824.3903,5944117.4513,121.0
121.0,2014,51019.0,25.0,1039582.0,100.0,0.0,1.8503424,0.0011049798,6.483634,0.007164284,659824.3903,5944117.4513,121.0
121.0,2015,51019.0,25.0,1039582.0,100.0,0.0,1.8149183,0.017930923,6.2579775,0.11221131,659824.3903,5944117.4513,121.0
121.0,2016,51019.0,25.0,1039582.0,100.0,0.0,1.8433664,0.03232414,6.438562,0.20812097,659824.3903,5944117.4513,121.0
121.0,2017,51019.0,25.0,1039582.0,100.0,0.0,1.8718475,0.035585314,6.6245756,0.23573762,659824.3903,5944117.4513,121.0
121.0,2018,51019.0,25.0,1039582.0,100.0,0.0,1.8966374,0.027058473,6.7908506,0.18375005,659824.3903,5944117.4513,121.0
121.0,2019,51019.0,25.0,1039582.0,100.0,0.0,1.9412487,0.033719726,7.1006584,0.23943225,659824.3903,5944117.4513,121.0
121.0,2020,51019.0,25.0,1039582.0,100.0,0.0,1.9910148,0.031238368,7.4629717,0.23313105,659824.3903,5944117.4513,121.0
121.0,2021,51019.0,25.0,1039582.0,100.0,0.0,2.0063431,0.03639226,7.5782466,0.27578953,659824.3903,5944117.4513,121.0
121.0,2022,51019.0,25.0,1039582.0,100.0,0.0,2.0790877,0.023653805,8.15007,0.19278017,659824.3903,5944117.4513,121.0
121.0,2023,51019.0,25.0,1039582.0,100.0,0.0,2.1514363,0.023729809,8.76157,0.20791037,659824.3903,5944117.4513,121.0
121.0,2024,51019.0,25.0,1039582.0,100.0,0.0,2.1988413,0.02254799,9.1869135,0.20714645,659824.3903,5944117.4513,121.0
121.0,2025,51019.0,25.0,1039582.0,100.0,0.0,2.2626588,0.023300821,9.792314,0.22816893,659824.3903,5944117.4513,121.0
122.0,2007,37800.0,25.0,277786.0,100.0,0.0,1.7431122,0.019334054,5.8741703,0.113571525,781203.4375,5943558.9589,122.0
122.0,2008,37800.0,25.0,277786.0,100.0,0.0,1.673393,0.017870769,5.478578,0.09790641,781203.4375,5943558.9589,122.0
122.0,2009,37800.0,25.0,277786.0,100.0,0.0,1.6865201,0.012200673,5.5509696,0.06772556,781203.4375,5943558.9589,122.0
122.0,2010,37800.0,25.0,277786.0,100.0,0.0,1.6180357,0.01146076,5.1835403,0.05940731,781203.4375,5943558.9589,122.0
122.0,2011,37800.0,25.0,277786.0,100.0,0.0,1.5622768,0.008121731,4.902422,0.039816152,781203.4375,5943558.9589,122.0
122.0,2012,37800.0,25.0,277786.0,100.0,0.0,1.6552283,0.01758613,5.379959,0.09461266,781203.4375,5943558.9589,122.0
122.0,2013,37800.0,25.0,277786.0,100.0,0.0,1.6493711,0.010026706,5.3485403,0.053628244,781203.4375,5943558.9589,122.0
122.0,2014,37800.0,25.0,277786.0,100.0,0.0,1.613455,0.017555987,5.1598506,0.09058627,781203.4375,5943558.9589,122.0
122.0,2015,37800.0,25.0,277786.0,100.0,0.0,1.6354814,0.017723918,5.274764,0.09348948,781203.4375,5943558.9589,122.0
122.0,2016,37800.0,25.0,277786.0,100.0,0.0,1.6594359,0.02027976,5.4026437,0.10956432,781203.4375,5943558.9589,122.0
122.0,2017,37800.0,25.0,277786.0,100.0,0.0,1.6416576,0.015647661,5.3074427,0.08304907,781203.4375,5943558.9589,122.0
122.0,2018,37800.0,25.0,277786.0,100.0,0.0,1.675344,0.01717694,5.489277,0.094288975,781203.4375,5943558.9589,122.0
122.0,2019,37800.0,25.0,277786.0,100.0,0.0,1.6799395,0.021682216,5.5145607,0.11956789,781203.4375,5943558.9589,122.0
122.0,2020,37800.0,25.0,277786.0,100.0,0.0,1.7014488,0.03451401,5.6344604,0.19446783,781203.4375,5943558.9589,122.0
122.0,2021,37800.0,25.0,277786.0,100.0,0.0,1.6335752,0.037996713,5.264719,0.20004201,781203.4375,5943558.9589,122.0
122.0,2022,37800.0,25.0,277786.0,100.0,0.0,1.6815574,0.023034079,5.5234904,0.12722851,781203.4375,5943558.9589,122.0
122.0,2023,37800.0,25.0,277786.0,100.0,0.0,1.7924325,0.026478559,6.171149,0.16340314,781203.4375,5943558.9589,122.0
122.0,2024,37800.0,25.0,277786.0,100.0,0.0,1.8465306,0.019815683,6.5141916,0.12908316,781203.4375,5943558.9589,122.0
122.0,2025,37800.0,25.0,277786.0,100.0,0.0,1.9052103,0.01363036,6.9078803,0.09415689,781203.4375,5943558.9589,122.0
124.0,2007,21854.0,25.0,228619.0,100.0,0.0,1.7418317,0.010394887,5.8164372,0.060461212,766022.6438,6024630.0397,124.0
124.0,2008,21854.0,25.0,228619.0,100.0,0.0,1.7259057,0.010170626,5.7245383,0.05822214,766022.6438,6024630.0397,124.0
124.0,2009,21854.0,25.0,228619.0,100.0,0.0,1.7703438,0.008475617,5.984663,0.050723705,766022.6438,6024630.0397,124.0
124.0,2010,21854.0,25.0,228619.0,100.0,0.0,1.7707639,0.006222773,5.9871774,0.037256844,766022.6438,6024630.0397,124.0
124.0,2011,21854.0,25.0,228619.0,100.0,0.0,1.7790259,0.013975895,6.036849,0.08437037,766022.6438,6024630.0397,124.0
124.0,2012,21854.0,25.0,228619.0,100.0,0.0,1.7709777,0.016713645,5.9884586,0.10008897,766022.6438,6024630.0397,124.0
124.0,2013,21854.0,25.0,228619.0,100.0,0.0,1.7642099,0.020380681,5.948066,0.12122564,766022.6438,6024630.0397,124.0
124.0,2014,21854.0,25.0,228619.0,100.0,0.0,1.7961357,0.020787286,6.141027,0.12765527,766022.6438,6024630.0397,124.0
124.0,2015,21854.0,25.0,228619.0,100.0,0.0,1.7969164,0.01634482,6.145823,0.100452356,766022.6438,6024630.0397,124.0
124.0,2016,21854.0,25.0,228619.0,100.0,0.0,1.789657,0.016194707,6.10137,0.09880989,766022.6438,6024630.0397,124.0
124.0,2017,21854.0,25.0,228619.0,100.0,0.0,1.8431218,0.014357895,6.4364557,0.09241395,766022.6438,6024630.0397,124.0
124.0,2018,21854.0,25.0,228619.0,100.0,0.0,1.8516853,0.013102017,6.491811,0.08505582,766022.6438,6024630.0397,124.0
124.0,2019,21854.0,25.0,228619.0,100.0,0.0,1.8417442,0.019035004,6.4275947,0.12234929,766022.6438,6024630.0397,124.0
124.0,2020,21854.0,25.0,228619.0,100.0,0.0,1.9151701,0.0185108,6.9173055,0.12804486,766022.6438,6024630.0397,124.0
124.0,2021,21854.0,25.0,228619.0,100.0,0.0,1.8901494,0.022750074,6.746377,0.15348057,766022.6438,6024630.0397,124.0
124.0,2022,21854.0,25.0,228619.0,100.0,0.0,1.9968133,0.019433726,7.505751,0.14586471,766022.6438,6024630.0397,124.0
124.0,2023,21854.0,25.0,228619.0,100.0,0.0,2.0675104,0.01891149,8.055593,0.15234326,766022.6438,6024630.0397,124.0
124.0,2024,21854.0,25.0,228619.0,100.0,0.0,2.1371403,0.022371532,8.636492,0.19321156,766022.6438,6024630.0397,124.0
124.0,2025,21854.0,25.0,228619.0,100.0,0.0,2.1401963,0.029225029,8.662926,0.25317425,766022.6438,6024630.0397,124.0
125.0,2007,17686.0,25.0,248708.0,100.0,0.0,1.6851542,0.0175581,5.547205,0.09739838,788774.3891,6001938.1941,125.0
125.0,2008,17686.0,25.0,248708.0,100.0,0.0,1.6618056,0.01636391,5.419186,0.088679075,788774.3891,6001938.1941,125.0
125.0,2009,17686.0,25.0,248708.0,100.0,0.0,1.7244328,0.012691665,5.769428,0.07322364,788774.3891,6001938.1941,125.0
125.0,2010,17686.0,25.0,248708.0,100.0,0.0,1.7197534,0.0048911353,5.7424927,0.028087309,788774.3891,6001938.1941,125.0
125.0,2011,17686.0,25.0,248708.0,100.0,0.0,1.7293802,0.006444442,5.7980423,0.037365146,788774.3891,6001938.1941,125.0
125.0,2012,17686.0,25.0,248708.0,100.0,0.0,1.768016,0.016172705,6.0264373,0.097463794,788774.3891,6001938.1941,125.0
125.0,2013,17686.0,25.0,248708.0,100.0,0.0,1.8475507,0.0045933877,6.525325,0.029973347,788774.3891,6001938.1941,125.0
125.0,2014,17686.0,25.0,248708.0,100.0,0.0,1.8705512,0.0043027583,6.67715,0.028730161,788774.3891,6001938.1941,125.0
125.0,2015,17686.0,25.0,248708.0,100.0,0.0,1.9000099,0.0031428165,6.8767753,0.021612443,788774.3891,6001938.1941,125.0
125.0,2016,17686.0,25.0,248708.0,100.0,0.0,1.9244884,0.009164561,7.047187,0.06458437,788774.3891,6001938.1941,125.0
125.0,2017,17686.0,25.0,248708.0,100.0,0.0,1.8968043,0.0065046186,6.854768,0.04458765,788774.3891,6001938.1941,125.0
125.0,2018,17686.0,25.0,248708.0,100.0,0.0,1.9043221,0.013944273,6.906494,0.09630604,788774.3891,6001938.1941,125.0
125.0,2019,17686.0,25.0,248708.0,100.0,0.0,1.9263972,0.010470504,7.060651,0.073928565,788774.3891,6001938.1941,125.0
125.0,2020,17686.0,25.0,248708.0,100.0,0.0,1.9673886,0.0074338834,7.3560905,0.05468432,788774.3891,6001938.1941,125.0
125.0,2021,17686.0,25.0,248708.0,100.0,0.0,1.8313488,0.017521188,6.420454,0.11249398,788774.3891,6001938.1941,125.0
125.0,2022,17686.0,25.0,248708.0,100.0,0.0,2.093147,0.023922507,8.341867,0.19955836,788774.3891,6001938.1941,125.0
125.0,2023,17686.0,25.0,248708.0,100.0,0.0,2.2015607,0.010693077,9.297084,0.09941444,788774.3891,6001938.1941,125.0
125.0,2024,17686.0,25.0,248708.0,100.0,0.0,2.281506,0.023622494,10.07086,0.23789883,788774.3891,6001938.1941,125.0
125.0,2025,17686.0,25.0,248708.0,100.0,0.0,2.3314471,0.01398967,10.586578,0.14810275,788774.3891,6001938.1941,125.0
126.0,2007,629694.0,25.0,3942958.0,100.0,0.0,1.5873568,0.0056885458,4.9483495,0.028148914,775473.3971,5637804.0106,126.0
126.0,2008,629694.0,25.0,3942958.0,100.0,0.0,1.582651,0.0040323557,4.9251184,0.019859828,775473.3971,5637804.0106,126.0
126.0,2009,629694.0,25.0,3942958.0,100.0,0.0,1.5669605,0.0013244324,4.848444,0.006421436,775473.3971,5637804.0106,126.0
126.0,2010,629694.0,25.0,3942958.0,100.0,0.0,1.5405804,0.0011464598,4.7222137,0.005413828,775473.3971,5637804.0106,126.0
126.0,2011,629694.0,25.0,3942958.0,100.0,0.0,1.5575687,0.007288426,4.803121,0.035007194,775473.3971,5637804.0106,126.0
126.0,2012,629694.0,25.0,3942958.0,100.0,0.0,1.5762594,0.0074829087,4.893739,0.036619402,775473.3971,5637804.0106,126.0
126.0,2013,629694.0,25.0,3942958.0,100.0,0.0,1.5937594,0.0043999734,4.9801335,0.021912456,775473.3971,5637804.0106,126.0
126.0,2014,629694.0,25.0,3942958.0,100.0,0.0,1.5994616,0.004337503,5.0086117,0.02172487,775473.3971,5637804.0106,126.0
126.0,2015,629694.0,25.0,3942958.0,100.0,0.0,1.6180888,0.005590627,5.102783,0.028527757,775473.3971,5637804.0106,126.0
126.0,2016,629694.0,25.0,3942958.0,100.0,0.0,1.6415775,0.005033632,5.224059,0.026295992,775473.3971,5637804.0106,126.0
126.0,2017,629694.0,25.0,3942958.0,100.0,0.0,1.6382879,0.008453547,5.2069025,0.044016793,775473.3971,5637804.0106,126.0
126.0,2018,629694.0,25.0,3942958.0,100.0,0.0,1.638301,0.0044852477,5.206971,0.023354555,775473.3971,5637804.0106,126.0
126.0,2019,629694.0,25.0,3942958.0,100.0,0.0,1.6475542,0.005311057,5.2553754,0.027911598,775473.3971,5637804.0106,126.0
126.0,2020,629694.0,25.0,3942958.0,100.0,0.0,1.661679,0.0082262065,5.3301334,0.043846775,775473.3971,5637804.0106,126.0
126.0,2021,629694.0,25.0,3942958.0,100.0,0.0,1.6862538,0.009474878,5.4627433,0.051758826,775473.3971,5637804.0106,126.0
126.0,2022,629694.0,25.0,3942958.0,100.0,0.0,1.7122099,0.003027072,5.6063914,0.016970951,775473.3971,5637804.0106,126.0
126.0,2023,629694.0,25.0,3942958.0,100.0,0.0,1.7422372,0.003276481,5.7772884,0.018929176,775473.3971,5637804.0106,126.0
126.0,2024,629694.0,25.0,3942958.0,100.0,0.0,1.7582315,0.0022025884,5.870435,0.012930153,775473.3971,5637804.0106,126.0
126.0,2025,629694.0,25.0,3942958.0,100.0,0.0,1.7883469,0.005380281,6.049915,0.03255024,775473.3971,5637804.0106,126.0
127.0,2007,947259.0,25.0,2314582.0,100.0,0.0,1.8051515,0.0040505556,6.1819205,0.025040213,835092.6499,5668105.2038,127.0
127.0,2008,947259.0,25.0,2314582.0,100.0,0.0,1.8266749,0.008709218,6.316419,0.055011075,835092.6499,5668105.2038,127.0
127.0,2009,947259.0,25.0,2314582.0,100.0,0.0,1.8296384,0.006350815,6.3351655,0.040233463,835092.6499,5668105.2038,127.0
127.0,2010,947259.0,25.0,2314582.0,100.0,0.0,1.8597488,0.0074202185,6.528821,0.04844528,835092.6499,5668105.2038,127.0
127.0,2011,947259.0,25.0,2314582.0,100.0,0.0,1.9111129,0.0120826755,6.872929,0.083043374,835092.6499,5668105.2038,127.0
127.0,2012,947259.0,25.0,2314582.0,100.0,0.0,1.961203,0.014999122,7.2259626,0.1083831,835092.6499,5668105.2038,127.0
127.0,2013,947259.0,25.0,2314582.0,100.0,0.0,2.0236466,0.016719738,7.691564,0.12860094,835092.6499,5668105.2038,127.0
127.0,2014,947259.0,25.0,2314582.0,100.0,0.0,2.0533807,0.0061460156,7.923699,0.048699178,835092.6499,5668105.2038,127.0
127.0,2015,947259.0,25.0,2314582.0,100.0,0.0,2.0627291,0.006439351,7.9981213,0.051502712,835092.6499,5668105.2038,127.0
127.0,2016,947259.0,25.0,2314582.0,100.0,0.0,2.0757332,0.01007771,8.102808,0.08165775,835092.6499,5668105.2038,127.0
127.0,2017,947259.0,25.0,2314582.0,100.0,0.0,2.1620858,0.0215781,8.833606,0.1906124,835092.6499,5668105.2038,127.0
127.0,2018,947259.0,25.0,2314582.0,100.0,0.0,2.1588955,0.019252934,8.805469,0.1695311,835092.6499,5668105.2038,127.0
127.0,2019,947259.0,25.0,2314582.0,100.0,0.0,2.1708038,0.027902061,8.910954,0.248634,835092.6499,5668105.2038,127.0
127.0,2020,947259.0,25.0,2314582.0,100.0,0.0,2.2216573,0.041152988,9.375827,0.38584328,835092.6499,5668105.2038,127.0
127.0,2021,947259.0,25.0,2314582.0,100.0,0.0,2.235899,0.037643366,9.510309,0.35800004,835092.6499,5668105.2038,127.0
127.0,2022,947259.0,25.0,2314582.0,100.0,0.0,2.2980988,0.031031642,10.120633,0.31405985,835092.6499,5668105.2038,127.0
127.0,2023,947259.0,25.0,2314582.0,100.0,0.0,2.3302252,0.01480197,10.451054,0.15469618,835092.6499,5668105.2038,127.0
127.0,2024,947259.0,25.0,2314582.0,100.0,0.0,2.3516204,0.0054817935,10.677065,0.058529466,835092.6499,5668105.2038,127.0
127.0,2025,947259.0,25.0,2314582.0,100.0,0.0,2.379881,0.0012834314,10.983108,0.014096065,835092.6499,5668105.2038,127.0
128.0,2007,36216.0,25.0,1248852.0,100.0,0.0,1.5978614,0.008660253,4.9883537,0.043200407,878282.6452,5685016.8989,128.0
128.0,2008,36216.0,25.0,1248852.0,100.0,0.0,1.5980126,0.011896459,4.989108,0.059352722,878282.6452,5685016.8989,128.0
128.0,2009,36216.0,25.0,1248852.0,100.0,0.0,1.604812,0.004385933,5.023147,0.022031186,878282.6452,5685016.8989,128.0
128.0,2010,36216.0,25.0,1248852.0,100.0,0.0,1.6105323,0.0014297459,5.0519624,0.0072230226,878282.6452,5685016.8989,128.0
128.0,2011,36216.0,25.0,1248852.0,100.0,0.0,1.6089916,0.004191845,5.0441856,0.021144446,878282.6452,5685016.8989,128.0
128.0,2012,36216.0,25.0,1248852.0,100.0,0.0,1.629051,0.0033141985,5.1463904,0.017056158,878282.6452,5685016.8989,128.0
128.0,2013,36216.0,25.0,1248852.0,100.0,0.0,1.6516284,0.0029068652,5.263904,0.01530146,878282.6452,5685016.8989,128.0
128.0,2014,36216.0,25.0,1248852.0,100.0,0.0,1.642433,0.009902998,5.2157226,0.051651288,878282.6452,5685016.8989,128.0
128.0,2015,36216.0,25.0,1248852.0,100.0,0.0,1.6569266,0.011323493,5.2918677,0.059922423,878282.6452,5685016.8989,128.0
128.0,2016,36216.0,25.0,1248852.0,100.0,0.0,1.6883065,0.0066168993,5.460558,0.036131963,878282.6452,5685016.8989,128.0
128.0,2017,36216.0,25.0,1248852.0,100.0,0.0,1.6888487,0.0070502697,5.46352,0.03851929,878282.6452,5685016.8989,128.0
128.0,2018,36216.0,25.0,1248852.0,100.0,0.0,1.6901695,0.009797635,5.4707403,0.05360032,878282.6452,5685016.8989,128.0
128.0,2019,36216.0,25.0,1248852.0,100.0,0.0,1.6932926,0.012816967,5.4878535,0.07033764,878282.6452,5685016.8989,128.0
128.0,2020,36216.0,25.0,1248852.0,100.0,0.0,1.7426466,0.005873898,5.765496,0.033865932,878282.6452,5685016.8989,128.0
128.0,2021,36216.0,25.0,1248852.0,100.0,0.0,1.7681068,0.01541248,5.914171,0.09115204,878282.6452,5685016.8989,128.0
128.0,2022,36216.0,25.0,1248852.0,100.0,0.0,1.7566934,0.0052303737,5.847054,0.030582277,878282.6452,5685016.8989,128.0
128.0,2023,36216.0,25.0,1248852.0,100.0,0.0,1.8218378,0.00046914865,6.2406373,0.0029277864,878282.6452,5685016.8989,128.0
128.0,2024,36216.0,25.0,1248852.0,100.0,0.0,1.8316929,0.003240928,6.302444,0.020425767,878282.6452,5685016.8989,128.0
128.0,2025,36216.0,25.0,1248852.0,100.0,0.0,1.8520576,0.007244729,6.432107,0.046598874,878282.6452,5685016.8989,128.0
129.0,2007,1505739.0,25.0,3654590.0,100.0,0.0,1.6457626,0.0088452445,5.2772923,0.046678938,735032.1085,5693288.0202,129.0
129.0,2008,1505739.0,25.0,3654590.0,100.0,0.0,1.6342684,0.0069152704,5.2169814,0.036076836,735032.1085,5693288.0202,129.0
129.0,2009,1505739.0,25.0,3654590.0,100.0,0.0,1.6287113,0.014298398,5.188071,0.0741811,735032.1085,5693288.0202,129.0
129.0,2010,1505739.0,25.0,3654590.0,100.0,0.0,1.6136806,0.0078634815,5.1106734,0.040187687,735032.1085,5693288.0202,129.0
129.0,2011,1505739.0,25.0,3654590.0,100.0,0.0,1.6499159,0.016619392,5.2992563,0.088070415,735032.1085,5693288.0202,129.0
129.0,2012,1505739.0,25.0,3654590.0,100.0,0.0,1.6745677,0.011160588,5.4315157,0.060618907,735032.1085,5693288.0202,129.0
129.0,2013,1505739.0,25.0,3654590.0,100.0,0.0,1.7389014,0.025477827,5.7924304,0.14757854,735032.1085,5693288.0202,129.0
129.0,2014,1505739.0,25.0,3654590.0,100.0,0.0,1.813413,0.030353455,6.2405205,0.18942136,735032.1085,5693288.0202,129.0
129.0,2015,1505739.0,25.0,3654590.0,100.0,0.0,1.8872817,0.033540964,6.718952,0.22536016,735032.1085,5693288.0202,129.0
129.0,2016,1505739.0,25.0,3654590.0,100.0,0.0,1.9440832,0.02608704,7.1116467,0.18552181,735032.1085,5693288.0202,129.0
129.0,2017,1505739.0,25.0,3654590.0,100.0,0.0,1.986934,0.021432484,7.423009,0.15909351,735032.1085,5693288.0202,129.0
129.0,2018,1505739.0,25.0,3654590.0,100.0,0.0,2.0200613,0.012992753,7.673032,0.0996938,735032.1085,5693288.0202,129.0
129.0,2019,1505739.0,25.0,3654590.0,100.0,0.0,2.0620735,0.023204532,8.00226,0.18568869,735032.1085,5693288.0202,129.0
129.0,2020,1505739.0,25.0,3654590.0,100.0,0.0,2.1313493,0.025979565,8.576278,0.22280797,735032.1085,5693288.0202,129.0
129.0,2021,1505739.0,25.0,3654590.0,100.0,0.0,2.1370587,0.017878106,8.625381,0.1542055,735032.1085,5693288.0202,129.0
129.0,2022,1505739.0,25.0,3654590.0,100.0,0.0,2.1908844,0.009603258,9.102371,0.087412424,735032.1085,5693288.0202,129.0
129.0,2023,1505739.0,25.0,3654590.0,100.0,0.0,2.2885678,0.0020372532,10.036399,0.020446686,735032.1085,5693288.0202,129.0
129.0,2024,1505739.0,25.0,3654590.0,100.0,0.0,2.332842,1.0113891e-05,10.490736,0.00010610217,735032.1085,5693288.0202,129.0
129.0,2025,1505739.0,25.0,3654590.0,100.0,0.0,2.3359804,0.004771159,10.523712,0.050210305,735032.1085,5693288.0202,129.0
130.0,2007,56149.0,25.0,2877956.0,100.0,0.0,1.5699115,0.0036740415,4.866311,0.017879028,722514.8752,5749696.8656,130.0
130.0,2008,56149.0,25.0,2877956.0,100.0,0.0,1.5855557,0.006192802,4.943039,0.03061126,722514.8752,5749696.8656,130.0
130.0,2009,56149.0,25.0,2877956.0,100.0,0.0,1.597232,0.0039573302,5.0010934,0.019790977,722514.8752,5749696.8656,130.0
130.0,2010,56149.0,25.0,2877956.0,100.0,0.0,1.5581816,0.004709021,4.809563,0.022648336,722514.8752,5749696.8656,130.0
130.0,2011,56149.0,25.0,2877956.0,100.0,0.0,1.6072639,6.906693e-05,5.0515165,0.0003488928,722514.8752,5749696.8656,130.0
130.0,2012,56149.0,25.0,2877956.0,100.0,0.0,1.6254324,0.0059462264,5.1441336,0.030588184,722514.8752,5749696.8656,130.0
130.0,2013,56149.0,25.0,2877956.0,100.0,0.0,1.6653694,0.009767654,5.3537326,0.05229341,722514.8752,5749696.8656,130.0
130.0,2014,56149.0,25.0,2877956.0,100.0,0.0,1.6915008,0.010784049,5.495477,0.059263498,722514.8752,5749696.8656,130.0
130.0,2015,56149.0,25.0,2877956.0,100.0,0.0,1.6871452,0.007061003,5.4715934,0.038634934,722514.8752,5749696.8656,130.0
130.0,2016,56149.0,25.0,2877956.0,100.0,0.0,1.6806854,0.007382028,5.4363613,0.04013137,722514.8752,5749696.8656,130.0
130.0,2017,56149.0,25.0,2877956.0,100.0,0.0,1.7276939,0.010285962,5.698019,0.058609605,722514.8752,5749696.8656,130.0
130.0,2018,56149.0,25.0,2877956.0,100.0,0.0,1.7591792,0.010778055,5.880277,0.06337795,722514.8752,5749696.8656,130.0
130.0,2019,56149.0,25.0,2877956.0,100.0,0.0,1.7574916,0.011740361,5.8703613,0.06892016,722514.8752,5749696.8656,130.0
130.0,2020,56149.0,25.0,2877956.0,100.0,0.0,1.7583225,0.009416223,5.875241,0.055322573,722514.8752,5749696.8656,130.0
130.0,2021,56149.0,25.0,2877956.0,100.0,0.0,1.754029,0.0079895845,5.8500705,0.046739634,722514.8752,5749696.8656,130.0
130.0,2022,56149.0,25.0,2877956.0,100.0,0.0,1.8190075,0.0051229023,6.2428207,0.03198136,722514.8752,5749696.8656,130.0
130.0,2023,56149.0,25.0,2877956.0,100.0,0.0,1.8839966,0.009465459,6.6620097,0.06305898,722514.8752,5749696.8656,130.0
130.0,2024,56149.0,25.0,2877956.0,100.0,0.0,1.936976,0.011151054,7.0244756,0.07833031,722514.8752,5749696.8656,130.0
130.0,2025,56149.0,25.0,2877956.0,100.0,0.0,1.9614676,0.011826194,7.1986413,0.085132524,722514.8752,5749696.8656,130.0
132.0,2007,308035.0,25.0,3397655.0,100.0,0.0,1.6679422,0.0055470425,5.3927536,0.029913835,706124.06,5707359.19,132.0
132.0,2008,308035.0,25.0,3397655.0,100.0,0.0,1.6653311,0.009957533,5.378692,0.053558506,706124.06,5707359.19,132.0
132.0,2009,308035.0,25.0,3397655.0,100.0,0.0,1.6393049,0.012566341,5.2405105,0.06585404,706124.06,5707359.19,132.0
132.0,2010,308035.0,25.0,3397655.0,100.0,0.0,1.6622846,0.012697781,5.362331,0.0680897,706124.06,5707359.19,132.0
132.0,2011,308035.0,25.0,3397655.0,100.0,0.0,1.6857108,0.015144716,5.489432,0.08313589,706124.06,5707359.19,132.0
132.0,2012,308035.0,25.0,3397655.0,100.0,0.0,1.7029567,0.013855435,5.5849233,0.077381544,706124.06,5707359.19,132.0
132.0,2013,308035.0,25.0,3397655.0,100.0,0.0,1.7169162,0.012517402,5.663433,0.07089147,706124.06,5707359.19,132.0
132.0,2014,308035.0,25.0,3397655.0,100.0,0.0,1.7829908,0.0123017505,6.0502815,0.07442905,706124.06,5707359.19,132.0
132.0,2015,308035.0,25.0,3397655.0,100.0,0.0,1.766796,0.009684374,5.9530873,0.057651926,706124.06,5707359.19,132.0
132.0,2016,308035.0,25.0,3397655.0,100.0,0.0,1.7992542,0.009900891,6.1494846,0.06088538,706124.06,5707359.19,132.0
132.0,2017,308035.0,25.0,3397655.0,100.0,0.0,1.819084,0.012813883,6.272645,0.08037694,706124.06,5707359.19,132.0
132.0,2018,308035.0,25.0,3397655.0,100.0,0.0,1.8465244,0.01568724,6.4471517,0.10113802,706124.06,5707359.19,132.0
132.0,2019,308035.0,25.0,3397655.0,100.0,0.0,1.8462938,0.015977407,6.4456654,0.10298502,706124.06,5707359.19,132.0
132.0,2020,308035.0,25.0,3397655.0,100.0,0.0,1.8766185,0.016998913,6.644122,0.11294285,706124.06,5707359.19,132.0
132.0,2021,308035.0,25.0,3397655.0,100.0,0.0,1.8897754,0.019631995,6.7321157,0.13216487,706124.06,5707359.19,132.0
132.0,2022,308035.0,25.0,3397655.0,100.0,0.0,1.9676291,0.014282437,7.277178,0.10393583,706124.06,5707359.19,132.0
132.0,2023,308035.0,25.0,3397655.0,100.0,0.0,2.022596,0.011518612,7.6883793,0.088559456,706124.06,5707359.19,132.0
132.0,2024,308035.0,25.0,3397655.0,100.0,0.0,2.0698757,0.012546057,8.060616,0.10112894,706124.06,5707359.19,132.0
132.0,2025,308035.0,25.0,3397655.0,100.0,0.0,2.0980198,0.0075560063,8.290696,0.06264455,706124.06,5707359.19,132.0
131.0,2007,348117.0,25.0,1912515.0,100.0,0.0,1.5663598,0.059848577,4.843266,0.28986257,680848.7649,5777289.9787,131.0
131.0,2008,348117.0,25.0,1912515.0,100.0,0.0,1.5783157,0.04008023,4.90152,0.19645403,680848.7649,5777289.9787,131.0
131.0,2009,348117.0,25.0,1912515.0,100.0,0.0,1.5913868,0.031548366,4.9660087,0.15666945,680848.7649,5777289.9787,131.0
131.0,2010,348117.0,25.0,1912515.0,100.0,0.0,1.6521264,0.013172518,5.276991,0.06951126,680848.7649,5777289.9787,131.0
131.0,2011,348117.0,25.0,1912515.0,100.0,0.0,1.6951828,0.018145867,5.509161,0.0999685,680848.7649,5777289.9787,131.0
131.0,2012,348117.0,25.0,1912515.0,100.0,0.0,1.6979427,0.02246911,5.5243874,0.124128066,680848.7649,5777289.9787,131.0
131.0,2013,348117.0,25.0,1912515.0,100.0,0.0,1.7295662,0.024567576,5.701879,0.14008135,680848.7649,5777289.9787,131.0
131.0,2014,348117.0,25.0,1912515.0,100.0,0.0,1.7433746,0.030630434,5.7811584,0.1770794,680848.7649,5777289.9787,131.0
131.0,2015,348117.0,25.0,1912515.0,100.0,0.0,1.7616435,0.026004013,5.887745,0.15310499,680848.7649,5777289.9787,131.0
131.0,2016,348117.0,25.0,1912515.0,100.0,0.0,1.8113744,0.028944446,6.1879506,0.1791068,680848.7649,5777289.9787,131.0
131.0,2017,348117.0,25.0,1912515.0,100.0,0.0,1.8141652,0.03973803,6.2052445,0.24658418,680848.7649,5777289.9787,131.0
131.0,2018,348117.0,25.0,1912515.0,100.0,0.0,1.8913393,0.023139903,6.7030916,0.15510888,680848.7649,5777289.9787,131.0
131.0,2019,348117.0,25.0,1912515.0,100.0,0.0,1.8976941,0.026003193,6.745825,0.17541298,680848.7649,5777289.9787,131.0
131.0,2020,348117.0,25.0,1912515.0,100.0,0.0,1.890998,0.025822634,6.700804,0.17303242,680848.7649,5777289.9787,131.0
131.0,2021,348117.0,25.0,1912515.0,100.0,0.0,1.9135398,0.027633334,6.853567,0.1893869,680848.7649,5777289.9787,131.0
131.0,2022,348117.0,25.0,1912515.0,100.0,0.0,1.9483255,0.029343097,7.096169,0.20822358,680848.7649,5777289.9787,131.0
131.0,2023,348117.0,25.0,1912515.0,100.0,0.0,1.9958137,0.030445138,7.441283,0.22655089,680848.7649,5777289.9787,131.0
131.0,2024,348117.0,25.0,1912515.0,100.0,0.0,2.0322974,0.026036903,7.717782,0.20094715,680848.7649,5777289.9787,131.0
131.0,2025,348117.0,25.0,1912515.0,100.0,0.0,2.069692,0.02308585,8.011849,0.18496034,680848.7649,5777289.9787,131.0
13.0,2007,42931.0,50.0,925423.0,100.0,0.0,1.4966958,0.0042708074,4.5567026,0.0194608,644259.3863,5856810.8798,13.0
13.0,2008,42931.0,50.0,925423.0,100.0,0.0,1.4874917,0.0113588665,4.5149546,0.051284764,644259.3863,5856810.8798,13.0
13.0,2009,42931.0,50.0,925423.0,100.0,0.0,1.4474971,0.031080063,4.337944,0.13482358,644259.3863,5856810.8798,13.0
13.0,2010,42931.0,50.0,925423.0,100.0,0.0,1.4374412,0.056723163,4.294541,0.24359994,644259.3863,5856810.8798,13.0
13.0,2011,42931.0,50.0,925423.0,100.0,0.0,1.4031907,0.091134995,4.1499414,0.37820488,644259.3863,5856810.8798,13.0
13.0,2012,42931.0,50.0,925423.0,100.0,0.0,1.4297745,0.06620319,4.2617416,0.28214088,644259.3863,5856810.8798,13.0
13.0,2013,42931.0,50.0,925423.0,100.0,0.0,1.4071115,0.12800135,4.166244,0.53328484,644259.3863,5856810.8798,13.0
13.0,2014,42931.0,50.0,925423.0,100.0,0.0,1.3916851,0.1606787,4.102467,0.6591791,644259.3863,5856810.8798,13.0
13.0,2015,42931.0,50.0,925423.0,100.0,0.0,1.4724762,0.098548934,4.4476666,0.43831283,644259.3863,5856810.8798,13.0
13.0,2016,42931.0,50.0,925423.0,100.0,0.0,1.4398208,0.13437924,4.304772,0.578472,644259.3863,5856810.8798,13.0
13.0,2017,42931.0,50.0,925423.0,100.0,0.0,1.4484086,0.1671093,4.3419,0.7255719,644259.3863,5856810.8798,13.0
13.0,2018,42931.0,50.0,925423.0,100.0,0.0,1.5070922,0.13254529,4.604323,0.61028135,644259.3863,5856810.8798,13.0
13.0,2019,42931.0,50.0,925423.0,100.0,0.0,1.5385709,0.08661742,4.751566,0.4115684,644259.3863,5856810.8798,13.0
13.0,2020,42931.0,50.0,925423.0,100.0,0.0,1.5327827,0.11613849,4.724143,0.5486548,644259.3863,5856810.8798,13.0
13.0,2021,42931.0,50.0,925423.0,100.0,0.0,1.5905455,0.11233808,5.005058,0.56225854,644259.3863,5856810.8798,13.0
13.0,2022,42931.0,50.0,925423.0,100.0,0.0,1.6152834,0.11510956,5.130416,0.59055996,644259.3863,5856810.8798,13.0
13.0,2023,42931.0,50.0,925423.0,100.0,0.0,1.7355549,0.1748066,5.786099,1.0114483,644259.3863,5856810.8798,13.0
13.0,2024,42931.0,50.0,925423.0,100.0,0.0,1.7570354,0.12592031,5.9117312,0.744407,644259.3863,5856810.8798,13.0
13.0,2025,42931.0,50.0,925423.0,100.0,0.0,1.767408,0.14722355,5.973371,0.8794209,644259.3863,5856810.8798,13.0
133.0,2007,17776.0,25.0,1077372.0,100.0,0.0,1.561426,0.034341108,4.8313494,0.1659139,687962.0148,5827998.9785,133.0
133.0,2008,17776.0,25.0,1077372.0,100.0,0.0,1.5318648,0.04448053,4.690619,0.20864123,687962.0148,5827998.9785,133.0
133.0,2009,17776.0,25.0,1077372.0,100.0,0.0,1.5058852,0.027679326,4.5703287,0.12650362,687962.0148,5827998.9785,133.0
133.0,2010,17776.0,25.0,1077372.0,100.0,0.0,1.5521401,0.017738773,4.7866936,0.084910065,687962.0148,5827998.9785,133.0
133.0,2011,17776.0,25.0,1077372.0,100.0,0.0,1.5561451,0.010339855,4.8059025,0.049692333,687962.0148,5827998.9785,133.0
133.0,2012,17776.0,25.0,1077372.0,100.0,0.0,1.5516104,0.02720659,4.784158,0.13016064,687962.0148,5827998.9785,133.0
133.0,2013,17776.0,25.0,1077372.0,100.0,0.0,1.6265274,0.007352805,5.156341,0.037913572,687962.0148,5827998.9785,133.0
133.0,2014,17776.0,25.0,1077372.0,100.0,0.0,1.6517236,0.00994427,5.287912,0.052584425,687962.0148,5827998.9785,133.0
133.0,2015,17776.0,25.0,1077372.0,100.0,0.0,1.6108419,0.023042034,5.076092,0.116963476,687962.0148,5827998.9785,133.0
133.0,2016,17776.0,25.0,1077372.0,100.0,0.0,1.6529392,0.032385062,5.294344,0.17145766,687962.0148,5827998.9785,133.0
133.0,2017,17776.0,25.0,1077372.0,100.0,0.0,1.6211048,0.041040797,5.1284556,0.21047592,687962.0148,5827998.9785,133.0
133.0,2018,17776.0,25.0,1077372.0,100.0,0.0,1.6607641,0.04769807,5.335934,0.25451377,687962.0148,5827998.9785,133.0
133.0,2019,17776.0,25.0,1077372.0,100.0,0.0,1.6617029,0.04645084,5.3409457,0.2480914,687962.0148,5827998.9785,133.0
133.0,2020,17776.0,25.0,1077372.0,100.0,0.0,1.6965284,0.04314348,5.530224,0.2385931,687962.0148,5827998.9785,133.0
133.0,2021,17776.0,25.0,1077372.0,100.0,0.0,1.7993487,0.036782317,6.1291037,0.22544263,687962.0148,5827998.9785,133.0
133.0,2022,17776.0,25.0,1077372.0,100.0,0.0,1.8311908,0.042240374,6.327408,0.26727208,687962.0148,5827998.9785,133.0
133.0,2023,17776.0,25.0,1077372.0,100.0,0.0,1.8320888,0.03681154,6.333092,0.23313087,687962.0148,5827998.9785,133.0
133.0,2024,17776.0,25.0,1077372.0,100.0,0.0,1.8826115,0.046163164,6.661278,0.30750564,687962.0148,5827998.9785,133.0
133.0,2025,17776.0,25.0,1077372.0,100.0,0.0,1.926666,0.047066536,6.961297,0.32764414,687962.0148,5827998.9785,133.0
134.0,2007,121231.0,25.0,1288019.0,100.0,0.0,1.6803724,0.011121656,5.459648,0.060720325,641803.3161,5649903.7003,134.0
134.0,2008,121231.0,25.0,1288019.0,100.0,0.0,1.7409186,0.006361306,5.8004217,0.03689826,641803.3161,5649903.7003,134.0
134.0,2009,121231.0,25.0,1288019.0,100.0,0.0,1.7269595,0.007030223,5.720015,0.04021298,641803.3161,5649903.7003,134.0
134.0,2010,121231.0,25.0,1288019.0,100.0,0.0,1.7616152,0.010036731,5.9217215,0.059434723,641803.3161,5649903.7003,134.0
134.0,2011,121231.0,25.0,1288019.0,100.0,0.0,1.7941642,0.009581551,6.117638,0.05861646,641803.3161,5649903.7003,134.0
134.0,2012,121231.0,25.0,1288019.0,100.0,0.0,1.8630921,0.006390795,6.554187,0.041886464,641803.3161,5649903.7003,134.0
134.0,2013,121231.0,25.0,1288019.0,100.0,0.0,1.8881052,0.010689889,6.7201943,0.07183813,641803.3161,5649903.7003,134.0
134.0,2014,121231.0,25.0,1288019.0,100.0,0.0,1.884939,0.011302349,6.6989512,0.07571388,641803.3161,5649903.7003,134.0
134.0,2015,121231.0,25.0,1288019.0,100.0,0.0,1.9043461,0.013287441,6.830228,0.09075625,641803.3161,5649903.7003,134.0
134.0,2016,121231.0,25.0,1288019.0,100.0,0.0,1.93827,0.010087198,7.065911,0.07127524,641803.3161,5649903.7003,134.0
134.0,2017,121231.0,25.0,1288019.0,100.0,0.0,1.9723766,0.011397395,7.311062,0.08332707,641803.3161,5649903.7003,134.0
134.0,2018,121231.0,25.0,1288019.0,100.0,0.0,1.9991935,0.011425089,7.509775,0.08579985,641803.3161,5649903.7003,134.0
134.0,2019,121231.0,25.0,1288019.0,100.0,0.0,2.012788,0.011291001,7.612564,0.08595347,641803.3161,5649903.7003,134.0
134.0,2020,121231.0,25.0,1288019.0,100.0,0.0,2.045017,0.009190276,7.861904,0.07225307,641803.3161,5649903.7003,134.0
134.0,2021,121231.0,25.0,1288019.0,100.0,0.0,2.059008,0.011926365,7.972674,0.09508502,641803.3161,5649903.7003,134.0
134.0,2022,121231.0,25.0,1288019.0,100.0,0.0,2.111912,0.008549238,8.405816,0.07186332,641803.3161,5649903.7003,134.0
134.0,2023,121231.0,25.0,1288019.0,100.0,0.0,2.146437,0.008387551,8.701096,0.07298088,641803.3161,5649903.7003,134.0
134.0,2024,121231.0,25.0,1288019.0,100.0,0.0,2.2187147,0.0047199726,9.353276,0.04414721,641803.3161,5649903.7003,134.0
134.0,2025,121231.0,25.0,1288019.0,100.0,0.0,2.2973728,0.0029471985,10.118696,0.029821806,641803.3161,5649903.7003,134.0
135.0,2007,114841.0,25.0,3215512.0,100.0,0.0,1.5376803,0.021490883,4.702825,0.10106786,716782.4326,5642562.5445,135.0
135.0,2008,114841.0,25.0,3215512.0,100.0,0.0,1.5262058,0.0042518666,4.6491714,0.019767657,716782.4326,5642562.5445,135.0
135.0,2009,114841.0,25.0,3215512.0,100.0,0.0,1.5413845,0.012095498,4.720278,0.05709411,716782.4326,5642562.5445,135.0
135.0,2010,114841.0,25.0,3215512.0,100.0,0.0,1.5471418,0.0050471183,4.7475324,0.023961356,716782.4326,5642562.5445,135.0
135.0,2011,114841.0,25.0,3215512.0,100.0,0.0,1.5385584,0.0060614683,4.7069564,0.028531067,716782.4326,5642562.5445,135.0
135.0,2012,114841.0,25.0,3215512.0,100.0,0.0,1.5556583,0.006457607,4.7881374,0.030919908,716782.4326,5642562.5445,135.0
135.0,2013,114841.0,25.0,3215512.0,100.0,0.0,1.5513796,0.0043538087,4.767694,0.020757627,716782.4326,5642562.5445,135.0
135.0,2014,114841.0,25.0,3215512.0,100.0,0.0,1.5407376,0.006251886,4.717225,0.029491555,716782.4326,5642562.5445,135.0
135.0,2015,114841.0,25.0,3215512.0,100.0,0.0,1.5974792,0.009189436,4.9926276,0.045879435,716782.4326,5642562.5445,135.0
135.0,2016,114841.0,25.0,3215512.0,100.0,0.0,1.5909317,0.010726583,4.960045,0.053204335,716782.4326,5642562.5445,135.0
135.0,2017,114841.0,25.0,3215512.0,100.0,0.0,1.636747,0.0077897445,5.1925774,0.040448852,716782.4326,5642562.5445,135.0
135.0,2018,114841.0,25.0,3215512.0,100.0,0.0,1.6482506,0.005297359,5.2526555,0.0278252,716782.4326,5642562.5445,135.0
135.0,2019,114841.0,25.0,3215512.0,100.0,0.0,1.6582243,0.006893289,5.305306,0.036571007,716782.4326,5642562.5445,135.0
135.0,2020,114841.0,25.0,3215512.0,100.0,0.0,1.6632602,0.009258106,5.3320904,0.04936506,716782.4326,5642562.5445,135.0
135.0,2021,114841.0,25.0,3215512.0,100.0,0.0,1.6760714,0.007941392,5.4008403,0.04289019,716782.4326,5642562.5445,135.0
135.0,2022,114841.0,25.0,3215512.0,100.0,0.0,1.7333504,0.013444002,5.719226,0.076889284,716782.4326,5642562.5445,135.0
135.0,2023,114841.0,25.0,3215512.0,100.0,0.0,1.7857457,0.010204067,6.0268764,0.061498657,716782.4326,5642562.5445,135.0
135.0,2024,114841.0,25.0,3215512.0,100.0,0.0,1.8367968,0.017436467,6.3425436,0.11059155,716782.4326,5642562.5445,135.0
135.0,2025,114841.0,25.0,3215512.0,100.0,0.0,1.8866613,0.013715199,6.66683,0.0914369,716782.4326,5642562.5445,135.0
136.0,2007,48919.0,25.0,3175111.0,100.0,0.0,1.962525,0.0037030515,7.2635174,0.02689718,681812.783,5644588.8858,136.0
136.0,2008,48919.0,25.0,3175111.0,100.0,0.0,1.979474,0.010505269,7.387676,0.07760952,681812.783,5644588.8858,136.0
136.0,2009,48919.0,25.0,3175111.0,100.0,0.0,1.9804436,0.02358389,7.3948426,0.17439917,681812.783,5644588.8858,136.0
136.0,2010,48919.0,25.0,3175111.0,100.0,0.0,1.9770797,0.053770278,7.3700094,0.39628747,681812.783,5644588.8858,136.0
136.0,2011,48919.0,25.0,3175111.0,100.0,0.0,1.9913678,0.043504413,7.476069,0.32524198,681812.783,5644588.8858,136.0
136.0,2012,48919.0,25.0,3175111.0,100.0,0.0,2.0656846,0.023320692,8.052833,0.18779762,681812.783,5644588.8858,136.0
136.0,2013,48919.0,25.0,3175111.0,100.0,0.0,2.0567436,0.008500719,7.9811525,0.06784554,681812.783,5644588.8858,136.0
136.0,2014,48919.0,25.0,3175111.0,100.0,0.0,2.1806774,0.016256062,9.034193,0.14686042,681812.783,5644588.8858,136.0
136.0,2015,48919.0,25.0,3175111.0,100.0,0.0,2.1127858,0.014574754,8.441205,0.12302849,681812.783,5644588.8858,136.0
136.0,2016,48919.0,25.0,3175111.0,100.0,0.0,2.0881445,0.009165611,8.235744,0.07548564,681812.783,5644588.8858,136.0
136.0,2017,48919.0,25.0,3175111.0,100.0,0.0,2.1173685,0.01801637,8.479977,0.15277839,681812.783,5644588.8858,136.0
136.0,2018,48919.0,25.0,3175111.0,100.0,0.0,2.1597693,0.01584295,8.847266,0.1401668,681812.783,5644588.8858,136.0
136.0,2019,48919.0,25.0,3175111.0,100.0,0.0,2.253106,0.01474008,9.712808,0.14316756,681812.783,5644588.8858,136.0
136.0,2020,48919.0,25.0,3175111.0,100.0,0.0,2.2018306,0.017911669,9.227331,0.1652769,681812.783,5644588.8858,136.0
136.0,2021,48919.0,25.0,3175111.0,100.0,0.0,2.1491532,0.020775868,8.75384,0.18186863,681812.783,5644588.8858,136.0
136.0,2022,48919.0,25.0,3175111.0,100.0,0.0,2.2577505,0.022589888,9.758022,0.22043264,681812.783,5644588.8858,136.0
136.0,2023,48919.0,25.0,3175111.0,100.0,0.0,2.305095,0.032870132,10.23112,0.3362983,681812.783,5644588.8858,136.0
136.0,2024,48919.0,25.0,3175111.0,100.0,0.0,2.3592954,0.017004818,10.800956,0.18366829,681812.783,5644588.8858,136.0
136.0,2025,48919.0,25.0,3175111.0,100.0,0.0,2.4127972,0.023579823,11.394564,0.2686818,681812.783,5644588.8858,136.0
140.0,2007,25740.0,25.0,463813.0,100.0,0.0,1.6531719,0.0027665938,5.2996373,0.0146619445,619440.8602,5607996.0188,140.0
140.0,2008,25740.0,25.0,463813.0,100.0,0.0,1.6290066,0.0030244747,5.173105,0.015645925,619440.8602,5607996.0188,140.0
140.0,2009,25740.0,25.0,463813.0,100.0,0.0,1.653686,0.0024841174,5.3023624,0.013171691,619440.8602,5607996.0188,140.0
140.0,2010,25740.0,25.0,463813.0,100.0,0.0,1.6103443,0.004405275,5.0774584,0.0223676,619440.8602,5607996.0188,140.0
140.0,2011,25740.0,25.0,463813.0,100.0,0.0,1.647489,0.0009074072,5.2696056,0.004781678,619440.8602,5607996.0188,140.0
140.0,2012,25740.0,25.0,463813.0,100.0,0.0,1.6620023,0.0076460144,5.3466425,0.040880505,619440.8602,5607996.0188,140.0
140.0,2013,25740.0,25.0,463813.0,100.0,0.0,1.6719278,0.00400416,5.3999743,0.021622362,619440.8602,5607996.0188,140.0
140.0,2014,25740.0,25.0,463813.0,100.0,0.0,1.6522795,0.011727724,5.29491,0.06209724,619440.8602,5607996.0188,140.0
140.0,2015,25740.0,25.0,463813.0,100.0,0.0,1.6608362,0.02304455,5.340411,0.12306739,619440.8602,5607996.0188,140.0
140.0,2016,25740.0,25.0,463813.0,100.0,0.0,1.6742256,0.01584727,5.4123974,0.08577172,619440.8602,5607996.0188,140.0
140.0,2017,25740.0,25.0,463813.0,100.0,0.0,1.6956043,0.00036995948,5.529353,0.0020456365,619440.8602,5607996.0188,140.0
140.0,2018,25740.0,25.0,463813.0,100.0,0.0,1.7211593,0.010024134,5.672477,0.056861665,619440.8602,5607996.0188,140.0
140.0,2019,25740.0,25.0,463813.0,100.0,0.0,1.7526221,0.0022345027,5.853786,0.013080301,619440.8602,5607996.0188,140.0
140.0,2020,25740.0,25.0,463813.0,100.0,0.0,1.7694924,0.0019918305,5.9533787,0.0118581215,619440.8602,5607996.0188,140.0
140.0,2021,25740.0,25.0,463813.0,100.0,0.0,1.7624037,4.3798966e-05,5.911326,0.00025890997,619440.8602,5607996.0188,140.0
140.0,2022,25740.0,25.0,463813.0,100.0,0.0,1.7681789,0.0005762361,5.9455643,0.003426049,619440.8602,5607996.0188,140.0
140.0,2023,25740.0,25.0,463813.0,100.0,0.0,1.7539971,0.0011638458,5.8618402,0.0068222783,619440.8602,5607996.0188,140.0
140.0,2024,25740.0,25.0,463813.0,100.0,0.0,1.832435,0.00026177548,6.340144,0.0016596942,619440.8602,5607996.0188,140.0
140.0,2025,25740.0,25.0,463813.0,100.0,0.0,1.8577628,0.007858635,6.502777,0.051102947,619440.8602,5607996.0188,140.0
138.0,2007,30209.0,25.0,564876.0,100.0,0.0,1.6407968,0.0047083544,5.223912,0.02459603,593873.9173,5650550.8368,138.0
138.0,2008,30209.0,25.0,564876.0,100.0,0.0,1.6450706,0.007038591,5.2462854,0.03692646,593873.9173,5650550.8368,138.0
138.0,2009,30209.0,25.0,564876.0,100.0,0.0,1.6310105,0.005095777,5.173039,0.026360653,593873.9173,5650550.8368,138.0
138.0,2010,30209.0,25.0,564876.0,100.0,0.0,1.6228306,0.0056896717,5.1308966,0.029193116,593873.9173,5650550.8368,138.0
138.0,2011,30209.0,25.0,564876.0,100.0,0.0,1.641122,0.0058966964,5.225611,0.030813843,593873.9173,5650550.8368,138.0
138.0,2012,30209.0,25.0,564876.0,100.0,0.0,1.6544448,0.010836272,5.2956967,0.05738561,593873.9173,5650550.8368,138.0
138.0,2013,30209.0,25.0,564876.0,100.0,0.0,1.6709672,0.008867263,5.3839216,0.04774065,593873.9173,5650550.8368,138.0
138.0,2014,30209.0,25.0,564876.0,100.0,0.0,1.6535158,0.007967438,5.2907796,0.042153955,593873.9173,5650550.8368,138.0
138.0,2015,30209.0,25.0,564876.0,100.0,0.0,1.7055336,0.008552767,5.573278,0.04766695,593873.9173,5650550.8368,138.0
138.0,2016,30209.0,25.0,564876.0,100.0,0.0,1.7412888,0.014408378,5.776157,0.08322506,593873.9173,5650550.8368,138.0
138.0,2017,30209.0,25.0,564876.0,100.0,0.0,1.758786,0.02111987,5.878113,0.12414497,593873.9173,5650550.8368,138.0
138.0,2018,30209.0,25.0,564876.0,100.0,0.0,1.7685686,0.0063865436,5.9358983,0.037909873,593873.9173,5650550.8368,138.0
138.0,2019,30209.0,25.0,564876.0,100.0,0.0,1.7967851,0.0067341817,6.1057744,0.041117392,593873.9173,5650550.8368,138.0
138.0,2020,30209.0,25.0,564876.0,100.0,0.0,1.8206853,0.004229358,6.2534604,0.026448121,593873.9173,5650550.8368,138.0
138.0,2021,30209.0,25.0,564876.0,100.0,0.0,1.8321642,0.004138258,6.3256574,0.026177201,593873.9173,5650550.8368,138.0
138.0,2022,30209.0,25.0,564876.0,100.0,0.0,1.864268,0.0014510144,6.5320296,0.009478069,593873.9173,5650550.8368,138.0
138.0,2023,30209.0,25.0,564876.0,100.0,0.0,1.9012333,0.002834044,6.778007,0.019209169,593873.9173,5650550.8368,138.0
138.0,2024,30209.0,25.0,564876.0,100.0,0.0,1.9404337,0.0049198424,7.048984,0.03467989,593873.9173,5650550.8368,138.0
138.0,2025,30209.0,25.0,564876.0,100.0,0.0,1.9918841,9.946041e-05,7.421149,0.0007381105,593873.9173,5650550.8368,138.0
137.0,2007,16237.0,25.0,1457500.0,100.0,0.0,1.5961475,0.005175662,4.995033,0.025852602,625617.9818,5707979.293,137.0
137.0,2008,16237.0,25.0,1457500.0,100.0,0.0,1.568666,0.009470906,4.85963,0.0460251,625617.9818,5707979.293,137.0
137.0,2009,16237.0,25.0,1457500.0,100.0,0.0,1.5769811,0.0008451054,4.900207,0.0041411915,625617.9818,5707979.293,137.0
137.0,2010,16237.0,25.0,1457500.0,100.0,0.0,1.5891283,0.005545445,4.960094,0.027505927,625617.9818,5707979.293,137.0
137.0,2011,16237.0,25.0,1457500.0,100.0,0.0,1.5969594,0.0042863465,4.9990892,0.021427829,625617.9818,5707979.293,137.0
137.0,2012,16237.0,25.0,1457500.0,100.0,0.0,1.5962261,0.006369107,4.9954247,0.031816397,625617.9818,5707979.293,137.0
137.0,2013,16237.0,25.0,1457500.0,100.0,0.0,1.6430815,0.0026027733,5.235058,0.013625668,625617.9818,5707979.293,137.0
137.0,2014,16237.0,25.0,1457500.0,100.0,0.0,1.657942,0.0043880474,5.313435,0.023315605,625617.9818,5707979.293,137.0
137.0,2015,16237.0,25.0,1457500.0,100.0,0.0,1.6815579,0.012659196,5.440409,0.06887121,625617.9818,5707979.293,137.0
137.0,2016,16237.0,25.0,1457500.0,100.0,0.0,1.6649339,0.009694347,5.3507156,0.051871695,625617.9818,5707979.293,137.0
137.0,2017,16237.0,25.0,1457500.0,100.0,0.0,1.6933032,0.0102046905,5.5046854,0.05617361,625617.9818,5707979.293,137.0
137.0,2018,16237.0,25.0,1457500.0,100.0,0.0,1.6939135,0.009063277,5.5080457,0.049920946,625617.9818,5707979.293,137.0
137.0,2019,16237.0,25.0,1457500.0,100.0,0.0,1.6858644,0.012251875,5.4638896,0.06694289,625617.9818,5707979.293,137.0
137.0,2020,16237.0,25.0,1457500.0,100.0,0.0,1.7259756,0.0072812387,5.687507,0.041412096,625617.9818,5707979.293,137.0
137.0,2021,16237.0,25.0,1457500.0,100.0,0.0,1.752193,0.011894932,5.8385906,0.06944964,625617.9818,5707979.293,137.0
137.0,2022,16237.0,25.0,1457500.0,100.0,0.0,1.7775795,0.014359585,5.98871,0.08599539,625617.9818,5707979.293,137.0
137.0,2023,16237.0,25.0,1457500.0,100.0,0.0,1.8226551,0.01686094,6.2648306,0.10563093,625617.9818,5707979.293,137.0
137.0,2024,16237.0,25.0,1457500.0,100.0,0.0,1.8544574,0.011078491,6.4672685,0.07164758,625617.9818,5707979.293,137.0
137.0,2025,16237.0,25.0,1457500.0,100.0,0.0,1.8733382,0.019229697,6.590536,0.126734,625617.9818,5707979.293,137.0
139.0,2007,15440.0,25.0,639004.0,100.0,0.0,1.523855,0.0054970225,4.655693,0.025592452,601860.02,5674062.1097,139.0
139.0,2008,15440.0,25.0,639004.0,100.0,0.0,1.5436022,0.012467138,4.748544,0.059200753,601860.02,5674062.1097,139.0
139.0,2009,15440.0,25.0,639004.0,100.0,0.0,1.5241665,0.0018103775,4.6571436,0.008431188,601860.02,5674062.1097,139.0
139.0,2010,15440.0,25.0,639004.0,100.0,0.0,1.5704209,0.0029620205,4.877617,0.0144476,601860.02,5674062.1097,139.0
139.0,2011,15440.0,25.0,639004.0,100.0,0.0,1.5658914,0.0010733076,4.8555737,0.0052115247,601860.02,5674062.1097,139.0
139.0,2012,15440.0,25.0,639004.0,100.0,0.0,1.574505,0.002716408,4.8975782,0.013303821,601860.02,5674062.1097,139.0
139.0,2013,15440.0,25.0,639004.0,100.0,0.0,1.6086371,0.0048042447,5.0676284,0.024346126,601860.02,5674062.1097,139.0
139.0,2014,15440.0,25.0,639004.0,100.0,0.0,1.6062657,0.012005972,5.055625,0.060697693,601860.02,5674062.1097,139.0
139.0,2015,15440.0,25.0,639004.0,100.0,0.0,1.5819268,0.0005194853,4.9340625,0.0025631727,601860.02,5674062.1097,139.0
139.0,2016,15440.0,25.0,639004.0,100.0,0.0,1.6475321,0.001430147,5.268617,0.007534897,601860.02,5674062.1097,139.0
139.0,2017,15440.0,25.0,639004.0,100.0,0.0,1.6914414,0.0037962566,5.5051126,0.02089882,601860.02,5674062.1097,139.0
139.0,2018,15440.0,25.0,639004.0,100.0,0.0,1.7037288,0.00034118743,5.5731735,0.0019014967,601860.02,5674062.1097,139.0
139.0,2019,15440.0,25.0,639004.0,100.0,0.0,1.7197783,0.0046870075,5.6633425,0.026544128,601860.02,5674062.1097,139.0
139.0,2020,15440.0,25.0,639004.0,100.0,0.0,1.7326916,0.007695337,5.7369485,0.044147752,601860.02,5674062.1097,139.0
139.0,2021,15440.0,25.0,639004.0,100.0,0.0,1.7299985,0.0010733557,5.7215185,0.006141225,601860.02,5674062.1097,139.0
139.0,2022,15440.0,25.0,639004.0,100.0,0.0,1.752157,0.004444582,5.8497143,0.025999535,601860.02,5674062.1097,139.0
139.0,2023,15440.0,25.0,639004.0,100.0,0.0,1.8164903,0.0081398245,6.2384152,0.050779603,601860.02,5674062.1097,139.0
139.0,2024,15440.0,25.0,639004.0,100.0,0.0,1.8365865,0.0016406884,6.3650517,0.010443066,601860.02,5674062.1097,139.0
139.0,2025,15440.0,25.0,639004.0,100.0,0.0,1.8343436,0.002212449,6.3507915,0.014050801,601860.02,5674062.1097,139.0
141.0,2007,174965.0,50.0,1036169.0,100.0,0.0,1.7932165,0.2482617,6.156823,1.5285033,666416.6804,5613027.7347,141.0
141.0,2008,174965.0,50.0,1036169.0,100.0,0.0,1.7336168,0.2163718,5.8005996,1.2550862,666416.6804,5613027.7347,141.0
141.0,2009,174965.0,50.0,1036169.0,100.0,0.0,1.6581391,0.2278847,5.378898,1.2257684,666416.6804,5613027.7347,141.0
141.0,2010,174965.0,50.0,1036169.0,100.0,0.0,1.617801,0.16191497,5.166241,0.8364918,666416.6804,5613027.7347,141.0
141.0,2011,174965.0,50.0,1036169.0,100.0,0.0,1.622147,0.15782684,5.188742,0.81892276,666416.6804,5613027.7347,141.0
141.0,2012,174965.0,50.0,1036169.0,100.0,0.0,1.7255131,0.2270102,5.7537827,1.3061675,666416.6804,5613027.7347,141.0
141.0,2013,174965.0,50.0,1036169.0,100.0,0.0,1.6785439,0.19467932,5.4897804,1.0687467,666416.6804,5613027.7347,141.0
141.0,2014,174965.0,50.0,1036169.0,100.0,0.0,1.7979101,0.36011928,6.185788,2.2276216,666416.6804,5613027.7347,141.0
141.0,2015,174965.0,50.0,1036169.0,100.0,0.0,1.7600487,0.25515422,5.955964,1.5196894,666416.6804,5613027.7347,141.0
141.0,2016,174965.0,50.0,1036169.0,100.0,0.0,1.7740673,0.2650959,6.0400457,1.6011914,666416.6804,5613027.7347,141.0
141.0,2017,174965.0,50.0,1036169.0,100.0,0.0,1.7309597,0.28164548,5.785207,1.6293774,666416.6804,5613027.7347,141.0
141.0,2018,174965.0,50.0,1036169.0,100.0,0.0,1.8633442,0.3404348,6.6040864,2.2482607,666416.6804,5613027.7347,141.0
141.0,2019,174965.0,50.0,1036169.0,100.0,0.0,1.9091346,0.40191668,6.913521,2.7786593,666416.6804,5613027.7347,141.0
141.0,2020,174965.0,50.0,1036169.0,100.0,0.0,1.8205222,0.28757268,6.3272557,1.8195459,666416.6804,5613027.7347,141.0
141.0,2021,174965.0,50.0,1036169.0,100.0,0.0,1.816554,0.2243992,6.302197,1.4142079,666416.6804,5613027.7347,141.0
141.0,2022,174965.0,50.0,1036169.0,100.0,0.0,1.8169819,0.23398232,6.304895,1.4752339,666416.6804,5613027.7347,141.0
141.0,2023,174965.0,50.0,1036169.0,100.0,0.0,1.8839314,0.18836795,6.741455,1.2698741,666416.6804,5613027.7347,141.0
141.0,2024,174965.0,50.0,1036169.0,100.0,0.0,1.8783476,0.21795574,6.703917,1.4611572,666416.6804,5613027.7347,141.0
141.0,2025,174965.0,50.0,1036169.0,100.0,0.0,1.9380213,0.2367477,7.1161413,1.68473,666416.6804,5613027.7347,141.0
